flags,instruction,category,intent
BILZ,how can I see how son can I expect my package?,DELIVERY,delivery_period
BCIL,"I have got to see when will my article arrive, how to do it?",DELIVERY,delivery_period
BL,I want to unsubscribe from the newsletter,SUBSCRIPTION,newsletter_subscription
BL,help me cancel purchase {{Order Number}},ORDER,cancel_order
BL,I need assistance talking to customer service,CONTACT,contact_customer_service
BLQZ,i want assistance requesting a compnesation of my money,REFUND,get_refund
BCL,"I have to talk to customer service, I need assistance",CONTACT,contact_customer_service
BILZ,how long until I receive areimbursement of money?,REFUND,get_refund
BLM,problems setting up the delivery address,SHIPPING,set_up_shipping_address
BLW,I am trying to check the fucking early exit charge,CANCEL,check_cancellation_fee
BIL,how can I call customer service?,CONTACT,contact_customer_service
BLQ,i need assistance editing order {{Order Number}},ORDER,change_order
BL,I don't know how I can cancel purchase {{Order Number}},ORDER,cancel_order
BCILP,"I forgot my user profile PIN, could I recover it?",ACCOUNT,recover_password
BL,I need help canceling purchase {{Order Number}},ORDER,cancel_order
BKZ,camceling order {{Order Number}},ORDER,cancel_order
BCIPQZ,wanna check the status of order {{Order Number}} could uelp me,ORDER,track_order
BKL,correcting information on freemium account,ACCOUNT,edit_account
BKL,removing pro account,ACCOUNT,delete_account
BLQZ,wanna see how long it usually takex for my parcel to arrive,DELIVERY,delivery_period
BL,I need to see in what situations can I ask to be reimbursed,REFUND,check_refund_policy
BELN,I cannot afford order {{Order Number}},ORDER,cancel_order
BCIL,"I have got to see the cancellation charge, can you help me?",CANCEL,check_cancellation_fee
BIQSZ,do ya deoiver to {{Delivery City}},DELIVERY,delivery_options
BKL,notifying of problem creating user profile,ACCOUNT,registration_problems
BILQ,can ushow me in which situations can i ask to be refunded,REFUND,check_refund_policy
BL,assistance to submit a different shipping address,SHIPPING,set_up_shipping_address
B,I want assistance to cancel order {{Order Number}},ORDER,cancel_order
BK,get refund of money,REFUND,get_refund
BELQ,i do not know how to unsubscribe from the company newsletter,SUBSCRIPTION,newsletter_subscription
BCL,"I forgot my profile access key, help to recover it",ACCOUNT,recover_password
BL,I have got to see in which cases can I request my money back,REFUND,check_refund_policy
BL,I need to switch a product of order {{Order Number}},ORDER,change_order
BIL,can you help me change to the standard account?,ACCOUNT,switch_account
BLM,I have to notify of issues with a signup,ACCOUNT,registration_problems
BQ,i want assistance canceling order {{Order Number}},ORDER,cancel_order
BIL,can you help me seeing how soon can I expect my parcel?,DELIVERY,delivery_period
BILM,is it possible to order a few of your product?,ORDER,place_order
BL,I have to see in which cases can I ask to be refunded,REFUND,check_refund_policy
BCILQZ,need to check the rebate curent status how to do it,REFUND,track_refund
BL,I want to check what hours I can contact customer assistance,CONTACT,contact_customer_service
BIL,how to use the {{Account Category}} profile?,ACCOUNT,switch_account
BLM,I need help to request reimbursements of money,REFUND,get_refund
BLM,problems with {{Account Type}} account deletions,ACCOUNT,delete_account
BELP,I do not know how I could locate my bill from {{Person Name}},INVOICE,check_invoice
BLQZ,i awnt assistance submitting feedback about ur company,FEEDBACK,review
BLMW,I want assistance to notify of goddamn issues with payments,PAYMENT,payment_issue
BILMW,how do I switch some goddamn products of order {{Order Number}}?,ORDER,change_order
BLM,see my bills from {{Person Name}},INVOICE,check_invoice
BL,I need help seeing the options for shipment,DELIVERY,delivery_options
BIL,what do I have to do to check the status of my rebate?,REFUND,track_refund
BILQ,what do i need to do to restore my pin code,ACCOUNT,recover_password
BLQ,need help deleting something from purchase {{Order Number}},ORDER,change_order
BELQ,i do not know how to unsubscribe from ur company newsletter,SUBSCRIPTION,newsletter_subscription
BL,I want help to inform of an error with registrations,ACCOUNT,registration_problems
BL,check what hours I can contact customer support,CONTACT,contact_customer_service
BKL,updating premium account,ACCOUNT,edit_account
BKL,update {{Account Type}} account,ACCOUNT,edit_account
BILM,what do I need to do to check the withdrawal fees?,CANCEL,check_cancellation_fee
BELM,I do not know what to do to earn some products,ORDER,place_order
BL,I want to see under what circumstances can I request refunds,REFUND,check_refund_policy
BL,"mail me bill #37777",INVOICE,get_invoice
BCLNQZ,i cant create a user need help reportinga sign-up problem,ACCOUNT,registration_problems
BLM,I need assistance to purchase some of your item,ORDER,place_order
BILQ,can i check in which cases can i request reimbursements,REFUND,check_refund_policy
BL,I have got to unsubscribe to the company newsletter,SUBSCRIPTION,newsletter_subscription
BLQ,I'm trying to cancel purchase {{Order Number}},ORDER,cancel_order
BKLQ,correcting info on premium account,ACCOUNT,edit_account
BL,change purchase {{Order Number}},ORDER,change_order
BELM,I do not know how to inform of payment problems,PAYMENT,payment_issue
BLQ,i dont know what i need to do to see the withdrawal fee,CANCEL,check_cancellation_fee
BLQ,"i dont know how i can download my invoice #85632",INVOICE,get_invoice
BILP,could I see in what situations can I request my money back?,REFUND,check_refund_policy
BLZ,I  need assistance to sign up to the newsletter,SUBSCRIPTION,newsletter_subscription
BLM,I need assistance checking the early exit charges,CANCEL,check_cancellation_fee
BL,help to check how soon can I expect my shipment,DELIVERY,delivery_period
BCILQ,i have to see how long refunds take how do i do it,REFUND,check_refund_policy
BKLM,report problems with payment,PAYMENT,payment_issue
BLQ,help me retrieve my profile pin code,ACCOUNT,recover_password
BL,help me entering another delivery address,SHIPPING,set_up_shipping_address
BLQ,i dont know what i need to do to close the {{Account Category}} account,ACCOUNT,delete_account
BK,report payment issue,PAYMENT,payment_issue
BL,I am waiting for a compensation of {{Currency Symbol}}{{Refund Amount}},REFUND,track_refund
BKLZ,deleting premium accoumt,ACCOUNT,delete_account
BLQZ,need help regadring my sign-up,ACCOUNT,registration_problems
BLMNQ,i cant notify of issues with signup,ACCOUNT,registration_problems
BLMZ,help to solve an error withonline payments,PAYMENT,payment_issue
BLM,I need assistance receiving compensations of my money,REFUND,get_refund
BKLZ,change to {{Account Type}} acount,ACCOUNT,switch_account
BILP,how could I open a {{Account Type}} account?,ACCOUNT,create_account
BIL,how much will you charge me for canceling the contract?,CANCEL,check_cancellation_fee
BILQ,can uhelp me swap an item of order {{Order Number}},ORDER,change_order
BILW,what do I have to do to talk with bloody customer support?,CONTACT,contact_customer_service
BKL,edit {{Account Category}} account,ACCOUNT,edit_account
BLMQZ,wanna report issues with online pahment,PAYMENT,payment_issue
BCILPW,"I have got to file a bloody reclamation, will you help me?",FEEDBACK,complaint
BKLZ,mldifying premium account,ACCOUNT,edit_account
BL,I don't know how to make a consumer reclamation,FEEDBACK,complaint
BKLZ,correct information on freeaccount,ACCOUNT,edit_account
BIQSZ,is it possible toorder from {{Delivery City}},DELIVERY,delivery_options
BKL,another standard account,ACCOUNT,create_account
BILW,how to see order {{Order Number}} fucking current status?,ORDER,track_order
BMQ,wanna know about the delivery period,DELIVERY,delivery_period
BILQ,uhave a free of charge number to talk with customer support,CONTACT,contact_customer_service
BMQZ,i have got to check the invoces from {{Person Name}},INVOICE,check_invoice
BL,open a {{Account Type}} account,ACCOUNT,create_account
BL,help me check in what cases can I request a reimbursement,REFUND,check_refund_policy
BLMW,help downloading my goddamn bills from {{Person Name}},INVOICE,get_invoice
BLQ,need assistance to subscribe to the company newsletter,SUBSCRIPTION,newsletter_subscription
BCEILQZ,I'mlooking for shipping period can uhelp me find them,DELIVERY,delivery_period
BKLZ,modify information on platinum acfount,ACCOUNT,edit_account
BLM,I have problems with the removal of my premium account,ACCOUNT,delete_account
BELQZ,"i do not know what i neerd to do to download my bill #12588",INVOICE,get_invoice
BL,assistance canceling the corporate newsletter subscription,SUBSCRIPTION,newsletter_subscription
BEL,I do not know how to see how soon can I expect the product,DELIVERY,delivery_period
BKLZ,create {{Account Category}} accountfor wife,ACCOUNT,create_account
BL,I need assistance buying an article,ORDER,place_order
BLQZ,i have got to swap  an item of order {{Order Number}},ORDER,change_order
BLMN,I can't see if there are any updates on my compensation,REFUND,track_refund
BL,I want to know about correcting the address,SHIPPING,change_shipping_address
BLM,I have problems with changing purchase {{Order Number}},ORDER,change_order
BILZ,can yoj help me to make a complaint against your company?,FEEDBACK,complaint
BL,help checking in what situations can I ask to be refunded,REFUND,check_refund_policy
B,I expect a refund of {{Currency Symbol}}{{Refund Amount}},REFUND,track_refund
BLMQW,want help switching some damn products of purchase {{Order Number}},ORDER,change_order
BILZ,can you help me cancelong purchase {{Order Number}}?,ORDER,cancel_order
BL,I don't know what I have to do to demand my money back,REFUND,get_refund
BLQ,i dont know how i can leave feedback,FEEDBACK,review
BEL,I do not know how I can send some feedback for your company,FEEDBACK,review
BL,help to restore the PIN code of my profile,ACCOUNT,recover_password
BELQ,i do not know what to do to see how long the shipping takes,DELIVERY,delivery_period
BI,can you give me information about delivery periods?,DELIVERY,delivery_period
BKL,open {{Account Type}} account,ACCOUNT,create_account
BLQZ,i need help to see what hours customer support azvailable is,CONTACT,contact_customer_service
BL,help to check at what time I can call customer support,CONTACT,contact_customer_service
BILQZ,hwere do i open a {{Account Type}} account,ACCOUNT,create_account
BCLW,"I want to get the goddamn bill from {{Person Name}}, help me",INVOICE,get_invoice
BLW,I expect a fucking compensation of {{Currency Symbol}}{{Refund Amount}},REFUND,track_refund
BLQ,i need help calling customer service,CONTACT,contact_customer_service
BL,I expect a reimbursement of {{Refund Amount}} dollars,REFUND,track_refund
BLM,I don't know what I have to do to modify the user details,ACCOUNT,edit_account
BLM,I need help seeing the termination fees,CANCEL,check_cancellation_fee
BL,I want help to speak with somebody,CONTACT,contact_human_agent
BLZ,I want assistance to list your accetped payment modalities,PAYMENT,check_payment_methods
BKL,editing information on {{Account Type}} account,ACCOUNT,edit_account
BL,I have got to chat with someone,CONTACT,contact_human_agent
BLM,I want to see if there are any news on my rebate,REFUND,track_refund
BL,I need assistance to see the early exit fee,CANCEL,check_cancellation_fee
BILM,what is the customer support working hours?,CONTACT,contact_customer_service
BL,help me check in which cases can I ask to be reimbursed,REFUND,check_refund_policy
BKLQZ,correcting info on {{Account Type}} aqccount,ACCOUNT,edit_account
BL,I need help calling customer assistance,CONTACT,contact_customer_service
BIZ,how do I subscribe to your company newsletter ?,SUBSCRIPTION,newsletter_subscription
BLZ,assistance to cancel purchased {{Order Number}},ORDER,cancel_order
BLMW,I want to report problems with a damn sign-up,ACCOUNT,registration_problems
BL,I have to check in what situations can I request a refund,REFUND,check_refund_policy
BILQ,can i speak with an operator,CONTACT,contact_human_agent
BILQ,can ya help me lodging a consumer claim against ur business,FEEDBACK,complaint
BIL,can I see order {{Order Number}} current status?,ORDER,track_order
BL,I need to cancel my company newsletter subscription,SUBSCRIPTION,newsletter_subscription
BLQZ,want help norifying of a payment issue,PAYMENT,payment_issue
BL,I want assistance deleting a {{Account Category}} account,ACCOUNT,delete_account
BKZ,camceling order {{Order Number}},ORDER,cancel_order
BL,help me receive the corporate newsletter,SUBSCRIPTION,newsletter_subscription
BLMQW,need assistance ordering some goddamn items,ORDER,place_order
BLM,I want assistance to shop several articles,ORDER,place_order
BLQ,i have got to create a {{Account Type}} account for my dad,ACCOUNT,create_account
BZ,I need assistanc with adding an item to order {{Order Number}},ORDER,change_order
BLQ,I'm trying to see at what time i can call customer support,CONTACT,contact_customer_service
BQ,i have got to track my refund,REFUND,track_refund
BLW,I am trying to leave a goddamn comment for a product,FEEDBACK,review
BCIL,"I need to see how long reimbursements take, how do I do it?",REFUND,check_refund_policy
BL,I have a problem with the removal of my standard account,ACCOUNT,delete_account
BILQS,do uship to {{Delivery City}},DELIVERY,delivery_options
BLQ,want help to see what hours I can call customer assistance,CONTACT,contact_customer_service
BL,information about signing up to your company newsletter,SUBSCRIPTION,newsletter_subscription
BIL,is it possible to send some feedback about your company?,FEEDBACK,review
BIL,can you help me update the data included on my profile?,ACCOUNT,edit_account
BIL,how can I speak to a human agent?,CONTACT,contact_human_agent
BL,help me canceling my newsletter subscription,SUBSCRIPTION,newsletter_subscription
BCL,"I have got to submit the secondary shipping address, help me",SHIPPING,set_up_shipping_address
BLQZ,y i cant set the delivery adress valid up,SHIPPING,set_up_shipping_address
BL,assistance creating a platinum account,ACCOUNT,create_account
BL,I need assistance to modify purchase {{Order Number}},ORDER,change_order
BILW,how do I chat with a fucking person?,CONTACT,contact_human_agent
BIL,how to file a customer reclamation?,FEEDBACK,complaint
BLQ,i expect a reimbursement of {{Refund Amount}} dollars,REFUND,track_refund
BEL,I do not know how I can check your allowed payment options,PAYMENT,check_payment_methods
BIL,can I pay with PayPal?,PAYMENT,check_payment_methods
BK,canceling order {{Order Number}},ORDER,cancel_order
BLMZ,problems with cnceling purchase {{Order Number}},ORDER,cancel_order
BLMQ,help to earn a few of ur article,ORDER,place_order
BLZ,I am waiting for a reimburswment of {{Currency Symbol}}{{Refund Amount}},REFUND,track_refund
BLZ,help to  inform of a problem with a registration,ACCOUNT,registration_problems
BEL,I do not know how I can leave feedback about your company,FEEDBACK,review
BL,I have got to reset the PIN of my user,ACCOUNT,recover_password
BZ,help me usew the freemium account,ACCOUNT,switch_account
BLMZ,I want to remove some articles  from order {{Order Number}},ORDER,change_order
BIL,how do I check the methods for delivery?,DELIVERY,delivery_options
BCILM,"I need to purchase some items, can you help me?",ORDER,place_order
BI,is it possible to change order {{Order Number}}?,ORDER,change_order
BKL,update personal data,ACCOUNT,edit_account
BIL,what do I have to do to see the withdrawal charge?,CANCEL,check_cancellation_fee
BILM,can you show me what delivery methods I can choose?,DELIVERY,delivery_options
BL,I don't know what to do to find my invoice from {{Person Name}},INVOICE,check_invoice
BILQ,what do i have to do to remove a {{Account Category}} account,ACCOUNT,delete_account
BL,I need help to cancel purchase {{Order Number}},ORDER,cancel_order
BL,I don't know what I need to do to chat with a person,CONTACT,contact_human_agent
BQ,i want assistance checking when will my item arrive,DELIVERY,delivery_period
BL,I try to submit some feedback about your company,FEEDBACK,review
BILP,will you show me the termination charge?,CANCEL,check_cancellation_fee
BIL,can you help me cancelling purchase {{Order Number}}?,ORDER,cancel_order
BILMQ,is it possible to purchase several articles,ORDER,place_order
BELMQ,i do not know how i can download my bills from {{Person Name}},INVOICE,get_invoice
B,I need help to create a {{Account Category}} account,ACCOUNT,create_account
BQ,I'm waiting for a refund of {{Refund Amount}} dollars,REFUND,track_refund
BILP,would it be possible to cancel purchase {{Order Number}}?,ORDER,cancel_order
BCLMW,"I paid {{Currency Symbol}}{{Refund Amount}} for an item, help me getting a goddamn rebate",REFUND,get_refund
BILQ,is there a way to send an opinion for ur products,FEEDBACK,review
BKLZ,modifying ingormation on freemium account,ACCOUNT,edit_account
BIL,can you help me write a comment for your products?,FEEDBACK,review
BIQ,how do i cancel order {{Order Number}},ORDER,cancel_order
BELP,I do not know how I could open a {{Account Type}} account for my fiance,ACCOUNT,create_account
BCENQZ,i do not have a {{Account Type}} account ned help creating one,ACCOUNT,create_account
BCQ,i have to set up another shipping address i need help,SHIPPING,set_up_shipping_address
BLQ,need help using the platinum profile,ACCOUNT,switch_account
BCIL,"I lost my user PIN, what do I have to do to reset it?",ACCOUNT,recover_password
BELQ,i do not know how to cancel purchase {{Order Number}},ORDER,cancel_order
BL,assistance to reset my password,ACCOUNT,recover_password
BKLZ,chck bill from {{Person Name}},INVOICE,check_invoice
BLMQW,wanna obtain fucking compensations,REFUND,get_refund
BL,edit order {{Order Number}},ORDER,change_order
BLQ,need to change the info included on my user,ACCOUNT,edit_account
BCILPQ,"i lost bill #12588 could ya mail it to me",INVOICE,get_invoice
BKLM,correcting details on freemium account,ACCOUNT,edit_account
BL,"I want help to download the invoice #85632",INVOICE,get_invoice
BL,I have a trouble setting my new shipping address up,SHIPPING,set_up_shipping_address
BL,help me retrieve my user account PIN,ACCOUNT,recover_password
BLMQ,i dont know what i need to do to buy some products,ORDER,place_order
BLQ,i want help checking the ETA of purchase {{Order Number}},ORDER,track_order
BILQZ,can ya help me cancel purchzse {{Order Number}},ORDER,cancel_order
BK,add something to order {{Order Number}},ORDER,change_order
BLZ,I call to makle a customer claim against your business,FEEDBACK,complaint
BL,I need assistance to check your reimbursement policy,REFUND,check_refund_policy
BL,I have got to restore my password,ACCOUNT,recover_password
BILW,can I check the bloody payment methods?,PAYMENT,check_payment_methods
BLQZ,need to reset the password  of my user account,ACCOUNT,recover_password
BELQZ,"i do not know  what to do to look for my bill #00108",INVOICE,check_invoice
BILQZ,how can i remove a platinum acclunt,ACCOUNT,delete_account
BIL,how can I reset my profile access key?,ACCOUNT,recover_password
BLQ,need assistance to speak with customer support,CONTACT,contact_customer_service
BIQ,"is it possible to check invoice #37777",INVOICE,check_invoice
BLQ,i want help to edit order {{Order Number}},ORDER,change_order
BLM,I need assistance to shop a few of your item,ORDER,place_order
BELQ,i do not know how i can report a registration problem,ACCOUNT,registration_problems
BIL,how can I recover my user account PIN?,ACCOUNT,recover_password
BL,I want help listing your accepted payment methods,PAYMENT,check_payment_methods
BLQ,i want assistance to inform of a problem with registrations,ACCOUNT,registration_problems
BLMQ,i need help to purchase several of ur product,ORDER,place_order
BELW,I do not know what I have to do to remove a damn {{Account Type}} account,ACCOUNT,delete_account
BK,switch to freemium account,ACCOUNT,switch_account
BLNQ,i cant afford order {{Order Number}},ORDER,cancel_order
BILQ,uhave a way to send an opinion about a product,FEEDBACK,review
BILM,is it possible to see what delivery options I have?,DELIVERY,delivery_options
BKLM,edit details on premium account,ACCOUNT,edit_account
BL,help lodging a complaint against your organization,FEEDBACK,complaint
BLQ,i have to check in which cases can i ask to be refunded,REFUND,check_refund_policy
BILP,could you help me talking with somebody?,CONTACT,contact_human_agent
BQZ,i want assistrance to use the {{Account Type}} account,ACCOUNT,switch_account
BILM,where can I acquire some products?,ORDER,place_order
BL,I try to see the ETA of purchase {{Order Number}},ORDER,track_order
BILPQ,how could i change to the {{Account Type}} account,ACCOUNT,switch_account
BLMQ,I'm trying to obtain compensations,REFUND,get_refund
BIS,is it possible to order from {{Delivery Country}}?,DELIVERY,delivery_options
BLZ,I need help resetting the keyof my user profile,ACCOUNT,recover_password
BKL,update {{Account Type}} account,ACCOUNT,edit_account
BIL,how to cancel purchase {{Order Number}}?,ORDER,cancel_order
BKL,show me estimated time of arrival of order {{Order Number}},ORDER,track_order
BLQZ,i have a issue entering my secondary delivery address,SHIPPING,set_up_shipping_address
BLQ,i try to see the early exit penalty,CANCEL,check_cancellation_fee
BL,I want help seeing in which cases can I ask to be refunded,REFUND,check_refund_policy
BL,I need support with my sign-up,ACCOUNT,registration_problems
BLZ,I expect an reimbursement of {{Currency Symbol}}{{Refund Amount}},REFUND,track_refund
BKLZ,openng {{Account Category}} account,ACCOUNT,create_account
BL,help me check the status of my reimbursement,REFUND,track_refund
BQ,i expect a refund of {{Refund Amount}} dollars,REFUND,track_refund
BCELN,"I cannot sign up, I need to notify of a registration problem",ACCOUNT,registration_problems
BQ,need assistance filing a complaint against ur business,FEEDBACK,complaint
BIL,where can I know if there is anything new on the refund?,REFUND,track_refund
BCEL,"you are not helpful at all, help me contacting somebody",CONTACT,contact_human_agent
BILZ,what do I ned to do to talk to someone?,CONTACT,contact_human_agent
BLQ,"i have to locate the invoice #00108",INVOICE,check_invoice
BCIL,"I have got to see the methods for shipment, how do I do it?",DELIVERY,delivery_options
BLZ,open a platinum acount for my dad,ACCOUNT,create_account
BLQ,want help to set up a shipping address,SHIPPING,set_up_shipping_address
BCLQ,wanna cancel the subscription to the newsletter help me,SUBSCRIPTION,newsletter_subscription
BELQZ,i do not nkow how to delete the premium account,ACCOUNT,delete_account
BLQ,want help talking to someone,CONTACT,contact_human_agent
BIL,how do I use the {{Account Type}} profile?,ACCOUNT,switch_account
BCLZ,"I have to unsuscribe to your company newsletter, I need help",SUBSCRIPTION,newsletter_subscription
BLMQ,i want help checking if there are any news on my restitution,REFUND,track_refund
BLM,find my bills from {{Person Name}},INVOICE,check_invoice
BL,I am trying to inform of a trouble with online payment,PAYMENT,payment_issue
BLMZ,help me noitfy of an error with online payments,PAYMENT,payment_issue
BELQ,"i do not know how i can check my bill #37777",INVOICE,check_invoice
BMQZ,i dont know what i have to doto get refunds of my money,REFUND,get_refund
BIL,how to see how long it takes for my delivery to arrive?,DELIVERY,delivery_period
BIL,can you help me retrieving my user profile password?,ACCOUNT,recover_password
BLQZ,i need assistance talking with a perrson,CONTACT,contact_human_agent
BCL,"my experience with you has been bad, make a customer claim",FEEDBACK,complaint
BKL,edit platinum account,ACCOUNT,edit_account
BL,I don't know what to do to delete my {{Account Type}} account,ACCOUNT,delete_account
BLMZ,I have to  inform of sign-up problems,ACCOUNT,registration_problems
BL,I need help with canceling purchase {{Order Number}},ORDER,cancel_order
BL,I don't know what to do to change to the premium account,ACCOUNT,switch_account
BEQ,"i do not know what i have to do to get invoice #37777",INVOICE,get_invoice
BL,I don't know what I need to do to file a consumer complaint,FEEDBACK,complaint
BLQ,want assistance cancelling my pro account,ACCOUNT,delete_account
BL,help contacting an operator,CONTACT,contact_human_agent
BIL,how can I talk to customer assistance?,CONTACT,contact_customer_service
BCLQ,i have got to change to the {{Account Type}} account i need help,ACCOUNT,switch_account
BLM,I want help to swap several products of purchase {{Order Number}},ORDER,change_order
BL,I need assistance using the {{Account Category}} profile,ACCOUNT,switch_account
BIL,how do I use the gold profile?,ACCOUNT,switch_account
BL,I expect a restitution of {{Currency Symbol}}{{Refund Amount}},REFUND,track_refund
BKLZ,updating {{Account Category}} accojnt,ACCOUNT,edit_account
BLQ,i need help to swap something of purchase {{Order Number}},ORDER,change_order
BL,help me seeing what hours customer support available is,CONTACT,contact_customer_service
BLMQ,i have troubles setting up a secondary shipping address,SHIPPING,set_up_shipping_address
BL,I try to file a complaint against your organization,FEEDBACK,complaint
BIL,how to see purchase {{Order Number}} current status?,ORDER,track_order
BCIL,"I need to see your money back guarantee, how do I do it?",REFUND,check_refund_policy
BL,modify order {{Order Number}},ORDER,change_order
BILP,will you show me the accepted payment options?,PAYMENT,check_payment_methods
BLZ,question about cancellung purchase {{Order Number}},ORDER,cancel_order
BL,check under which circumstances can I ask to be refunded,REFUND,check_refund_policy
BELM,I do not know what I have to do to shop some articles,ORDER,place_order
BL,I need to speak to someone,CONTACT,contact_human_agent
BKL,send me bill from {{Person Name}},INVOICE,get_invoice
BLQZ,i need help to chat withh somebody,CONTACT,contact_human_agent
BCLP,"I would like to make a complaint, I need assistance",FEEDBACK,complaint
BCEL,"I do not need the platinum account, I have got to cancel it",ACCOUNT,delete_account
BLM,I don't know what to do to notify of payment errors,PAYMENT,payment_issue
BELP,I do not know how I could get in touch with customer support,CONTACT,contact_customer_service
BILQ,can uhelp me retrieving my user password,ACCOUNT,recover_password
BLM,show me what options for delivery are there,DELIVERY,delivery_options
BIQ,can uhelp me set up another shipping address,SHIPPING,set_up_shipping_address
BCIL,"I need to speak to customer assistance, how can I do it?",CONTACT,contact_customer_service
BL,I need assistance cancelling my standard account,ACCOUNT,delete_account
BL,help me open a {{Account Category}} account for my dad,ACCOUNT,create_account
BL,I need assistance to recover the PIN code of my account,ACCOUNT,recover_password
B,help me creating a freemium account,ACCOUNT,create_account
BILM,can you help me see what methods for delivery I have?,DELIVERY,delivery_options
BL,help me to file a consumer claim,FEEDBACK,complaint
BILM,where to inform of issues with a signup?,ACCOUNT,registration_problems
BCL,"I lost my PIN code, I want assistance retrieving it",ACCOUNT,recover_password
BEQ,"i do not know what i need to do to find the invoice #37777",INVOICE,check_invoice
BLM,I need assistance earning several articles,ORDER,place_order
BLQ,need help filing a reclamation,FEEDBACK,complaint
BLQ,i want help resetting my user pass,ACCOUNT,recover_password
BLQZ,i try tosee under what circumstances can i ask for refunds,REFUND,check_refund_policy
BL,I want assistance to speak to somebody,CONTACT,contact_human_agent
BCEIL,"I cannot make a transfer, how to notify of a payment issue?",PAYMENT,payment_issue
BI,can I set up a new shipping address?,SHIPPING,set_up_shipping_address
BEL,I cannot set a shipping address up,SHIPPING,set_up_shipping_address
BL,I want help using the pro profile,ACCOUNT,switch_account
BCILMQ,i paid {{Refund Amount}} dollars for an article how can i obtain a rebate,REFUND,get_refund
BIM,can you help me to check what delivery options I have?,DELIVERY,delivery_options
BILZ,can I talk with slmebody?,CONTACT,contact_human_agent
B,I want assistance to check how long refunds usually take,REFUND,check_refund_policy
BILP,could I talk to customer support?,CONTACT,contact_customer_service
BZ,help  with cancelling order {{Order Number}},ORDER,cancel_order
BLQZ,"want assistace seeing my bill #12588",INVOICE,check_invoice
BCEL,"I am not happy with your work, help to file a reclamation",FEEDBACK,complaint
BL,find information about the termination of a freemium account,ACCOUNT,delete_account
BLQ,I'm trying to request my money back,REFUND,get_refund
BL,I don't know how I can obtain a refund,REFUND,get_refund
BKLM,send me bills from {{Person Name}},INVOICE,get_invoice
BL,I don't know what to do to contact an assistant,CONTACT,contact_human_agent
BLP,I would like to see in which cases can I request refunds,REFUND,check_refund_policy
BILM,where do I see what methods for delivery are there?,DELIVERY,delivery_options
BIL,can you help me make a customer claim against your company?,FEEDBACK,complaint
BCIPW,"I need to edit my bloody user, will you help me?",ACCOUNT,edit_account
BL,help to see at what time I can contact customer service,CONTACT,contact_customer_service
BEL,I do not know how to subscribe to the newsletter,SUBSCRIPTION,newsletter_subscription
BLQ,i have to demand a rebate,REFUND,get_refund
BILQ,can uhelp me to swap something of order {{Order Number}},ORDER,change_order
BKLZ,create pro accountfor wife,ACCOUNT,create_account
BL,problem setting a new delivery address up,SHIPPING,set_up_shipping_address
B,"I want assistance getting invoice #85632",INVOICE,get_invoice
BILMQ,where can i shop a few of ur article,ORDER,place_order
BILQ,what do i need to do to change to the gold account,ACCOUNT,switch_account
BILMQ,where do i receive reimbursements of my money,REFUND,get_refund
BLZ,I need assistance enteirng another delivery address,SHIPPING,set_up_shipping_address
BLZ,asistance to open a pro account,ACCOUNT,create_account
BILW,is it possible to check my damn rebate current status?,REFUND,track_refund
BL,set up my shipping address,SHIPPING,set_up_shipping_address
BILQ,can uhelp me check my refund current status,REFUND,track_refund
BLQ,help to see ur payment options,PAYMENT,check_payment_methods
BIL,can you help me retrieve my user access key?,ACCOUNT,recover_password
BLQ,i want help to see ur available payment methods,PAYMENT,check_payment_methods
BLZ,I awnt assistance to locate order {{Order Number}},ORDER,track_order
BCELMV,"I have paid {{Currency Symbol}}{{Refund Amount}} for a product, I have to get a rebate",REFUND,get_refund
BIL,how can I report a sign-up error?,ACCOUNT,registration_problems
BLM,I want information about opening platinum accounts,ACCOUNT,create_account
BLN,I can't swap an item of purchase {{Order Number}},ORDER,change_order
BCELMV,"I have paid {{Currency Symbol}}{{Refund Amount}} for a purchase, I want to get a refund",REFUND,get_refund
BCL,"I have to see how long reimbursements take, I need help",REFUND,check_refund_policy
BLQ,i expect a restitution of {{Currency Symbol}}{{Refund Amount}},REFUND,track_refund
BILQ,when am i getting a reimbursement,REFUND,get_refund
BCL,"I have to see in which cases can I ask for refunds, help me",REFUND,check_refund_policy
BKL,new premium account for wife,ACCOUNT,create_account
BL,I need to see the current status of the compensation,REFUND,track_refund
BLW,I can't set my damn secondary shipping address up,SHIPPING,set_up_shipping_address
BL,help removing the pro account,ACCOUNT,delete_account
BIL,where can I cancel purchase {{Order Number}}?,ORDER,cancel_order
BLZ,I have a problem wth the removal of my {{Account Type}} account,ACCOUNT,delete_account
BL,help to see order {{Order Number}} status,ORDER,track_order
BLM,assistance adding some items to purchase {{Order Number}},ORDER,change_order
BKL,new {{Account Category}} account for wife,ACCOUNT,create_account
BILQ,what do i have to do to close my standard account,ACCOUNT,delete_account
BCL,"I have got to see when will my package arrive, I need help",DELIVERY,delivery_period
BILP,could you help me talking to an assistant?,CONTACT,contact_human_agent
BLM,I have problems with deleting an item from order {{Order Number}},ORDER,change_order
BLW,I try to talk to damn customer support,CONTACT,contact_customer_service
BK,set up new shipping address,SHIPPING,set_up_shipping_address
BL,I need help to see your reimbursement policy,REFUND,check_refund_policy
BL,I don't know how I can reset my user PIN code,ACCOUNT,recover_password
BILQ,how to use the standard profile,ACCOUNT,switch_account
BLMQZ,need help oirdering several items,ORDER,place_order
BLZ,modify order00123842,ORDER,change_order
BILQWZ,can uhelp me check the bloody allowed paymentmethods,PAYMENT,check_payment_methods
BCILP,"I have to locate order {{Order Number}}, could I get some help?",ORDER,track_order
BIL,how do I receive the newsletter?,SUBSCRIPTION,newsletter_subscription
BLW,I want help to leave some goddamn feedback for a service,FEEDBACK,review
BCILZ,"I need to see your money back policy, can you hep me?",REFUND,check_refund_policy
BILM,is it possible to edit my user details?,ACCOUNT,edit_account
BLM,I want help to see the termination charges,CANCEL,check_cancellation_fee
BLQ,i expect a restitution of {{Refund Amount}} dollars,REFUND,track_refund
BLMQ,i have problems with the deletion of my premium account,ACCOUNT,delete_account
BK,delete account,ACCOUNT,delete_account
BLQ,want help to check the accepted payment options,PAYMENT,check_payment_methods
BLM,I want help notifying of problems with online payment,PAYMENT,payment_issue
BLQ,i dont know what to do to reset the key of my user account,ACCOUNT,recover_password
BK,remove something from order {{Order Number}},ORDER,change_order
BLSZ,hsipping to {{Delivery Country}},DELIVERY,delivery_options
BLQ,want assistance to ask for a restitution of my money,REFUND,get_refund
BIL,"can I download bill #37777?",INVOICE,get_invoice
BLQZ,need assitance setting my new delivery address up,SHIPPING,set_up_shipping_address
BLQ,i expect a rebate of {{Currency Symbol}}{{Refund Amount}},REFUND,track_refund
BLZ,I am calling to see when will my product arirve,DELIVERY,delivery_period
BILQ,where to request a rebate,REFUND,get_refund
BLQ,need help chatting with a person,CONTACT,contact_human_agent
BILQ,"how do i find bill #12588",INVOICE,check_invoice
BLZ,I need help to check how long reimburssements take,REFUND,check_refund_policy
B,help to contact an agent,CONTACT,contact_human_agent
BILQ,uhave a free number to speak to customer service,CONTACT,contact_customer_service
BIL,how to see what hours I can call customer service?,CONTACT,contact_customer_service
BL,I need help with cancelling purchase {{Order Number}},ORDER,cancel_order
BCILMQZ,i have got to check the terminatiln penalties how to do it,CANCEL,check_cancellation_fee
BL,I need assistance checking how soon can I expect the package,DELIVERY,delivery_period
BL,I want assistance to set up a shipping address,SHIPPING,set_up_shipping_address
BLQZ,need to inform o a signup error,ACCOUNT,registration_problems
BILMZ,can I swap some items o order {{Order Number}}?,ORDER,change_order
BL,help seeing your reimbursement policy,REFUND,check_refund_policy
BLQ,i want help regarding my sign-up,ACCOUNT,registration_problems
BL,help me to set the delivery address up,SHIPPING,set_up_shipping_address
BLMW,I have got to inform of damn errors with online payment,PAYMENT,payment_issue
BLZ,I nmeed assistance calling customer support,CONTACT,contact_customer_service
BCIL,"I have to see the status of my rebate, how to do it?",REFUND,track_refund
BKM,check invoices from {{Person Name}},INVOICE,check_invoice
BEL,I do not know how I can check your money back guarantee,REFUND,check_refund_policy
BL,I need to demand my money back,REFUND,get_refund
BILP,could I check how long it takes for my order to arrive?,DELIVERY,delivery_period
BL,I need help checking the payment options,PAYMENT,check_payment_methods
BLQZ,need assiwtance seeing the ETA of the order {{Order Number}},ORDER,track_order
BELQ,"i do not know what to do to locate the bill #37777",INVOICE,check_invoice
BIL,how can I report a trouble with online payment?,PAYMENT,payment_issue
BCL,"I have to check the status of my rebate, I need help",REFUND,track_refund
BL,help to use the {{Account Category}} profile,ACCOUNT,switch_account
BIL,how do I change to the standard account?,ACCOUNT,switch_account
BLQ,want help to add an article to purchase {{Order Number}},ORDER,change_order
BL,I need help to list your payment methods,PAYMENT,check_payment_methods
BELQ,i do not know how to look for my invoice from {{Person Name}},INVOICE,check_invoice
BLZ,I need to check in which situations can I requst a refund,REFUND,check_refund_policy
BL,I need help to see what payment methods are allowed,PAYMENT,check_payment_methods
BCIL,"I have to check the withdrawal fee, can you help me?",CANCEL,check_cancellation_fee
BCILQ,need to get in touch with customer assistance how to do it,CONTACT,contact_customer_service
BILM,where to check what methods for delivery are available?,DELIVERY,delivery_options
BLM,I want help seeing the withdrawal penalties,CANCEL,check_cancellation_fee
BLQ,i want assistance checking the available payment options,PAYMENT,check_payment_methods
BLQ,assistance sending my feedback about ur services,FEEDBACK,review
BL,I don't know how to contact a person,CONTACT,contact_human_agent
BIL,is there an e-mail to send a review for your products?,FEEDBACK,review
BLM,I want help to see what shipment options are there,DELIVERY,delivery_options
BL,I need to check how long reimbursements usually take,REFUND,check_refund_policy
BILQZ,can uhelp me to leave fedeback for ur company,FEEDBACK,review
BL,I need assistance with canceling purchase {{Order Number}},ORDER,cancel_order
BLW,I need to see the goddamn cancellation fee,CANCEL,check_cancellation_fee
BCIL,"I need to leave a review about a product, how to do it?",FEEDBACK,review
BILMQ,where to request reimbursements,REFUND,get_refund
BLZ,I want assistanec to leave an opinion,FEEDBACK,review
BL,I need help changing to the platinum account,ACCOUNT,switch_account
BIL,how do I track purchase {{Order Number}}?,ORDER,track_order
BEM,I am looking for information about the delivery period,DELIVERY,delivery_period
BL,"I have to download the invoice #85632",INVOICE,get_invoice
BILP,could you help me canceling purchase {{Order Number}}?,ORDER,cancel_order
BLQ,i need help to request a refund,REFUND,get_refund
BLQZ,I'm waiting for a reimbjrsement of {{Currency Symbol}}{{Refund Amount}},REFUND,track_refund
BKL,check withdrawal charge,CANCEL,check_cancellation_fee
BL,assistance to talk with customer support,CONTACT,contact_customer_service
BL,I want to check the ETA of purchase {{Order Number}},ORDER,track_order
BIL,how do I receive your newsletter?,SUBSCRIPTION,newsletter_subscription
BL,help me checking in what situations can I ask for a refund,REFUND,check_refund_policy
BIL,how to send some feedback for a service?,FEEDBACK,review
BL,I need to talk with customer service,CONTACT,contact_customer_service
BILMQ,can uhelp me getting the bill from four last years,INVOICE,get_invoice
BL,I want assistance lodging a claim against your company,FEEDBACK,complaint
BL,I need assistance canceling a {{Account Type}} account,ACCOUNT,delete_account
BL,I need help with canceling purchase {{Order Number}},ORDER,cancel_order
BILQ,what do i have to do to receive a compensation of my money,REFUND,get_refund
BLQZ,i expect an rebate of {{Refund Amount}} dollars,REFUND,track_refund
BLM,help to see if there are any news on my rebate,REFUND,track_refund
BILM,how can I notify of sign-up issues?,ACCOUNT,registration_problems
BL,assistance lodging a reclamation against your organization,FEEDBACK,complaint
BILQ,can i notify of an error with registrations,ACCOUNT,registration_problems
B,I want help setting a new shipping address up,SHIPPING,set_up_shipping_address
B,help canceling order {{Order Number}},ORDER,cancel_order
BL,help me change purchase {{Order Number}},ORDER,change_order
BLZ,I need to buy an aricle,ORDER,place_order
BZ,I have to contact na agent,CONTACT,contact_human_agent
BZ,chnaging order {{Order Number}},ORDER,change_order
BIL,where to unsubscribe to the corporate newsletter?,SUBSCRIPTION,newsletter_subscription
BCLM,"I have to inform of errors with payment, I need assistance",PAYMENT,payment_issue
BCL,"I want to see the bill #37777, help me",INVOICE,check_invoice
BCIL,"I need to look for the bill from {{Person Name}}, how to do it?",INVOICE,check_invoice
BLMQZ,i try ot order a few of ur item,ORDER,place_order
BKLZ,send me bull from {{Person Name}},INVOICE,get_invoice
BL,I don't know how to leave some feedback,FEEDBACK,review
BLQ,need assistance checking my refund current status,REFUND,track_refund
BL,I am trying to speak to somebody,CONTACT,contact_human_agent
BILQZ,where to reoort a problem with a signup,ACCOUNT,registration_problems
BLQZ,i expect an rebate of {{Refund Amount}} dollars,REFUND,track_refund
BILP,would it be possible to cancel purchase {{Order Number}}?,ORDER,cancel_order
BILP,could you help me speak to somebody?,CONTACT,contact_human_agent
BL,assistance informing of an error with a signup,ACCOUNT,registration_problems
BLZ,I don't know what to do to chaat with somebody,CONTACT,contact_human_agent
BIL,how to change to the {{Account Category}} account?,ACCOUNT,switch_account
BL,find information about a lost password,ACCOUNT,recover_password
BILQ,do ya have an e-mail to contact customer service,CONTACT,contact_customer_service
BLQ,need to file a complaint against ur company,FEEDBACK,complaint
BQZ,i nee help to cancel order {{Order Number}},ORDER,cancel_order
BELQZ,"i do notknow what i have to do to get the bill #85632",INVOICE,get_invoice
BEL,I do not know how I can track my rebate,REFUND,track_refund
BIQSZ,od ya deliver to {{Delivery Country}},DELIVERY,delivery_options
BL,I don't know how to cancel purchase {{Order Number}},ORDER,cancel_order
BL,help to check how long it takes for my package to arrive,DELIVERY,delivery_period
BCELNQZ,i do not want these article i try to cancel order {{Order Number}},ORDER,cancel_order
BL,I don't know what to do to speak to an assistant,CONTACT,contact_human_agent
BILQZ,how to talk to customer assisance,CONTACT,contact_customer_service
BL,I don't know how to check your available payment options,PAYMENT,check_payment_methods
BKL,change to {{Account Category}} account,ACCOUNT,switch_account
BIL,what do I need to do to remove my standard account?,ACCOUNT,delete_account
BLMQ,help checking what shipment methods i can choose,DELIVERY,delivery_options
BKLQZ,changing info on Goldaccount,ACCOUNT,edit_account
BLMQ,help to check what methods for delivery i have,DELIVERY,delivery_options
BCELNW,"I do not want my last bloody item, cancel order {{Order Number}}",ORDER,cancel_order
BKLM,check bills from {{Person Name}},INVOICE,check_invoice
BKL,modifying information on pro account,ACCOUNT,edit_account
BL,I have a question about the online registration,ACCOUNT,registration_problems
BL,change to the {{Account Category}} account,ACCOUNT,switch_account
BL,help me using the {{Account Type}} profile,ACCOUNT,switch_account
BIL,where can I see how long it takes for my delivery to arrive?,DELIVERY,delivery_period
BLZ,editing data on gold acocunt,ACCOUNT,edit_account
BELZ,I cannot unsubscribe to your newslettewr,SUBSCRIPTION,newsletter_subscription
BE,I do not know what I have to do to switch to the pro account,ACCOUNT,switch_account
BEL,why I cannot submit the delivery address valid,SHIPPING,set_up_shipping_address
BL,I need assistance seeing the bill from {{Person Name}},INVOICE,check_invoice
BKLZ,pudate {{Account Type}} account,ACCOUNT,edit_account
BL,I don't know how I can write an opinion for a product,FEEDBACK,review
BL,question about a PIN code reset,ACCOUNT,recover_password
BIL,are service charges reimbursable?,REFUND,check_refund_policy
BL,I want assistance contacting an assistant,CONTACT,contact_human_agent
BL,I don't know how I can report an error with payment,PAYMENT,payment_issue
BCILNQZ,i cant create an account were can i report a sign-up problem,ACCOUNT,registration_problems
BL,I try to see how long it takes for the product to arrive,DELIVERY,delivery_period
BILZ,how to make an reclamation against your company?,FEEDBACK,complaint
BIL,where do I check what hours I can reach customer support?,CONTACT,contact_customer_service
BQZ,need assistance to ssubscribe to your company newsletter,SUBSCRIPTION,newsletter_subscription
BIL,how to make a customer claim against your organization?,FEEDBACK,complaint
BLZ,I can't speak with a persno,CONTACT,contact_human_agent
BCQZ,i have to change something of oirder {{Order Number}} i need help,ORDER,change_order
BLM,I want to remove some articles from order {{Order Number}},ORDER,change_order
BLQ,need help to see the ETA of the order {{Order Number}},ORDER,track_order
BLM,seeing termination penalties,CANCEL,check_cancellation_fee
BLQZ,want assistance leavingmy feedback for a service,FEEDBACK,review
BLQZ,I'm trying to enter an shipping address,SHIPPING,set_up_shipping_address
BLW,I try to contact a fucking operator,CONTACT,contact_human_agent
BL,I try to reset my account access key,ACCOUNT,recover_password
BLQ,i want assistance to speak to someone,CONTACT,contact_human_agent
BI,what do I have to do to cancel order {{Order Number}}?,ORDER,cancel_order
BLQZ,want assistance lising your accepted payment methods,PAYMENT,check_payment_methods
BILM,how do I buy some articles?,ORDER,place_order
BLMQ,i need help to notify of issues with online payments,PAYMENT,payment_issue
BILQ,can i check in which cases can i ask for refunds,REFUND,check_refund_policy
BL,the secondary shipping address is invalid,SHIPPING,set_up_shipping_address
BLMQ,i try to inform of problems with online payments,PAYMENT,payment_issue
BL,I want help receiving the newsletter,SUBSCRIPTION,newsletter_subscription
BL,assistance canceling purchase {{Order Number}},ORDER,cancel_order
BCILPQZ,"i have to get the bill #85632 will huelp me",INVOICE,get_invoice
BILZ,can I see at what time I can reach customer support ?,CONTACT,contact_customer_service
BKL,check purchase {{Order Number}} status,ORDER,track_order
BKZ,create standard cacount,ACCOUNT,create_account
BKL,correcting information on {{Account Type}} account,ACCOUNT,edit_account
BL,I need help to check the early exit penalty,CANCEL,check_cancellation_fee
BL,question about the termination of my premium account,ACCOUNT,delete_account
BKMZ,refund  {{Currency Symbol}}{{Refund Amount}},REFUND,get_refund
BEL,I do not know what I have to do to delete a gold account,ACCOUNT,delete_account
BCILPQVZ,i have lost  my pwd could i reset it,ACCOUNT,recover_password
BLZ,"checkbill #37777",INVOICE,check_invoice
BL,find information about signing up to your newsletter,SUBSCRIPTION,newsletter_subscription
BLQ,help me to lodge a claim against ur business,FEEDBACK,complaint
BILQS,do uship to {{Delivery City}},DELIVERY,delivery_options
BELMP,I do not know how I could request compensations of money,REFUND,get_refund
BIL,can you help me check in which cases can I request a refund?,REFUND,check_refund_policy
BL,talking to customer support,CONTACT,contact_customer_service
BCIL,"I have to see my restitution status, how to do it?",REFUND,track_refund
BILM,how can I check what shipment options I have?,DELIVERY,delivery_options
BLQ,i want assistance to unsubscribe to the company newsletter,SUBSCRIPTION,newsletter_subscription
BL,help me signing up to the newsletter,SUBSCRIPTION,newsletter_subscription
BLMQZ,i have to get my invoicxes from {{Person Name}},INVOICE,get_invoice
BLQ,need help to change to the {{Account Type}} account,ACCOUNT,switch_account
BLQZ,i exepct a restitution of {{Currency Symbol}}{{Refund Amount}},REFUND,track_refund
BIL,is it possible to check how long the shipment takes?,DELIVERY,delivery_period
BIL,where do I see the options for delivery?,DELIVERY,delivery_options
BLQZ,i cant hcat with somebody,CONTACT,contact_human_agent
BLQ,need help to solve an error with payment,PAYMENT,payment_issue
BCQ,wanna edit the info on my account i need help,ACCOUNT,edit_account
BILQ,is it possible to leave feedback about ur products,FEEDBACK,review
BL,I need assistance opening a pro account for my daughter,ACCOUNT,create_account
BKLZ,open platinum cacount for wife,ACCOUNT,create_account
BL,I have to cancel purchase {{Order Number}},ORDER,cancel_order
BILMQZ,how do i delet some items from order {{Order Number}},ORDER,change_order
BLMQ,assistance shopping a few of ur product,ORDER,place_order
BLMZ,I want help odering some articles,ORDER,place_order
BL,I want information about the termination of my pro account,ACCOUNT,delete_account
BCIL,"I need to see the reimbursement status, how can I do it?",REFUND,track_refund
BKM,report payment issues,PAYMENT,payment_issue
BL,I want assistance to check the methods for delivery,DELIVERY,delivery_options
BEL,I am looking for information about a pro account removal,ACCOUNT,delete_account
BLMQ,want assistance to get my invoices from {{Person Name}},INVOICE,get_invoice
B,I don't know how I can leave a review,FEEDBACK,review
BCLQ,i made a mistake i want help to edit order {{Order Number}},ORDER,change_order
BLZ,I don't know what to do to ertrieve the PIN of my user,ACCOUNT,recover_password
BLQZ,need to submut a delivery address,SHIPPING,set_up_shipping_address
BIL,what do I have to do to get my invoice from {{Person Name}}?,INVOICE,get_invoice
BKLZ,purchase {{Order Number}} current  status,ORDER,track_order
BNQ,i dont want order {{Order Number}},ORDER,cancel_order
BL,I want to set up my secondary shipping address,SHIPPING,set_up_shipping_address
BLMZ,issues submitting my delivery adfdress,SHIPPING,set_up_shipping_address
BLMQ,i need assistance to solve payment errors,PAYMENT,payment_issue
BLMW,assistance checking the fucking early exit penalties,CANCEL,check_cancellation_fee
BLN,I can't pay for purchase {{Order Number}},ORDER,cancel_order
BLQ,i want help retrieving the pass of my profile,ACCOUNT,recover_password
BEL,I do not know what to do to see when will my purchase arrive,DELIVERY,delivery_period
BILM,can I see what delivery options are there?,DELIVERY,delivery_options
BLQ,i need help seeing the status of my compensation,REFUND,track_refund
BLQ,see what hours i can reach customer service,CONTACT,contact_customer_service
BCLMNQ,i cant sign up want assistance to report sign-up problems,ACCOUNT,registration_problems
BL,I try to check at what time I can call customer service,CONTACT,contact_customer_service
BLQ,need assistance solving a problem with online payment,PAYMENT,payment_issue
BKL,cancel {{Account Category}} account,ACCOUNT,delete_account
BLM,I don't know how to inform of problems with a signup,ACCOUNT,registration_problems
BELMZ,I do not know how to reauest reimbursements,REFUND,get_refund
BILMQ,how can i shop a few of ur article,ORDER,place_order
BL,I want assistance checking the early termination fee,CANCEL,check_cancellation_fee
BILZ,can you help me to recober the PIN of my account?,ACCOUNT,recover_password
BL,help seeing what hours I can reach customer support,CONTACT,contact_customer_service
BQZ,i need assistance canceling roder {{Order Number}},ORDER,cancel_order
BCELMN,"I cannot create a user, help to report sign-up errors",ACCOUNT,registration_problems
BCL,"I bought some item, cancel purchase {{Order Number}}",ORDER,cancel_order
BLZ,order anitem,ORDER,place_order
BQ,"wanna find invoice #37777",INVOICE,check_invoice
BLZ,check how long reinbursements usually take,REFUND,check_refund_policy
BILMPQW,could i swap some goddamn products of order {{Order Number}},ORDER,change_order
BILQ,how to submit another shipping address,SHIPPING,set_up_shipping_address
BCILP,"I would like to check the delivery methods, how to do it?",DELIVERY,delivery_options
BLQ,i try to make a customer reclamation,FEEDBACK,complaint
BIL,when am I getting a rebate?,REFUND,get_refund
BCILP,"I want to talk to customer assistance, will you help me?",CONTACT,contact_customer_service
BL,I need assistance chatting with a person,CONTACT,contact_human_agent
BLQ,i have to list the accepted payment methods,PAYMENT,check_payment_methods
BL,help me make a customer claim against your company,FEEDBACK,complaint
BL,I have a question about correcting order {{Order Number}},ORDER,change_order
BILMQ,can ya help me to get my bills from {{Person Name}},INVOICE,get_invoice
BLMQ,i have issues trying to modify my shipping address,SHIPPING,change_shipping_address
BIL,is there an e-mail to submit feedback for your company?,FEEDBACK,review
B,help to switch to the premium account,ACCOUNT,switch_account
BLMQ,i try to inform of issues with payment,PAYMENT,payment_issue
BI,can you help me to solve an issue with payment?,PAYMENT,payment_issue
BIL,what do I need to do to contact customer assistance?,CONTACT,contact_customer_service
BIL,what do I need to do to sign up to your newsletter?,SUBSCRIPTION,newsletter_subscription
BL,I don't know how I can get a restitution of money,REFUND,get_refund
BK,create {{Account Type}} account,ACCOUNT,create_account
BIL,how do I speak to someone?,CONTACT,contact_human_agent
BL,see order {{Order Number}} status,ORDER,track_order
BCL,"I don't want my user account, help cancelling it",ACCOUNT,delete_account
BKLZ,correcting infornation on {{Account Category}} account,ACCOUNT,edit_account
BCL,"I want to see your money back policy, I need help",REFUND,check_refund_policy
BL,I have to see the withdrawal penalty,CANCEL,check_cancellation_fee
BL,assistance seeing in what cases can I ask to be reimbursed,REFUND,check_refund_policy
BCL,"I ain't registered yet, I try to open a {{Account Category}} account",ACCOUNT,create_account
BCILMQ,i lost the invoices from {{Person Name}} can ufind them for me,INVOICE,check_invoice
BL,help me check the status of the rebate,REFUND,track_refund
BI,can I check the ETA of order {{Order Number}}?,ORDER,track_order
BLQ,i need information about the pwd retrieval,ACCOUNT,recover_password
BISZ,cn I place an order from {{Delivery City}}?,DELIVERY,delivery_options
BL,assistance changing to the standard account,ACCOUNT,switch_account
BLQ,i need assistance deleting a {{Account Category}} account,ACCOUNT,delete_account
BEL,I do not know what I need to do to file a customer complaint,FEEDBACK,complaint
BIL,where do I check the early exit charge?,CANCEL,check_cancellation_fee
BILQZ,were to check order {{Order Number}} current status,ORDER,track_order
BKL,writing review for a service,FEEDBACK,review
BELM,I do not know what to do to get compensations,REFUND,get_refund
BIL,where can I get information about the forgotten PIN code?,ACCOUNT,recover_password
BE,"I do not know how to find invoice #85632",INVOICE,check_invoice
BLQ,need help to talk to an operator,CONTACT,contact_human_agent
BKLQ,modifying info on {{Account Category}} account,ACCOUNT,edit_account
BIQ,where to buy an item,ORDER,place_order
BZ,contcat an agent,CONTACT,contact_human_agent
BKL,edit {{Account Type}} account,ACCOUNT,edit_account
BIL,how can I talk with a human agent?,CONTACT,contact_human_agent
BLMW,I want to inform of issues with bloody sign-up,ACCOUNT,registration_problems
B,problem with cancelling order {{Order Number}},ORDER,cancel_order
BILQ,how do i see the eta of order {{Order Number}},ORDER,track_order
BCL,"I need to see the allowed payment options, help me",PAYMENT,check_payment_methods
BIL,"can you help me giving a quick look at my bill #12588?",INVOICE,check_invoice
BKLZ,opdn {{Account Type}} account,ACCOUNT,create_account
BLZ,I want to check in which situations czn I ask for a refund,REFUND,check_refund_policy
BL,I need to speak to an operator,CONTACT,contact_human_agent
BL,I need help to cancel purchase {{Order Number}},ORDER,cancel_order
BL,I have got to check the early exit fee,CANCEL,check_cancellation_fee
BCL,"I have to talk to an assistant, help me",CONTACT,contact_human_agent
BL,I don't know what to do to lodge a complaint,FEEDBACK,complaint
BE,"I do not know what to do to get my invoice #00108",INVOICE,get_invoice
BELZ,I do not know what I have to do to talk wiyh a live agent,CONTACT,contact_human_agent
BELM,I do not know how I can report issues with a sign-up,ACCOUNT,registration_problems
BIL,what payment options do you accept?,PAYMENT,check_payment_methods
BLMQZ,assistance to acquire some of  ur item,ORDER,place_order
BLM,issues entering the new shipping address,SHIPPING,set_up_shipping_address
BQZ,i dont know what to do tl talk to an agent,CONTACT,contact_human_agent
BK,check order {{Order Number}} status,ORDER,track_order
BILQ,where to check what payment payment modalities are available,PAYMENT,check_payment_methods
BIL,can I see at what time I can call customer assistance?,CONTACT,contact_customer_service
BCL,"I have got to correct the data on my account, help me",ACCOUNT,edit_account
BLM,help me to report problems with a signup,ACCOUNT,registration_problems
BCILPWZ,"I have to earn a damn product , how could I do it?",ORDER,place_order
BCL,"I expect a compensation of {{Refund Amount}} dollars, was it processed",REFUND,track_refund
BLQ,need to remove the platinum account,ACCOUNT,delete_account
BILMQW,how can i add some bloody products to order {{Order Number}},ORDER,change_order
BIL,where can I reset the access key of my user profile?,ACCOUNT,recover_password
BELN,I do not want purchase {{Order Number}},ORDER,cancel_order
BL,I have to receive your corporate newsletter,SUBSCRIPTION,newsletter_subscription
BLQZ,"i want assistance to downlolad my bill #85632",INVOICE,get_invoice
BL,I am waiting for a restitution of {{Refund Amount}} dollars,REFUND,track_refund
BLQWZ,want help to deletd a damn article from order {{Order Number}},ORDER,change_order
BEL,I do not know what to do to speak to customer support,CONTACT,contact_customer_service
BL,I try to restore the access key of my account,ACCOUNT,recover_password
BCELMQVZ,i have paid {{Currency Symbol}}{{Refund Amount}} for an article i want an refund,REFUND,get_refund
BLMQ,want assistance to see what shipment methods are there,DELIVERY,delivery_options
BELMZ,I do not know how I can acquire several of yoru article,ORDER,place_order
BLMQ,i want help seeing what delivery options i can choose,DELIVERY,delivery_options
BLQZ,io want assistance to leave a comment for a service,FEEDBACK,review
BL,I want help to enter another delivery address,SHIPPING,set_up_shipping_address
BCIL,"I have to edit order {{Order Number}}, how to do it?",ORDER,change_order
BLW,help cancelling my bloody purchase,ORDER,cancel_order
BIL,can I check the early termination penalty?,CANCEL,check_cancellation_fee
BILQ,what do i need to do to do a purchase,ORDER,place_order
BKL,show your money back guarantee,REFUND,check_refund_policy
BCEL,"you are not helpful, I want assistance talking with someone",CONTACT,contact_human_agent
BILQ,is it possible to cancel purchase {{Order Number}},ORDER,cancel_order
BL,help me sending some feedback for a product,FEEDBACK,review
BL,I am calling to file a complaint against your organization,FEEDBACK,complaint
BL,I don't know how I can download my invoice from {{Person Name}},INVOICE,get_invoice
B,I have got to create a pro account,ACCOUNT,create_account
BLMQ,need assistance finding the bills from {{Person Name}},INVOICE,check_invoice
BCIL,"I have to check the withdrawal charge, how can I do it?",CANCEL,check_cancellation_fee
BELMQZ,i cannot find the early termination chaarges,CANCEL,check_cancellation_fee
BLM,order a few of your article,ORDER,place_order
BLMQ,i have issues editing the address,SHIPPING,change_shipping_address
BEL,I do not know what to do to inform of a sign-up issue,ACCOUNT,registration_problems
BLQ,need assistance closing my freemium account,ACCOUNT,delete_account
BKLZ,create premium accountfor wife,ACCOUNT,create_account
BLQ,need help to see in which cases can I ask for my money back,REFUND,check_refund_policy
BLW,I am trying to sign up to your fucking newsletter,SUBSCRIPTION,newsletter_subscription
B,problem with creating my freemium account,ACCOUNT,create_account
BILQ,can ya help me demand a rebate of money,REFUND,get_refund
BL,I want assistance to speak to an operator,CONTACT,contact_human_agent
BELNQ,i cannot check purchase {{Order Number}} status,ORDER,track_order
BCIL,"I ain't registered, how to open a {{Account Category}} account?",ACCOUNT,create_account
BLZ,I am waiting for an rebate of {{Currency Symbol}}{{Refund Amount}},REFUND,track_refund
BKL,notify of payment issue,PAYMENT,payment_issue
BL,I need help canceling purchase {{Order Number}},ORDER,cancel_order
BLZ,I don't know what I have to do to speak with an asistant,CONTACT,contact_human_agent
BIL,how do I inform of an issue with a signup?,ACCOUNT,registration_problems
BLQZ,I'm trying to retrieve the pas of my user profile,ACCOUNT,recover_password
BLQ,want assistance making a claim against ur company,FEEDBACK,complaint
BLZ,I have to see what payment methods you acecpt,PAYMENT,check_payment_methods
BL,I have got to reset my user account access key,ACCOUNT,recover_password
BLQ,"want assistance to give a quick look at my invoice #85632",INVOICE,check_invoice
BCIL,"I need to talk with customer assistance, can you help me?",CONTACT,contact_customer_service
BLQ,need help seeing at what time I can call customer assistance,CONTACT,contact_customer_service
BLW,I need to track my fucking compensation,REFUND,track_refund
BL,help me to see the refund status,REFUND,track_refund
BLZ,"I need help tl give a quick look at the bill #85632",INVOICE,check_invoice
BIL,how to switch a product of order {{Order Number}}?,ORDER,change_order
BCIL,"I want to change to the freemium account, can you help me?",ACCOUNT,switch_account
BIS,can I place an order from {{Delivery City}}?,DELIVERY,delivery_options
BL,I have got to contact customer assistance,CONTACT,contact_customer_service
BCLQZ,I'm very unhappyt with ur service i need to file a complaint,FEEDBACK,complaint
BI,is it possible to cancel order {{Order Number}}?,ORDER,cancel_order
BILQZ,where can i lodge a customer reclaation against ur business,FEEDBACK,complaint
BLM,I don't know what to do to order a few of your article,ORDER,place_order
BL,I try to check in what situations can I request a refund,REFUND,check_refund_policy
BL,modifying data on {{Account Category}} account,ACCOUNT,edit_account
BILMP,could you help me check what delivery methods you offer?,DELIVERY,delivery_options
BL,I need help subscribing to your corporate newsletter,SUBSCRIPTION,newsletter_subscription
BL,I have a question about canceling purchase {{Order Number}},ORDER,cancel_order
BLMQZ,i have to inform of errorfs with a signup,ACCOUNT,registration_problems
BLQZ,want assistance to cancel pyrchase {{Order Number}},ORDER,cancel_order
BKLM,errors with online payments,PAYMENT,payment_issue
BLM,there are troubles submitting another delivery address,SHIPPING,set_up_shipping_address
BEQ,i do not know what i need to do to switch to the {{Account Type}} account,ACCOUNT,switch_account
BCILMQ,i have got to check my bills from {{Person Name}} how to do it,INVOICE,check_invoice
BILM,how do I acquire a few of your item?,ORDER,place_order
BQ,need help to report an issue with payment,PAYMENT,payment_issue
BCIL,"I want to leave a comment for your company, how to do it?",FEEDBACK,review
BILQ,can i speak with someone,CONTACT,contact_human_agent
BLQ,need assistance seeing ur accepted payment methods,PAYMENT,check_payment_methods
BKL,purchase {{Order Number}} current status,ORDER,track_order
BEL,I do not know how to order a product,ORDER,place_order
BL,I don't know how I can subscribe to the company newsletter,SUBSCRIPTION,newsletter_subscription
BILQZ,where can i submit fedback for ur products,FEEDBACK,review
BIQS,is it possible to place an order from {{Delivery Country}},DELIVERY,delivery_options
BKL,canceling purchase {{Order Number}},ORDER,cancel_order
BL,I need assistance unsubscribing to the newsletter,SUBSCRIPTION,newsletter_subscription
BLMW,I need help checking what bloody delivery methods are there,DELIVERY,delivery_options
BL,I have to know if there is anything wrong with the refund,REFUND,track_refund
BELQ,i do not know how i can buy an article,ORDER,place_order
BCLM,"I paid {{Refund Amount}} dollars for an item, I need to receive a rebate",REFUND,get_refund
BL,I want assistance to change to the {{Account Type}} account,ACCOUNT,switch_account
BCIL,"I have to use the premium profile, how to do it?",ACCOUNT,switch_account
BCILZ,"I have got to enter a new shipping address, how do I do it ?",SHIPPING,set_up_shipping_address
BEL,I do not know how to notify of a sign-up issue,ACCOUNT,registration_problems
BILW,can you help me to list the damn allowed payment methods?,PAYMENT,check_payment_methods
BL,help me to ask for a restitution of my money,REFUND,get_refund
BL,assistance to cancel purchase {{Order Number}},ORDER,cancel_order
BCILPW,"I need to call damn customer support, how could I do it?",CONTACT,contact_customer_service
BEL,why I cannot set up the shipping address valid,SHIPPING,set_up_shipping_address
BILQ,"what do i have to do to download the invoice #12588",INVOICE,get_invoice
BL,I don't know how to check my restitution status,REFUND,track_refund
BL,help me to check the early exit charge,CANCEL,check_cancellation_fee
BILMZ,what do I have to do to check the early exit fees ?,CANCEL,check_cancellation_fee
BKLMZ,getbills from {{Person Name}},INVOICE,get_invoice
BLMQ,need assistance to notify of issues with a sign-up,ACCOUNT,registration_problems
BILQ,can i see how long it usually takes for my item to arrive,DELIVERY,delivery_period
BKLZ,new {{Account Type}} acount,ACCOUNT,create_account
BLM,I forgot to include some products in purchase {{Order Number}},ORDER,change_order
BL,calling customer assistance,CONTACT,contact_customer_service
BCIL,"I want to see your money back guarantee, how can I do it?",REFUND,check_refund_policy
BILM,how do I acquire some of your item?,ORDER,place_order
BQ,i want help canceling order {{Order Number}},ORDER,cancel_order
BISZ,do you edliver to {{Delivery Country}}?,DELIVERY,delivery_options
BKL,purchase {{Order Number}} status,ORDER,track_order
BCQ,wanna use the {{Account Type}} account i need help,ACCOUNT,switch_account
BILP,could you help me cancel purchase {{Order Number}}?,ORDER,cancel_order
BLQ,i need help to see the early termination charge,CANCEL,check_cancellation_fee
BLM,mail me the bills from {{Person Name}},INVOICE,get_invoice
BCELM,"I cannot make a payment, I need to inform of issues",PAYMENT,payment_issue
BLW,assistance to contact goddamn customer support,CONTACT,contact_customer_service
BKL,edit data on {{Account Type}} account,ACCOUNT,edit_account
BILQ,what do i need to do to restore my account pin,ACCOUNT,recover_password
BIL,what do I need to do to check the cancellation charge?,CANCEL,check_cancellation_fee
BKL,open {{Account Category}} account for wife,ACCOUNT,create_account
BILZ,can you show me when will myparcel arrive?,DELIVERY,delivery_period
BQ,i need information about delivery periods,DELIVERY,delivery_period
BLQ,want help to see in what cases can I request reimbursements,REFUND,check_refund_policy
BILM,where can I see what methods for delivery are available?,DELIVERY,delivery_options
BL,I want to send my feedback about your products,FEEDBACK,review
BEL,I do not know how to check how soon can I expect the parcel,DELIVERY,delivery_period
BLQ,i want assistance canceling purchase {{Order Number}},ORDER,cancel_order
BL,I try to see in what situations can I ask for reimbursements,REFUND,check_refund_policy
BLZ,asxistance speaking with somebody,CONTACT,contact_human_agent
BL,I want help speaking to a live agent,CONTACT,contact_human_agent
BIL,can you help me getting in touch with customer service?,CONTACT,contact_customer_service
BIL,can you help me write an opinion about a product?,FEEDBACK,review
BILQ,what do i need to do to ask for a rebate of money,REFUND,get_refund
BIL,can I close a standard account?,ACCOUNT,delete_account
BL,I want to set a new delivery address up,SHIPPING,set_up_shipping_address
BCILMW,"I need to earn several goddamn items, how can I do it?",ORDER,place_order
BLQ,"i dont know what to do to look for the invoice #37777",INVOICE,check_invoice
BL,see what hours I can contact customer support,CONTACT,contact_customer_service
BL,see your payment methods,PAYMENT,check_payment_methods
BL,I am trying to cancel purchase {{Order Number}},ORDER,cancel_order
BCL,"I bought some item, cancel order {{Order Number}}",ORDER,cancel_order
BL,help me to use the {{Account Category}} profile,ACCOUNT,switch_account
BLQ,i have an error with my sign-up,ACCOUNT,registration_problems
BKLM,send me bills from {{Person Name}},INVOICE,get_invoice
BLM,I want to check what shipping options are there,DELIVERY,delivery_options
BLQZ,want assistance to lodge a claimn against ur organization,FEEDBACK,complaint
BKLQZ,see ETA ob order {{Order Number}},ORDER,track_order
BLM,help me checking the early termination fees,CANCEL,check_cancellation_fee
BL,I need to enter a different shipping address,SHIPPING,set_up_shipping_address
BL,I don't know how to chat with an agent,CONTACT,contact_human_agent
BEL,I do not know how to change to the {{Account Category}} account,ACCOUNT,switch_account
BILMQWZ,how do i see thne goddamn invoices from {{Person Name}},INVOICE,check_invoice
BL,help to see order {{Order Number}} current status,ORDER,track_order
BCL,"I missed an item in purchase {{Order Number}}, I need help adding it",ORDER,change_order
BIQ,where do i switch to the pro account,ACCOUNT,switch_account
BKLZ,updating informtaion on {{Account Type}} account,ACCOUNT,edit_account
BILQZ,how do i check what hours customer supporft available is,CONTACT,contact_customer_service
BCLQZ,i dnt use my {{Account Category}} account want help to delete it,ACCOUNT,delete_account
BELZ,I do not know what I need to do to buy an product,ORDER,place_order
BL,help entering a different shipping address,SHIPPING,set_up_shipping_address
BLM,I am trying to inform of issues with payment,PAYMENT,payment_issue
BLQ,i have got to write a review for ur company,FEEDBACK,review
BILQ,can ya help me see what payment methods are accepted,PAYMENT,check_payment_methods
BLQ,help to see the ETA of purchase {{Order Number}},ORDER,track_order
BCLMQ,i cant pay i need help reporting problems with payments,PAYMENT,payment_issue
BILP,how could I submit feedback?,FEEDBACK,review
BLQ,i want help to update order {{Order Number}},ORDER,change_order
BLQZ,help me see the ETA  of purchase {{Order Number}},ORDER,track_order
BLQZ,i dont know how i can asj for a rebate,REFUND,get_refund
BK,setting up new shipping address,SHIPPING,set_up_shipping_address
BLQ,i need assistance to unsubscribe to the company newsletter,SUBSCRIPTION,newsletter_subscription
BILQ,can ya help me opening a {{Account Category}} account,ACCOUNT,create_account
BL,help speaking to customer service,CONTACT,contact_customer_service
BILMZ,where can I notify of problems with payent?,PAYMENT,payment_issue
BILQZ,where can i inform of a paymen error,PAYMENT,payment_issue
B,"I don't know what I need to do to check my invoice #00108",INVOICE,check_invoice
BIL,can I check when my article is going to arrive?,DELIVERY,delivery_period
BKLZ,cancelin {{Account Type}} account,ACCOUNT,delete_account
BLM,I need help downloading the bills from {{Person Name}},INVOICE,get_invoice
BLQ,need help recovering the pwd of my user,ACCOUNT,recover_password
BLMW,help to notify of an error with bloody registrations,ACCOUNT,registration_problems
BILM,where do I see what shipping options I can choose?,DELIVERY,delivery_options
BILQZ,is it possible to lodge an complaint against ur business,FEEDBACK,complaint
BCIL,"I am unsatisfied with your services, how can I make a claim?",FEEDBACK,complaint
BLMQZ,i have got to reeport issues with signup,ACCOUNT,registration_problems
BLQ,i need help writing an opinion for a service,FEEDBACK,review
BILZ,is it possible to list the allowed payment mthods?,PAYMENT,check_payment_methods
BLM,I need help to solve errors with payments,PAYMENT,payment_issue
BLMQZ,aswistance buying a few of ur product,ORDER,place_order
BL,help me canceling the subscription to the company newsletter,SUBSCRIPTION,newsletter_subscription
BL,I want to lodge a consumer complaint against your company,FEEDBACK,complaint
BLMW,assistance checking what bloody shipping options you offer,DELIVERY,delivery_options
BL,problem with opening a freemium account,ACCOUNT,create_account
BL,I am trying to see in which cases can I ask to be refunded,REFUND,check_refund_policy
BLQZ,have a question about the forgottem PIN,ACCOUNT,recover_password
BLW,I need help to check the bloody allowed payment options,PAYMENT,check_payment_methods
BCLM,"I have to purchase some of your article, help me",ORDER,place_order
BLQZ,want help checking in wht situations can i request refunds,REFUND,check_refund_policy
BILQ,can uhelp me check how soon can i expect my article,DELIVERY,delivery_period
BILP,how could I change to the {{Account Category}} account?,ACCOUNT,switch_account
BILM,where do I purchase some products?,ORDER,place_order
BLQZ,want help filing a cudtomer claim against ur organization,FEEDBACK,complaint
BIL,where do I demand a reimbursement of my money?,REFUND,get_refund
BILQZ,how can i speak to anoperator,CONTACT,contact_human_agent
BKLMZ,correctinmg details on {{Account Type}} account,ACCOUNT,edit_account
BLZ,I don't know how I can camcel purchase {{Order Number}},ORDER,cancel_order
BLMZ,I don't kmow how I can order several articles,ORDER,place_order
BLM,I have problems setting up a secondary delivery address,SHIPPING,set_up_shipping_address
BIL,what do I need to do to file a claim against your business?,FEEDBACK,complaint
BLQZ,assistance checking what hours i can reach customer sdupport,CONTACT,contact_customer_service
BQ,want help to cancel order {{Order Number}},ORDER,cancel_order
BLM,swap several articles of purchase {{Order Number}},ORDER,change_order
BILM,is it possible to shop some items?,ORDER,place_order
BIL,can I speak with a live agent?,CONTACT,contact_human_agent
BL,I try to correct order {{Order Number}},ORDER,change_order
BILQ,where to create a platinum account for my dad,ACCOUNT,create_account
BLQ,i want assistance to create a {{Account Type}} account,ACCOUNT,create_account
BL,help knowing if there is anything new on the restitution,REFUND,track_refund
BLMQZ,neef to notify of signup problems,ACCOUNT,registration_problems
BILQ,how to cancel the purchase i made,ORDER,cancel_order
BIL,how can I inform of a signup problem?,ACCOUNT,registration_problems
BLQZ,lodging  customer complaint against ur business,FEEDBACK,complaint
BILP,would it be possible to check the shipping methods?,DELIVERY,delivery_options
BIL,where to check the restitution status?,REFUND,track_refund
BCL,"I want to list the allowed payment options, I need help",PAYMENT,check_payment_methods
BIL,can I change an article of purchase {{Order Number}}?,ORDER,change_order
BLQ,i want help retrieving my pin code,ACCOUNT,recover_password
BILQ,what do i have to do to delete my {{Account Type}} account,ACCOUNT,delete_account
BLM,I have troubles setting another delivery address up,SHIPPING,set_up_shipping_address
BKL,correcting information on gold account,ACCOUNT,edit_account
BCL,"I don't need the gold account, help me close it",ACCOUNT,delete_account
BQ,i need help to set up a new shipping address,SHIPPING,set_up_shipping_address
BCILQ,wanna acquire an item how to do it,ORDER,place_order
BILQ,can i see under what circumstances can i ask for a refund,REFUND,check_refund_policy
BIL,where to see what hours I can contact customer support?,CONTACT,contact_customer_service
BIL,can you help me set my secondary shipping address up?,SHIPPING,set_up_shipping_address
BIL,how do I edit order {{Order Number}}?,ORDER,change_order
BK,ETA of order {{Order Number}},ORDER,track_order
BIQZ,can i pay witj visa,PAYMENT,check_payment_methods
BLQW,assistance seeing ur bloody available payment methods,PAYMENT,check_payment_methods
BCEILQ,i no longer need my standard account how can i cancel it,ACCOUNT,delete_account
BQ,i want assistance to buy an item,ORDER,place_order
BLQ,question about the pin reset,ACCOUNT,recover_password
BCIL,"I have to submit my new shipping address, how to do it?",SHIPPING,set_up_shipping_address
BLN,I can no longer pay for purchase {{Order Number}},ORDER,cancel_order
BL,changing purchase {{Order Number}},ORDER,change_order
BCILQWZ,i bought somegoddamn item how do i cancel order {{Order Number}},ORDER,cancel_order
BL,I want assistance to change to the freemium account,ACCOUNT,switch_account
BCLQZ,i have to see how soon can i expect the shipmrnt i need help,DELIVERY,delivery_period
BLMQ,i missed several items in purchase {{Order Number}},ORDER,change_order
BELQ,i do not know how to look for my invoice from {{Person Name}},INVOICE,check_invoice
BKLZ,new {{Account Category}} acount for wife,ACCOUNT,create_account
BLMQ,want help notifying of troubles with online payments,PAYMENT,payment_issue
BILQZ,where do i cherck at what time i can call customer service,CONTACT,contact_customer_service
BILM,where can I report sign-up problems?,ACCOUNT,registration_problems
BELNQ,i cannot inform of an issue with signup,ACCOUNT,registration_problems
BIL,can you help me canceling purchase {{Order Number}}?,ORDER,cancel_order
BLM,I don't know how I can shop some items,ORDER,place_order
BILM,is it possible to see what shipping methods you offer?,DELIVERY,delivery_options
BCLMW,"I want to earn some goddamn items, I need assistance",ORDER,place_order
BLMZ,help to add some products to purchjase {{Order Number}},ORDER,change_order
BQ,i want help changing an item of order {{Order Number}},ORDER,change_order
BLZ,I want to unsubscribe from the newsleter,SUBSCRIPTION,newsletter_subscription
BIPZ,could you show me inwhat cases can I ask for refunds?,REFUND,check_refund_policy
BILP,could you help me to see the status of the reimbursement?,REFUND,track_refund
BLQ,i want help seeing in what cases can i ask to be refunded,REFUND,check_refund_policy
BK,switch user,ACCOUNT,switch_account
BL,I need help leaving feedback about a service,FEEDBACK,review
BL,I need assistance seeing the compensation current status,REFUND,track_refund
BLQ,want help submitting my feedback about your services,FEEDBACK,review
BLZ,I want help to cancle purchase {{Order Number}},ORDER,cancel_order
BCLZ,"I want to speak with customedr assistance, help me",CONTACT,contact_customer_service
BCEILMV,"I have paid {{Currency Symbol}}{{Refund Amount}} for this item, how to get my money back?",REFUND,get_refund
BL,I have got to check in which cases can I ask for refunds,REFUND,check_refund_policy
BLM,help seeing what delivery options you offer,DELIVERY,delivery_options
BL,help to see in which cases can I request a reimbursement,REFUND,check_refund_policy
BELMQ,i do not know how to demand refunds,REFUND,get_refund
BLP,I would like to cancel purchase {{Order Number}},ORDER,cancel_order
BLMW,give a quick look at the damn invoices from {{Person Name}},INVOICE,check_invoice
BLQ,want assistance receiving a refund of money,REFUND,get_refund
BK,status of order {{Order Number}},ORDER,track_order
BL,help to see at what time I can contact customer support,CONTACT,contact_customer_service
BIL,where can I see the early termination charge?,CANCEL,check_cancellation_fee
BL,I have got to see in which cases can I ask for refunds,REFUND,check_refund_policy
BLMQ,wanna inform of issues with payment,PAYMENT,payment_issue
BCL,"I have to set my new delivery address up, I need assistance",SHIPPING,set_up_shipping_address
BILQ,how to add an article to order {{Order Number}},ORDER,change_order
BLZ,help me enter an new shipping address,SHIPPING,set_up_shipping_address
BCLM,"I paid {{Currency Symbol}}{{Refund Amount}} for an article, I need help to get a refund",REFUND,get_refund
BLZ,I ned information about the termination of a gold account,ACCOUNT,delete_account
BILM,where can I order some articles?,ORDER,place_order
BILW,what do I need to do to delete a goddamn gold account?,ACCOUNT,delete_account
BLM,I have got to earn a few of your product,ORDER,place_order
BL,I have to call customer service,CONTACT,contact_customer_service
BILW,how do I download the goddamn invoice from {{Person Name}}?,INVOICE,get_invoice
BCIL,"I have got to receive your company newsletter, how to do it?",SUBSCRIPTION,newsletter_subscription
BKZ,using {{Account Type}} accouny,ACCOUNT,switch_account
BELZ,I do not know how to contact cutomer support,CONTACT,contact_customer_service
BLQ,help seeing in what cases can i request refunds,REFUND,check_refund_policy
BL,I try to check in what cases can I request to be reimbursed,REFUND,check_refund_policy
BLMQ,i need assistance solving an error with payments,PAYMENT,payment_issue
BIMQ,how to add some items to order {{Order Number}},ORDER,change_order
BILM,can you help me notifying of errors with online payment?,PAYMENT,payment_issue
BLQ,want assistance to check the cancellation charge,CANCEL,check_cancellation_fee
BCIL,"I have to receive your newsletter, how do I do it?",SUBSCRIPTION,newsletter_subscription
BCIL,"my new delivery address isn't valid, what should I do?",SHIPPING,set_up_shipping_address
BLZ,Iexpect a restitution of {{Refund Amount}} dollars,REFUND,track_refund
BIL,what do I have to do to delete a {{Account Type}} account?,ACCOUNT,delete_account
BLMQ,i want assistance notifying of sign-up errors,ACCOUNT,registration_problems
BLMQZ,i try to reoprt issues with sign-up,ACCOUNT,registration_problems
BILQZ,can ushow me the accepted payment metyods,PAYMENT,check_payment_methods
BL,I need help with cancelling purchase {{Order Number}},ORDER,cancel_order
BL,I want help seeing in what cases can I ask to be refunded,REFUND,check_refund_policy
BQ,"i dont know what i have to do to get the invoice #00108",INVOICE,get_invoice
BL,I have got to submit the new delivery address,SHIPPING,set_up_shipping_address
BQ,need assistance to create a premium account,ACCOUNT,create_account
BK,change order {{Order Number}},ORDER,change_order
BLQ,I'm trying to report a problem with online payment,PAYMENT,payment_issue
BKL,another {{Account Category}} account,ACCOUNT,create_account
BL,I need help to make a claim,FEEDBACK,complaint
BKLZ,new standard acount for wife,ACCOUNT,create_account
BLQ,wanna see how long it usually takes for the order to arrive,DELIVERY,delivery_period
BL,help me informing of a payment problem,PAYMENT,payment_issue
BLMQZ,want help deleting several articles from  purchase {{Order Number}},ORDER,change_order
BEQ,i do not know how i can cancel order {{Order Number}},ORDER,cancel_order
BILPZ,will you tell me what hours I can call customer service ?,CONTACT,contact_customer_service
BCILMQ,wanna check what shipping methods uoffer can uhelp me,DELIVERY,delivery_options
BLM,problems with {{Account Category}} account terminations,ACCOUNT,delete_account
BEL,I do not know what I have to do to see the termination fee,CANCEL,check_cancellation_fee
BLZ,I want assistance to check how soon can Iexpect my purchase,DELIVERY,delivery_period
BIL,how do I cancel my corporate newsletter subscription?,SUBSCRIPTION,newsletter_subscription
BL,I demand a reimbursement of money,REFUND,get_refund
BLQ,i have got to see what hours i can call customer support,CONTACT,contact_customer_service
BILQ,can uhelp me change the data on my profile,ACCOUNT,edit_account
BL,I need help notifying of a problem with online payment,PAYMENT,payment_issue
BIL,where do I list your accepted payment options?,PAYMENT,check_payment_methods
BLQ,help me sign up to ur company newsletter,SUBSCRIPTION,newsletter_subscription
BCL,"I lost my account PIN code, assistance to reset it",ACCOUNT,recover_password
BCLW,"I expect a goddamn compensation of {{Currency Symbol}}{{Refund Amount}}, was it processed",REFUND,track_refund
BELZ,I do not know how to close the {{Account Category}} azccount,ACCOUNT,delete_account
BIL,where can I lodge a customer claim against your business?,FEEDBACK,complaint
BL,problem with a pro account removal,ACCOUNT,delete_account
BLM,I need to notify of troubles with online payment,PAYMENT,payment_issue
BIL,how can I inform of an error with a signup?,ACCOUNT,registration_problems
BL,contact a live agent,CONTACT,contact_human_agent
BLZ,"I want  assistance downloading the invoice #00108",INVOICE,get_invoice
BILMZ,whre do I inform of problems with sign-up?,ACCOUNT,registration_problems
BLQ,need help requesting a compensation of money,REFUND,get_refund
BILM,can I check what shipping methods I have?,DELIVERY,delivery_options
BKL,open platinum account for wife,ACCOUNT,create_account
BLQ,want help submitting a different delivery address,SHIPPING,set_up_shipping_address
BL,I want assistance to open a premium account,ACCOUNT,create_account
BCL,"I have to check how long the shipment takes, I need help",DELIVERY,delivery_period
BLMQ,wanna shop a few of ur article,ORDER,place_order
BL,"help me to download the invoice #37777",INVOICE,get_invoice
BCEL,"you are not helpful at all, help me speak to a human agent",CONTACT,contact_human_agent
BILP,could you help me to see how long reimbursements take?,REFUND,check_refund_policy
BLZ,I need assistanc chatting with a live agent,CONTACT,contact_human_agent
BLMZ,I want help to check the termnation fees,CANCEL,check_cancellation_fee
BL,I need assistance to change to the gold account,ACCOUNT,switch_account
BCLMQ,i have to acquire some items i need assistance,ORDER,place_order
BL,I want help to set my shipping address up,SHIPPING,set_up_shipping_address
BL,I need assistance ordering an item,ORDER,place_order
BCIL,"I want to use the {{Account Type}} profile, how to do it?",ACCOUNT,switch_account
BL,I don't know how to change to the pro account,ACCOUNT,switch_account
BLM,I don't know how I can shop several articles,ORDER,place_order
BIL,how do I use the {{Account Type}} profile?,ACCOUNT,switch_account
BILQ,can i check the status of purchase {{Order Number}},ORDER,track_order
BIL,what do I have to do to retrieve my key?,ACCOUNT,recover_password
BLQ,i dont know how to see ur available payment modalities,PAYMENT,check_payment_methods
BCELM,"I cannot pay, help me to inform of a problem with payments",PAYMENT,payment_issue
BLM,troubles entering my secondary delivery address,SHIPPING,set_up_shipping_address
BLQZ,i need help recfeiving ur company newsletter,SUBSCRIPTION,newsletter_subscription
BLQZ,want assistance to file a  complaint against ur company,FEEDBACK,complaint
BILZ,how to speak to customer support ?,CONTACT,contact_customer_service
BLQ,need to use the {{Account Type}} profile,ACCOUNT,switch_account
BL,I want assistance entering my new shipping address,SHIPPING,set_up_shipping_address
B,I want help to set a different shipping address up,SHIPPING,set_up_shipping_address
BKM,getting invoice from five months ago,INVOICE,get_invoice
BELQ,i do not know what to do to modify the user data,ACCOUNT,edit_account
BILZ,how to check whatg hours I can reach customer support?,CONTACT,contact_customer_service
BELQZ,i  cannot enter a shipping address,SHIPPING,set_up_shipping_address
BLZ,I don't know how I can chek the early exit charge,CANCEL,check_cancellation_fee
BL,I need help submitting my secondary shipping address,SHIPPING,set_up_shipping_address
BISZ,is it plssible to order from {{Delivery Country}}?,DELIVERY,delivery_options
BLQZ,i need help to subvmit some feedback about ur products,FEEDBACK,review
BLMQ,need help obtaining restitutions of my money,REFUND,get_refund
BLZ,help me seeing how long it takes for the delivery to rarive,DELIVERY,delivery_period
BL,I have to unsubscribe from the corporate newsletter,SUBSCRIPTION,newsletter_subscription
BLQ,I'm trying to see the eta of purchase {{Order Number}},ORDER,track_order
BLQ,wanna check in which cases can i ask for a refund,REFUND,check_refund_policy
BIQSZ,can i place an order frim {{Delivery Country}},DELIVERY,delivery_options
BLQZ,need help  retrieving my profile PIN,ACCOUNT,recover_password
BLZ,help deiting the address,SHIPPING,change_shipping_address
BL,I don't know how I can leave my feedback for your services,FEEDBACK,review
BELN,I cannot check my compensation current status,REFUND,track_refund
BL,I want support editing my address,SHIPPING,change_shipping_address
BMQ,wanna know more about creating {{Account Category}} accounts,ACCOUNT,create_account
BILQZ,can i see when my package is gonna arirve,DELIVERY,delivery_period
BIL,how do I use the {{Account Type}} profile?,ACCOUNT,switch_account
BL,I have to get a compensation of money,REFUND,get_refund
BL,help me cancelling the {{Account Type}} account,ACCOUNT,delete_account
BILQ,can i remove a {{Account Type}} account,ACCOUNT,delete_account
BL,assistance to enter a different delivery address,SHIPPING,set_up_shipping_address
BEL,I do not know what to do to edit the delivery address,SHIPPING,change_shipping_address
BLW,I want assistance notifying of a goddamn payment issue,PAYMENT,payment_issue
BKM,report issues creating account,ACCOUNT,registration_problems
BLMQ,want help to shop a few of ur article,ORDER,place_order
BLQ,wanna know more about a shipping address update,SHIPPING,change_shipping_address
BILMZ,how do I ddmand refunds of my money?,REFUND,get_refund
BELMQZ,i do not know what i need to do to order some fo ur article,ORDER,place_order
BL,assistance to talk with someone,CONTACT,contact_human_agent
BL,I don't know what I have to do to sign up to the newsletter,SUBSCRIPTION,newsletter_subscription
BILP,could you help me check the termination penalty?,CANCEL,check_cancellation_fee
BK,use {{Account Category}} account,ACCOUNT,switch_account
BLM,I want assistance to inform of errors with registrations,ACCOUNT,registration_problems
BCIP,"I need to edit my user, how could I do it?",ACCOUNT,edit_account
B,"I don't know what I have to do to check my invoice #00108",INVOICE,check_invoice
BE,I cannot change the shipping address,SHIPPING,change_shipping_address
BLMQ,need assistance informing of problems with online payment,PAYMENT,payment_issue
BKL,leave comment about a service,FEEDBACK,review
BLQW,need help seeing what damn payment options are accepted,PAYMENT,check_payment_methods
BL,I need to see how soon can I expect my shipment,DELIVERY,delivery_period
BKLQ,editing info on {{Account Type}} account,ACCOUNT,edit_account
BLM,help informing of a problem with online payments,PAYMENT,payment_issue
BL,I want help setting up the delivery address,SHIPPING,set_up_shipping_address
BILQ,can ya help me notify of an issue with payment,PAYMENT,payment_issue
BILP,could I list your available payment options?,PAYMENT,check_payment_methods
BL,assistance seeing how soon can I expect my item,DELIVERY,delivery_period
BL,help me to see your available payment modalities,PAYMENT,check_payment_methods
BILP,could you tell me about correcting my shipping address?,SHIPPING,change_shipping_address
BLQZ,i try to open a  standard account,ACCOUNT,create_account
BILM,where do I see what delivery methods are there?,DELIVERY,delivery_options
BLQ,help me to check ur allowed payment options,PAYMENT,check_payment_methods
BCL,"I want to modify the information on my user, help me",ACCOUNT,edit_account
BCEL,"I am not happy with your work, help lodging a customer claim",FEEDBACK,complaint
BLQ,need help leaving a comment about your services,FEEDBACK,review
BMQ,i dont know how i can get refunds,REFUND,get_refund
BLQZ,help me cancel my subscriptiopn to ur newsletter,SUBSCRIPTION,newsletter_subscription
BL,I try to edit the address,SHIPPING,change_shipping_address
BCL,"I have to edit the address, I need assistance",SHIPPING,change_shipping_address
BELQ,i do not know what to do to delete the pro account,ACCOUNT,delete_account
BILZ,how can I see the status of purchae {{Order Number}}?,ORDER,track_order
BILPQ,how could i see the eta of the order {{Order Number}},ORDER,track_order
BILMZ,is it possible to report issues with sin-up?,ACCOUNT,registration_problems
BL,check what payment options are available,PAYMENT,check_payment_methods
BLZ,I want assistance trying to change the shipping addrses,SHIPPING,change_shipping_address
BLMQ,want assistance seeing what methods for delivery I have,DELIVERY,delivery_options
BKL,checking order {{Order Number}} current status,ORDER,track_order
BKL,modify data on premium account,ACCOUNT,edit_account
BIL,what do I have to do to chat with somebody?,CONTACT,contact_human_agent
BLNQ,i cant see the current status of purchase {{Order Number}},ORDER,track_order
BCL,"I don't use my gold account, I want assistance removing it",ACCOUNT,delete_account
BKLZ,editing pro  account,ACCOUNT,edit_account
BIL,can you help me to correct my address?,SHIPPING,change_shipping_address
BCL,"my experience with your brand was bad, lodge a reclamation",FEEDBACK,complaint
BLQ,need help to check how soon can I expect my parcel,DELIVERY,delivery_period
BKL,edit data on gold account,ACCOUNT,edit_account
BCEIL,"you are not helpful at all, can you direct to me a person?",CONTACT,contact_human_agent
BLMQ,wanna earn some of ur article,ORDER,place_order
BI,how long do refunds take?,REFUND,check_refund_policy
BLMQZ,i need assistance asdking for compensations,REFUND,get_refund
BELQ,"i do not know how to download the bill #37777",INVOICE,get_invoice
BILMQZ,wqhere can i order some of ur article,ORDER,place_order
BILW,where do I list the damn accepted payment modalities?,PAYMENT,check_payment_methods
BELQ,i do not know what to do to set up my new shipping address,SHIPPING,set_up_shipping_address
BIL,do you have a way to leave a review about your company?,FEEDBACK,review
BCLZ,"I have tounsubscribe from the newsletter, help me",SUBSCRIPTION,newsletter_subscription
BLM,I want assistance buying some of your product,ORDER,place_order
BLM,assistance looking for my invoices from {{Person Name}},INVOICE,check_invoice
BLQ,i need assistance to open a pro account for my dad,ACCOUNT,create_account
BILQ,where can i check how soon can i expect my item,DELIVERY,delivery_period
BELQ,i do not know how i can talk to a human agent,CONTACT,contact_human_agent
BILP,where could I see when my delivery is going to arrive?,DELIVERY,delivery_period
BILMP,would it be possible to see what shipping methods are there?,DELIVERY,delivery_options
BL,I am waiting for a restitution of {{Currency Symbol}}{{Refund Amount}},REFUND,track_refund
BLM,I need assistance obtaining rebates of money,REFUND,get_refund
BILMQZ,where can i eanr a few of ur item,ORDER,place_order
BL,help me to close the platinum account,ACCOUNT,delete_account
BL,there is an error trying to update the address,SHIPPING,change_shipping_address
BIL,can you help me to lodge a claim against your business?,FEEDBACK,complaint
BLQ,i dont know what i need to do to open a {{Account Type}} account,ACCOUNT,create_account
BL,I need assistance listing the allowed payment modalities,PAYMENT,check_payment_methods
BLM,I want help to receive refunds of money,REFUND,get_refund
BL,I have to create a premium account for my fiance,ACCOUNT,create_account
BL,know if there is anything new on my restitution,REFUND,track_refund
BL,I have got to set up a secondary shipping address,SHIPPING,set_up_shipping_address
BKL,editing freemium account,ACCOUNT,edit_account
BLW,I don't know how to see the bloody withdrawal penalty,CANCEL,check_cancellation_fee
BL,I don't know what I need to do to cancel the {{Account Type}} account,ACCOUNT,delete_account
BLQWZ,i need assistance tospeak with fucking customer support,CONTACT,contact_customer_service
BIL,how do I list the allowed payment methods?,PAYMENT,check_payment_methods
BKL,cancelling pro account,ACCOUNT,delete_account
BELMN,I cannot inform of sign-up issues,ACCOUNT,registration_problems
BL,assistance to send some feedback for your company,FEEDBACK,review
BILM,can you help me to order several articles?,ORDER,place_order
BILZ,where to lodge a reclamation against your business ?,FEEDBACK,complaint
BIQS,do ya deliver to {{Delivery City}},DELIVERY,delivery_options
BCLNQZ,i dont have a {{Account Category}} account eyt i need to sign up,ACCOUNT,create_account
BL,help me to see at what time I can reach customer assistance,CONTACT,contact_customer_service
BILQZ,were can i see the allowed payment modalities,PAYMENT,check_payment_methods
BL,I need to reset the PIN code of my account,ACCOUNT,recover_password
BLM,I have problems with the options for shipment,DELIVERY,delivery_options
BKL,changing information on {{Account Type}} account,ACCOUNT,edit_account
BK,leaving review for your services,FEEDBACK,review
BEL,I do not know how to obtain a restitution of my money,REFUND,get_refund
BL,there is a problem correcting the delivery address,SHIPPING,change_shipping_address
BEL,I am experiencing a problem with the sign-up,ACCOUNT,registration_problems
BLQ,need to speak with somebody,CONTACT,contact_human_agent
BLMQW,i need help to receive fucking compensations,REFUND,get_refund
BCL,"I can't make a payment, inform of an error with payment",PAYMENT,payment_issue
BCIL,"I need to see the termination penalty, how can I do it?",CANCEL,check_cancellation_fee
BISZ,cn I place an order from {{Delivery City}}?,DELIVERY,delivery_options
BLSZ,hsipping to {{Delivery Country}},DELIVERY,delivery_options
BILZ,inwhat situations can I ask to be reimbursed?,REFUND,check_refund_policy
BL,there is an error trying to update my address,SHIPPING,change_shipping_address
BL,assistance using the gold profile,ACCOUNT,switch_account
BILM,what are the fees for breaking the contract?,CANCEL,check_cancellation_fee
BIL,is it possible to notify of a registration problem?,ACCOUNT,registration_problems
BCELQ,"i cannot find bill #37777 mail it to me",INVOICE,get_invoice
BLM,I need to see the early exit penalties,CANCEL,check_cancellation_fee
BL,I want help to set my new delivery address up,SHIPPING,set_up_shipping_address
BLZ,chwck under which circumstances can I request reimbursements,REFUND,check_refund_policy
BLQ,i have got to check ur accepted payment modalities,PAYMENT,check_payment_methods
BLZ,open a {{Account Type}} acocunt,ACCOUNT,create_account
BL,I don't know how to list the payment options,PAYMENT,check_payment_methods
BL,I want to know about subscribing to your newsletter,SUBSCRIPTION,newsletter_subscription
BL,assistance to see the ETA of order {{Order Number}},ORDER,track_order
BKL,"get bill #37777",INVOICE,get_invoice
BK,use pro account,ACCOUNT,switch_account
BL,find my bill from {{Person Name}},INVOICE,check_invoice
BLZ,open a premium acocunt,ACCOUNT,create_account
BLZ,problem submktting another delivery address,SHIPPING,set_up_shipping_address
BL,changing data on {{Account Type}} account,ACCOUNT,edit_account
BL,"I want to look for the invoice #12588",INVOICE,check_invoice
BLM,I have problems setting a secondary shipping address up,SHIPPING,set_up_shipping_address
BKLM,notify of trouble with online payments,PAYMENT,payment_issue
BL,I want assistance trying to correct my address,SHIPPING,change_shipping_address
BCQ,i have to create a {{Account Type}} account i need help,ACCOUNT,create_account
BLM,supports editing the delivery address,SHIPPING,change_shipping_address
BLW,I can't enter another bloody delivery address,SHIPPING,set_up_shipping_address
BIQSZ,do ya deoiver to {{Delivery City}},DELIVERY,delivery_options
BILM,how do I inform of a problem with online payments?,PAYMENT,payment_issue
B,transfer to me an agent,CONTACT,contact_human_agent
BIL,can you help me editing my address?,SHIPPING,change_shipping_address
BL,help me check in what situations can I ask to be reimbursed,REFUND,check_refund_policy
BIL,can I see under which circumstances can I ask for a refund?,REFUND,check_refund_policy
BLM,I have problems submitting the delivery address,SHIPPING,set_up_shipping_address
BL,assistance requesting a compensation of money,REFUND,get_refund
BILM,how can I download the invoices from {{Person Name}}?,INVOICE,get_invoice
BCLQV,i have lost my profile pwd help me to recover it,ACCOUNT,recover_password
BLQZ,"i dont know  what i have to do to download the bill #37777",INVOICE,get_invoice
BL,I need assistance to check order {{Order Number}} current status,ORDER,track_order
BL,I have to see in what situations can I ask for a refund,REFUND,check_refund_policy
BKLM,troubles modifying address,SHIPPING,change_shipping_address
BL,help me editing the shipping address,SHIPPING,change_shipping_address
BLQ,i cant modify my delivery address,SHIPPING,change_shipping_address
BK,creating {{Account Category}} account,ACCOUNT,create_account
BILQ,where can i cancel my subscription to the newsletter,SUBSCRIPTION,newsletter_subscription
BLQ,need assistance trying to change the address,SHIPPING,change_shipping_address
BLQ,need help leaving an opinion for a product,FEEDBACK,review
BL,I need help to see what payment options you accept,PAYMENT,check_payment_methods
BLQ,i dont know how i can see the eta of the order {{Order Number}},ORDER,track_order
BL,find information about the deletion of my freemium account,ACCOUNT,delete_account
BIQSZ,is it possible to ordet from {{Delivery Country}},DELIVERY,delivery_options
BILM,where can I order some items?,ORDER,place_order
BL,I don't know how to demand a restitution of my money,REFUND,get_refund
BLM,I need help notifying of registration errors,ACCOUNT,registration_problems
BLN,I can't check if there is anything wrong with my rebate,REFUND,track_refund
BI,how can I change my shipping address?,SHIPPING,change_shipping_address
BI,"is it possible to take a quick look at the invoice #85632?",INVOICE,check_invoice
BCIL,"I have to order something, can I get some help?",ORDER,place_order
BL,transferring to operator,CONTACT,contact_human_agent
BCL,"I have got to see how long the shipment takes, I need help",DELIVERY,delivery_period
BILQ,how do i submit my feedback for ur products,FEEDBACK,review
BILQ,is it possible to submit feedback for ur services,FEEDBACK,review
BLM,I don't know how I can ask for restitutions of my money,REFUND,get_refund
BILZ,how to update my  shipping address?,SHIPPING,change_shipping_address
BLMZ,problems with the deletion of my {{Account Type}} accoun,ACCOUNT,delete_account
BKLM,seeing bills from {{Person Name}},INVOICE,check_invoice
BIQS,can i place an order from {{Delivery Country}},DELIVERY,delivery_options
BILMW,where can I report issues with goddamn sign-up?,ACCOUNT,registration_problems
BILP,would it be possible to speak with customer support?,CONTACT,contact_customer_service
BKZ,use freemium acdcount,ACCOUNT,switch_account
BLQ,i try to see how long it takes for the purchase to arrive,DELIVERY,delivery_period
BLMW,there are troubles trying to correct my damn address,SHIPPING,change_shipping_address
BIL,how do I see what hours I can contact customer support?,CONTACT,contact_customer_service
BCLW,"I don't understand you, help talking to a goddamn person",CONTACT,contact_human_agent
BLMQ,have problems with a shipping address update,SHIPPING,change_shipping_address
BL,I want help checking purchase {{Order Number}} current status,ORDER,track_order
BL,help me to inform of an issue with online payment,PAYMENT,payment_issue
BLZ,I awnt information about updating my shipping address,SHIPPING,change_shipping_address
BL,I don't know how to restore the PIN of my profile,ACCOUNT,recover_password
BLQ,want assistance to lodge a complaint against your business,FEEDBACK,complaint
BLZ,Ihave to receive the newsletter,SUBSCRIPTION,newsletter_subscription
BLMW,help purchasing some bloody articles,ORDER,place_order
BILP,could you help me solve an error with online payment?,PAYMENT,payment_issue
BLQ,i need help to update my account,ACCOUNT,edit_account
BILZ,hjow to use the gold profile?,ACCOUNT,switch_account
BKL,delete pro account,ACCOUNT,delete_account
BCL,"I have to list your payment options, I need assistance",PAYMENT,check_payment_methods
BKLM,modifying details on platinum account,ACCOUNT,edit_account
BLQ,i have got to restore my user pwd,ACCOUNT,recover_password
BL,I try to check what hours I can contact customer support,CONTACT,contact_customer_service
BIL,can you help me see the ETA of the order {{Order Number}}?,ORDER,track_order
BK,issue creating account,ACCOUNT,registration_problems
BLQW,i need help to download the damn bill from {{Person Name}},INVOICE,get_invoice
BL,I need to see in which cases can I ask for reimbursements,REFUND,check_refund_policy
BL,help me informing of a problem with signup,ACCOUNT,registration_problems
BEL,I am looking for information about an address modification,SHIPPING,change_shipping_address
BL,help making a customer reclamation against your organization,FEEDBACK,complaint
BL,help me seeing your money back guarantee,REFUND,check_refund_policy
BL,I have an issue editing the address,SHIPPING,change_shipping_address
BL,help me seeing purchase {{Order Number}} status,ORDER,track_order
BIL,how can I check the shipping methods?,DELIVERY,delivery_options
BIL,can you help me to send some feedback for a product?,FEEDBACK,review
BLPQ,i dont know how i could check purchase {{Order Number}} status,ORDER,track_order
BELM,I do not know how to shop a few of your item,ORDER,place_order
BLQ,want assistance to write an opinion,FEEDBACK,review
BILQZ,where can i check themethods for shipment,DELIVERY,delivery_options
BL,help me to give a quick look at my invoice from {{Person Name}},INVOICE,check_invoice
BILQ,what do i have to do to remove the {{Account Type}} account,ACCOUNT,delete_account
BL,I want assistance to notify of an error with a registration,ACCOUNT,registration_problems
BILQ,are the charges of ur services reimbursable,REFUND,check_refund_policy
BLQ,i have a problem changing my delivery address,SHIPPING,change_shipping_address
BLQZ,need help lodging a cutomer claim against your organization,FEEDBACK,complaint
BLQ,want assistance to speak to a live agent,CONTACT,contact_human_agent
BL,I can't correct the shipping address,SHIPPING,change_shipping_address
BLM,I want assistance to get my invoices from {{Person Name}},INVOICE,get_invoice
BLMPQZ,I'd like tro check the withdrawal fees,CANCEL,check_cancellation_fee
BKL,show withdrawal penalty,CANCEL,check_cancellation_fee
BIL,how do I make a reclamation?,FEEDBACK,complaint
BLQZ,want help trying to edit my addres,SHIPPING,change_shipping_address
BL,there is a problem updating my shipping address,SHIPPING,change_shipping_address
BILMZ,how do I download the invoive from 6 last weeks?,INVOICE,get_invoice
BILP,could you tell me about changing my delivery address?,SHIPPING,change_shipping_address
BEL,I am experiencing a problem with the signup,ACCOUNT,registration_problems
BL,I want help purchasing an item,ORDER,place_order
BKL,deleting freemium account,ACCOUNT,delete_account
BKL,update information on freemium account,ACCOUNT,edit_account
BLW,I want assistance to download the damn bill from {{Person Name}},INVOICE,get_invoice
BILQ,where to file a customer reclamation against ur company,FEEDBACK,complaint
B,I don't know how to contact an agent,CONTACT,contact_human_agent
BIL,can you tell me about editing the shipping address?,SHIPPING,change_shipping_address
BIL,where do I inform of an issue with a signup?,ACCOUNT,registration_problems
BLQ,i need help trying to edit my shipping address,SHIPPING,change_shipping_address
BL,I am trying to see your allowed payment methods,PAYMENT,check_payment_methods
BLQ,i have a trouble trying to correct my address,SHIPPING,change_shipping_address
BQ,need help to check the ETA of the order {{Order Number}},ORDER,track_order
BIL,how to check if there is anything wrong with my rebate?,REFUND,track_refund
BLM,I try to see if there are any news on my reimbursement,REFUND,track_refund
BQ,i have to check the status of order {{Order Number}},ORDER,track_order
BLQ,need to check what hours i can call customer service,CONTACT,contact_customer_service
BL,help to notify of an error with signup,ACCOUNT,registration_problems
BIL,can you help me to make a claim against your business?,FEEDBACK,complaint
BCILPQZ,need to write a comment about ur serfices how could i do it,FEEDBACK,review
BL,I need assistance to notify of a payment error,PAYMENT,payment_issue
BL,modifying data on {{Account Category}} account,ACCOUNT,edit_account
BL,I want assistance obtaining a reimbursement of my money,REFUND,get_refund
BL,I want help to see when will my package arrive,DELIVERY,delivery_period
BILQZ,can udirect ot me somebody,CONTACT,contact_human_agent
BL,"I don't know what I have to do to download bill #00108",INVOICE,get_invoice
BKL,correct data on {{Account Type}} account,ACCOUNT,edit_account
BLQZ,I'm waiting for a rebateof {{Currency Symbol}}{{Refund Amount}},REFUND,track_refund
BILQZ,can ya help me to  get the bill from {{Person Name}},INVOICE,get_invoice
BLM,I don't know how I can inform of problems with sign-up,ACCOUNT,registration_problems
BLM,help me to notify of issues with payment,PAYMENT,payment_issue
BL,show me at what time I can reach customer assistance,CONTACT,contact_customer_service
BLQ,want assistance to send feedback for a product,FEEDBACK,review
BL,I am trying to see how long refunds usually take,REFUND,check_refund_policy
BILMQ,where to request refunds,REFUND,get_refund
BEZ,I do not know what I need to do to make na order,ORDER,place_order
BLM,help to acquire some products,ORDER,place_order
BIZ,what do I have to do to check your rfund policy?,REFUND,check_refund_policy
BLMZ,help me to check if there are nay news on the refund,REFUND,track_refund
BCILPQ,"i cant find the bill #00108 will umail it to me",INVOICE,get_invoice
BKL,update data on standard account,ACCOUNT,edit_account
BLQZ,needs help to see at what time customer support available is,CONTACT,contact_customer_service
BCLW,"I need to unsubscribe from the fucking newsletter, help me",SUBSCRIPTION,newsletter_subscription
BLM,problems with a shipping address update,SHIPPING,change_shipping_address
BILZ,what do I need to do to unsubscribe to your newsleyter?,SUBSCRIPTION,newsletter_subscription
BLQZ,"i dont know what i need to do to find ibll #12588",INVOICE,check_invoice
BKL,cancelling premium account,ACCOUNT,delete_account
BL,I don't know what to do to make a reclamation,FEEDBACK,complaint
BILZ,where to subscribe to the newsletter ?,SUBSCRIPTION,newsletter_subscription
BLM,I want help to check the early termination charges,CANCEL,check_cancellation_fee
BELMQ,i do not know what to do to purchase several of ur product,ORDER,place_order
BCILMP,"I want to order several articles, could you help me?",ORDER,place_order
BEL,I do not know how I can remove the standard account,ACCOUNT,delete_account
BILQ,what do i have to do to use the {{Account Type}} profile,ACCOUNT,switch_account
BILQ,can uhelp me leaving a comment about ur services,FEEDBACK,review
BLQ,i need help speaking with a person,CONTACT,contact_human_agent
BLQW,i want assistance to restore my goddamn account pin,ACCOUNT,recover_password
BLQZ,want assistance to check in what casew can I request refunds,REFUND,check_refund_policy
BILMQ,what do i need to do to get my bills from {{Person Name}},INVOICE,get_invoice
BI,"can you help me take a quick look at the invoice #85632?",INVOICE,check_invoice
BL,I don't know how to shop an article,ORDER,place_order
BM,I don't know how to get refunds,REFUND,get_refund
BL,support editing my address,SHIPPING,change_shipping_address
BL,assistance checking the withdrawal penalty,CANCEL,check_cancellation_fee
BI,can you show me the status of order {{Order Number}}?,ORDER,track_order
BL,assistance speaking to someone,CONTACT,contact_human_agent
BEQ,i do not know what to do to switch to the {{Account Category}} account,ACCOUNT,switch_account
BLM,I try to notify of an error with online payments,PAYMENT,payment_issue
BCIL,"I have to write an opinion, can I get some help?",FEEDBACK,review
BLSZ,shiping to {{Delivery City}},DELIVERY,delivery_options
BL,I need support trying to update my shipping address,SHIPPING,change_shipping_address
BL,I don't know how I can see your money back guarantee,REFUND,check_refund_policy
BLQW,want help to correct the damn info included on my profile,ACCOUNT,edit_account
BLQZ,I don't know how I can reset my accont pwd,ACCOUNT,recover_password
BK,check ETA of order {{Order Number}},ORDER,track_order
BLQ,need help receiving the company newsletter,SUBSCRIPTION,newsletter_subscription
BLMZ,I don't know what I need to do to order several itmes,ORDER,place_order
BK,buying item,ORDER,place_order
BLQWZ,need help calling damn customer assistanec,CONTACT,contact_customer_service
BL,help me seeing how long refunds take,REFUND,check_refund_policy
BLQ,I'm trying to check the status of my compensation,REFUND,track_refund
BL,I want support trying to modify the address,SHIPPING,change_shipping_address
BLQ,i dont know what i need to do to change to the {{Account Type}} account,ACCOUNT,switch_account
BILMQ,where do i report problems with online payment,PAYMENT,payment_issue
BLW,I try to see in what cases can I ask for my damn money back,REFUND,check_refund_policy
BLQZ,i want help to write a opinion for ur products,FEEDBACK,review
BIL,how do I subscribe to your newsletter?,SUBSCRIPTION,newsletter_subscription
BL,I need assistance to modify my address,SHIPPING,change_shipping_address
BL,I try to subscribe to the newsletter,SUBSCRIPTION,newsletter_subscription
BZ,I am waiting for a refnd of {{Refund Amount}} dollars,REFUND,track_refund
BILP,could you help me see my compensation current status?,REFUND,track_refund
BLQ,want help to track the reimbursement,REFUND,track_refund
BIL,how to check how soon can I expect my shipment?,DELIVERY,delivery_period
BL,I can't receive the corporate newsletter,SUBSCRIPTION,newsletter_subscription
BCIL,"I have got to lodge a complaint, can I get some help?",FEEDBACK,complaint
BLM,problem with {{Account Type}} account cancellations,ACCOUNT,delete_account
BLMQ,i need assistance informing of problems with online payment,PAYMENT,payment_issue
BCLMPQ,I'd like to update the details on my account i need help,ACCOUNT,edit_account
BIQ,where do i switch to the gold account,ACCOUNT,switch_account
BLMW,help me seeing what goddamn shipping methods are there,DELIVERY,delivery_options
BLMQ,need to check if there are any updates on my compensation,REFUND,track_refund
BILZ,what do I have to do to set up the new shipping addeess?,SHIPPING,set_up_shipping_address
BIL,what do I need to do to set the delivery address up?,SHIPPING,set_up_shipping_address
BLQ,help to see in which cases can i ask for my money back,REFUND,check_refund_policy
BLW,I need to see the fucking bill from {{Person Name}},INVOICE,check_invoice
BL,I want assistance to update my delivery address,SHIPPING,change_shipping_address
BLM,I have to look for the bills from {{Person Name}},INVOICE,check_invoice
BLMZ,there are problems trying to correct ym shipping address,SHIPPING,change_shipping_address
BLZ,I exxpect a rebate of {{Currency Symbol}}{{Refund Amount}},REFUND,track_refund
BL,"see the invoice #12588",INVOICE,check_invoice
BELQZ,"i do not know what to do to look for thebill #00108",INVOICE,check_invoice
BILMQ,is it possible to see the early termination charges,CANCEL,check_cancellation_fee
BIL,how do I order an article?,ORDER,place_order
BIL,what do I need to do to receive the corporate newsletter?,SUBSCRIPTION,newsletter_subscription
BLQZ,wannadownload the invoice from {{Person Name}},INVOICE,get_invoice
BCL,"I have got to see the status of my rebate, I need assistance",REFUND,track_refund
BLMQ,i have issues trying to edit my delivery address,SHIPPING,change_shipping_address
BL,I have a problem with the deletion of my {{Account Category}} account,ACCOUNT,delete_account
BLZ,help me modify ym shipping address,SHIPPING,change_shipping_address
BIL,where can I check the current status of my rebate?,REFUND,track_refund
BLM,I want supports trying to update my delivery address,SHIPPING,change_shipping_address
BILQ,is it possible to see the eta of order {{Order Number}},ORDER,track_order
BILSZ,do you ship  to {{Delivery Country}}?,DELIVERY,delivery_options
BKL,change data on {{Account Type}} account,ACCOUNT,edit_account
BKL,change information on freemium account,ACCOUNT,edit_account
BL,I need help to report an issue with signup,ACCOUNT,registration_problems
BLM,give me information about opening {{Account Type}} accounts,ACCOUNT,create_account
BIL,can you help me to see when my product is going to arrive?,DELIVERY,delivery_period
BL,I have to set my new delivery address up,SHIPPING,set_up_shipping_address
BL,"I need help taking a quick look at my bill #37777",INVOICE,check_invoice
BCIL,"my experience with you was bad, how do I make a complaint?",FEEDBACK,complaint
BEL,I do not know how I can make a reclamation,FEEDBACK,complaint
BLMQ,i dont know how to check what methods for delivery are there,DELIVERY,delivery_options
BLQ,i want help trying to edit my delivery address,SHIPPING,change_shipping_address
BE,I do not know how to check order {{Order Number}} status,ORDER,track_order
BILMQZ,can i inform of rwgistration errors,ACCOUNT,registration_problems
BL,help me to see at what time I can contact customer service,CONTACT,contact_customer_service
BLQZ,i have a questioln about my standard account cancellation,ACCOUNT,delete_account
BILMQZ,can ya help mw to solve errors with payment,PAYMENT,payment_issue
BLM,issues setting the shipping address up,SHIPPING,set_up_shipping_address
BILM,where to order several products?,ORDER,place_order
BCLQ,"I want to modify the info on my user, I need assistance",ACCOUNT,edit_account
BILMQ,can uhelp me see if there are any news on my refund,REFUND,track_refund
BLQ,want help sending feedback about a service,FEEDBACK,review
BILZ,is there a section to submit fedback for your company?,FEEDBACK,review
BLMQ,need help to notify of problems with payment,PAYMENT,payment_issue
BLQ,i need help using the {{Account Type}} profile,ACCOUNT,switch_account
BLQ,i dont know how i can see the ETA of purchase {{Order Number}},ORDER,track_order
BL,there is an issue trying to change the address,SHIPPING,change_shipping_address
BEQ,"i do not know what i have to do to get invoice #12588",INVOICE,get_invoice
BILS,do you ship to {{Delivery City}}?,DELIVERY,delivery_options
BLMW,I want help to check what damn delivery methods I can choose,DELIVERY,delivery_options
BL,cancel the newsletter subscription,SUBSCRIPTION,newsletter_subscription
BILPQWZ,could uhlep me to change my goddamn address,SHIPPING,change_shipping_address
BLMQ,want help to change the user details,ACCOUNT,edit_account
BLZ,I try to submit a ne delivery address,SHIPPING,set_up_shipping_address
BL,I am trying to sign up to your newsletter,SUBSCRIPTION,newsletter_subscription
BLM,I have problems with my key recovery,ACCOUNT,recover_password
BLQ,want assistance checking the early termination penalty,CANCEL,check_cancellation_fee
BL,assistance checking your allowed payment modalities,PAYMENT,check_payment_methods
BLZ,help me reporting an issue wigh online payment,PAYMENT,payment_issue
BLM,I want supports trying to edit the delivery address,SHIPPING,change_shipping_address
BKLZ,correcting infornation on {{Account Type}} account,ACCOUNT,edit_account
BILM,can you help me to report a trouble with payments?,PAYMENT,payment_issue
BILM,can I check the bills from {{Person Name}}?,INVOICE,check_invoice
BELQZ,i do not kno what i need to do to remove a {{Account Type}} account,ACCOUNT,delete_account
BILM,is it possible to notify of sign-up errors?,ACCOUNT,registration_problems
BLZ,I have a problem with my PIN ertrieval,ACCOUNT,recover_password
BLW,help me get the goddamn bill from {{Person Name}},INVOICE,get_invoice
BL,I am trying to see in what situations can I request refunds,REFUND,check_refund_policy
BIL,can I see order {{Order Number}} status?,ORDER,track_order
BLQ,"want assistance to find the bill #85632",INVOICE,check_invoice
BL,"I want assistance to locate bill #00108",INVOICE,check_invoice
BL,I want to know more about correcting the delivery address,SHIPPING,change_shipping_address
BLQ,need assistance to see your accepted payment options,PAYMENT,check_payment_methods
BIL,how to check the shipping options?,DELIVERY,delivery_options
BL,I need to correct my address,SHIPPING,change_shipping_address
BIL,can you help me see how soon can I expect the order?,DELIVERY,delivery_period
BILQ,where to check how long it takes for my delivery to arrive,DELIVERY,delivery_period
BL,I want help cancelling my subscription to the newsletter,SUBSCRIPTION,newsletter_subscription
BILPQW,could uhelp me to close the goddamn {{Account Type}} account,ACCOUNT,delete_account
BCIL,"my delivery address changed, can you help me editing it?",SHIPPING,change_shipping_address
BEL,I am looking for information about correcting my address,SHIPPING,change_shipping_address
BLN,I can't report an error with a sign-up,ACCOUNT,registration_problems
BILP,could I recover my key?,ACCOUNT,recover_password
BLM,I have issues correcting the address,SHIPPING,change_shipping_address
BELM,I do not know how to report a problem with payments,PAYMENT,payment_issue
BK,use platinum account,ACCOUNT,switch_account
BCL,"I am unhappy with your service, I have to file a reclamation",FEEDBACK,complaint
BL,show me what payment options are accepted,PAYMENT,check_payment_methods
BL,help me see what payment methods are available,PAYMENT,check_payment_methods
BIL,where can I get information about opening a {{Account Type}} account?,ACCOUNT,create_account
BL,I need to lodge a claim against your organization,FEEDBACK,complaint
BIL,can I use the freemium profile?,ACCOUNT,switch_account
BQ,want help checking ur money back policy,REFUND,check_refund_policy
BILMQZ,can ya  help me notify of a trouble with online payments,PAYMENT,payment_issue
BL,assistance to talk to customer service,CONTACT,contact_customer_service
BLMQ,i need help locating my invoices from {{Person Name}},INVOICE,check_invoice
BIL,can you help me to speak with customer service?,CONTACT,contact_customer_service
BL,I am trying to check when my article is going to arrive,DELIVERY,delivery_period
BCIZ,"I need to check your refund policy , how to do it?",REFUND,check_refund_policy
BILMP,could you help me receiving compensations of my money?,REFUND,get_refund
BLQZ,i tfy to see how soon can i expect my shipment,DELIVERY,delivery_period
BILP,could you help me asking for a refund of my money?,REFUND,get_refund
BIL,can you help me to locate the bill from {{Person Name}}?,INVOICE,check_invoice
BCILW,"the damn shipping address has changed, can I correct it?",SHIPPING,change_shipping_address
BILZ,where to file a customer reclamation against your company ?,FEEDBACK,complaint
BCILMQ,i have to check the termination charges how to do it,CANCEL,check_cancellation_fee
BKM,check invoices,INVOICE,check_invoice
BILQ,uhave a method to submit an opinion for ur company,FEEDBACK,review
BELQ,i do not know what i need to do to modify the address,SHIPPING,change_shipping_address
BCZ,"I want to checj your money back policy, I need assistance",REFUND,check_refund_policy
BIL,how to see the current status of my compensation?,REFUND,track_refund
BILM,how do I see the withdrawal charges?,CANCEL,check_cancellation_fee
BEL,why I cannot set the new shipping address valid up,SHIPPING,set_up_shipping_address
BL,help me seeing in which situations can I request a refund,REFUND,check_refund_policy
BLQ,i want assistance to check what payment options are allowed,PAYMENT,check_payment_methods
BL,help me seeing what hours I can call customer service,CONTACT,contact_customer_service
BCL,"I want to get in touch with customer assistance, I need help",CONTACT,contact_customer_service
BIL,how to use the platinum profile?,ACCOUNT,switch_account
BLQ,i want assistance to change to the {{Account Category}} account,ACCOUNT,switch_account
BILM,can you help me to get the bills from {{Person Name}}?,INVOICE,get_invoice
BLMQ,i want help informing of troubles with online payment,PAYMENT,payment_issue
BL,"I don't know what I have to do to get the bill #12588",INVOICE,get_invoice
BL,I have to notify of a sign-up error,ACCOUNT,registration_problems
BLMQ,wanna inform of registration issues,ACCOUNT,registration_problems
BCIL,"I have put my old address by mistake, how can I update it?",SHIPPING,change_shipping_address
BKLM,modify details on gold account,ACCOUNT,edit_account
BCIL,"I have got to receive your newsletter, can you help me?",SUBSCRIPTION,newsletter_subscription
B,I don't know how I can submit some feedback,FEEDBACK,review
BLW,I try to delete a fucking standard account,ACCOUNT,delete_account
BLW,assistance leaving a bloody opinion about a product,FEEDBACK,review
BILM,how to notify of problems with sign-up?,ACCOUNT,registration_problems
BILZ,how soon can I expect my parcel ?,DELIVERY,delivery_period
BLW,help to leave my goddamn feedback for your company,FEEDBACK,review
BL,I need assistance to check order {{Order Number}} current status,ORDER,track_order
BIL,where do I enter my secondary delivery address?,SHIPPING,set_up_shipping_address
BKL,update data on pro account,ACCOUNT,edit_account
BILMZ,how to ge compensations of my money?,REFUND,get_refund
BILQZ,how can i use the {{Account Category}} proile,ACCOUNT,switch_account
BIL,can you help me to see the current status of my refund?,REFUND,track_refund
BKLM,getting bills from {{Person Name}},INVOICE,get_invoice
BM,issues setting up another shipping address,SHIPPING,set_up_shipping_address
BIL,is it possible to delete my standard account?,ACCOUNT,delete_account
BL,I don't know how I can file a consumer claim,FEEDBACK,complaint
BKLM,editing details on {{Account Category}} account,ACCOUNT,edit_account
BLMZ,I don'tt know what I need to do to see the early exit fees,CANCEL,check_cancellation_fee
BL,help to use the platinum profile,ACCOUNT,switch_account
BLZ,I want assistance talking with an person,CONTACT,contact_human_agent
BL,I want to check in which situations can I ask to be refunded,REFUND,check_refund_policy
BILZ,were to sign up to the newsletter?,SUBSCRIPTION,newsletter_subscription
BILQZ,"what do i have to do to locate my biull #85632",INVOICE,check_invoice
BILZ,can you help me leave an opinion foor a product?,FEEDBACK,review
BL,I need help to check your allowed payment options,PAYMENT,check_payment_methods
BCELNQZ,i do nothave a {{Account Type}} account help signing up,ACCOUNT,create_account
BIQS,is it possible to place an order from {{Delivery Country}},DELIVERY,delivery_options
BKLM,rebate {{Currency Symbol}}{{Refund Amount}},REFUND,get_refund
BIL,"what do I need to do to find my bill #37777?",INVOICE,check_invoice
BILMW,can you help me receive goddamn compensations of money?,REFUND,get_refund
BILW,what do I need to do to check the fucking shipment methods?,DELIVERY,delivery_options
BLQ,want help seeing the withdrawal charge,CANCEL,check_cancellation_fee
BKLM,reimbursing {{Currency Symbol}}{{Refund Amount}},REFUND,get_refund
BILM,what do I have to do to acquire several products?,ORDER,place_order
BKL,delete gold account,ACCOUNT,delete_account
BLQ,"i dont know what to do to locate invoice #85632",INVOICE,check_invoice
BIL,can I change to the {{Account Category}} account?,ACCOUNT,switch_account
BKL,modify data on {{Account Type}} account,ACCOUNT,edit_account
BLQ,need help reporting a problem with registrations,ACCOUNT,registration_problems
BLQ,"need to look for invoice #37777",INVOICE,check_invoice
BKL,earning product,ORDER,place_order
BCILP,"I have to correct my address, will you help me?",SHIPPING,change_shipping_address
BCL,"I have got to subscribe to your newsletter, help me",SUBSCRIPTION,newsletter_subscription
BLQZ,i want assisyance to see how soon can i expect my product,DELIVERY,delivery_period
BEQ,"i do not know what i need to do to check invoice #12588",INVOICE,check_invoice
BL,I need help checking what payment methods are allowed,PAYMENT,check_payment_methods
BELP,I do not know how I could see order {{Order Number}} status,ORDER,track_order
BILM,where can I see what shipment options you offer?,DELIVERY,delivery_options
BL,I need to get a rebate,REFUND,get_refund
BLW,I have got to leave a fucking opinion about a product,FEEDBACK,review
BL,I need assistance editing my delivery address,SHIPPING,change_shipping_address
BLQ,wanna send my feedback for ur services,FEEDBACK,review
BLQ,need assistance looking for the invoice from {{Person Name}},INVOICE,check_invoice
BCL,"I need to earn an article, help me",ORDER,place_order
BILMPQ,could uhelp me to know if there are any news on my rebate,REFUND,track_refund
BLQW,i dont know what to do to chat with a fucking assistant,CONTACT,contact_human_agent
BLZ,I am waiting for a compensation of  {{Currency Symbol}}{{Refund Amount}},REFUND,track_refund
BL,I need to lodge a consumer complaint,FEEDBACK,complaint
BCELQ,i cannot understand ui want assistance to chat with an agent,CONTACT,contact_human_agent
BLQZ,want help to see how long it takes fo the article to arrive,DELIVERY,delivery_period
BL,I need help speaking to somebody,CONTACT,contact_human_agent
BLQ,need help to see how soon can I expect the delivery,DELIVERY,delivery_period
BLQZ,need help  seeing how long the shipment takes,DELIVERY,delivery_period
BILQ,what do i need to do to remove the {{Account Type}} account,ACCOUNT,delete_account
BILPW,would it be possible to file a damn customer reclamation?,FEEDBACK,complaint
BELQZ,I do not know how I can restore the apss of my user profile,ACCOUNT,recover_password
BELW,I do not know what to do to check the bloody withdrawal fee,CANCEL,check_cancellation_fee
BLM,I don't know what I have to do to order some items,ORDER,place_order
BILQ,what do i have to do to reset the pwd of my user account,ACCOUNT,recover_password
BLW,help to check the damn current status of the restitution,REFUND,track_refund
BCQ,wanna check ur refund policy i need help,REFUND,check_refund_policy
BCL,"I get an error when I try to make a payment, inform of it",PAYMENT,payment_issue
BLQZ,i cnt cancel my company newsletter subscription,SUBSCRIPTION,newsletter_subscription
BILM,how do I check if there are any updates on my rebate?,REFUND,track_refund
BLQ,need to notify of an issue with registrations,ACCOUNT,registration_problems
BILQ,how to see the allowed payment options,PAYMENT,check_payment_methods
BILM,what do I have to do to inform of payment errors?,PAYMENT,payment_issue
BKL,error correcting delivery address,SHIPPING,change_shipping_address
BKL,create new freemium account for daughter,ACCOUNT,create_account
BIL,can I check when will my product arrive?,DELIVERY,delivery_period
BCL,"I have got to report an issue with a signup, I need help",ACCOUNT,registration_problems
BL,I need help to inform of an error with a signup,ACCOUNT,registration_problems
BLMW,I have troubles modifying the fucking shipping address,SHIPPING,change_shipping_address
BLM,I have troubles editing the address,SHIPPING,change_shipping_address
BCL,"I have to sign up to your corporate newsletter, I need help",SUBSCRIPTION,newsletter_subscription
BIPQZ,could utell me more abouut creating a {{Account Type}} account,ACCOUNT,create_account
BLZ,assistance to check in what situations acn I request refunds,REFUND,check_refund_policy
BL,help me to see how long it takes for the article to arrive,DELIVERY,delivery_period
BILP,could you help me changing to the {{Account Type}} account?,ACCOUNT,switch_account
BLZ,help touse the {{Account Category}} profile,ACCOUNT,switch_account
BELN,I cannot check the current status of the rebate,REFUND,track_refund
BLQZ,need assistance leaving a commnet for your services,FEEDBACK,review
BL,I am trying to chat with someone,CONTACT,contact_human_agent
BLQZ,need help getting the bill from  {{Person Name}},INVOICE,get_invoice
BCIL,"I have got to set my shipping address up, how to do it?",SHIPPING,set_up_shipping_address
BIL,is it possible to check how soon can I expect the package?,DELIVERY,delivery_period
BL,I don't know how I can see when will my item arrive,DELIVERY,delivery_period
BELM,I do not know how I can notify of registration problems,ACCOUNT,registration_problems
BLQ,i need assistance cancelling my platinum account,ACCOUNT,delete_account
BL,I don't know what I have to do to contact a person,CONTACT,contact_human_agent
BILQ,where can i find information about the access key reset,ACCOUNT,recover_password
BEL,I do not know what I need to do to retrieve my PIN code,ACCOUNT,recover_password
BILQ,where to file a consumer complaint,FEEDBACK,complaint
BKL,reporting issue opening user profile,ACCOUNT,registration_problems
BCIL,"I need to see when will my package arrive, how can I do it?",DELIVERY,delivery_period
BLQ,need help to report a problem with signup,ACCOUNT,registration_problems
BKLMZ,reporting  troubles with online payment,PAYMENT,payment_issue
BIL,where to check at what time I can reach customer support?,CONTACT,contact_customer_service
BEL,I cannot find the withdrawal penalty,CANCEL,check_cancellation_fee
BL,I need to see what hours I can contact customer service,CONTACT,contact_customer_service
BLMQ,i try to purchase some of ur product,ORDER,place_order
BQW,i have a damn registration issue,ACCOUNT,registration_problems
BQ,want assistance contacting an agent,CONTACT,contact_human_agent
BL,I want to list the payment methods,PAYMENT,check_payment_methods
BLQ,need help seeing in what cases can I ask for a refund,REFUND,check_refund_policy
BLQ,i dont know what i have to do to obtain a compensation,REFUND,get_refund
BZ,I habe got to file a complaint,FEEDBACK,complaint
BL,assistance checking the early exit fee,CANCEL,check_cancellation_fee
BILM,where to check what shipping methods are there?,DELIVERY,delivery_options
BL,there is an issue trying to update the shipping address,SHIPPING,change_shipping_address
BILZ,can you help me to subscribe to the company newsletter ?,SUBSCRIPTION,newsletter_subscription
BQZ,i dont know wha to do to check the status of order {{Order Number}},ORDER,track_order
BL,I want help trying to correct my shipping address,SHIPPING,change_shipping_address
BIL,what do I have to do to restore my user account key?,ACCOUNT,recover_password
BLNQ,i cant change to the {{Account Category}} account,ACCOUNT,switch_account
BL,I need assistance to get my invoice from {{Person Name}},INVOICE,get_invoice
BIL,where do I restore my PIN code?,ACCOUNT,recover_password
BIL,can I check how soon can I expect the parcel?,DELIVERY,delivery_period
BIL,how to shop a product?,ORDER,place_order
BILZ,what do I need to do to see the terminbation fee?,CANCEL,check_cancellation_fee
BILMQ,can i notify of problems with a signup,ACCOUNT,registration_problems
BL,help to unsubscribe to the company newsletter,SUBSCRIPTION,newsletter_subscription
BL,I need assistance to download my bill from {{Person Name}},INVOICE,get_invoice
BILMW,what do I have to do to buy several damn articles?,ORDER,place_order
BCIL,"I need to set up the new delivery address, how to do it?",SHIPPING,set_up_shipping_address
BKLQ,update info on gold account,ACCOUNT,edit_account
BEQZ,i do ont know how i can report an issue with payment,PAYMENT,payment_issue
BL,I am trying to see order {{Order Number}} status,ORDER,track_order
BKL,update information on {{Account Type}} account,ACCOUNT,edit_account
BCEL,"I am looking for the delivery methods, I need assistance",DELIVERY,delivery_options
BK,create premium account,ACCOUNT,create_account
BL,see order {{Order Number}} status,ORDER,track_order
BL,help to see in what cases can I request to be reimbursed,REFUND,check_refund_policy
BLMZ,help me rport a trouble with online payments,PAYMENT,payment_issue
BL,open a standard account for my dad,ACCOUNT,create_account
BCEL,"you are not helpful, help talking to an operator",CONTACT,contact_human_agent
BI,are the service charges refundable?,REFUND,check_refund_policy
BL,I don't know how to reset the PIN of my user account,ACCOUNT,recover_password
BLQWZ,help unsubscribing from ur damnnewsletter,SUBSCRIPTION,newsletter_subscription
BCL,"I have to list your available payment options, I need help",PAYMENT,check_payment_methods
BCL,"I have entered a wrong shipping address, I want to modify it",SHIPPING,change_shipping_address
BLZ,question about the rermoval of a {{Account Category}} account,ACCOUNT,delete_account
BCELMNQZ,i cannot sign up i need to notify of signup proiblems,ACCOUNT,registration_problems
BLQ,i expect a reimbursement of {{Refund Amount}} dollars,REFUND,track_refund
BLQZ,want help tyo modify my shipping address,SHIPPING,change_shipping_address
BL,I can't speak to an operator,CONTACT,contact_human_agent
BL,I try to make a consumer claim against your business,FEEDBACK,complaint
BIL,is there an e-mail to submit a comment about your services?,FEEDBACK,review
BL,I have to restore my profile PIN,ACCOUNT,recover_password
BLSZ,hsipping to {{Delivery Country}},DELIVERY,delivery_options
BK,make purchase,ORDER,place_order
BKL,update data on {{Account Category}} account,ACCOUNT,edit_account
BILQZ,what do i need to do to change to hte {{Account Type}} account,ACCOUNT,switch_account
BILMPQ,will umail me the bills from {{Person Name}},INVOICE,get_invoice
BK,check status of order {{Order Number}},ORDER,track_order
BLMW,I have issues trying to change the damn address,SHIPPING,change_shipping_address
BL,"help to get the bill #37777",INVOICE,get_invoice
BQZ,I'm calling to check whenb will my item arrive,DELIVERY,delivery_period
BIL,what do I have to do to receive your company newsletter?,SUBSCRIPTION,newsletter_subscription
BLMQ,i need help to obtain compensations,REFUND,get_refund
BLMW,help to ask for fucking refunds of money,REFUND,get_refund
BLMZ,help to solve troubles with online paymnets,PAYMENT,payment_issue
BCLW,"I have entered a wrong fucking delivery address, correct it",SHIPPING,change_shipping_address
BCIL,"I want to see when will my package arrive, can you help me?",DELIVERY,delivery_period
BIL,can you help me seeing the accepted payment options?,PAYMENT,check_payment_methods
BLQ,i dont know what to do to talk with customer assistance,CONTACT,contact_customer_service
BIL,is it possible to lodge a complaint against your business?,FEEDBACK,complaint
BLM,I don't know how I can get the bills from {{Person Name}},INVOICE,get_invoice
BKLQ,correcting info on {{Account Type}} account,ACCOUNT,edit_account
BLQZ,I'm waiting for a  compensation of {{Currency Symbol}}{{Refund Amount}},REFUND,track_refund
BCILW,"I need to see your goddamn refund policy, how do I do it?",REFUND,check_refund_policy
BIL,what do I have to do to report a problem with sign-up?,ACCOUNT,registration_problems
BIL,where to get a rebate?,REFUND,get_refund
B,I need to create a gold account,ACCOUNT,create_account
BCL,"I ain't registered, I have got to open a {{Account Type}} account",ACCOUNT,create_account
BIL,how do I create a standard account for my daughter?,ACCOUNT,create_account
BL,I want assistance seeing your available payment modalities,PAYMENT,check_payment_methods
BLM,I want to inform of problems with a signup,ACCOUNT,registration_problems
BIL,can I check the current status of my reimbursement?,REFUND,track_refund
BL,I have to retrieve my user PIN code,ACCOUNT,recover_password
BL,help me to use the premium profile,ACCOUNT,switch_account
B,anything new on the refund,REFUND,track_refund
BLQZ,i have to recover my avcount pin code,ACCOUNT,recover_password
BL,I want help unsubscribing from the company newsletter,SUBSCRIPTION,newsletter_subscription
BIL,can I close a {{Account Type}} account?,ACCOUNT,delete_account
BLQ,i need assistance to reset my pwd,ACCOUNT,recover_password
BILQ,how can i modify my shipping address,SHIPPING,change_shipping_address
BILM,can you help me see what options for delivery I have?,DELIVERY,delivery_options
BMZ,help me to  report issues with payment,PAYMENT,payment_issue
BL,find information about modifying my address,SHIPPING,change_shipping_address
BLM,supports trying to update my address,SHIPPING,change_shipping_address
BILQZ,where to see whne will my product arrive,DELIVERY,delivery_period
BL,the shipment options,DELIVERY,delivery_options
BLQ,i dont know how to change to the premium account,ACCOUNT,switch_account
BIL,how to give a quick look at the bill from {{Person Name}}?,INVOICE,check_invoice
BLQ,i dont know what i need to do to delete a {{Account Category}} account,ACCOUNT,delete_account
BCILPQ,i have got to order a product could i get some help,ORDER,place_order
BLPQZ,I'd like to obtain an reimbursement of money,REFUND,get_refund
BLMQ,i want help downloading my invoices from {{Person Name}},INVOICE,get_invoice
BKLQZ,ETA of oorder {{Order Number}},ORDER,track_order
BL,help me canceling the {{Account Category}} account,ACCOUNT,delete_account
BQ,i want assistance checking how soon can i expect the item,DELIVERY,delivery_period
BLMQ,want help giving a quick look at my bills from {{Person Name}},INVOICE,check_invoice
BLM,I have problems setting up the new delivery address,SHIPPING,set_up_shipping_address
BL,show me in what situations can I request refunds,REFUND,check_refund_policy
BL,I want assistance reporting a problem with sign-up,ACCOUNT,registration_problems
BCLQ,i put my old address by mistake i need help updating it,SHIPPING,change_shipping_address
BILQ,can uhelp me see the ETA of purchase {{Order Number}},ORDER,track_order
BL,I want assistance trying to correct the address,SHIPPING,change_shipping_address
BIL,what do I have to do to speak to customer assistance?,CONTACT,contact_customer_service
BILM,where do I see my invoices from {{Person Name}}?,INVOICE,check_invoice
BLW,I want to know about a bloody shipping address modification,SHIPPING,change_shipping_address
BL,contact a human agent,CONTACT,contact_human_agent
BLM,I have issues modifying the delivery address,SHIPPING,change_shipping_address
BL,help to place an order,ORDER,place_order
BI,"how do I get invoice #37777?",INVOICE,get_invoice
BELM,I am experiencing errors signing up,ACCOUNT,registration_problems
BIQSZ,is it possible toorder from {{Delivery City}},DELIVERY,delivery_options
BCLQ,my delivery address has changed correct it,SHIPPING,change_shipping_address
BE,I do not know how I can switch to the {{Account Category}} account,ACCOUNT,switch_account
BLQZ,i want assistance informing of  a sign-up issue,ACCOUNT,registration_problems
BIL,where to edit my delivery address?,SHIPPING,change_shipping_address
BLZ,I have a problem with  opening a standard account,ACCOUNT,create_account
BLM,assistance to get my bills from {{Person Name}},INVOICE,get_invoice
BLQ,i dont know how i can see my bill from {{Person Name}},INVOICE,check_invoice
BILMQ,how to earn several articles,ORDER,place_order
BLM,there are troubles editing my shipping address,SHIPPING,change_shipping_address
BL,trouble setting up my secondary shipping address,SHIPPING,set_up_shipping_address
BQ,i have an issue changing my shipping address,SHIPPING,change_shipping_address
BLQ,i have to acquire a product,ORDER,place_order
BCL,"I lost the PIN of my user, I want help to retrieve it",ACCOUNT,recover_password
BIL,can I talk with someone?,CONTACT,contact_human_agent
BIQS,do ya deliver to {{Delivery City}},DELIVERY,delivery_options
BK,creating freemium account,ACCOUNT,create_account
BL,assistance to chat with a person,CONTACT,contact_human_agent
BLM,I need to inform of an error with online payments,PAYMENT,payment_issue
BILQ,ya have a free of charge number to talk to customer service,CONTACT,contact_customer_service
BLQZ,i dont know what to do to talk with customre assistance,CONTACT,contact_customer_service
BIL,can you tell me about a delivery address update?,SHIPPING,change_shipping_address
BLN,I can't see if there is anything new on the compensation,REFUND,track_refund
BLQZ,I'm waiting for a restitution oof {{Currency Symbol}}{{Refund Amount}},REFUND,track_refund
BL,I have got to check what hours I can call customer support,CONTACT,contact_customer_service
BCELQZ,i no longer make us of my pro account need help deleting it,ACCOUNT,delete_account
BLZ,help me to check the early exit few,CANCEL,check_cancellation_fee
BISZ,is it possible to place a order from {{Delivery Country}}?,DELIVERY,delivery_options
BLMQ,i want assistance solving issues with online payments,PAYMENT,payment_issue
BL,I want to see your accepted payment options,PAYMENT,check_payment_methods
BLMQ,i have problems setting up my delivery address,SHIPPING,set_up_shipping_address
BILP,will you direct to me someone?,CONTACT,contact_human_agent
BLMZ,I am trying ot get rebates,REFUND,get_refund
BLQ,i want my rebate of money,REFUND,get_refund
BK,switch to premium account,ACCOUNT,switch_account
BILQ,is there an e-mail to send feedback about ur services,FEEDBACK,review
BL,I am waiting for a compensation of {{Currency Symbol}}{{Refund Amount}},REFUND,track_refund
BLZ,I have tl talk to a live agent,CONTACT,contact_human_agent
BLM,I have issues trying to update the shipping address,SHIPPING,change_shipping_address
BL,cancel my corporate newsletter subscription,SUBSCRIPTION,newsletter_subscription
BL,I need help seeing what hours customer service available is,CONTACT,contact_customer_service
BILQ,what do i have to do to reset my user account key,ACCOUNT,recover_password
BL,I call to get my invoice from {{Person Name}},INVOICE,get_invoice
BL,assistance speaking with customer support,CONTACT,contact_customer_service
BIL,how do I update the shipping address?,SHIPPING,change_shipping_address
BL,assistance checking the restitution current status,REFUND,track_refund
BKLZ,editing {{Account Category}}  account,ACCOUNT,edit_account
BL,I don't know how to set a secondary shipping address up,SHIPPING,set_up_shipping_address
BL,I need help to acquire a product,ORDER,place_order
BL,there is an issue trying to change the shipping address,SHIPPING,change_shipping_address
BIL,is it possible to use the gold profile?,ACCOUNT,switch_account
BKLZ,seebill from {{Person Name}},INVOICE,check_invoice
BL,I expect a compensation of {{Refund Amount}} dollars,REFUND,track_refund
BLM,see the bills from {{Person Name}},INVOICE,check_invoice
BLQZ,i want support updating  the delivery address,SHIPPING,change_shipping_address
BCILQ,i have got to leave my feedback can i get some help,FEEDBACK,review
BIL,how do I create a premium account?,ACCOUNT,create_account
BIL,where can I check what payment methods are accepted?,PAYMENT,check_payment_methods
BCEIL,"I have not signed up yet, how to create a {{Account Type}} account?",ACCOUNT,create_account
BCILQ,i aint registered can i create a {{Account Category}} account,ACCOUNT,create_account
BIQZ,where can i check what payment methoda ya accept,PAYMENT,check_payment_methods
BILMW,where do I get my damn bills from {{Person Name}}?,INVOICE,get_invoice
BLZ,I need help to talk to custmoer service,CONTACT,contact_customer_service
BI,how can I switch to the {{Account Type}} account?,ACCOUNT,switch_account
BLW,there is a problem submitting the fucking shipping address,SHIPPING,set_up_shipping_address
BCILV,"I have lost bill #00108, can you show it to me?",INVOICE,check_invoice
BEQ,"i do not know what i need to do to get invoice #37777",INVOICE,get_invoice
BL,I want to report a problem with registrations,ACCOUNT,registration_problems
BCLQ,i have got to download the bill from {{Person Name}} help me,INVOICE,get_invoice
BLM,I want assistance to notify of troubles with payment,PAYMENT,payment_issue
BCLQZ,wanna use  the gold profile i need help,ACCOUNT,switch_account
BILP,could you help me to submit my feedback for your products?,FEEDBACK,review
BLM,I want help downloading the invoices from {{Person Name}},INVOICE,get_invoice
BLM,question about opening standard accounts,ACCOUNT,create_account
BL,help me see in which situations can I ask to be refunded,REFUND,check_refund_policy
BL,I have got to make a complaint against your company,FEEDBACK,complaint
BL,I need assistance to check the current status of the rebate,REFUND,track_refund
BILZ,can you help me restoring myPIN code?,ACCOUNT,recover_password
BLQ,i dont know what i have to do to buy an article,ORDER,place_order
BCELM,"I cannot find the bills from {{Person Name}}, mail them to me",INVOICE,get_invoice
BLMQ,i dont know what to do to notify of issues with payment,PAYMENT,payment_issue
BCIL,"I have got to modify my address, how can I do it?",SHIPPING,change_shipping_address
BLZ,assistance seeing how soon can I exect my delivery,DELIVERY,delivery_period
BIL,"where can I give a quick look at invoice #37777?",INVOICE,check_invoice
BEL,"I do not know what I need to do to download invoice #37777",INVOICE,get_invoice
BLQZ,i want assistance to see how soon can i xepect the item,DELIVERY,delivery_period
BLQ,help me to check in what cases can i request refunds,REFUND,check_refund_policy
BIL,do you have a method to submit a review for your products?,FEEDBACK,review
BLQ,i need information about correcting my shipping address,SHIPPING,change_shipping_address
BL,I need to see at what time I can reach customer assistance,CONTACT,contact_customer_service
BLM,there are issues updating my address,SHIPPING,change_shipping_address
BL,I try to check order {{Order Number}} current status,ORDER,track_order
BKL,change to freemium account,ACCOUNT,switch_account
BL,assistance to send some feedback about your products,FEEDBACK,review
BL,I try to make a reclamation against your organization,FEEDBACK,complaint
BELP,"I do not know how I could download bill #00108",INVOICE,get_invoice
BQ,"i dont know what i need to do to find invoice #12588",INVOICE,check_invoice
BKL,opening {{Account Type}} account for wife,ACCOUNT,create_account
BLQ,need help to obtain my money back,REFUND,get_refund
BILQ,can uhelp me seeing the termination fee,CANCEL,check_cancellation_fee
BL,I try to know if there is anything new on my compensation,REFUND,track_refund
BLQ,"i need assistance to give a quick look at the invoice #37777",INVOICE,check_invoice
BILZ,can I see at what time I can call customer service ?,CONTACT,contact_customer_service
BL,I want help to see the payment methods,PAYMENT,check_payment_methods
BLQZ,want assistnace to cancel my {{Account Category}} account,ACCOUNT,delete_account
BL,help me list your accepted payment methods,PAYMENT,check_payment_methods
BKM,get invoices from {{Person Name}},INVOICE,get_invoice
BIL,how to subscribe to the newsletter?,SUBSCRIPTION,newsletter_subscription
BCL,"I have to see how long refunds take, I need help",REFUND,check_refund_policy
BILQZ,is  it possible to see the early termination penalty,CANCEL,check_cancellation_fee
BL,I need assistance to file a consumer complaint,FEEDBACK,complaint
BLQ,I'm waiting for a restitution of {{Currency Symbol}}{{Refund Amount}},REFUND,track_refund
BCILQ,wanna change the info on my account can i get some help,ACCOUNT,edit_account
BIL,where do I retrieve my user access key?,ACCOUNT,recover_password
BIL,how to chat with an operator?,CONTACT,contact_human_agent
BL,help to call customer support,CONTACT,contact_customer_service
BILQ,how do i retrieve my profile pin,ACCOUNT,recover_password
BLQ,i try to get in touch with customer assistance,CONTACT,contact_customer_service
BILM,how to change the details included on my profile?,ACCOUNT,edit_account
BLQ,i want help to create a gold account for my fiance,ACCOUNT,create_account
BLQW,need help seeing the fucking withdrawal charge,CANCEL,check_cancellation_fee
BCIL,"I have to close my standard account, how do I do it?",ACCOUNT,delete_account
BLZ,I want to see your  refund policy,REFUND,check_refund_policy
BCL,"I am unhappy with your work, lodge a claim",FEEDBACK,complaint
BLQ,want assistance trying to change the shipping address,SHIPPING,change_shipping_address
BL,information about the termination of a {{Account Type}} account,ACCOUNT,delete_account
BLZ,"I odn't know how I can look for my invoice #12588",INVOICE,check_invoice
BLQ,i dont know how to inform of a payment problem,PAYMENT,payment_issue
BLQ,need assistance to speak to somebody,CONTACT,contact_human_agent
BZ,I expect a reufnd of {{Currency Symbol}}{{Refund Amount}},REFUND,track_refund
BLQ,need assistance seeing ur money back guarantee,REFUND,check_refund_policy
BILP,where could I get information about updating my address?,SHIPPING,change_shipping_address
BKLM,reporting troubles with online payment,PAYMENT,payment_issue
BCIL,"I have to speak to customer assistance, how to do it?",CONTACT,contact_customer_service
BKL,list accepted payment methods,PAYMENT,check_payment_methods
BILM,where to earn several of your product?,ORDER,place_order
BIL,what do I need to do to speak with someone?,CONTACT,contact_human_agent
BLMQ,wanna report a trouble with online payments,PAYMENT,payment_issue
BILP,"would it be possible to find the bill #00108?",INVOICE,check_invoice
BKL,modify {{Account Type}} account,ACCOUNT,edit_account
BIQSW,is it possible to place a bloody order from {{Delivery City}},DELIVERY,delivery_options
BIL,where to create a freemium account?,ACCOUNT,create_account
BIMP,how could I get information about forgotten passwords?,ACCOUNT,recover_password
BL,I want assistance to notify of an error with sign-up,ACCOUNT,registration_problems
BL,information about updating my address,SHIPPING,change_shipping_address
BILM,where do I inform of problems with registrations?,ACCOUNT,registration_problems
BIL,how to see the cancellation penalty?,CANCEL,check_cancellation_fee
BL,I need help to see how long the delivery takes,DELIVERY,delivery_period
BL,I want to see at what time I can contact customer assistance,CONTACT,contact_customer_service
BILQ,can ya help me update my delivery address,SHIPPING,change_shipping_address
BILQZ,can uhelp me to make a complaint againsy ur business,FEEDBACK,complaint
BL,notify of a signup issue,ACCOUNT,registration_problems
BL,I need help to submit my delivery address,SHIPPING,set_up_shipping_address
BL,help to locate the bill from {{Person Name}},INVOICE,check_invoice
BILP,would it be possible to delete a {{Account Category}} account?,ACCOUNT,delete_account
BL,assistance to see your refund policy,REFUND,check_refund_policy
BIQS,is it possible to order from {{Delivery Country}},DELIVERY,delivery_options
BILMZ,where do I check the cancellation penalties ?,CANCEL,check_cancellation_fee
BLQ,need help to see at what time i can call customer support,CONTACT,contact_customer_service
BLMQ,i dont know what i have to do to order a few of ur article,ORDER,place_order
BLMQZ,i need assistance checking the early termintaion fees,CANCEL,check_cancellation_fee
BLQW,want help editing my bloody personal data,ACCOUNT,edit_account
BLQ,want help to make a complaint against your business,FEEDBACK,complaint
BIL,where can I set the delivery address up?,SHIPPING,set_up_shipping_address
BCL,"I want to see your reimbursement policy, I need assistance",REFUND,check_refund_policy
BLMQ,need help acquiring a few of ur product,ORDER,place_order
BILQ,what do i have to do to check when will my parcel arrive,DELIVERY,delivery_period
BILMQZ,can uhelp me downloading my bils from {{Person Name}},INVOICE,get_invoice
BL,I need assistance to submit my feedback about your products,FEEDBACK,review
BL,I need information about correcting the shipping address,SHIPPING,change_shipping_address
BILQ,is it possible to obtain a restitution of money,REFUND,get_refund
BLZ,I expect a reimbursmeent of {{Refund Amount}} dollars,REFUND,track_refund
BILQZ,where do ileave feedback about a product,FEEDBACK,review
BELZ,Iam looking for information about opening a {{Account Category}} account,ACCOUNT,create_account
BIL,how to send some feedback about your company?,FEEDBACK,review
BLQZ,i need assistance to check how long the shgipment takes,DELIVERY,delivery_period
BLZ,I don't know how to list the payment  methods,PAYMENT,check_payment_methods
BL,assistance to request my money back,REFUND,get_refund
BKLM,reimbursing {{Refund Amount}} dollars,REFUND,get_refund
BELMZ,I do ont know what to do to acquire some items,ORDER,place_order
BL,I want to know about receiving your company newsletter,SUBSCRIPTION,newsletter_subscription
BLQ,want help signing up to the newsletter,SUBSCRIPTION,newsletter_subscription
BEL,I do not know how to see the early termination penalty,CANCEL,check_cancellation_fee
BIL,how do I submit another delivery address?,SHIPPING,set_up_shipping_address
BL,I need help submitting a different delivery address,SHIPPING,set_up_shipping_address
BLM,I want to see what shipment methods I can choose,DELIVERY,delivery_options
BL,I don't know how I can change to the gold account,ACCOUNT,switch_account
BL,I need help trying to update the shipping address,SHIPPING,change_shipping_address
BKLM,change details on standard account,ACCOUNT,edit_account
BLPQ,i dont know how i could inform of an error with signup,ACCOUNT,registration_problems
BQ,I'm trying to contact customer service,CONTACT,contact_customer_service
BEL,I am trying to find information about my access key recovery,ACCOUNT,recover_password
BCIL,"I want to modify my user, can you help me?",ACCOUNT,edit_account
BL,help seeing order {{Order Number}} status,ORDER,track_order
B,"show me invoice #85632",INVOICE,check_invoice
BCILQ,wanna get the bill from {{Person Name}} how to do it,INVOICE,get_invoice
BLQ,I'm trying to check the eta of purchase {{Order Number}},ORDER,track_order
BIL,can I change to the {{Account Category}} account?,ACCOUNT,switch_account
BCLM,"I purchased some items, help me cancel order {{Order Number}}",ORDER,cancel_order
BLP,I would like to cancel the subscription to the newsletter,SUBSCRIPTION,newsletter_subscription
BCIPQ,i have to change an item of order {{Order Number}} will uhelp me,ORDER,change_order
BILM,how can I purchase several of your article?,ORDER,place_order
BLQW,i have to see the goddamn ETA of purchase {{Order Number}},ORDER,track_order
BLQZ,I have gotto retrieve my user pwd,ACCOUNT,recover_password
BCILPQW,I'd like to list the fucking payment methods how do i do it,PAYMENT,check_payment_methods
BEL,I cannot cancel my company newsletter subscription,SUBSCRIPTION,newsletter_subscription
BILW,can you help me to change to the goddamn {{Account Type}} account?,ACCOUNT,switch_account
BLNQ,i cant see if there is anything wrong with my reimbursement,REFUND,track_refund
BLM,I need help buying some of your article,ORDER,place_order
BIL,can you help me obtain a compensation of my money?,REFUND,get_refund
BCIP,"I have got to edit my user, how could I do it?",ACCOUNT,edit_account
BLZ,help talking  with a live agent,CONTACT,contact_human_agent
BILM,what do I have to do to notify of a problem with payments?,PAYMENT,payment_issue
BIL,what do I have to do to change to the standard account?,ACCOUNT,switch_account
BLQ,want assistance to see the shipping options,DELIVERY,delivery_options
BLQ,I'm trying to close my {{Account Category}} account,ACCOUNT,delete_account
BZ,I need assistancde cancelling order {{Order Number}},ORDER,cancel_order
BZ,help cnceling order {{Order Number}},ORDER,cancel_order
BCILQ,need to update the data included on my account how to do it,ACCOUNT,edit_account
BLMZ,notify of issues wiht payment,PAYMENT,payment_issue
BILPQ,could ya help me to unsubscribe from ur company newsletter,SUBSCRIPTION,newsletter_subscription
BE,"I do not know what I have to do to check my invoice #00108",INVOICE,check_invoice
BIL,can I list the available payment methods?,PAYMENT,check_payment_methods
BILQZ,can ya help me submit some feedback about ur esrvices,FEEDBACK,review
BKL,editing information on {{Account Category}} account,ACCOUNT,edit_account
BLQZ,need to seee at what time i can contact customer support,CONTACT,contact_customer_service
BLQ,i expect a restitution of {{Currency Symbol}}{{Refund Amount}},REFUND,track_refund
BL,question about cancelling purchase {{Order Number}},ORDER,cancel_order
BLQ,assistance seeing ur money back guarantee,REFUND,check_refund_policy
BLQ,I'm calling to lodge a claim against ur organization,FEEDBACK,complaint
BLQ,i want help canceling purchase {{Order Number}},ORDER,cancel_order
BLM,I have problems entering a different shipping address,SHIPPING,set_up_shipping_address
BLQZ,i need assistance seeing the cancellaion penalty,CANCEL,check_cancellation_fee
BLZ,help me editingorder {{Order Number}},ORDER,change_order
BL,I need to speak with someone,CONTACT,contact_human_agent
BILZ,is there an e-mail toleave feedback for your company?,FEEDBACK,review
BCELQ,I'm not registered i want assistance creating a {{Account Type}} account,ACCOUNT,create_account
BLMQ,need help switching some articles of order {{Order Number}},ORDER,change_order
BILZ,can I check  how soon can I expect my package?,DELIVERY,delivery_period
BELMZ,I do not know how I can inform of problems with signuo,ACCOUNT,registration_problems
BILMQ,how can i inform of problems with online payment,PAYMENT,payment_issue
BL,I don't know how I can change to the platinum account,ACCOUNT,switch_account
BL,I call to make a customer complaint,FEEDBACK,complaint
BL,I don't know how I can change to the pro account,ACCOUNT,switch_account
BQZ,wanna switch to the platinum accoun,ACCOUNT,switch_account
BI,is it possible to cancel order {{Order Number}}?,ORDER,cancel_order
BCLP,"I would like to locate order {{Order Number}}, I need help",ORDER,track_order
BLM,troubles setting the new delivery address up,SHIPPING,set_up_shipping_address
BILP,could you help me update order {{Order Number}}?,ORDER,change_order
BLQ,i need assistance to check the accepted payment modalities,PAYMENT,check_payment_methods
BILM,how can I notify of an error with online payments?,PAYMENT,payment_issue
BL,I need to swap an item of order {{Order Number}},ORDER,change_order
BILQ,uhave a free number to talk to customer service,CONTACT,contact_customer_service
BELM,I do not know what I have to do to notify of payment issues,PAYMENT,payment_issue
BL,check my bill from {{Person Name}},INVOICE,check_invoice
BLQ,need assistance reporting a problem with payment,PAYMENT,payment_issue
BIL,how do I check what payment payment modalities are accepted?,PAYMENT,check_payment_methods
BIL,how can I find information about my premium account removal?,ACCOUNT,delete_account
BCIL,"I want to list the payment methods, can I get some help?",PAYMENT,check_payment_methods
BCILM,"I paid {{Currency Symbol}}{{Refund Amount}} for an order, can you help me receive a rebate?",REFUND,get_refund
BKL,updating platinum account,ACCOUNT,edit_account
BLQZ,neeed assistance setting my secondary shipping address up,SHIPPING,set_up_shipping_address
BLQZ,i want help to recver my user account pwd,ACCOUNT,recover_password
BLZ,I am trying toclose the standard account,ACCOUNT,delete_account
BLMQ,i need assistance to notify of troubles with payment,PAYMENT,payment_issue
BILQ,where do i enter my shipping address,SHIPPING,set_up_shipping_address
BL,"find bill #37777",INVOICE,check_invoice
BLMQZ,wanna reeive restitutions of my money,REFUND,get_refund
BILQ,can i check when my package is gonna arrive,DELIVERY,delivery_period
BISZ,is it possible to place an order from {{Delivery City}} ?,DELIVERY,delivery_options
BL,I want help doing a purchase,ORDER,place_order
BL,I want help seeing in which cases can I ask for a refund,REFUND,check_refund_policy
BL,I don't know how I can talk with customer assistance,CONTACT,contact_customer_service
BIL,how do I use the freemium profile?,ACCOUNT,switch_account
BLZ,"I need help checking the biol #37777",INVOICE,check_invoice
BILQ,can ya help me lodge a claim against ur organization,FEEDBACK,complaint
BLQZ,i have got to see ur refund poliicy,REFUND,check_refund_policy
BCINZ,"I doln't want order {{Order Number}}, can you cancel it?",ORDER,cancel_order
BIL,can you help me restore the key of my user profile?,ACCOUNT,recover_password
BLZ,I try to list your available payment methoids,PAYMENT,check_payment_methods
BLQZ,have a problem with the deletio of my premium account,ACCOUNT,delete_account
B,I want help creating a pro account,ACCOUNT,create_account
BILMQ,can ya help me notify of problems with sign-up,ACCOUNT,registration_problems
BLW,I don't know how I can set up the goddamn shipping address,SHIPPING,set_up_shipping_address
BL,I need help checking the options for shipping,DELIVERY,delivery_options
BILP,could you help me inform of a problem with registrations?,ACCOUNT,registration_problems
BL,assistance to speak with a live agent,CONTACT,contact_human_agent
BCL,"I have to check when will my package arrive, help me",DELIVERY,delivery_period
BKL,talk to person,CONTACT,contact_human_agent
BELMQZ,i do not know whst to do to shop a few of ur item,ORDER,place_order
BILW,how do I demand a bloody compensation of my money?,REFUND,get_refund
BILMPQ,would it be possible to report issues with sign-up,ACCOUNT,registration_problems
BIL,how can I subscribe to the company newsletter?,SUBSCRIPTION,newsletter_subscription
BEL,I do not know what I need to do to talk with an assistant,CONTACT,contact_human_agent
BCILZ,"I want  to list your payment options, can you help me?",PAYMENT,check_payment_methods
BKL,new gold account,ACCOUNT,create_account
BCIL,"I can't understand you, can you help me contact a person?",CONTACT,contact_human_agent
BLQZ,i have got to see the status of my newsletter subvscription,SUBSCRIPTION,newsletter_subscription
BILQ,how long till i receive a rebate,REFUND,get_refund
BLQ,i want help to list ur payment modalities,PAYMENT,check_payment_methods
BLQZ,i want assistance to send some  feedback about a service,FEEDBACK,review
BLQ,i want help speaking to someone,CONTACT,contact_human_agent
BLQ,I'm waiting for a reimbursement of {{Refund Amount}} dollars,REFUND,track_refund
BL,I don't know how I can speak with an operator,CONTACT,contact_human_agent
BILPW,could you help me to remove the damn standard account?,ACCOUNT,delete_account
BKLM,updating details on {{Account Category}} account,ACCOUNT,edit_account
BCILZ,"I need to see your reimbusrement policy, how to do it?",REFUND,check_refund_policy
BIL,how to see the status of order {{Order Number}}?,ORDER,track_order
BILMW,is it possible to purchase several bloody items?,ORDER,place_order
BILQ,can ya help me seeing how long the delivery takes,DELIVERY,delivery_period
BCL,"I want to give a quick look at my bill #00108, help me",INVOICE,check_invoice
BLZ,help making a consumer complaint against your compant,FEEDBACK,complaint
BISZ,is it possible to place an order from {{Delivery City}} ?,DELIVERY,delivery_options
BLM,I need help checking if there are any updates on the rebate,REFUND,track_refund
BL,I want assistance to see your accepted payment modalities,PAYMENT,check_payment_methods
BELMQ,i do not know how to acquire some items,ORDER,place_order
BLQ,need assistance downloading my bill from {{Person Name}},INVOICE,get_invoice
BL,I have to see in which cases can I request a reimbursement,REFUND,check_refund_policy
BL,I don't know what I have to do to lodge a consumer claim,FEEDBACK,complaint
BLQ,I'm trying to reset the pwd of my user,ACCOUNT,recover_password
BL,help using the {{Account Type}} profile,ACCOUNT,switch_account
BLNQ,i cant switch something of purchase {{Order Number}},ORDER,change_order
BCIL,"I need to change to the {{Account Category}} account, how to do it?",ACCOUNT,switch_account
BQ,"i want help getting the invoice #12588",INVOICE,get_invoice
BLQ,want assistance canceling purchase {{Order Number}},ORDER,cancel_order
BKLZ,mldifying {{Account Type}} account,ACCOUNT,edit_account
BLZ,there is an ixsue setting my shipping address up,SHIPPING,set_up_shipping_address
BLQ,i have got to delete an article from purchase {{Order Number}},ORDER,change_order
BL,see in what situations can I ask for refunds,REFUND,check_refund_policy
BMWZ,I want information about the fucking delivey period,DELIVERY,delivery_period
BILQ,can i check how long it takes for my order to arrive,DELIVERY,delivery_period
BM,give me information about creating pro accounts,ACCOUNT,create_account
BLQ,need assistance informing of a trouble with payment,PAYMENT,payment_issue
BEL,"I do not know what I need to do to get my bill #37777",INVOICE,get_invoice
BL,help submitting feedback about your services,FEEDBACK,review
BILW,can I check your fucking accepted payment options?,PAYMENT,check_payment_methods
BL,I try to lodge a consumer claim against your organization,FEEDBACK,complaint
BIL,can I edit purchase {{Order Number}}?,ORDER,change_order
BLQZ,wanna leave  an opinion about ur company,FEEDBACK,review
BL,I try to cancel purchase {{Order Number}},ORDER,cancel_order
BL,I need help ordering something,ORDER,place_order
BLQ,want assistance listing the available payment options,PAYMENT,check_payment_methods
BLM,I need to see if there are any updates on my rebate,REFUND,track_refund
BLZ,helo to contact an assistant,CONTACT,contact_human_agent
BLQ,i have got to reset my account pwd,ACCOUNT,recover_password
BILQ,can uhelp me unsubscribing from the company newsletter,SUBSCRIPTION,newsletter_subscription
BL,I need help to receive a compensation of money,REFUND,get_refund
BLQ,want assistance seeing in what cases can I request a refund,REFUND,check_refund_policy
BIL,what do I have to do to unsubscribe to your newsletter?,SUBSCRIPTION,newsletter_subscription
BILZ,can I see what hours I can reach customer assistance ?,CONTACT,contact_customer_service
BKL,updating information on {{Account Category}} account,ACCOUNT,edit_account
BQ,i have a problem with cancelling order {{Order Number}},ORDER,cancel_order
BEL,I do not know what to do to close the {{Account Category}} account,ACCOUNT,delete_account
BIMQ,can utell me about the delivery periods,DELIVERY,delivery_period
BILQZ,is it possible to seeur money back policy,REFUND,check_refund_policy
BL,I need assistance submitting my secondary delivery address,SHIPPING,set_up_shipping_address
BLM,help getting my bills from {{Person Name}},INVOICE,get_invoice
BL,tell me about subscribing to your newsletter,SUBSCRIPTION,newsletter_subscription
BL,I want help talking with a human agent,CONTACT,contact_human_agent
BILMP,how could I get information about opening {{Account Category}} accounts?,ACCOUNT,create_account
BIL,how to see the allowed payment modalities?,PAYMENT,check_payment_methods
BEL,I do not know how I can receive a refund of my money,REFUND,get_refund
BK,report issue with registration,ACCOUNT,registration_problems
BL,I don't know what to do to check when will my parcel arrive,DELIVERY,delivery_period
BKL,closing {{Account Type}} account,ACCOUNT,delete_account
BCQZ,need to check the etga of order {{Order Number}} help me,ORDER,track_order
BILQ,can i sign up to the company newsletter,SUBSCRIPTION,newsletter_subscription
BL,assistance seeing the termination charge,CANCEL,check_cancellation_fee
BLQ,wanna unsubscribe from the corporate newsletter,SUBSCRIPTION,newsletter_subscription
BLQZ,i dont know what to do to see when mt order is gonna arrive,DELIVERY,delivery_period
BL,assistance lodging a customer claim,FEEDBACK,complaint
BL,"help looking for the bill #00108",INVOICE,check_invoice
BCLQZ,wana check how soon can i expect my order i need help,DELIVERY,delivery_period
BKLZ,update purcahse {{Order Number}},ORDER,change_order
BL,help me set up the shipping address,SHIPPING,set_up_shipping_address
BELZ,I am having an isuse with my signup,ACCOUNT,registration_problems
BKLM,updating details on {{Account Type}} account,ACCOUNT,edit_account
BL,I have to report a problem with signup,ACCOUNT,registration_problems
BI,where can I check order {{Order Number}} status?,ORDER,track_order
BLQ,i need assistance restoring the key of my profile,ACCOUNT,recover_password
BEL,I do not know how I can file a claim,FEEDBACK,complaint
BL,I want assistance to ask for a rebate,REFUND,get_refund
BL,help me see your allowed payment modalities,PAYMENT,check_payment_methods
BEL,I do not know how I can see the termination fee,CANCEL,check_cancellation_fee
BILMQ,how can i demand refunds,REFUND,get_refund
BLQ,want assistance to see what payment methods you accept,PAYMENT,check_payment_methods
BILW,how can I check the fucking bill from {{Person Name}}?,INVOICE,check_invoice
BLQ,i call to lodge a customer complaint against ur organization,FEEDBACK,complaint
BL,I need assistance to retrieve the password of my account,ACCOUNT,recover_password
BILQ,how to use the platinum profile,ACCOUNT,switch_account
BLMQ,i have to inform of registration errors,ACCOUNT,registration_problems
BLZ,"I need help giving an quick look at my bill #85632",INVOICE,check_invoice
BL,"I don't know what to do to download the bill #00108",INVOICE,get_invoice
BL,help to swap a product of order {{Order Number}},ORDER,change_order
BLQZ,I'm trying to rset the pwd of my user profile,ACCOUNT,recover_password
BILMP,where could I see the early termination penalties?,CANCEL,check_cancellation_fee
BCILPQZ,need to add an item to purchase {{Order Number}} could ya help m,ORDER,change_order
BL,I don't know how I can cancel purchase {{Order Number}},ORDER,cancel_order
BCILW,"I want to close my bloody {{Account Type}} account, can you help me?",ACCOUNT,delete_account
BIQ,how to cancel order {{Order Number}},ORDER,cancel_order
BIL,how to see when my product is going to arrive?,DELIVERY,delivery_period
B,when can I expect a refund,REFUND,get_refund
BL,trouble entering my new shipping address,SHIPPING,set_up_shipping_address
BL,check what hours I can reach customer support,CONTACT,contact_customer_service
BL,I call to see how soon can I expect my parcel,DELIVERY,delivery_period
BLQZ,i dont kno how to request a refund of my money,REFUND,get_refund
BQ,I'm waiting for a refund of {{Refund Amount}} dollars,REFUND,track_refund
BL,I am waiting for a compensation of {{Refund Amount}} dollars,REFUND,track_refund
BILM,can you help me notify of registration problems?,ACCOUNT,registration_problems
BLQ,need to get a rebate of my money,REFUND,get_refund
BILMQZ,hoe can i check the withdrawal penalties,CANCEL,check_cancellation_fee
BILMQ,is it possible to swap some items of purchase {{Order Number}},ORDER,change_order
BELN,I cannot retrieve the password of my user account,ACCOUNT,recover_password
BKLM,editing details on pro account,ACCOUNT,edit_account
BLQ,i dont know how i can notify of an error with online payment,PAYMENT,payment_issue
BK,cancel order,ORDER,cancel_order
BLQ,"i want help giving a quick look at the bill #12588",INVOICE,check_invoice
BLQZ,help me sde how soon can i expect my item,DELIVERY,delivery_period
BELQ,i do not know what i have to do to create a standard account,ACCOUNT,create_account
BIL,can I see in which situations can I request to be refunded?,REFUND,check_refund_policy
BLW,I need to get my goddamn invoice from {{Person Name}},INVOICE,get_invoice
BKLQ,modifying info on {{Account Type}} account,ACCOUNT,edit_account
BLZ,I have to check in which cases can I request refdunds,REFUND,check_refund_policy
BLQ,i want assistance to receive the corporate newsletter,SUBSCRIPTION,newsletter_subscription
BLMQ,i need assistance to add some products to order {{Order Number}},ORDER,change_order
BIL,how to cancel my subscription to your company newsletter?,SUBSCRIPTION,newsletter_subscription
BLM,I am trying to inform of payment problems,PAYMENT,payment_issue
BL,I don't know what I have to do to remove a {{Account Type}} account,ACCOUNT,delete_account
BCIL,"I need to check the shipping methods, can I get some help?",DELIVERY,delivery_options
BLQ,need help to restore my user profile key,ACCOUNT,recover_password
BLQZ,help me file a reclamation against ur compay,FEEDBACK,complaint
BL,help seeing at what time I can reach customer service,CONTACT,contact_customer_service
BLW,help me contacting a fucking human agent,CONTACT,contact_human_agent
BIL,can you help me seeing how soon can I expect my purchase?,DELIVERY,delivery_period
BQZ,need hepl switching to the {{Account Category}} account,ACCOUNT,switch_account
BCIL,"I missed an item in purchase {{Order Number}}, can you add it?",ORDER,change_order
BLQW,want help looking for the fucking bill from {{Person Name}},INVOICE,check_invoice
BILQZ,how to receive ur newseltter,SUBSCRIPTION,newsletter_subscription
BCLQ,i have got to track purchase {{Order Number}} help me,ORDER,track_order
BIL,how to make a claim against your business?,FEEDBACK,complaint
BILM,where can I earn several products?,ORDER,place_order
BL,I try to lodge a customer reclamation,FEEDBACK,complaint
BL,I need assistance to create a {{Account Category}} account,ACCOUNT,create_account
BL,I need to switch an article of order {{Order Number}},ORDER,change_order
BLZ,I want help seeing how soonj can I expect my parcel,DELIVERY,delivery_period
BMQ,i try to report issues with payments,PAYMENT,payment_issue
BL,I want help resetting my profile access key,ACCOUNT,recover_password
BL,I need assistance canceling purchase {{Order Number}},ORDER,cancel_order
BEL,I do not know how I can change to the {{Account Category}} account,ACCOUNT,switch_account
BILM,can you help me earning some items?,ORDER,place_order
BILM,can I report issues with sign-up?,ACCOUNT,registration_problems
BK,checking ETA of order {{Order Number}},ORDER,track_order
BILMQZ,cqn i swap several items of purchase {{Order Number}},ORDER,change_order
BLQ,i want assistance obtaining a compensation of money,REFUND,get_refund
BL,I need assistance subscribing to the corporate newsletter,SUBSCRIPTION,newsletter_subscription
BCL,"I have got to subscribe to the company newsletter, help me",SUBSCRIPTION,newsletter_subscription
BILP,where could I send feedback for your services?,FEEDBACK,review
BCIL,"I have got to unsubscribe to the newsletter, how do I do it?",SUBSCRIPTION,newsletter_subscription
BLQZ,ened help with cancelling purchase {{Order Number}},ORDER,cancel_order
BL,updating order {{Order Number}},ORDER,change_order
BIL,can you help me make a customer claim?,FEEDBACK,complaint
BLQ,want help to update purchase {{Order Number}},ORDER,change_order
BLMQ,i have to notify of errors with online payment,PAYMENT,payment_issue
BCL,"I have got to change to the standard account, I need help",ACCOUNT,switch_account
BILP,where could I cancel purchase {{Order Number}}?,ORDER,cancel_order
BKLZ,open {{Account Category}} cacount for wife,ACCOUNT,create_account
BLQ,help me check ur allowed payment modalities,PAYMENT,check_payment_methods
BL,assistance to unsubscribe from your company newsletter,SUBSCRIPTION,newsletter_subscription
BILQZ,how do i restore my account passwodr,ACCOUNT,recover_password
BL,I want help to add a product to order {{Order Number}},ORDER,change_order
BLQZ,I'm waiting for a reimbjrsement of {{Currency Symbol}}{{Refund Amount}},REFUND,track_refund
BL,changing data on {{Account Type}} account,ACCOUNT,edit_account
BLQ,want assistance writing a review,FEEDBACK,review
BCLQZ,i have got to enter an delivery address help me,SHIPPING,set_up_shipping_address
BL,I don't know how I can talk with customer support,CONTACT,contact_customer_service
BL,I have a problem submitting a different delivery address,SHIPPING,set_up_shipping_address
BILM,can you help me to check what shipment methods I have?,DELIVERY,delivery_options
BCILP,"I want to locate order {{Order Number}}, could I get some help?",ORDER,track_order
BIL,what do I have to do to see the rebate status?,REFUND,track_refund
BILQ,where to notify of an issue with a sign-up,ACCOUNT,registration_problems
BL,change purchase {{Order Number}},ORDER,change_order
BLM,I have got to see the early exit penalties,CANCEL,check_cancellation_fee
BLMQ,i want assistance to inform of problems with sign-up,ACCOUNT,registration_problems
BCELQWZ,uare not helpful help me talk wity a bloody assistant,CONTACT,contact_human_agent
BIL,can I get my bill from {{Person Name}}?,INVOICE,get_invoice
BKL,change to {{Account Category}} account,ACCOUNT,switch_account
BIL,where can I check the payment options?,PAYMENT,check_payment_methods
BILMQ,can ya help me ask for restitutions of my money,REFUND,get_refund
BCL,"I have got to see the accepted payment options, I need help",PAYMENT,check_payment_methods
BKL,correct information on freemium account,ACCOUNT,edit_account
BL,help me call customer service,CONTACT,contact_customer_service
BLMQ,need to check if there are any updates on my reimbursement,REFUND,track_refund
BLM,problem with {{Account Type}} account terminations,ACCOUNT,delete_account
BILQ,what is ur customer assistance mail,CONTACT,contact_customer_service
BLQ,I'm waiting for a rebate of {{Currency Symbol}}{{Refund Amount}},REFUND,track_refund
BLQ,need assistance submitting a shipping address,SHIPPING,set_up_shipping_address
BKLZ,open {{Account Type}} cacount for wife,ACCOUNT,create_account
BLQZ,want help seeing in which situations can i requestrefunds,REFUND,check_refund_policy
BIMZ,how do I add some items to order {{Order Number}} ?,ORDER,change_order
BIL,can you help me to see your allowed payment modalities?,PAYMENT,check_payment_methods
BILQ,what are ur available payment methods,PAYMENT,check_payment_methods
BLQZ,"i need asssistance getting my bill #37777",INVOICE,get_invoice
BELQ,"i do not know what i need to do to download my bill #00108",INVOICE,get_invoice
BL,I have to cancel my company newsletter subscription,SUBSCRIPTION,newsletter_subscription
BLQZ,i want assistance notifying off an error with online payment,PAYMENT,payment_issue
B,I expect a refund of {{Currency Symbol}}{{Refund Amount}},REFUND,track_refund
BLP,I would like to make a customer claim against your business,FEEDBACK,complaint
BLQZ,i expect a restitution of {{Refund Amount}} dollafs,REFUND,track_refund
BIL,can I change to the standard account?,ACCOUNT,switch_account
BKLMZ,editting details on {{Account Type}} account,ACCOUNT,edit_account
BLM,I don't know what to do to get compensations of my money,REFUND,get_refund
BIL,how to report a problem with registrations?,ACCOUNT,registration_problems
BL,help to correct purchase {{Order Number}},ORDER,change_order
BIL,can you help me to cancel my newsletter subscription?,SUBSCRIPTION,newsletter_subscription
BKL,edit purchase {{Order Number}},ORDER,change_order
BILMW,what do I need to do to buy several goddamn articles?,ORDER,place_order
BQ,i want help reporting a payment issue,PAYMENT,payment_issue
BLM,I want help to order several of your item,ORDER,place_order
BLW,help to shop a bloody product,ORDER,place_order
BL,filing claim against your business,FEEDBACK,complaint
BEL,"I do not know how I can look for my invoice #37777",INVOICE,check_invoice
BILQ,what do i have to do to recover my user account key,ACCOUNT,recover_password
BKLMZ,seebills from {{Person Name}},INVOICE,check_invoice
BIL,how do I make a claim against your company?,FEEDBACK,complaint
BLP,I don't know how I could set up my shipping address,SHIPPING,set_up_shipping_address
BEL,I do not know what to do to call customer service,CONTACT,contact_customer_service
BK,switching to {{Account Category}} account,ACCOUNT,switch_account
BKL,edit information on {{Account Category}} account,ACCOUNT,edit_account
BLQ,i want help creating a {{Account Type}} account for my dad,ACCOUNT,create_account
BL,I try to check at what time I can reach customer assistance,CONTACT,contact_customer_service
BI,where can I cancel order {{Order Number}}?,ORDER,cancel_order
BIL,in what situations can I ask to be reimbursed?,REFUND,check_refund_policy
BCILQZ,"i have to find the biol #12588 how to do it",INVOICE,check_invoice
BL,I try to list the accepted payment options,PAYMENT,check_payment_methods
BCELMQVZ,i have paid {{Currency Symbol}}{{Refund Amount}} for an article want helo getting a rebate,REFUND,get_refund
BL,help with cancelling purchase {{Order Number}},ORDER,cancel_order
BILQ,can i see the ETA of the order {{Order Number}},ORDER,track_order
BLQ,wanna see what hours customer support available is,CONTACT,contact_customer_service
BL,I want support trying to change my address,SHIPPING,change_shipping_address
BCL,"I need to send some feedback about your services, help me",FEEDBACK,review
BIL,where do I check the status of purchase {{Order Number}}?,ORDER,track_order
BLQ,"i need help to get the bill #85632",INVOICE,get_invoice
BLQ,check in which situations can i request reimbursements,REFUND,check_refund_policy
BKLM,editing details on freemium account,ACCOUNT,edit_account
BL,"see the bill #00108",INVOICE,check_invoice
BLM,I am calling to check what delivery methods are available,DELIVERY,delivery_options
BLW,I want to talk to fucking customer assistance,CONTACT,contact_customer_service
BILM,can you help me see what shipment methods you offer?,DELIVERY,delivery_options
BILW,how to talk to a fucking person?,CONTACT,contact_human_agent
BLQ,need to cancel purchase {{Order Number}},ORDER,cancel_order
BCIL,"I need to see my invoice #12588, how can I do it?",INVOICE,check_invoice
BLQW,i want assistance removing my damn {{Account Type}} account,ACCOUNT,delete_account
B,"help to check invoice #37777",INVOICE,check_invoice
BL,help me set up a different delivery address,SHIPPING,set_up_shipping_address
BQZ,I'm waiting for a refund of {{Refund Amount}} dollrs,REFUND,track_refund
BCL,"I want to see the termination fee, help me",CANCEL,check_cancellation_fee
BCIL,"I want to speak with customer assistance, can you help me?",CONTACT,contact_customer_service
BILPZ,would it be possible to close my standard account ?,ACCOUNT,delete_account
BL,help me to open a premium account for my daughter,ACCOUNT,create_account
BL,I want assistance cancelling purchase {{Order Number}},ORDER,cancel_order
BLM,I try to see what delivery methods I can choose,DELIVERY,delivery_options
BILPW,how could I get in touch with fucking customer service?,CONTACT,contact_customer_service
BL,assistance to check the accepted payment modalities,PAYMENT,check_payment_methods
BL,I need to check the withdrawal charge,CANCEL,check_cancellation_fee
BILQ,how can i inform of a payment problem,PAYMENT,payment_issue
BELQZ,I'm looking for information about thbe forgotten access key,ACCOUNT,recover_password
BCIL,"I have got to download the bill #12588, how do I do it?",INVOICE,get_invoice
BILQ,what do i need to do to create a {{Account Category}} account,ACCOUNT,create_account
BLZ,I am waiting for a compensation of  {{Currency Symbol}}{{Refund Amount}},REFUND,track_refund
BL,I need help to modify order {{Order Number}},ORDER,change_order
BL,I need help to see the current status of the refund,REFUND,track_refund
BILP,could I see your reimbursement policy?,REFUND,check_refund_policy
BQZ,I'm waiting for a refund of {{Refund Amount}} dollrs,REFUND,track_refund
BLQZ,i need assistance seeing the cancellation  charge,CANCEL,check_cancellation_fee
BCILP,"I would like to see my compensation status, how do I do it?",REFUND,track_refund
BLM,help earning a few of your article,ORDER,place_order
BLQ,need assistance notifying of an issue with sign-up,ACCOUNT,registration_problems
BIL,how can I get information about my newsletter subscription?,SUBSCRIPTION,newsletter_subscription
BIL,how to check how soon can I expect my item?,DELIVERY,delivery_period
BL,problem with cancelling purchase {{Order Number}},ORDER,cancel_order
BL,I want assistance canceling purchase {{Order Number}},ORDER,cancel_order
BILMQ,how can i demand refunds of my money,REFUND,get_refund
BILP,could you help me notify of an issue with a registration?,ACCOUNT,registration_problems
BL,I need assistance to make a complaint,FEEDBACK,complaint
BLM,I want assistance locating my invoices from {{Person Name}},INVOICE,check_invoice
BKLM,reimbursing {{Currency Symbol}}{{Refund Amount}},REFUND,get_refund
BISZ,is it possible to order from {{Delivery City}} ?,DELIVERY,delivery_options
BILQZ,where can I resety my user profile pwd?,ACCOUNT,recover_password
BL,assistance to check the termination fee,CANCEL,check_cancellation_fee
BCIL,"I have to purchase an article, how can I do it?",ORDER,place_order
BKM,getting invoices from last purchase,INVOICE,get_invoice
BLQ,need help to swap an item of order {{Order Number}},ORDER,change_order
BKLQ,modifying info on standard account,ACCOUNT,edit_account
BL,show me in which situations can I ask to be refunded,REFUND,check_refund_policy
BILQ,is there an address to send feedback for ur products,FEEDBACK,review
BLM,I am trying to check what shipping methods are there,DELIVERY,delivery_options
BLM,I have problems with cancelling purchase {{Order Number}},ORDER,cancel_order
BELQ,i do not know how i can remove the premium account,ACCOUNT,delete_account
BILW,can you help me to speak with a bloody operator?,CONTACT,contact_human_agent
BILQZ,can i check thew status of my newsletter subscription,SUBSCRIPTION,newsletter_subscription
BLP,I would like to file a consumer reclamation,FEEDBACK,complaint
BLM,assistance to see what shipping options I can choose,DELIVERY,delivery_options
BKLMZ,modifu details on {{Account Category}} account,ACCOUNT,edit_account
BLQZ,need assistance checking the termiation fee,CANCEL,check_cancellation_fee
BLZ,I need help to set my secondeary shipping address up,SHIPPING,set_up_shipping_address
B,I want to create a {{Account Type}} account,ACCOUNT,create_account
BLW,I don't know how I can get my goddamn invoice from {{Person Name}},INVOICE,get_invoice
BELN,I cannot recover my user PIN,ACCOUNT,recover_password
BL,I want help to talk to customer service,CONTACT,contact_customer_service
BELQZ,i do not know how i can see ur payhment options,PAYMENT,check_payment_methods
BILQZ,how doi see at what time i can reach customer support,CONTACT,contact_customer_service
BLM,help me check what delivery methods I have,DELIVERY,delivery_options
BL,help lodging a reclamation against your business,FEEDBACK,complaint
BL,I want help changing to the {{Account Category}} account,ACCOUNT,switch_account
BIL,where can I cancel purchase {{Order Number}}?,ORDER,cancel_order
BL,I don't know what I have to do to cancel my {{Account Type}} account,ACCOUNT,delete_account
BL,I need assistance to get a reimbursement,REFUND,get_refund
BL,change to the {{Account Category}} account,ACCOUNT,switch_account
BELMN,I cannot notify of issues with signup,ACCOUNT,registration_problems
BLQZ,need asisstance to cancel my subscription to the newsletter,SUBSCRIPTION,newsletter_subscription
BLQZ,assistance to see what hours i can contact customersupport,CONTACT,contact_customer_service
BQ,i need assistance creating a {{Account Type}} account,ACCOUNT,create_account
BCILNP,"I can't afford order {{Order Number}}, could you cancel it?",ORDER,cancel_order
BL,I need assistance cancelling purchase {{Order Number}},ORDER,cancel_order
BLM,I need assistance to inform of issues with online payments,PAYMENT,payment_issue
BILP,how could I make a consumer claim against your company?,FEEDBACK,complaint
BQZ,need to create an {{Account Category}} account,ACCOUNT,create_account
BLMQ,want assistance solving problems with payment,PAYMENT,payment_issue
BIL,how to use the premium profile?,ACCOUNT,switch_account
BKLM,modify details on {{Account Type}} account,ACCOUNT,edit_account
BL,see the bill from {{Person Name}},INVOICE,check_invoice
BIL,how do I make a consumer claim against your business?,FEEDBACK,complaint
BLM,assistance reporting issues with sign-up,ACCOUNT,registration_problems
BILQ,is it possible to retrieve the pass of my user profile?,ACCOUNT,recover_password
BL,I want help to earn something,ORDER,place_order
BIL,what do I need to do to locate purchase {{Order Number}}?,ORDER,track_order
BILQ,where do i list the accepted payment modalities,PAYMENT,check_payment_methods
BKL,delete standard account,ACCOUNT,delete_account
BLQ,have a problem with the cancellation of my gold account,ACCOUNT,delete_account
BLQ,I don't know how to reset the pwd of my user profile,ACCOUNT,recover_password
BELW,I do not know what to do to remove a damn platinum account,ACCOUNT,delete_account
BILMQ,where do i receive compensations of my money,REFUND,get_refund
BKL,opening new pro account for daughter,ACCOUNT,create_account
BILQZ,uhave a way to send a reivew,FEEDBACK,review
BLQ,want assistance to notify of a problem with payment,PAYMENT,payment_issue
BL,check at what time I can call customer support,CONTACT,contact_customer_service
BKL,creating new {{Account Category}} account for daughter,ACCOUNT,create_account
BLW,I need help to leave a goddamn opinion about a product,FEEDBACK,review
BILW,is it possible to talk to damn customer support?,CONTACT,contact_customer_service
BLW,error entering a goddamn different shipping address,SHIPPING,set_up_shipping_address
BL,I need assistance to switch to a new account,ACCOUNT,switch_account
BKZ,order  {{Order Number}} status,ORDER,track_order
BL,show me how long it takes for the product to arrive,DELIVERY,delivery_period
BILP,could you help me to see how soon can I expect the product?,DELIVERY,delivery_period
BIQ,how long until i get my money back,REFUND,get_refund
BL,I need assistance to reset my user profile password,ACCOUNT,recover_password
BKL,change to {{Account Type}} account,ACCOUNT,switch_account
BIQZ,can uhlep me use the {{Account Type}} account,ACCOUNT,switch_account
BKLZ,opdn {{Account Type}} account,ACCOUNT,create_account
B,I don't know what to do to create a {{Account Type}} account,ACCOUNT,create_account
BL,I have to see how long it takes for the shipment to arrive,DELIVERY,delivery_period
BL,I don't know how to open a freemium account,ACCOUNT,create_account
BILQ,how do i purchase an item,ORDER,place_order
BIL,how to add an article to purchase {{Order Number}}?,ORDER,change_order
BCEILMNQ,i cannot create a profile where to notify of signup issues,ACCOUNT,registration_problems
BL,show me the early exit penalty,CANCEL,check_cancellation_fee
BL,I need to see how soon can I expect my purchase,DELIVERY,delivery_period
BLQ,i dont know what i need to do to change to the gold account,ACCOUNT,switch_account
BLM,give me information about opening standard accounts,ACCOUNT,create_account
BELZ,I am  having an error trying to register,ACCOUNT,registration_problems
BL,help to check in what situations can I request a refund,REFUND,check_refund_policy
BCIL,"I want to see how soon can I expect the order, how to do it?",DELIVERY,delivery_period
BL,I want assistance deleting my standard account,ACCOUNT,delete_account
BIL,where to check what payment payment modalities you accept?,PAYMENT,check_payment_methods
BLM,problems with canceling purchase {{Order Number}},ORDER,cancel_order
BLQ,i dont know how to talk to an operator,CONTACT,contact_human_agent
BIQ,can ushow me ur refund policy,REFUND,check_refund_policy
BL,help seeing in which situations can I request my money back,REFUND,check_refund_policy
BILQ,where do i retrieve my profile key,ACCOUNT,recover_password
BLMQ,i want assistance checking the termination penalties,CANCEL,check_cancellation_fee
BLMQ,i dont know how i can check what delivery methods i have,DELIVERY,delivery_options
BQ,i need help getting the invoice from {{Person Name}},INVOICE,get_invoice
BIL,how can I see how long it takes for the package to arrive?,DELIVERY,delivery_period
BKL,changing to {{Account Category}} account,ACCOUNT,switch_account
BCIL,"I have to receive your newsletter, can you help me?",SUBSCRIPTION,newsletter_subscription
BKL,modify {{Account Type}} account,ACCOUNT,edit_account
BIL,how to see the options for shipping?,DELIVERY,delivery_options
BIQSZ,is it possibleto place an order from {{Delivery City}},DELIVERY,delivery_options
BILQ,can uhelp me notifying of a registration issue,ACCOUNT,registration_problems
BL,I don't know how to unsubscribe from your newsletter,SUBSCRIPTION,newsletter_subscription
BL,I call to send my feedback about your services,FEEDBACK,review
BEL,I do not know what I need to do to acquire a product,ORDER,place_order
BLZ,help me notify of an sign-up error,ACCOUNT,registration_problems
BKLM,get bills from {{Person Name}},INVOICE,get_invoice
BILMQWZ,were do i receive bloody compensations of my money,REFUND,get_refund
BL,help canceling my subscription to your newsletter,SUBSCRIPTION,newsletter_subscription
BILMP,how could I check what shipping options are available?,DELIVERY,delivery_options
BLSZ,shipmetns to {{Delivery City}},DELIVERY,delivery_options
BL,assistance filing a customer complaint against your business,FEEDBACK,complaint
BEL,I do not know how to restore my user PIN code,ACCOUNT,recover_password
BEL,I do not know how I can set up my shipping address,SHIPPING,set_up_shipping_address
BKLZ,"get ibll #37777",INVOICE,get_invoice
BL,I need to create a {{Account Type}} account,ACCOUNT,create_account
BL,tell me at what time I can call customer assistance,CONTACT,contact_customer_service
BLNQ,i no longer want order {{Order Number}},ORDER,cancel_order
BQ,i expect a refund of {{Currency Symbol}}{{Refund Amount}},REFUND,track_refund
BKL,check bill from {{Person Name}},INVOICE,check_invoice
BILP,could you help me seeing the status of my refund?,REFUND,track_refund
BK,remove something from order {{Order Number}},ORDER,change_order
BLM,I try to purchase some articles,ORDER,place_order
BL,assistance seeing how long reimbursements usually take,REFUND,check_refund_policy
BL,help to see at what time customer service available is,CONTACT,contact_customer_service
BCIMP,"I can't find the cancellation fees, will you help me?",CANCEL,check_cancellation_fee
BCIL,"I have got to talk to someone, can you help me?",CONTACT,contact_human_agent
BQ,i need assistance to cancel order {{Order Number}},ORDER,cancel_order
BKLMZ,editting details on standard account,ACCOUNT,edit_account
BKL,locate order {{Order Number}},ORDER,track_order
BCL,"I ordered some item, cancel purchase {{Order Number}}",ORDER,cancel_order
BL,help me checking the withdrawal fee,CANCEL,check_cancellation_fee
BIP,how could I check your money back policy?,REFUND,check_refund_policy
BIL,is it possible to change to the {{Account Type}} account?,ACCOUNT,switch_account
BEL,I cannot set up my delivery address,SHIPPING,set_up_shipping_address
B,I need to change order {{Order Number}},ORDER,change_order
BK,ETA of order {{Order Number}},ORDER,track_order
BLQ,i dont know how i can check ur reimbursement policy,REFUND,check_refund_policy
BILQ,is it possible to see how soon can i expect my delivery,DELIVERY,delivery_period
BL,assistance to speak to an operator,CONTACT,contact_human_agent
BILMQ,how can i ask for rebates of my money,REFUND,get_refund
BIL,how can I see the current status of my refund?,REFUND,track_refund
BKL,create {{Account Type}} account for wife,ACCOUNT,create_account
BLQ,need help to leave feedback for ur products,FEEDBACK,review
BL,I don't know how I can list the allowed payment methods,PAYMENT,check_payment_methods
BLMQ,i want assistance to obtain reimbursements of money,REFUND,get_refund
BLMN,I can't notify of issues with a registration,ACCOUNT,registration_problems
BL,I want assistance retrieving my user profile key,ACCOUNT,recover_password
BL,I need assistance correcting purchase {{Order Number}},ORDER,change_order
BLQ,i have to use the {{Account Category}} profile,ACCOUNT,switch_account
BLQ,i have got to file a claim against ur business,FEEDBACK,complaint
BIQ,what do i have to do to contact an agent,CONTACT,contact_human_agent
BELQZ,i do not know how i can see the avalable payment methods,PAYMENT,check_payment_methods
BILPW,would it be possible to notify of a fucking signup error?,ACCOUNT,registration_problems
BLQ,i need help seeing the cancellation charge,CANCEL,check_cancellation_fee
BLZ,I need assistance to earn na item,ORDER,place_order
BLMQ,i dont know how i can report a trouble with payments,PAYMENT,payment_issue
BCEILNP,"I cannot sign up, could I inform of a registration issue?",ACCOUNT,registration_problems
BIS,is it possible to place an order from {{Delivery Country}}?,DELIVERY,delivery_options
BILMQ,where do i get my bills from {{Person Name}},INVOICE,get_invoice
BCL,"I have got to see the ETA of order {{Order Number}}, I need help",ORDER,track_order
BKLZ,modify ordfer {{Order Number}},ORDER,change_order
BIL,can you show me what hours I can reach customer assistance?,CONTACT,contact_customer_service
BLM,assistance to swap several items of order {{Order Number}},ORDER,change_order
BLQ,i have got to create a {{Account Category}} account,ACCOUNT,create_account
BQ,i want assistance cancelling order {{Order Number}},ORDER,cancel_order
BIL,can I check purchase {{Order Number}} status?,ORDER,track_order
BL,see under which circumstances can I ask for refunds,REFUND,check_refund_policy
BLQ,want assistance to switch something of purchase {{Order Number}},ORDER,change_order
BIL,how to see if there is anything wrong with the restitution?,REFUND,track_refund
BLZ,I don't knos how to check when my package is going to arrive,DELIVERY,delivery_period
BLPZ,I don't know how I could oen a premium account for my fiance,ACCOUNT,create_account
BCL,"I have to contact customer support, help me",CONTACT,contact_customer_service
BCILQZ,need to get the bill from {{Person Name}} can uhelp m,INVOICE,get_invoice
BZ,Iwant assistance canceling order {{Order Number}},ORDER,cancel_order
BLM,I want assistance solving a trouble with payments,PAYMENT,payment_issue
BEL,I do not know how to cancel my premium account,ACCOUNT,delete_account
BLQ,i need assistance seeing the early exit charge,CANCEL,check_cancellation_fee
BLMQZ,need help changing some articles  of order {{Order Number}},ORDER,change_order
BCILPQ,i have got to retrieve my account pin how could i do it,ACCOUNT,recover_password
BILMQ,how do i check what delivery methods are available,DELIVERY,delivery_options
BL,I have got to contact a human agent,CONTACT,contact_human_agent
BLQ,i expect a restitution of {{Refund Amount}} dollars,REFUND,track_refund
BILM,how do I get compensations?,REFUND,get_refund
BLM,I don't know how to see the early exit charges,CANCEL,check_cancellation_fee
BILMZ,how do I notify of issues with registrations ?,ACCOUNT,registration_problems
BL,assistance notifying of a signup problem,ACCOUNT,registration_problems
BLP,I would like to see the termination fee,CANCEL,check_cancellation_fee
BL,I want assistance seeing your accepted payment methods,PAYMENT,check_payment_methods
BIL,can you help me remove something from purchase {{Order Number}}?,ORDER,change_order
BILQZ,how do i cyat with a person,CONTACT,contact_human_agent
BLQ,want help leaving some feedback,FEEDBACK,review
BILP,could I see the shipment options?,DELIVERY,delivery_options
BQ,wanna know about the subscription to ur company newsletter,SUBSCRIPTION,newsletter_subscription
BLQ,want help to check in what situations can i ask for refunds,REFUND,check_refund_policy
BLQ,i need help setting up my secondary delivery address,SHIPPING,set_up_shipping_address
BLZ,support submitting the deoivery address,SHIPPING,set_up_shipping_address
BILMQ,how to edit some of the details on my user account,ACCOUNT,edit_account
BIL,where can I check what hours I can call customer service?,CONTACT,contact_customer_service
BL,problem with the cancellation of a {{Account Category}} account,ACCOUNT,delete_account
BL,I don't know how I can get a restitution of my money,REFUND,get_refund
BQZ,want assitsance using the platinum account,ACCOUNT,switch_account
BL,I want assistance ordering an article,ORDER,place_order
BLMQ,I'm trying to see the early exit fees,CANCEL,check_cancellation_fee
BLQ,i have got to check the available payment options,PAYMENT,check_payment_methods
BILQ,can i subscribe to ur corporate newsletter,SUBSCRIPTION,newsletter_subscription
BILQ,how do i change a product of purchase {{Order Number}},ORDER,change_order
BILQ,can ya help me seeing if there is anything new on the refund,REFUND,track_refund
BL,I need to write an opinion for your products,FEEDBACK,review
BLQZ,I'm waiting for a reimbursement of 1499dollars,REFUND,track_refund
BEL,I do not know what to do to change to the {{Account Type}} account,ACCOUNT,switch_account
BLQ,I'm trying to lodge a customer claim against ur organization,FEEDBACK,complaint
BCL,"I have got to cancel purchase {{Order Number}}, help me",ORDER,cancel_order
BMQ,need help removing several items from order {{Order Number}},ORDER,change_order
BELQZ,"i  do not know what i need to do to see the bill #85632",INVOICE,check_invoice
BL,I don't know how to check the available payment methods,PAYMENT,check_payment_methods
BCILQ,wanna locate my invoice from {{Person Name}} how do i do it,INVOICE,check_invoice
BLQ,want help restoring the pin code of my user account,ACCOUNT,recover_password
BILQ,can uhelp me to use the {{Account Category}} profile,ACCOUNT,switch_account
BL,help switching something of purchase {{Order Number}},ORDER,change_order
BILQ,can uhelp me to chat with somebody,CONTACT,contact_human_agent
BLMZ,I want help informingof troubles with online payments,PAYMENT,payment_issue
BIQS,do ya deliver to {{Delivery Country}},DELIVERY,delivery_options
BLM,I have troubles entering a different shipping address,SHIPPING,set_up_shipping_address
BL,help me notifying of an error with a sign-up,ACCOUNT,registration_problems
BELM,I do not know how to check what shipping methods are there,DELIVERY,delivery_options
BIL,can you help me to retrieve the key of my user?,ACCOUNT,recover_password
BLQ,i need assistance to see the refund status,REFUND,track_refund
BL,help me seeing what payment options you accept,PAYMENT,check_payment_methods
BL,assistance with canceling purchase {{Order Number}},ORDER,cancel_order
BCILP,"I haven't signed up, could I create a {{Account Type}} account with you?",ACCOUNT,create_account
BILW,what do I need to do to get my goddamn bill from {{Person Name}}?,INVOICE,get_invoice
BILQZ,is there an section to send my feedback for a product,FEEDBACK,review
BKL,editing {{Account Type}} account,ACCOUNT,edit_account
BLQ,i want help to see the early termination charge,CANCEL,check_cancellation_fee
BLQ,i dont know what to do to restore my profile password,ACCOUNT,recover_password
BLQ,I'm calling to see when my delivery is gonna arrive,DELIVERY,delivery_period
BLM,I need help checking the early termination penalties,CANCEL,check_cancellation_fee
BKL,check order {{Order Number}} current status,ORDER,track_order
BLMQ,i need assistance acquiring several items,ORDER,place_order
BLM,I don't know what I have to do to report payment problems,PAYMENT,payment_issue
BCL,"I am waiting for a compensation of {{Currency Symbol}}{{Refund Amount}}, was it processed",REFUND,track_refund
BCILQZ,"I can't remembner my pass, can you help me to retrieve it?",ACCOUNT,recover_password
BKLM,update details on freemium account,ACCOUNT,edit_account
B,I try to switch to the premium account,ACCOUNT,switch_account
BILM,where do I get rebates of my money?,REFUND,get_refund
BLQ,need help talking with an operator,CONTACT,contact_human_agent
BL,consumer reclamation,FEEDBACK,complaint
BILQ,what do i have to do to restore the pwd of my user account,ACCOUNT,recover_password
BK,create gold account,ACCOUNT,create_account
BIL,how can I check how long it takes for my parcel to arrive?,DELIVERY,delivery_period
BILQ,what do i need to do to use the premium profile,ACCOUNT,switch_account
BCL,"I am very unhappy with your service, I try to lodge a claim",FEEDBACK,complaint
BIL,how do I retrieve the password of my user profile?,ACCOUNT,recover_password
BCILQZ,i have to see how soon can i expect my package how to do ig,DELIVERY,delivery_period
BILQZ,how can i speak with an assistznt,CONTACT,contact_human_agent
BL,I want help to check how long reimbursements take,REFUND,check_refund_policy
BKL,opening new {{Account Category}} account for daughter,ACCOUNT,create_account
BIL,can I receive your company newsletter?,SUBSCRIPTION,newsletter_subscription
BEMZ,I do not know what I have to do ot buy several items,ORDER,place_order
BL,I am trying to set up the new shipping address,SHIPPING,set_up_shipping_address
BLMQZ,i have problems with  cancelling purchase {{Order Number}},ORDER,cancel_order
BILQ,what do i have to do to remove my {{Account Type}} account,ACCOUNT,delete_account
BEQ,"i do not know what i have to do to get my invoice #85632",INVOICE,get_invoice
BELZ,"I do not know what I need to d to download the bill #37777",INVOICE,get_invoice
BL,modifying purchase {{Order Number}},ORDER,change_order
BLQ,show me in which situations can i request refunds,REFUND,check_refund_policy
BLM,help me seeing if there are any updates on the reimbursement,REFUND,track_refund
BELQ,"i do not know what i need to do to check the bill #85632",INVOICE,check_invoice
BKL,canceling premium account,ACCOUNT,delete_account
BCILP,"I would like to acquire something, how to do it?",ORDER,place_order
BL,I try to speak to customer service,CONTACT,contact_customer_service
BIL,is there an e-mail to submit a comment for your services?,FEEDBACK,review
BKL,changing to {{Account Type}} account,ACCOUNT,switch_account
BLM,I don't know what to do to purchase some of your article,ORDER,place_order
BQ,i need help to create a platinum account,ACCOUNT,create_account
BLQ,i dont know what i have to do to see the rebate status,REFUND,track_refund
BCIL,"I want to see the allowed payment methods, can you help me?",PAYMENT,check_payment_methods
BI,is it possible to check the ETA of order {{Order Number}}?,ORDER,track_order
BIQ,"can uhelp me take a quick look at my invoice #00108",INVOICE,check_invoice
BLQZ,need to check how soon can i ezpect my package,DELIVERY,delivery_period
BKL,modifying information on platinum account,ACCOUNT,edit_account
BIL,where do I lodge a claim against your business?,FEEDBACK,complaint
BCELQ,i no longer use the pro account I'm trying to delete it,ACCOUNT,delete_account
BILMQ,how do i demand refunds of my money,REFUND,get_refund
BELMQ,i do not know how to see the withdrawal penalties,CANCEL,check_cancellation_fee
BL,I need help to submit the delivery address,SHIPPING,set_up_shipping_address
BCILP,"I have got to leave feedback, could I get some help?",FEEDBACK,review
BKLM,show withdrawal fees,CANCEL,check_cancellation_fee
BLM,I need assistance purchasing several products,ORDER,place_order
BLQZ,assistance to make a customer claim agaisnt ur organization,FEEDBACK,complaint
BELQ,i do not know how to see when my delivery is gonna arrive,DELIVERY,delivery_period
BL,I need assistance recovering my account access key,ACCOUNT,recover_password
BLQ,i want help talking with somebody,CONTACT,contact_human_agent
B,I want assistance checking my refund status,REFUND,track_refund
BIS,can I place an order from {{Delivery City}}?,DELIVERY,delivery_options
BCILPQ,i have to receive the corporate newsletter could ya help me,SUBSCRIPTION,newsletter_subscription
BIL,can I unsubscribe from your newsletter?,SUBSCRIPTION,newsletter_subscription
BCIPQ,I'd like to use the {{Account Type}} account could uhelp me,ACCOUNT,switch_account
BCIL,"I need to check your allowed payment options, how to do it?",PAYMENT,check_payment_methods
BL,I don't know how I can close my platinum account,ACCOUNT,delete_account
BL,I want to see the status of order {{Order Number}},ORDER,track_order
BEL,I do not know how to inform of a sign-up problem,ACCOUNT,registration_problems
BIL,can you help me see purchase {{Order Number}} status?,ORDER,track_order
BL,I want help to cancel purchase {{Order Number}},ORDER,cancel_order
BL,I don't know what I have to do to see the restitution status,REFUND,track_refund
BCL,"I want to see the cancellation penalty, help me",CANCEL,check_cancellation_fee
BLM,I want assistance to solve a problem with payments,PAYMENT,payment_issue
BZ,I have a problpem with creating a standard account,ACCOUNT,create_account
BILQ,how to see the status of order {{Order Number}},ORDER,track_order
BELQ,i do not know what to do to contact a live agent,CONTACT,contact_human_agent
BIL,how do I see your available payment modalities?,PAYMENT,check_payment_methods
BILQ,is it possible to see in which cases can i ask for refunds,REFUND,check_refund_policy
BL,I want help to talk to an operator,CONTACT,contact_human_agent
BLQZ,"i dont know what to do tgo download the bill #12588",INVOICE,get_invoice
BILZ,"what do Ihave to do to download my invoice #85632?",INVOICE,get_invoice
BKM,check cancellation fees,CANCEL,check_cancellation_fee
BILQWZ,can uhelp me to add a bloody item topurchase {{Order Number}},ORDER,change_order
BL,"I don't know what I have to do to download my bill #37777",INVOICE,get_invoice
BKMZ,refunding{{Currency Symbol}}{{Refund Amount}},REFUND,get_refund
BCILN,"I don't have a pro account, can you help me to open one?",ACCOUNT,create_account
BCELMV,"I have paid {{Currency Symbol}}{{Refund Amount}} for an item, help me receiving a rebate",REFUND,get_refund
BILQ,where to see the ETA of order {{Order Number}},ORDER,track_order
B,I expect a refund of {{Currency Symbol}}{{Refund Amount}},REFUND,track_refund
BLM,help me adding some products to order {{Order Number}},ORDER,change_order
BIL,how can I check how long it takes for the package to arrive?,DELIVERY,delivery_period
BL,I need help to leave feedback,FEEDBACK,review
BL,transferring to agent,CONTACT,contact_human_agent
BLP,I don't know how I could check my bill from {{Person Name}},INVOICE,check_invoice
BL,I need to report a problem with online payment,PAYMENT,payment_issue
BLQ,have a question about my {{Account Category}} account cancellation,ACCOUNT,delete_account
BQ,i dont know what to do to cancel order {{Order Number}},ORDER,cancel_order
BCIL,"I ain't registered yet, how can I open a standard account?",ACCOUNT,create_account
BIL,can you show me the withdrawal charge?,CANCEL,check_cancellation_fee
BIQS,is it possible to place an order from {{Delivery City}},DELIVERY,delivery_options
BILMQ,can ya help me get reimbursements,REFUND,get_refund
BCLMQ,need to change the details on my user profile help me,ACCOUNT,edit_account
BL,help me to see how soon can I expect the shipment,DELIVERY,delivery_period
BLQW,want assistance modifying the goddamn user info,ACCOUNT,edit_account
BM,help me check what delivery options I have,DELIVERY,delivery_options
BLZ,I don't know how to sybmit my secondary delivery address,SHIPPING,set_up_shipping_address
BL,assistance setting up a delivery address,SHIPPING,set_up_shipping_address
BL,help me calling customer assistance,CONTACT,contact_customer_service
BL,I want assistance cancelling the newsletter subscription,SUBSCRIPTION,newsletter_subscription
BCL,"I have to check the shipment options, help me",DELIVERY,delivery_options
BILPQZ,how could i edmand a refund of my money,REFUND,get_refund
BQ,i have a question about cancelling order {{Order Number}},ORDER,cancel_order
BLMQ,need to download the bills from {{Person Name}},INVOICE,get_invoice
BLQ,i expect a reimbursement of {{Currency Symbol}}{{Refund Amount}},REFUND,track_refund
BCL,"I want to delete an item from purchase {{Order Number}}, help me",ORDER,change_order
BL,talk to an operator,CONTACT,contact_human_agent
BL,help talking with an agent,CONTACT,contact_human_agent
BLQZ,i want help talking with an assistat,CONTACT,contact_human_agent
BLP,I don't know how I could speak to a human agent,CONTACT,contact_human_agent
BLQ,need assistance to cancel my freemium account,ACCOUNT,delete_account
BZ,I don't know what I have to do to get the invoice{{Invoice Number}},INVOICE,get_invoice
BLW,help me to receive the bloody newsletter,SUBSCRIPTION,newsletter_subscription
BILM,where to see what shipping methods you offer?,DELIVERY,delivery_options
BCILPQZ,wanna ope a premium account could i get some help,ACCOUNT,create_account
BL,I want help to locate order {{Order Number}},ORDER,track_order
BL,I have an issue entering a new shipping address,SHIPPING,set_up_shipping_address
BL,help me to check how soon can I expect my article,DELIVERY,delivery_period
BKL,editing information on freemium account,ACCOUNT,edit_account
BELQ,i do not know how to retrieve the pass of my user,ACCOUNT,recover_password
BIL,can I see the accepted payment modalities?,PAYMENT,check_payment_methods
BLZ,I expect an restitution of {{Currency Symbol}}{{Refund Amount}},REFUND,track_refund
BILQ,what do i have to do to submit the shipping address,SHIPPING,set_up_shipping_address
BL,find information about the deletion of a {{Account Type}} account,ACCOUNT,delete_account
BKZ,using pro accouny,ACCOUNT,switch_account
BELZ,I  cannot set up my shipping address,SHIPPING,set_up_shipping_address
BEL,I do not know what I have to do to list your payment methods,PAYMENT,check_payment_methods
BLQZ,i have gog to speak to customer support,CONTACT,contact_customer_service
BLQ,i try to chat with a live agent,CONTACT,contact_human_agent
BL,assistance with switching something of order {{Order Number}},ORDER,change_order
BLQ,i dont know how i can delete something from order {{Order Number}},ORDER,change_order
BEL,"I do not know what I need to do to download invoice #85632",INVOICE,get_invoice
BK,checking invoice,INVOICE,check_invoice
BLM,I don't know how I can see the early exit penalties,CANCEL,check_cancellation_fee
BILQ,can i inform of an issue with a registration,ACCOUNT,registration_problems
BL,help to see what hours I can contact customer support,CONTACT,contact_customer_service
BL,I can't subscribe to the newsletter,SUBSCRIPTION,newsletter_subscription
BL,I need assistance to set my secondary delivery address up,SHIPPING,set_up_shipping_address
BILQ,can uhelp me canceling my subscription to ur newsletter,SUBSCRIPTION,newsletter_subscription
BLQZ,need help to get a copmpensation of money,REFUND,get_refund
BLZ,I call to  file a claim,FEEDBACK,complaint
BL,find information about the termination of a platinum account,ACCOUNT,delete_account
BLQZ,neerd help chatting with a human agent,CONTACT,contact_human_agent
BLQZ,assistance to see ru accepted payment options,PAYMENT,check_payment_methods
BQ,i need assistance to cancel order {{Order Number}},ORDER,cancel_order
BIL,is it possible to chat with an operator?,CONTACT,contact_human_agent
BILMQ,how can i give a quick look at my bills from {{Person Name}},INVOICE,check_invoice
BCILMQ,need to see what shipment options are there how to do it,DELIVERY,delivery_options
BL,I don't know how I can delete the freemium account,ACCOUNT,delete_account
BKLM,notifying of problems creating user account,ACCOUNT,registration_problems
BLZ,"ser the bill #85632",INVOICE,check_invoice
BILM,how can I get the bills from {{Person Name}}?,INVOICE,get_invoice
BLQ,wanna know about cancel the subscription to ur newsletter,SUBSCRIPTION,newsletter_subscription
BL,I need assistance to talk with an operator,CONTACT,contact_human_agent
BLS,shipping to {{Delivery City}},DELIVERY,delivery_options
BLQ,"I'm trying to download the invoice #00108",INVOICE,get_invoice
BL,editing data on {{Account Category}} account,ACCOUNT,edit_account
BELMQ,i do not know how i can download my bills from {{Person Name}},INVOICE,get_invoice
BLQZ,i want information about the deletion of my gold accounnt,ACCOUNT,delete_account
BILQ,is it possible to contact an operator,CONTACT,contact_human_agent
BMQZ,need assistance getting refunds of moey,REFUND,get_refund
BCILM,"I have got to earn several items, how can I do it?",ORDER,place_order
B,help me filing a complaint,FEEDBACK,complaint
BLQ,want help opening a pro account for my daughter,ACCOUNT,create_account
BILQW,where can i see my fucking bill from {{Person Name}},INVOICE,check_invoice
BLQ,i want assistance creating a {{Account Type}} account for my fiance,ACCOUNT,create_account
BCELMV,"I have paid {{Currency Symbol}}{{Refund Amount}} for these articles, I want a refund",REFUND,get_refund
BILZ,what do I have to do to submit thw delivery address?,SHIPPING,set_up_shipping_address
BEL,I do not know how I can enter the new delivery address,SHIPPING,set_up_shipping_address
BZ,I don't know how I can create a {{Account Category}} accoiunt,ACCOUNT,create_account
BLQZ,i exepct a restitution of {{Currency Symbol}}{{Refund Amount}},REFUND,track_refund
BLQ,I'm trying to write a review for ur company,FEEDBACK,review
BL,"I need assistance to look for the invoice #00108",INVOICE,check_invoice
BL,there is a trouble setting another delivery address up,SHIPPING,set_up_shipping_address
BCILP,"I have lost the bill #37777, will you send it to me?",INVOICE,get_invoice
BKL,update order {{Order Number}},ORDER,change_order
BL,help me to use the {{Account Type}} profile,ACCOUNT,switch_account
BCIQ,wanna check order {{Order Number}} status can uhelp me,ORDER,track_order
BZ,I need help cancelling oredr {{Order Number}},ORDER,cancel_order
BELMNQ,i cannot check if there are any news on the compensation,REFUND,track_refund
BL,I don't know how I can change to the {{Account Category}} account,ACCOUNT,switch_account
BCLZ,"I havve to sign up to the newsletter, I need assistance",SUBSCRIPTION,newsletter_subscription
BILM,can you help me solve issues with online payments?,PAYMENT,payment_issue
BCILP,"I need to order something, will you help me?",ORDER,place_order
B,I want help to cancel the company newsletter subscription,SUBSCRIPTION,newsletter_subscription
BLM,problems with premium account deletions,ACCOUNT,delete_account
BLQ,help me checking ur accepted payment modalities,PAYMENT,check_payment_methods
BILQ,can uhelp me to cancel purchase {{Order Number}},ORDER,cancel_order
BL,I want help closing my pro account,ACCOUNT,delete_account
BLMZ,I ened help reporting problems with payment,PAYMENT,payment_issue
BL,help me retrieving my user profile PIN,ACCOUNT,recover_password
BILQ,how to check what payment options are available,PAYMENT,check_payment_methods
BL,I don't know how to check the early exit charge,CANCEL,check_cancellation_fee
BLQ,i have got to leave my feedback for ur company,FEEDBACK,review
BLZ,I have an error entering another hsipping address,SHIPPING,set_up_shipping_address
BCLM,"I paid {{Currency Symbol}}{{Refund Amount}} for these items, help receiving a compensation",REFUND,get_refund
BCZ,"I bought something, help me cancel purchasae {{Order Number}}",ORDER,cancel_order
BLMQZ,i need assistance notifying of  signup problems,ACCOUNT,registration_problems
BEL,I do not know how I can write an opinion about a product,FEEDBACK,review
BLN,I can no longer afford purchase {{Order Number}},ORDER,cancel_order
BI,how can I contact customer service?,CONTACT,contact_customer_service
BILP,could you help me talking with customer assistance?,CONTACT,contact_customer_service
BELQ,i do not know what to do to leave an opinion for a product,FEEDBACK,review
BL,I have an issue submitting a different delivery address,SHIPPING,set_up_shipping_address
BLZ,erorr submitting the new shipping address,SHIPPING,set_up_shipping_address
BCILQ,need to set my secondary delivery address up how do i do it,SHIPPING,set_up_shipping_address
BKLZ,check termnation charge,CANCEL,check_cancellation_fee
BKLM,updating details on premium account,ACCOUNT,edit_account
BCILQ,i have to change the personal data can ya help me,ACCOUNT,edit_account
BCIL,"I want to see how soon can I expect my order, how to do it?",DELIVERY,delivery_period
BLZ,I have to spak to someone,CONTACT,contact_human_agent
BEL,I do not know what I need to do to purchase something,ORDER,place_order
BIL,can you help me demand a reimbursement of money?,REFUND,get_refund
BL,look for my invoice from {{Person Name}},INVOICE,check_invoice
BLQ,i dont know what i have to do to change to the {{Account Type}} account,ACCOUNT,switch_account
BLM,I have got to ask for refunds,REFUND,get_refund
BILM,can I add several articles to order {{Order Number}}?,ORDER,change_order
BK,switching to standard account,ACCOUNT,switch_account
BLQ,i have got to check how soon can i expect the order,DELIVERY,delivery_period
BKL,canceling platinum account,ACCOUNT,delete_account
BL,I need to submit the secondary shipping address,SHIPPING,set_up_shipping_address
BLMZ,help me adding several rpoducts to order {{Order Number}},ORDER,change_order
BLW,help me check how soon can I expect my fucking product,DELIVERY,delivery_period
BIQSZ,can i order frrom {{Delivery Country}},DELIVERY,delivery_options
BL,I don't know what to do to locate the bill from {{Person Name}},INVOICE,check_invoice
BIL,what do I need to do to open a {{Account Type}} account?,ACCOUNT,create_account
BLMQZ,i have got to purchase sone articles,ORDER,place_order
BCEL,"I cannot understand you, I need help speaking to someone",CONTACT,contact_human_agent
BLMZ,I need hepp requesting compensations,REFUND,get_refund
BCLMQZ,i paid $1499for this article help obtaining a refund,REFUND,get_refund
BLZ,I need help with adding a producft to order {{Order Number}},ORDER,change_order
BLQ,i want help correcting purchase {{Order Number}},ORDER,change_order
BLQ,want help to see the available payment modalities,PAYMENT,check_payment_methods
BL,I am waiting for a restitution of {{Refund Amount}} dollars,REFUND,track_refund
BLMQZ,i have to report issues with onlpine payment,PAYMENT,payment_issue
BIL,can I see when will my article arrive?,DELIVERY,delivery_period
BILW,what do I have to do to speak with a damn operator?,CONTACT,contact_human_agent
BELM,I do not know how to ask for rebates of my money,REFUND,get_refund
BL,help me to check how soon can I expect the article,DELIVERY,delivery_period
BIPQ,could ya help me changing an item of order {{Order Number}},ORDER,change_order
BKL,informing of problem with payment,PAYMENT,payment_issue
BCIL,"I need to call customer support, how do I do it?",CONTACT,contact_customer_service
BLQZ,want help making an reclamation against your organization,FEEDBACK,complaint
BLZ,I am waiting for a reimbursement of {{Refund Amount}} dollras,REFUND,track_refund
BCIL,"I have got to track purchase {{Order Number}}, how can I do it?",ORDER,track_order
BILM,how can I inform of issues with online payment?,PAYMENT,payment_issue
BLQ,i want help to use the {{Account Type}} profile,ACCOUNT,switch_account
BLZ,there is a problem setting up my new  shipping address,SHIPPING,set_up_shipping_address
BL,I want assistance to list the accepted payment methods,PAYMENT,check_payment_methods
BLN,I can't afford order {{Order Number}},ORDER,cancel_order
BQZ,need help to cancel the company newslette subscription,SUBSCRIPTION,newsletter_subscription
BLQZ,i have an problem with the pass recovery,ACCOUNT,recover_password
BKLZ,open freemium cacount for wife,ACCOUNT,create_account
BL,I don't know what I need to do to talk with a live agent,CONTACT,contact_human_agent
BILM,where to acquire several of your article?,ORDER,place_order
BLZ,I don't know how to change a item of purchase {{Order Number}},ORDER,change_order
BKL,see restitution current status,REFUND,track_refund
BLQW,need help submitting bloody feedback for a service,FEEDBACK,review
BLQ,i dont know what to do to notify of an issue with a sign-up,ACCOUNT,registration_problems
BLM,I don't know what I need to do to report registration errors,ACCOUNT,registration_problems
BK,create pro account,ACCOUNT,create_account
BL,help me see the allowed payment options,PAYMENT,check_payment_methods
BIL,is there an address to leave a comment for your company?,FEEDBACK,review
BLN,I can no longer afford purchase {{Order Number}},ORDER,cancel_order
BLZ,trouble setting up my secondarydelivery address,SHIPPING,set_up_shipping_address
BLM,help me to notify of issues with a signup,ACCOUNT,registration_problems
BLW,I am trying to check how soon can I expect the damn shipment,DELIVERY,delivery_period
BL,assistance to retrieve the key of my account,ACCOUNT,recover_password
BM,I have to report payment issues,PAYMENT,payment_issue
BILQ,can ya help me notifying of an issue with a sign-up,ACCOUNT,registration_problems
BCILMQ,wanna inform of errors with online payment can uhelp me,PAYMENT,payment_issue
BLQ,i need assistance sending my feedback for a product,FEEDBACK,review
BILQ,can i create a gold account,ACCOUNT,create_account
BL,help to check what hours I can reach customer support,CONTACT,contact_customer_service
BCELMNQ,i cannot sign up i need to report sign-up problems,ACCOUNT,registration_problems
BLQ,"i dont know what i have to do to download my invoice #00108",INVOICE,get_invoice
BL,I don't know what I have to do to close the {{Account Type}} account,ACCOUNT,delete_account
BILQ,how to send my feedback about ur company,FEEDBACK,review
BILQ,how to check at what time i can contact customer support,CONTACT,contact_customer_service
BLQ,want assistance seeing your reimbursement policy,REFUND,check_refund_policy
BILP,would it be possible to inform of a problem with payment?,PAYMENT,payment_issue
BQ,need help with canceling order {{Order Number}},ORDER,cancel_order
BQ,i try to check the status of order {{Order Number}},ORDER,track_order
BLMQZ,i dont knoq how i can report errors with payments,PAYMENT,payment_issue
BIL,can you help me unsubscribing to your corporate newsletter?,SUBSCRIPTION,newsletter_subscription
BLN,I can no longer pay for order {{Order Number}},ORDER,cancel_order
BKLM,modifying details on {{Account Category}} account,ACCOUNT,edit_account
BILM,where can I report a problem with online payments?,PAYMENT,payment_issue
BELQZ,i do not know how i can unubscribe to the newsletter,SUBSCRIPTION,newsletter_subscription
BL,I try to check how long reimbursements usually take,REFUND,check_refund_policy
BL,assistance to purchase something,ORDER,place_order
BL,I am trying to cancel my corporate newsletter subscription,SUBSCRIPTION,newsletter_subscription
BLQ,want help speaking with somebody,CONTACT,contact_human_agent
BL,"I need assistance to download my invoice #12588",INVOICE,get_invoice
BL,talk to customer service,CONTACT,contact_customer_service
BILZ,can youhelp me recover the PIN code of my user account?,ACCOUNT,recover_password
BCL,"I want to delete a {{Account Type}} account, help me",ACCOUNT,delete_account
BKL,create {{Account Type}} account for wife,ACCOUNT,create_account
BK,checking order {{Order Number}} status,ORDER,track_order
BEL,"I do not know what I have to do to download the bill #00108",INVOICE,get_invoice
BCIL,"I can't remember my account password, where to reset it?",ACCOUNT,recover_password
BIL,where do I notify of a problem with payment?,PAYMENT,payment_issue
BILQZ,can i speak with a humanagent,CONTACT,contact_human_agent
BL,I want help checking your payment options,PAYMENT,check_payment_methods
BL,I need assistance to cancel purchase {{Order Number}},ORDER,cancel_order
BEL,my secondary delivery address is not valid,SHIPPING,set_up_shipping_address
BLQ,I'm waiting for a restitution of {{Currency Symbol}}{{Refund Amount}},REFUND,track_refund
BCILMQ,wanna see the withdrawal charges how can i do it,CANCEL,check_cancellation_fee
BL,I don't know what to do to close my freemium account,ACCOUNT,delete_account
BQZ,"i want aswsistance taking a quick look at the invoice #85632",INVOICE,check_invoice
BL,I want to use the freemium profile,ACCOUNT,switch_account
BELQ,i do not know how i can open a pro account for my fiance,ACCOUNT,create_account
BLMW,I am calling to get my goddamn invoices from {{Person Name}},INVOICE,get_invoice
