stock_code,country,revenue,quantity,transactions
DOT,United Kingdom,322657.48,1436,1436
22423,United Kingdom,291249.35,22911,3574
M,United Kingdom,246328.05,9950,779
85123A,United Kingdom,242910.27,88471,5477
23843,United Kingdom,168469.6,80995,1
85099B,United Kingdom,166871.27,89136,3842
47566,United Kingdom,140266.7,26317,2598
84879,United Kingdom,123045.48,76013,2778
22086,United Kingdom,120037.49,35442,2137
79321,United Kingdom,84382.01,16622,1160
23166,United Kingdom,80575.63,77036,228
22197,United Kingdom,76017.09,83655,2280
84347,United Kingdom,71748.17,31360,794
22386,United Kingdom,69355.62,35556,2192
21137,United Kingdom,67546.9,19451,613
85099F,United Kingdom,64727.74,35015,1814
48138,United Kingdom,64395.62,9694,1627
82484,United Kingdom,61338.17,10835,1159
22114,United Kingdom,61237.4,11873,1607
22502,United Kingdom,60116.57,3583,939
21621,United Kingdom,59606.04,6820,1307
20725,United Kingdom,59280.05,32510,2870
21931,United Kingdom,58657.39,27546,2296
22910,United Kingdom,58362.89,18339,1493
85099C,United Kingdom,58060.17,30038,1880
22112,United Kingdom,57733.27,10893,1761
20685,United Kingdom,55589.54,8144,1589
22470,United Kingdom,55179.87,18291,2062
22411,United Kingdom,54242.44,25514,2187
22189,United Kingdom,53418.5,18054,1289
15056N,United Kingdom,53128.14,10439,956
21843,United Kingdom,52113.25,4929,1359
22178,United Kingdom,52066.59,39818,1833
21623,United Kingdom,51893.88,7177,542
84946,United Kingdom,50677.22,37542,1819
22469,United Kingdom,49764.51,28172,2237
22111,United Kingdom,49400.66,9615,1750
21733,United Kingdom,48270.57,16815,1772
48194,United Kingdom,47950.65,7615,1328
22457,United Kingdom,46952.75,15169,2063
21232,United Kingdom,46371.03,35360,2378
84029E,United Kingdom,46074.21,11379,1216
21754,United Kingdom,46057.94,7506,2105
71477,United Kingdom,45569.13,15411,836
21929,United Kingdom,45250.95,23104,1557
21181,United Kingdom,45087.42,22013,1825
48185,United Kingdom,44649.39,6667,957
22139,United Kingdom,44246.46,8785,1858
48187,United Kingdom,43982.21,6955,1228
22355,United Kingdom,43415.09,28661,1626
82494L,United Kingdom,43310.15,15128,2002
21928,United Kingdom,43296.65,22647,1511
22090,United Kingdom,42569.8,13834,1554
21175,United Kingdom,42386.11,19995,1657
15056BL,United Kingdom,42200.99,8624,789
20727,United Kingdom,41970.69,24234,2382
20914,United Kingdom,41749.36,14654,1944
21212,United Kingdom,41349.07,72389,2874
21523,United Kingdom,41230.71,6155,1068
82482,United Kingdom,41041.33,16583,2033
84078A,United Kingdom,39352.96,1000,309
POST,Germany,39231.2,2090,645
82486,United Kingdom,38310.1,4771,1319
20713,United Kingdom,38132.33,19416,1286
23084,United Kingdom,38087.95,15302,875
85066,United Kingdom,38086.0,3041,924
23298,United Kingdom,37733.53,7259,1064
21915,United Kingdom,37522.0,32015,898
22083,United Kingdom,37504.21,12565,1376
23203,United Kingdom,37243.2,17967,1150
23284,United Kingdom,37070.59,5344,702
22138,United Kingdom,36946.21,7442,1663
22383,United Kingdom,36406.01,20554,2333
20728,United Kingdom,35492.29,20139,1971
21755,United Kingdom,34563.94,5591,1741
AMAZONFEE,United Kingdom,34009.13,4,4
21485,United Kingdom,33828.1,6821,1380
21479,United Kingdom,33672.31,6618,1008
22699,United Kingdom,33152.94,11118,1343
22727,United Kingdom,32938.36,8234,1301
22188,United Kingdom,32593.93,12315,573
21166,United Kingdom,32257.28,16650,1398
22379,United Kingdom,31918.46,14270,1529
84029G,United Kingdom,31556.88,7214,1095
22865,United Kingdom,31161.71,14339,1319
22960,United Kingdom,30868.31,7041,1082
85152,United Kingdom,30620.56,15899,1477
22726,United Kingdom,30080.59,6974,1220
22720,United Kingdom,29962.99,5705,1255
15036,United Kingdom,29854.23,39889,963
22501,United Kingdom,29770.24,2532,753
20726,United Kingdom,29758.23,16431,1748
82483,United Kingdom,29701.09,5019,1173
21524,United Kingdom,29314.92,4249,1062
20724,United Kingdom,29151.03,24171,1814
22866,United Kingdom,29144.94,13116,1223
22384,United Kingdom,28913.56,17423,2036
22666,United Kingdom,28857.2,8928,1601
23355,United Kingdom,27866.2,5636,778
22867,United Kingdom,27855.02,12593,1178
22659,United Kingdom,27836.57,15054,1065
22697,United Kingdom,27735.72,8720,1314
22622,United Kingdom,27700.09,2771,533
22385,United Kingdom,27610.51,14392,1163
22835,United Kingdom,27372.08,5288,1039
21731,United Kingdom,27185.64,15242,1215
20712,United Kingdom,27182.58,11979,1234
22382,United Kingdom,27017.64,15683,2020
48188,United Kingdom,26697.77,4593,643
82583,United Kingdom,26664.05,12076,1220
23199,United Kingdom,26469.67,12854,895
20971,United Kingdom,26375.56,20243,1144
48184,United Kingdom,26301.67,3989,793
22077,United Kingdom,26231.89,13925,1650
72741,United Kingdom,26227.28,18953,894
84978,United Kingdom,26157.41,19562,1400
21930,United Kingdom,26105.3,12650,1332
20679,United Kingdom,25830.97,5426,634
23201,United Kingdom,25441.91,12097,858
47590B,United Kingdom,25438.98,4957,803
22752,United Kingdom,25429.75,3095,671
48111,United Kingdom,25396.92,4144,716
22158,United Kingdom,25161.48,7417,761
22084,United Kingdom,25081.68,8733,832
POST,France,25030.0,1339,477
71459,United Kingdom,24958.47,30589,983
21314,United Kingdom,24919.35,11482,1080
85014B,United Kingdom,24856.63,5068,793
20711,United Kingdom,24825.78,12125,1019
82600,United Kingdom,24805.62,12202,1202
47566B,United Kingdom,24791.2,5578,754
21108,United Kingdom,24753.89,12499,594
22149,United Kingdom,24702.96,11859,1399
22087,United Kingdom,24161.02,8035,849
21217,United Kingdom,24089.63,2269,857
M,EIRE,23859.78,28,28
22734,United Kingdom,23855.55,8587,715
22507,United Kingdom,23781.56,5074,833
84755,United Kingdom,23636.6,37634,1254
21955,United Kingdom,23618.67,3889,739
20972,United Kingdom,23452.03,19268,1410
84997B,United Kingdom,23389.38,6220,889
21977,United Kingdom,23343.73,46471,1880
21527,United Kingdom,23287.27,3129,796
37503,United Kingdom,23105.58,2240,483
22624,United Kingdom,23072.52,2628,1102
22171,United Kingdom,23022.56,3054,642
21231,United Kingdom,23019.1,18444,1492
84077,United Kingdom,23007.93,101353,964
21258,United Kingdom,22856.84,1579,539
23245,United Kingdom,22632.25,4447,734
48173C,United Kingdom,22596.74,3997,498
22607,United Kingdom,22394.45,2474,735
23344,United Kingdom,22135.83,9437,688
21790,United Kingdom,21808.21,24983,1874
22499,United Kingdom,21654.79,3554,777
22698,United Kingdom,21646.17,7190,979
84997D,United Kingdom,21643.32,5656,944
22113,United Kingdom,21627.83,5652,1047
22961,United Kingdom,21588.34,13351,1115
22605,United Kingdom,21432.12,1663,600
22456,United Kingdom,21292.68,4340,830
84991,United Kingdom,21237.57,41717,2059
21080,United Kingdom,21151.06,25640,1960
22941,United Kingdom,20902.82,2499,486
47590A,United Kingdom,20893.98,4104,616
20719,United Kingdom,20842.92,15361,1297
21791,United Kingdom,20783.78,15908,1256
84836,United Kingdom,20777.94,16602,1430
21481,United Kingdom,20746.24,6447,987
23173,United Kingdom,20739.48,2287,364
37449,United Kingdom,20489.86,2171,444
22570,United Kingdom,20389.78,5470,829
22632,United Kingdom,20311.27,10134,874
22722,United Kingdom,20235.21,4787,794
23202,United Kingdom,20118.49,10113,825
23243,United Kingdom,20071.07,4059,399
22728,United Kingdom,19924.27,5026,872
85048,United Kingdom,19888.3,2487,519
48116,United Kingdom,19880.7,3325,479
22569,United Kingdom,19827.02,5429,815
22467,United Kingdom,19782.1,8078,988
84970S,United Kingdom,19699.31,23377,1391
85150,United Kingdom,19588.23,8087,1114
21174,United Kingdom,19447.02,9603,1163
22585,United Kingdom,19443.77,15346,1092
21622,United Kingdom,19422.14,3595,624
22568,United Kingdom,19392.22,5224,883
71053,United Kingdom,19233.39,4859,771
22633,United Kingdom,19230.13,9348,1016
84949,United Kingdom,19180.11,12039,712
22041,United Kingdom,19106.26,7757,561
84947,United Kingdom,19035.54,16049,725
21213,United Kingdom,19012.44,35150,1425
22693,United Kingdom,18865.88,16483,319
22900,United Kingdom,18785.86,5794,761
22424,United Kingdom,18665.36,1332,710
84406B,United Kingdom,18640.9,5728,846
20749,United Kingdom,18588.21,2594,650
22969,United Kingdom,18556.85,12207,688
85014A,United Kingdom,18439.05,4009,615
22381,United Kingdom,18373.77,8639,1061
20723,United Kingdom,18320.77,15414,1315
22169,United Kingdom,18251.2,2119,659
22427,United Kingdom,18030.01,2989,772
21340,United Kingdom,17977.36,1643,398
22294,United Kingdom,17808.25,14006,907
84997C,United Kingdom,17784.3,4700,819
84945,United Kingdom,17734.96,21594,649
22629,United Kingdom,17676.1,9105,1114
21484,United Kingdom,17653.7,4398,871
22492,United Kingdom,17627.49,27123,561
22625,United Kingdom,17617.33,1938,846
22061,United Kingdom,17496.97,1999,483
23209,United Kingdom,17453.17,10609,1015
22413,United Kingdom,17197.34,6082,828
22356,United Kingdom,17175.59,14936,1450
22952,United Kingdom,17141.68,28221,1168
84467,United Kingdom,17088.36,794,79
23206,United Kingdom,17039.98,9703,949
22273,United Kingdom,17004.22,6168,773
22147,United Kingdom,16978.35,12087,1197
35004C,United Kingdom,16918.23,3260,364
21936,United Kingdom,16713.69,5591,922
22837,United Kingdom,16554.72,3519,497
21430,United Kingdom,16415.82,4163,749
79323W,United Kingdom,16398.12,2704,341
22776,United Kingdom,16338.28,1570,661
21136,United Kingdom,16216.18,9701,731
22617,United Kingdom,16207.19,3303,835
23301,United Kingdom,16020.45,8621,911
22297,United Kingdom,15928.95,12054,1005
22423,EIRE,15927.45,1387,147
22561,United Kingdom,15873.54,9279,835
22328,United Kingdom,15807.21,5341,875
47591D,United Kingdom,15663.37,8430,1079
21535,United Kingdom,15392.2,6184,1083
21155,United Kingdom,15307.21,6213,943
23313,United Kingdom,15299.11,2881,399
22560,United Kingdom,15181.23,12436,720
22558,United Kingdom,15171.59,10593,1124
22366,United Kingdom,15077.96,2228,522
22487,United Kingdom,15042.7,1479,842
21908,United Kingdom,15015.21,7496,959
20750,United Kingdom,15000.22,2006,637
22170,United Kingdom,14999.21,2283,560
72760B,United Kingdom,14949.86,1543,467
82582,United Kingdom,14930.47,7384,812
48129,United Kingdom,14918.19,2411,498
17003,United Kingdom,14841.59,70990,464
22630,United Kingdom,14841.5,7229,1150
M,Norway,14756.64,5,5
21889,United Kingdom,14644.79,10794,1102
84970L,United Kingdom,14622.15,14245,1059
21533,United Kingdom,14589.27,2927,927
22173,United Kingdom,14568.0,4728,997
M,France,14513.07,9,8
22690,United Kingdom,14467.5,2341,400
21035,United Kingdom,14448.97,4475,887
22191,United Kingdom,14424.25,1743,589
22654,United Kingdom,14394.72,1986,565
22993,United Kingdom,14387.43,10812,1029
22652,United Kingdom,14210.28,8263,778
84050,United Kingdom,14204.32,9673,693
21891,United Kingdom,14090.36,11017,827
21216,United Kingdom,13992.58,2477,740
21877,United Kingdom,13935.31,12272,729
22692,United Kingdom,13930.78,1853,543
84992,United Kingdom,13853.91,27491,1437
21914,United Kingdom,13842.4,9717,866
20718,United Kingdom,13828.25,10010,1128
22365,United Kingdom,13822.71,2123,407
20748,United Kingdom,13758.03,1555,181
22150,United Kingdom,13654.3,7303,948
21218,United Kingdom,13646.31,3104,800
22730,United Kingdom,13627.54,3350,726
22193,United Kingdom,13625.78,1594,584
22423,Germany,13599.9,1218,95
21210,United Kingdom,13583.26,9209,990
21259,United Kingdom,13576.98,2235,643
21098,United Kingdom,13547.82,8484,649
21156,United Kingdom,13498.26,7233,807
22759,United Kingdom,13466.89,7788,769
35400,United Kingdom,13462.1,1375,412
22847,United Kingdom,13459.69,839,393
22207,United Kingdom,13422.66,3116,481
21165,United Kingdom,13349.88,8138,965
22296,United Kingdom,13347.06,7906,859
35970,United Kingdom,13338.58,7235,682
22804,United Kingdom,13327.23,4982,680
22326,Netherlands,13315.1,5210,45
22109,United Kingdom,13310.28,3179,658
22619,United Kingdom,13307.57,3341,674
22551,United Kingdom,13284.65,7290,1074
47556B,United Kingdom,13257.37,5054,433
22485,United Kingdom,13250.89,984,386
22909,United Kingdom,13237.02,14315,1107
22749,United Kingdom,13227.98,3136,692
21844,United Kingdom,13204.57,4605,443
75049L,United Kingdom,13186.31,13993,357
23343,United Kingdom,13175.83,5667,470
22326,United Kingdom,13079.83,3871,921
84997A,United Kingdom,13068.3,3468,519
22606,United Kingdom,13058.44,931,353
22179,United Kingdom,12905.8,1764,552
84378,United Kingdom,12857.45,9600,1194
15044A,United Kingdom,12725.75,4786,237
21770,United Kingdom,12711.2,2537,578
23356,United Kingdom,12709.97,2246,479
22464,United Kingdom,12692.15,7639,801
21704,United Kingdom,12643.8,16476,545
22655,United Kingdom,12640.0,73,51
22946,United Kingdom,12614.82,784,260
22940,United Kingdom,12593.04,2780,593
23200,United Kingdom,12514.2,6220,555
22444,United Kingdom,12506.56,8906,440
21912,United Kingdom,12477.5,3115,786
84375,United Kingdom,12473.52,5887,748
22557,United Kingdom,12421.96,7142,1059
62018,United Kingdom,12407.95,9545,125
21871,United Kingdom,12345.45,10372,767
79323P,United Kingdom,12290.93,2013,255
22616,United Kingdom,12249.4,38529,846
22295,United Kingdom,12248.8,7263,746
22621,United Kingdom,12185.71,7665,856
M,Singapore,12158.9,7,7
22144,United Kingdom,12105.29,4924,735
22791,United Kingdom,12061.71,9726,452
22943,United Kingdom,12039.22,2437,368
22766,United Kingdom,12002.99,4053,639
21975,United Kingdom,11987.8,24326,1248
22834,United Kingdom,11962.65,7110,660
85042,United Kingdom,11957.36,2629,286
21669,United Kingdom,11950.78,8956,780
22646,United Kingdom,11906.02,8358,867
20969,United Kingdom,11867.38,3170,621
22367,United Kingdom,11853.26,5826,1036
21326,United Kingdom,11822.33,18125,672
21257,United Kingdom,11788.63,1218,517
21935,United Kingdom,11774.11,6191,896
23328,United Kingdom,11711.59,2391,393
22947,United Kingdom,11703.05,890,196
22088,United Kingdom,11649.44,3887,593
21164,United Kingdom,11639.45,4101,670
21094,United Kingdom,11627.39,14753,823
23300,United Kingdom,11617.69,6707,765
22988,United Kingdom,11543.72,9580,483
23077,United Kingdom,11405.77,8395,308
22694,United Kingdom,11399.7,5052,920
21906,United Kingdom,11380.4,1548,394
22555,United Kingdom,11348.67,6855,809
21673,United Kingdom,11323.41,8367,719
84380,United Kingdom,11307.1,7984,1049
22301,United Kingdom,11269.26,4648,620
23207,United Kingdom,11266.5,6473,714
22488,United Kingdom,11264.47,6564,802
22508,United Kingdom,11214.04,2780,696
22556,United Kingdom,11164.53,6565,911
21868,United Kingdom,11143.72,9043,900
21735,United Kingdom,11120.65,857,254
22333,United Kingdom,11082.17,7068,567
21559,United Kingdom,11080.92,4141,1027
21172,United Kingdom,11065.92,7465,986
B,United Kingdom,11062.06,1,1
72351B,United Kingdom,11061.04,5721,511
22844,United Kingdom,11025.42,1156,484
21390,United Kingdom,11008.51,8595,592
21668,United Kingdom,10988.32,7835,765
22662,United Kingdom,10951.41,6451,926
85123A,Netherlands,10932.5,4270,28
22580,United Kingdom,10910.02,1932,453
23581,United Kingdom,10847.35,4639,332
22635,United Kingdom,10845.84,1112,402
21539,United Kingdom,10839.79,2120,669
22630,Netherlands,10797.9,6522,41
21922,United Kingdom,10789.02,1388,376
22768,United Kingdom,10767.66,1125,350
22584,United Kingdom,10766.94,4164,557
84212,United Kingdom,10754.04,22257,259
22729,United Kingdom,10742.63,2690,585
21672,United Kingdom,10732.17,7938,728
22151,United Kingdom,10703.77,25271,717
22629,Netherlands,10696.2,6460,47
22634,United Kingdom,10685.1,1105,408
22236,United Kingdom,10659.67,844,362
21624,United Kingdom,10653.05,1773,409
22174,United Kingdom,10645.16,5207,582
21888,United Kingdom,10606.06,2611,769
22627,United Kingdom,10587.78,1175,552
21428,United Kingdom,10582.68,2594,425
21670,United Kingdom,10559.53,7556,738
82001S,United Kingdom,10531.76,2923,233
15056P,United Kingdom,10510.52,2185,300
22271,United Kingdom,10443.05,3574,752
22130,United Kingdom,10417.56,8874,428
22198,United Kingdom,10414.73,5759,621
20828,United Kingdom,10397.21,4207,607
22505,United Kingdom,10358.93,2037,630
23240,United Kingdom,10338.52,2470,431
37370,United Kingdom,10325.55,6411,530
20676,United Kingdom,10273.25,8073,838
22645,United Kingdom,10267.39,5648,765
22082,United Kingdom,10241.57,5939,972
21121,United Kingdom,10229.03,8240,737
22623,United Kingdom,10177.43,1836,501
21907,United Kingdom,10175.33,4833,764
21982,United Kingdom,10152.45,31337,724
47567B,United Kingdom,10130.24,1882,330
47599A,United Kingdom,10116.88,5379,344
20975,United Kingdom,10106.83,15362,916
84988,United Kingdom,10078.3,6271,946
POST,United Kingdom,10074.68,175,80
21671,United Kingdom,10069.58,7554,670
22349,United Kingdom,10060.54,2439,352
22771,United Kingdom,10049.69,7400,513
21380,United Kingdom,10042.03,3344,617
22468,United Kingdom,10038.08,1492,392
C2,EIRE,10005.0,202,202
22667,United Kingdom,9946.55,3481,794
21169,United Kingdom,9870.48,5843,781
M,Hong Kong,9844.07,5,5
21033,United Kingdom,9827.46,4380,580
23582,United Kingdom,9802.89,4608,247
23174,United Kingdom,9796.18,2416,259
22740,United Kingdom,9793.89,11420,273
21498,United Kingdom,9787.42,24201,720
22812,United Kingdom,9785.68,4297,483
21488,United Kingdom,9768.83,2311,363
20829,United Kingdom,9764.14,4789,495
21154,United Kingdom,9721.47,6379,862
21890,United Kingdom,9712.5,3233,547
16014,United Kingdom,9704.58,30049,84
84880,United Kingdom,9624.71,1690,361
79000,United Kingdom,9623.92,11838,427
23108,United Kingdom,9622.36,1571,291
22970,United Kingdom,9606.9,4112,303
23084,Netherlands,9568.48,4801,7
21749,United Kingdom,9557.82,4901,262
22846,United Kingdom,9546.92,584,275
22192,United Kingdom,9544.56,1100,500
21756,United Kingdom,9538.41,1536,590
22750,United Kingdom,9536.31,2505,633
21833,United Kingdom,9520.18,5524,426
23208,United Kingdom,9485.11,5716,642
22554,United Kingdom,9483.46,5032,988
22300,United Kingdom,9474.8,3935,524
22352,United Kingdom,9468.97,3493,902
22120,United Kingdom,9463.92,928,354
22663,United Kingdom,9438.92,4613,654
22636,United Kingdom,9411.43,1120,390
22795,United Kingdom,9407.46,1290,491
22303,United Kingdom,9373.73,4045,425
21781,United Kingdom,9368.57,602,357
84792,United Kingdom,9367.84,2116,510
21892,United Kingdom,9353.93,7137,821
21260,United Kingdom,9346.93,2778,527
22649,United Kingdom,9339.82,1835,466
22553,United Kingdom,9311.86,5400,1062
22637,United Kingdom,9309.38,3494,547
21937,United Kingdom,9308.56,3062,624
22064,United Kingdom,9297.56,5759,688
21122,United Kingdom,9261.85,7480,717
21787,United Kingdom,9113.36,11228,428
22668,United Kingdom,9068.81,2927,521
22302,United Kingdom,9057.85,4338,340
22767,United Kingdom,9050.86,960,285
21745,United Kingdom,8997.35,2641,486
21731,Netherlands,8973.3,6154,36
84032A,United Kingdom,8970.02,3267,680
22089,United Kingdom,8953.86,3015,530
22121,United Kingdom,8953.43,1435,458
POST,Spain,8927.0,306,97
22219,United Kingdom,8922.8,9296,1173
20970,United Kingdom,8861.45,2330,577
21974,United Kingdom,8838.85,5746,741
20747,United Kingdom,8816.02,653,104
22357,United Kingdom,8796.57,1935,451
22725,United Kingdom,8792.45,2090,516
84987,United Kingdom,8761.0,5912,731
21531,United Kingdom,8760.82,3487,727
22180,United Kingdom,8736.56,833,361
23170,United Kingdom,8685.55,5279,382
22665,United Kingdom,8683.68,2619,677
22380,United Kingdom,8681.82,4179,649
22942,United Kingdom,8630.08,1103,251
22141,United Kingdom,8611.81,3475,602
21429,United Kingdom,8592.03,4642,935
84030E,United Kingdom,8589.76,1997,496
23171,United Kingdom,8584.09,5305,338
22110,United Kingdom,8556.17,2462,519
84692,United Kingdom,8535.5,17098,1111
23322,United Kingdom,8528.41,2945,573
82552,United Kingdom,8523.23,6020,801
21041,United Kingdom,8513.39,2448,538
23439,United Kingdom,8512.01,3811,414
22595,United Kingdom,8499.44,9734,776
21985,United Kingdom,8494.49,23761,932
22656,United Kingdom,8450.0,41,34
22274,United Kingdom,8418.25,2875,643
47570B,United Kingdom,8409.67,849,205
22748,United Kingdom,8361.79,3226,715
84839,United Kingdom,8324.05,1455,382
21769,United Kingdom,8322.67,131,47
22348,United Kingdom,8290.95,9700,897
21186,United Kingdom,8280.77,5108,372
22371,United Kingdom,8253.96,1670,682
22418,United Kingdom,8248.98,9564,537
23321,United Kingdom,8230.72,4590,637
23080,United Kingdom,8221.37,961,238
22968,United Kingdom,8207.41,771,283
20974,United Kingdom,8170.49,12396,859
48189,United Kingdom,8158.77,1275,264
22966,United Kingdom,8150.54,6491,699
21658,United Kingdom,8135.18,1900,509
22429,United Kingdom,8115.64,1826,624
84508A,United Kingdom,8091.48,3809,110
22904,United Kingdom,8088.24,2468,449
85064,United Kingdom,8087.21,1745,281
72807C,United Kingdom,8051.11,1869,340
21934,United Kingdom,8036.87,4414,728
22072,United Kingdom,8006.16,2032,510
23319,United Kingdom,7991.24,3203,377
82551,United Kingdom,7983.95,5556,759
84032B,United Kingdom,7947.84,3335,614
22195,United Kingdom,7929.85,4344,795
22326,Germany,7920.4,2776,213
22620,United Kingdom,7914.8,5678,753
21135,United Kingdom,7906.45,5594,386
22745,United Kingdom,7885.56,3012,683
85232B,United Kingdom,7875.43,1507,462
21242,United Kingdom,7873.88,4568,524
21411,United Kingdom,7869.04,1962,617
22838,United Kingdom,7853.81,507,255
23318,United Kingdom,7841.03,3223,355
23175,United Kingdom,7827.9,2567,274
22212,United Kingdom,7827.68,3618,816
22165,United Kingdom,7818.72,989,281
22358,United Kingdom,7787.55,2425,610
21042,United Kingdom,7772.08,1313,370
20914,EIRE,7763.2,2944,57
20754,United Kingdom,7758.63,3605,792
21385,United Kingdom,7758.27,8586,712
21875,United Kingdom,7757.25,6692,424
85067,United Kingdom,7745.29,470,170
22689,United Kingdom,7733.74,1006,249
22741,United Kingdom,7728.89,8933,266
22978,United Kingdom,7725.02,1948,204
21980,United Kingdom,7705.81,28092,613
20677,United Kingdom,7651.69,5951,673
22328,Japan,7633.05,2991,7
22950,United Kingdom,7627.64,5417,321
22055,United Kingdom,7598.35,4553,723
21086,United Kingdom,7584.03,11443,687
23076,United Kingdom,7566.96,6060,231
22798,United Kingdom,7563.41,2427,373
22328,Netherlands,7560.8,2960,33
22350,United Kingdom,7556.76,2705,323
22840,United Kingdom,7554.0,974,365
21116,United Kingdom,7546.12,1272,526
85099B,Netherlands,7545.0,4460,29
22992,United Kingdom,7542.44,3648,307
22784,United Kingdom,7540.52,1505,375
22283,United Kingdom,7540.1,899,352
21463,United Kingdom,7522.36,1358,305
22738,United Kingdom,7519.74,4084,506
85049A,United Kingdom,7489.76,5617,684
23082,United Kingdom,7477.08,2016,290
22528,United Kingdom,7410.89,5645,551
22809,United Kingdom,7405.15,2477,384
22327,United Kingdom,7402.79,2105,627
22549,United Kingdom,7388.96,4802,653
23535,United Kingdom,7382.04,1128,213
23493,United Kingdom,7365.03,3383,389
21716,United Kingdom,7359.29,2819,455
23534,United Kingdom,7349.65,1156,248
21876,United Kingdom,7348.19,5632,642
22839,United Kingdom,7325.99,441,261
22465,United Kingdom,7324.55,4517,482
23078,United Kingdom,7318.74,5803,231
85174,United Kingdom,7279.49,1476,380
23084,France,7277.2,4024,74
72351A,United Kingdom,7240.59,3666,406
22360,United Kingdom,7232.55,2374,435
21361,United Kingdom,7221.47,543,291
22466,United Kingdom,7215.07,3833,342
22224,United Kingdom,7200.55,2256,398
51008,United Kingdom,7157.4,2192,73
84568,United Kingdom,7155.3,34253,301
22588,United Kingdom,7152.01,2529,489
85065,United Kingdom,7134.19,585,248
22073,United Kingdom,7120.49,1752,447
22796,United Kingdom,7104.04,707,294
85049E,United Kingdom,7069.87,5158,815
21558,United Kingdom,7036.47,2522,713
79323LP,United Kingdom,6997.69,1167,160
11001,United Kingdom,6969.17,4565,246
21625,United Kingdom,6956.87,967,343
21777,United Kingdom,6930.81,820,358
POST,Belgium,6922.0,422,144
23543,United Kingdom,6883.56,1220,100
21588,United Kingdom,6878.55,2959,290
22423,Netherlands,6871.05,627,19
35004B,United Kingdom,6870.9,1487,278
22827,United Kingdom,6860.0,44,34
21870,United Kingdom,6859.76,5345,642
23215,United Kingdom,6844.96,3471,211
22187,United Kingdom,6837.2,2080,373
21874,United Kingdom,6785.22,5031,607
21114,United Kingdom,6784.66,5241,484
22243,Netherlands,6782.25,4669,26
22890,United Kingdom,6778.07,679,252
82580,United Kingdom,6760.31,11949,1350
21110,United Kingdom,6756.38,1453,313
22577,United Kingdom,6752.9,13121,830
21124,United Kingdom,6744.87,5423,535
POST,Switzerland,6741.0,152,55
22810,United Kingdom,6739.58,2186,355
22669,United Kingdom,6722.62,2054,409
22275,United Kingdom,6696.38,801,285
23103,United Kingdom,6691.06,3978,375
21768,United Kingdom,6684.84,494,157
21497,United Kingdom,6684.0,16800,461
85175,United Kingdom,6680.7,15618,440
21107,United Kingdom,6655.8,2311,324
21932,United Kingdom,6644.22,3056,619
ADJUST,United Kingdom,6611.39,12,12
21992,United Kingdom,6590.17,3197,670
22414,United Kingdom,6587.9,1098,210
22575,United Kingdom,6572.25,3043,345
21115,United Kingdom,6563.13,1010,412
23283,United Kingdom,6561.33,935,217
21715,United Kingdom,6557.05,2503,434
22493,United Kingdom,6544.89,4034,412
22354,United Kingdom,6543.92,1692,251
22644,United Kingdom,6532.7,4519,602
22781,United Kingdom,6520.52,792,293
22079,United Kingdom,6519.04,3760,651
85047,United Kingdom,6518.28,1028,236
22833,United Kingdom,6517.22,192,14
22417,United Kingdom,6498.09,11737,985
22282,United Kingdom,6469.75,487,198
85220,Denmark,6467.6,11960,2
23553,United Kingdom,6457.15,569,69
21984,United Kingdom,6451.25,23265,420
23134,United Kingdom,6414.61,1063,37
23541,United Kingdom,6400.31,816,148
23109,United Kingdom,6375.51,2227,262
85014D,United Kingdom,6361.0,1867,79
22845,United Kingdom,6351.95,929,370
21843,EIRE,6337.95,581,53
21494,United Kingdom,6318.73,3663,512
85068,United Kingdom,6317.39,917,183
20979,United Kingdom,6314.9,4757,610
21933,United Kingdom,6305.0,2911,597
22830,United Kingdom,6297.1,308,21
22526,United Kingdom,6252.26,507,196
22779,United Kingdom,6231.14,1658,181
23188,United Kingdom,6223.37,3335,327
20717,United Kingdom,6222.23,4895,737
21243,United Kingdom,6206.32,3690,413
22780,United Kingdom,6202.38,1654,173
22460,United Kingdom,6192.7,4690,374
22739,United Kingdom,6172.11,3188,600
22945,United Kingdom,6161.77,5823,335
22220,United Kingdom,6156.29,664,245
84997D,Spain,6154.47,1737,9
22783,United Kingdom,6153.1,466,43
16156S,United Kingdom,6144.12,15636,389
37450,United Kingdom,6143.39,2131,372
84884A,United Kingdom,6134.87,1677,308
22185,United Kingdom,6130.13,3842,468
22906,United Kingdom,6129.99,3302,491
22596,United Kingdom,6121.97,5900,431
23083,United Kingdom,6120.05,1601,236
20675,United Kingdom,6119.85,4829,600
21981,United Kingdom,6115.36,22648,505
23084,Japan,6100.32,3408,4
22550,United Kingdom,6095.96,1627,374
23320,United Kingdom,6083.44,2292,317
22855,United Kingdom,6082.29,4852,446
22498,United Kingdom,6078.14,967,381
23382,United Kingdom,6073.35,1502,194
22059,United Kingdom,6067.11,4484,476
22167,United Kingdom,6064.76,688,307
47599B,United Kingdom,6062.84,3165,265
21714,United Kingdom,6037.41,4165,525
22065,United Kingdom,6025.44,8194,482
23571,United Kingdom,6020.81,2607,248
21586,United Kingdom,6008.55,2579,255
22311,United Kingdom,6006.0,1840,295
22813,United Kingdom,5997.93,3029,361
22215,United Kingdom,5981.43,730,288
79067,United Kingdom,5973.83,1486,398
15060B,United Kingdom,5973.58,1282,429
22563,United Kingdom,5971.98,5081,546
20682,United Kingdom,5971.78,1727,463
23311,United Kingdom,5968.0,2186,321
22578,United Kingdom,5964.85,12161,773
21591,United Kingdom,5949.33,3935,396
22085,United Kingdom,5944.92,2177,216
84968C,United Kingdom,5940.54,490,176
21730,United Kingdom,5937.29,1205,324
22063,United Kingdom,5934.74,2147,350
22430,United Kingdom,5924.59,1218,336
22772,United Kingdom,5920.11,4362,320
22221,United Kingdom,5896.56,817,127
22826,United Kingdom,5870.0,54,38
23169,United Kingdom,5869.94,1358,295
84997C,Spain,5867.87,1661,8
22751,United Kingdom,5855.41,1508,451
22592,United Kingdom,5853.0,1410,296
22431,United Kingdom,5843.23,2882,561
22142,United Kingdom,5835.69,3804,528
22364,United Kingdom,5835.0,1799,333
22938,United Kingdom,5832.7,3122,257
37448,United Kingdom,5796.42,3834,516
21500,United Kingdom,5781.0,14350,442
21407,United Kingdom,5772.59,1260,453
21244,United Kingdom,5751.11,3481,364
23204,United Kingdom,5747.09,5415,498
22991,United Kingdom,5739.94,2842,247
21746,United Kingdom,5727.81,4482,436
85038,United Kingdom,5718.64,2735,401
22567,United Kingdom,5699.55,4527,461
21313,United Kingdom,5691.47,6565,422
84520B,United Kingdom,5674.94,6577,707
20712,Netherlands,5657.5,3330,23
22196,United Kingdom,5648.8,5933,1007
21238,United Kingdom,5645.56,6344,744
22241,United Kingdom,5644.92,4175,469
85123A,EIRE,5631.45,2095,87
22115,United Kingdom,5629.38,2837,504
22989,United Kingdom,5628.02,1666,314
85062,United Kingdom,5624.55,3359,353
21201,United Kingdom,5598.52,2312,232
82599,United Kingdom,5591.02,2530,532
21703,United Kingdom,5568.01,14382,558
48197,United Kingdom,5558.38,848,212
23485,United Kingdom,5552.52,249,76
21166,EIRE,5542.64,3098,47
22156,United Kingdom,5540.75,6132,613
22332,United Kingdom,5525.45,3520,348
72802C,United Kingdom,5524.78,1850,275
21499,United Kingdom,5520.34,13777,414
21989,United Kingdom,5515.62,7002,589
23531,United Kingdom,5496.56,970,111
47559B,United Kingdom,5487.04,4431,668
85061W,United Kingdom,5451.41,6304,495
23113,United Kingdom,5446.85,1063,42
22971,United Kingdom,5444.74,2266,258
21528,United Kingdom,5418.87,857,253
21667,United Kingdom,5418.55,308,150
23135,United Kingdom,5416.18,1541,45
22441,United Kingdom,5414.61,2490,479
40016,United Kingdom,5402.54,15214,242
79029,United Kingdom,5395.82,2904,353
72756,United Kingdom,5392.43,3967,126
84832,United Kingdom,5386.13,5818,613
21381,United Kingdom,5385.67,3013,529
22801,United Kingdom,5377.25,1311,312
23247,United Kingdom,5374.97,1742,280
21069,United Kingdom,5374.43,5068,288
22119,United Kingdom,5369.17,854,356
22361,United Kingdom,5365.27,1592,484
84971S,United Kingdom,5361.97,6324,467
22737,United Kingdom,5343.92,2920,506
23312,United Kingdom,5327.7,1260,211
22631,United Kingdom,5307.66,2390,527
23238,United Kingdom,5302.41,1217,242
22763,United Kingdom,5289.27,645,135
21363,United Kingdom,5282.28,975,418
85132C,United Kingdom,5275.89,1855,289
22504,United Kingdom,5271.83,246,76
21592,United Kingdom,5264.65,4737,486
22775,United Kingdom,5258.81,3685,298
10002,United Kingdom,5256.35,6593,327
22060,United Kingdom,5255.51,679,152
85063,United Kingdom,5252.29,297,176
21900,United Kingdom,5246.17,7772,863
37500,United Kingdom,5244.13,650,230
22476,United Kingdom,5243.07,1321,274
23133,United Kingdom,5240.7,744,147
22222,United Kingdom,5239.99,1262,379
21112,United Kingdom,5226.4,2072,188
21832,United Kingdom,5219.09,2945,457
22029,United Kingdom,5216.75,12158,941
22626,United Kingdom,5215.86,592,299
22687,United Kingdom,5211.97,817,133
22618,United Kingdom,5211.3,531,203
22998,United Kingdom,5210.74,12242,537
84937,United Kingdom,5195.04,2447,118
37446,United Kingdom,5189.48,3593,412
22854,United Kingdom,5183.19,1065,234
84509A,United Kingdom,5179.74,1311,380
22278,United Kingdom,5164.96,827,368
84950,United Kingdom,5164.85,7763,276
23118,United Kingdom,5145.48,680,227
22979,United Kingdom,5142.87,3179,344
21078,United Kingdom,5129.63,5810,710
21071,United Kingdom,5127.7,4375,504
23172,United Kingdom,5104.51,3063,267
22148,United Kingdom,5094.44,2434,283
23132,United Kingdom,5090.7,1010,150
22746,United Kingdom,5076.02,2080,539
22158,Netherlands,5071.2,1936,12
22030,United Kingdom,5071.12,12423,679
21181,EIRE,5068.8,2688,40
22564,United Kingdom,5052.65,4435,346
84968A,United Kingdom,5051.28,409,179
22412,United Kingdom,5050.56,2354,412
22660,United Kingdom,5022.72,766,188
22378,United Kingdom,5018.42,2542,473
22691,United Kingdom,5015.97,735,211
21563,United Kingdom,5015.49,2032,331
22186,United Kingdom,5012.16,1824,342
22841,United Kingdom,5009.83,633,286
21587,United Kingdom,4988.25,2007,278
23526,United Kingdom,4987.0,820,140
85132A,United Kingdom,4979.73,1278,246
22168,United Kingdom,4974.43,600,291
21584,United Kingdom,4973.1,3046,373
22131,United Kingdom,4968.99,2291,666
22377,United Kingdom,4968.18,2573,399
21700,United Kingdom,4950.56,3764,433
22117,United Kingdom,4949.74,1668,218
22489,United Kingdom,4948.92,11145,706
22602,United Kingdom,4948.42,5776,533
22078,United Kingdom,4945.66,2199,443
21737,United Kingdom,4925.61,259,147
22432,United Kingdom,4904.66,2532,434
23556,United Kingdom,4899.51,433,54
21495,United Kingdom,4898.8,11940,360
22895,United Kingdom,4887.07,1533,343
35961,Netherlands,4868.77,6697,27
21713,United Kingdom,4868.26,2559,402
22800,United Kingdom,4864.62,1195,285
POST,Portugal,4855.6,184,57
22045,United Kingdom,4844.64,11692,402
22849,United Kingdom,4837.68,306,137
22610,United Kingdom,4821.72,11641,271
23229,United Kingdom,4820.1,1326,219
21491,United Kingdom,4808.86,2577,240
23263,United Kingdom,4803.6,3572,467
46000S,United Kingdom,4795.15,3307,360
23554,United Kingdom,4793.03,421,58
21240,United Kingdom,4791.03,5411,650
23555,United Kingdom,4780.57,421,53
22353,United Kingdom,4776.74,1678,420
22907,United Kingdom,4770.27,5397,760
22080,United Kingdom,4767.23,2781,471
22898,United Kingdom,4751.73,2133,415
23126,United Kingdom,4744.34,935,274
22075,United Kingdom,4735.73,3131,367
84270,United Kingdom,4733.37,22503,465
23503,United Kingdom,4726.8,3536,336
20978,United Kingdom,4715.97,3499,556
21239,United Kingdom,4706.86,5191,649
23558,United Kingdom,4703.87,415,54
23570,United Kingdom,4696.87,2584,276
20983,United Kingdom,4689.63,5363,612
22435,United Kingdom,4687.84,3671,504
23052,United Kingdom,4687.09,501,234
21993,United Kingdom,4685.89,2494,578
21534,United Kingdom,4684.76,920,353
84796B,United Kingdom,4664.39,572,175
22107,United Kingdom,4661.53,1168,381
22426,United Kingdom,4661.44,1191,355
22732,United Kingdom,4660.51,3477,342
47568,United Kingdom,4659.62,2230,392
21523,EIRE,4657.8,704,49
22443,United Kingdom,4655.3,580,260
22328,Germany,4644.55,1633,139
22218,United Kingdom,4629.66,1056,228
23397,United Kingdom,4623.45,437,202
35961,United Kingdom,4621.91,4657,627
21864,United Kingdom,4614.38,1928,426
21903,United Kingdom,4611.59,2210,407
21731,France,4605.15,2791,136
47502,United Kingdom,4598.0,419,71
22200,United Kingdom,4581.61,1001,313
22329,United Kingdom,4578.0,2627,523
20751,United Kingdom,4574.4,2133,499
21811,United Kingdom,4567.44,6156,417
21916,United Kingdom,4567.13,10562,723
84997b,United Kingdom,4534.32,539,90
16161P,United Kingdom,4533.4,10898,388
23351,United Kingdom,4526.9,3256,339
22070,United Kingdom,4511.51,1505,296
23307,United Kingdom,4510.49,8381,570
22896,United Kingdom,4504.72,1758,352
22571,United Kingdom,4501.66,4966,487
22688,United Kingdom,4497.07,828,85
22848,United Kingdom,4495.9,275,123
20685,EIRE,4490.42,696,27
21918,United Kingdom,4485.66,10694,744
85184C,United Kingdom,4482.16,2102,336
23177,United Kingdom,4479.54,2021,250
23192,United Kingdom,4471.89,2445,306
21328,United Kingdom,4461.58,2308,664
22653,United Kingdom,4456.04,2370,378
21896,United Kingdom,4442.51,2124,284
84406B,Netherlands,4437.0,1436,20
84968B,United Kingdom,4436.86,327,122
23205,United Kingdom,4427.68,4115,432
20963,United Kingdom,4421.37,3233,512
21012,United Kingdom,4419.2,2347,310
23583,United Kingdom,4417.58,2670,314
20961,United Kingdom,4416.57,3296,519
22442,United Kingdom,4416.42,804,163
15044B,United Kingdom,4408.14,1589,180
22433,United Kingdom,4407.51,2353,392
21068,United Kingdom,4407.25,4248,389
21988,United Kingdom,4407.1,5993,346
21207,United Kingdom,4396.49,2842,240
21561,United Kingdom,4395.97,1690,455
21506,United Kingdom,4394.9,10558,644
82581,United Kingdom,4380.95,7905,918
22593,United Kingdom,4368.52,4804,403
22131,Netherlands,4358.7,2634,25
22574,United Kingdom,4356.57,4682,409
72807B,United Kingdom,4354.59,985,224
22926,United Kingdom,4352.52,711,236
22291,United Kingdom,4350.58,3150,272
23530,United Kingdom,4347.17,1038,84
20973,United Kingdom,4346.87,5914,650
79341,United Kingdom,4342.69,713,79
22227,United Kingdom,4340.66,6003,675
21718,United Kingdom,4340.07,3239,450
21878,United Kingdom,4339.59,5264,410
22505,Netherlands,4335.45,1015,26
84031A,United Kingdom,4330.32,1037,315
22838,EIRE,4325.35,337,12
23404,United Kingdom,4324.16,963,161
21109,United Kingdom,4310.35,1129,225
21544,United Kingdom,4305.49,5079,477
15044D,United Kingdom,4303.01,1508,218
21143,United Kingdom,4292.78,2135,205
21986,United Kingdom,4291.32,11759,449
21872,United Kingdom,4288.96,4296,317
22551,Netherlands,4279.35,2931,27
22604,United Kingdom,4278.12,1711,244
10135,United Kingdom,4267.9,3903,329
23293,United Kingdom,4241.76,4889,482
23154,United Kingdom,4241.44,1878,220
72807A,United Kingdom,4236.43,913,223
37495,United Kingdom,4231.55,1129,276
15039,United Kingdom,4224.88,4958,302
M,Portugal,4223.94,8,7
21810,United Kingdom,4222.03,6597,371
21559,Netherlands,4221.75,2005,25
21471,United Kingdom,4200.28,1157,295
21169,EIRE,4181.52,2856,25
22199,United Kingdom,4169.46,930,355
23168,United Kingdom,4162.48,2968,320
22335,United Kingdom,4160.86,5962,524
22611,United Kingdom,4160.7,870,192
23165,United Kingdom,4157.81,2457,266
23286,United Kingdom,4151.81,4303,182
23256,United Kingdom,4141.57,967,271
22374,United Kingdom,4135.57,816,396
POST,Finland,4131.0,107,45
35832,United Kingdom,4126.3,1328,169
23089,United Kingdom,4125.03,2301,224
22554,Netherlands,4120.95,2835,25
21967,United Kingdom,4118.63,14705,481
20966,United Kingdom,4101.93,2832,435
21901,United Kingdom,4092.56,6198,726
23162,United Kingdom,4088.26,1107,156
21743,United Kingdom,4085.67,1405,198
POST,Netherlands,4083.0,250,100
22318,United Kingdom,4082.81,1268,360
22583,United Kingdom,4078.35,1524,339
21706,United Kingdom,4077.61,1122,222
23234,United Kingdom,4073.66,1334,264
22743,United Kingdom,4062.63,1313,350
22672,United Kingdom,4061.35,2402,367
23310,United Kingdom,4057.68,9710,228
20982,United Kingdom,4055.95,4630,585
22582,United Kingdom,4052.11,1576,280
22548,United Kingdom,4047.96,3215,437
22125,United Kingdom,4041.49,645,190
22573,United Kingdom,4039.19,4401,399
72349B,United Kingdom,4037.4,1983,295
22760,United Kingdom,4036.16,311,111
21064,United Kingdom,4031.34,782,163
23285,United Kingdom,4017.4,4110,156
22661,United Kingdom,4016.55,4759,542
23184,United Kingdom,4014.35,705,250
23288,United Kingdom,4009.34,4084,158
21899,United Kingdom,4007.65,6076,646
21034,United Kingdom,4006.15,4217,2169
85178,United Kingdom,4004.32,3396,302
21990,United Kingdom,3995.63,2112,498
23486,United Kingdom,3995.62,266,69
85123a,United Kingdom,3992.39,597,101
22299,United Kingdom,3989.63,3553,191
22491,United Kingdom,3986.5,4797,363
22053,United Kingdom,3985.89,4523,86
70006,United Kingdom,3985.42,4290,303
23349,United Kingdom,3982.6,2933,326
22359,United Kingdom,3973.32,1244,205
22639,United Kingdom,3972.59,1630,286
21590,United Kingdom,3968.64,3288,300
22594,United Kingdom,3964.21,4219,398
47580,United Kingdom,3961.31,1514,338
22736,United Kingdom,3952.03,2125,416
22721,United Kingdom,3946.86,855,275
23309,United Kingdom,3932.9,7138,397
22777,United Kingdom,3932.26,463,107
23557,United Kingdom,3930.27,350,32
21812,United Kingdom,3923.52,802,208
23494,United Kingdom,3922.71,555,180
21524,EIRE,3907.13,599,45
22437,United Kingdom,3905.86,4623,389
23167,United Kingdom,3904.94,5078,218
22534,United Kingdom,3892.12,8731,541
22118,United Kingdom,3890.8,804,287
22790,United Kingdom,3884.0,200,1
21474,United Kingdom,3870.3,194,88
22284,United Kingdom,3867.65,2373,302
20967,United Kingdom,3858.83,1016,310
22612,United Kingdom,3858.63,965,107
84968D,United Kingdom,3858.01,338,96
84596B,United Kingdom,3857.71,5903,724
21679,United Kingdom,3853.3,4654,360
22778,United Kingdom,3850.89,977,198
22851,United Kingdom,3847.82,4724,528
37447,United Kingdom,3844.33,2402,335
22304,United Kingdom,3841.38,1984,157
85040B,United Kingdom,3838.65,2464,265
21556,United Kingdom,3835.35,1436,281
21192,United Kingdom,3835.09,2093,241
48129,EIRE,3835.02,592,39
21846,United Kingdom,3832.85,1592,271
21911,United Kingdom,3828.64,2389,341
23275,United Kingdom,3827.36,3100,321
22509,United Kingdom,3823.46,285,156
79320,United Kingdom,3816.78,788,137
22475,United Kingdom,3815.98,751,260
35924,United Kingdom,3812.24,2035,187
71038,United Kingdom,3811.05,721,148
23012,United Kingdom,3810.46,964,236
22733,United Kingdom,3797.77,2899,339
85053,United Kingdom,3794.22,1757,358
22057,United Kingdom,3792.14,2889,250
22562,United Kingdom,3791.74,3178,388
22425,United Kingdom,3786.95,735,287
84016,United Kingdom,3786.63,992,61
22326,France,3784.75,1309,113
23296,United Kingdom,3784.34,3046,327
22628,United Kingdom,3772.83,721,274
POST,Sweden,3771.0,93,48
51014A,United Kingdom,3766.08,5452,358
84598,United Kingdom,3755.66,17919,214
21349,United Kingdom,3754.58,510,168
22601,United Kingdom,3750.7,4204,391
84969,United Kingdom,3748.38,834,330
84580,United Kingdom,3747.2,975,440
46000M,United Kingdom,3746.35,2417,347
21813,United Kingdom,3744.85,799,193
22461,United Kingdom,3735.28,417,152
21707,United Kingdom,3729.55,913,158
22723,United Kingdom,3727.52,1006,281
23144,United Kingdom,3717.47,4453,258
21067,United Kingdom,3715.72,4666,268
22458,United Kingdom,3711.3,1489,175
22202,United Kingdom,3710.12,906,237
85206A,United Kingdom,3707.36,2160,306
21627,United Kingdom,3706.33,189,115
22166,United Kingdom,3705.49,454,166
21351,United Kingdom,3703.7,1088,178
22731,United Kingdom,3702.43,2727,277
22276,United Kingdom,3691.58,1381,329
21795,United Kingdom,3683.94,437,76
23112,United Kingdom,3680.58,429,214
22788,United Kingdom,3675.41,446,77
84968E,United Kingdom,3671.63,316,92
21609,United Kingdom,3670.1,1310,212
22175,United Kingdom,3666.37,1226,341
21908,EIRE,3663.6,1956,24
20725,Netherlands,3661.5,2510,26
21452,United Kingdom,3654.01,1123,355
22244,United Kingdom,3651.92,1648,354
21100,United Kingdom,3650.88,2448,270
21866,United Kingdom,3649.89,2184,478
72802A,United Kingdom,3648.49,877,185
23340,United Kingdom,3646.48,2236,150
16161U,United Kingdom,3643.92,8976,281
22774,United Kingdom,3643.78,2811,182
85049G,United Kingdom,3643.51,2944,476
22162,United Kingdom,3641.46,1181,272
22600,United Kingdom,3638.39,4115,410
21976,United Kingdom,3635.43,5846,811
23182,United Kingdom,3634.26,3676,440
20785,United Kingdom,3632.4,101,36
23552,United Kingdom,3630.31,1732,115
22451,United Kingdom,3629.14,1064,229
21329,United Kingdom,3627.85,1987,570
72802B,United Kingdom,3619.29,1257,210
22128,United Kingdom,3618.33,2927,167
23542,United Kingdom,3611.76,482,82
22842,United Kingdom,3611.63,541,204
22454,United Kingdom,3610.24,1296,166
22765,United Kingdom,3603.65,322,51
22964,United Kingdom,3603.15,1642,368
23007,United Kingdom,3602.2,229,135
22203,United Kingdom,3594.99,894,343
21447,United Kingdom,3593.89,2576,333
21153,United Kingdom,3591.79,327,121
23236,United Kingdom,3588.28,1212,265
22807,United Kingdom,3581.27,1180,297
18097C,United Kingdom,3577.03,1603,212
23091,United Kingdom,3575.07,567,211
20784,United Kingdom,3570.87,101,37
23198,United Kingdom,3569.95,2253,425
22095,United Kingdom,3562.62,3319,316
23158,United Kingdom,3554.63,1638,222
82494l,United Kingdom,3545.55,424,88
21648,United Kingdom,3545.46,2588,228
23092,United Kingdom,3536.58,495,124
20786,United Kingdom,3533.9,99,32
22744,United Kingdom,3531.56,1244,287
22027,United Kingdom,3525.25,8014,718
21470,United Kingdom,3519.92,921,299
22423,France,3518.1,294,64
23314,United Kingdom,3511.46,270,104
21845,United Kingdom,3510.8,2306,152
85114B,United Kingdom,3510.29,1932,225
22959,United Kingdom,3509.92,8576,263
22478,United Kingdom,3502.19,2492,297
21486,United Kingdom,3500.59,1060,300
23130,United Kingdom,3496.18,834,176
21355,United Kingdom,3495.68,2825,333
22797,United Kingdom,3471.96,196,131
23127,United Kingdom,3471.6,676,183
23085,United Kingdom,3468.83,365,82
21614,United Kingdom,3464.52,1224,181
22579,United Kingdom,3460.55,6359,551
22782,United Kingdom,3458.05,239,79
20726,Netherlands,3457.5,2350,23
22428,United Kingdom,3457.18,468,201
21472,United Kingdom,3456.22,880,273
22483,United Kingdom,3443.67,1129,306
22244,Netherlands,3442.95,2061,22
21364,United Kingdom,3434.72,472,171
84078A,EIRE,3430.1,98,7
85040A,United Kingdom,3426.86,1928,412
22589,United Kingdom,3417.99,1206,244
23480,United Kingdom,3414.94,858,160
84997D,Netherlands,3410.18,950,15
22071,United Kingdom,3408.63,1266,241
21794,United Kingdom,3405.88,686,176
22183,United Kingdom,3404.47,604,217
20886,United Kingdom,3404.25,1698,317
20750,France,3398.7,442,111
23332,United Kingdom,3395.86,1970,292
21537,United Kingdom,3384.59,769,232
21564,United Kingdom,3383.27,1458,274
23569,United Kingdom,3378.46,666,170
84352,United Kingdom,3378.08,197,121
23084,Australia,3375.84,1884,6
23163,United Kingdom,3368.38,1324,185
44230,United Kingdom,3365.72,345,52
23050,United Kingdom,3362.55,385,176
22769,United Kingdom,3356.68,159,43
84813,United Kingdom,3351.75,425,100
23013,United Kingdom,3344.71,833,213
22154,United Kingdom,3339.93,7746,349
21327,United Kingdom,3336.69,1882,514
21191,United Kingdom,3329.36,1382,211
22285,United Kingdom,3328.78,2076,269
22792,United Kingdom,3327.8,3570,274
20674,United Kingdom,3324.8,2590,408
21830,United Kingdom,3320.46,7975,272
84472,United Kingdom,3310.42,85,28
22823,United Kingdom,3310.0,29,16
20977,United Kingdom,3309.31,2364,421
84997B,Netherlands,3299.22,942,12
84879,France,3295.88,2132,32
23426,United Kingdom,3294.15,1223,203
22764,United Kingdom,3286.89,175,23
21577,United Kingdom,3283.87,1329,380
22127,United Kingdom,3280.71,2688,139
20981,United Kingdom,3273.44,3779,462
23497,United Kingdom,3268.32,2284,183
22440,United Kingdom,3262.07,8196,303
22536,United Kingdom,3260.53,8373,376
84997d,United Kingdom,3258.31,390,86
22138,EIRE,3252.15,713,69
84797A,United Kingdom,3251.0,466,41
79164,United Kingdom,3247.85,3689,96
84836,Netherlands,3246.48,3024,16
22591,United Kingdom,3241.1,1092,199
22047,United Kingdom,3241.0,7950,256
22794,United Kingdom,3240.24,382,208
22459,United Kingdom,3238.23,1309,173
18098C,United Kingdom,3234.16,1216,254
23129,United Kingdom,3231.25,751,159
23111,United Kingdom,3231.04,262,117
22899,United Kingdom,3227.09,1442,365
22902,United Kingdom,3224.68,1570,200
21784,United Kingdom,3223.18,256,175
23081,United Kingdom,3220.0,378,124
21179,United Kingdom,3219.07,3958,509
22670,United Kingdom,3214.49,2416,420
22172,United Kingdom,3212.12,349,176
22699,EIRE,3210.0,1200,67
23297,United Kingdom,3209.78,1998,130
23350,United Kingdom,3206.33,2521,297
23110,United Kingdom,3201.78,520,228
21732,United Kingdom,3199.57,921,61
84837,United Kingdom,3197.29,250,144
23193,United Kingdom,3195.03,1481,167
POST,Italy,3187.0,78,31
21352,United Kingdom,3185.01,879,167
22747,United Kingdom,3178.92,1360,382
22556,France,3175.2,1936,107
22951,United Kingdom,3168.5,5567,576
84558A,United Kingdom,3164.98,1100,211
21820,United Kingdom,3162.75,800,195
23241,United Kingdom,3162.51,1398,330
22862,United Kingdom,3156.26,700,228
21055,United Kingdom,3155.21,306,204
21164,EIRE,3155.2,1216,20
22477,United Kingdom,3153.03,2247,266
20956,United Kingdom,3149.0,2372,255
21557,United Kingdom,3135.99,914,308
20750,Netherlands,3132.15,493,20
22281,United Kingdom,3125.21,484,139
84356,United Kingdom,3113.89,633,124
23014,United Kingdom,3113.83,771,202
23157,United Kingdom,3112.18,1501,151
84031B,United Kingdom,3107.79,799,272
23354,United Kingdom,3099.06,3342,302
22960,EIRE,3097.5,786,35
20681,United Kingdom,3097.29,859,295
22076,United Kingdom,3089.43,2088,378
22762,United Kingdom,3084.7,188,127
23254,United Kingdom,3083.36,734,210
23049,United Kingdom,3071.84,356,152
M,Germany,3071.27,11,11
22894,United Kingdom,3068.03,326,136
23323,United Kingdom,3066.98,1431,301
22386,Netherlands,3061.85,1801,21
48184,EIRE,3061.34,468,26
22700,United Kingdom,3061.01,1351,94
35001W,United Kingdom,3057.73,967,199
POST,Austria,3056.0,77,32
22892,United Kingdom,3049.28,2458,236
22773,United Kingdom,3048.78,2277,226
22272,United Kingdom,3043.11,1070,290
23194,United Kingdom,3042.82,1356,202
20719,Netherlands,3041.25,4205,35
21902,United Kingdom,3040.71,4686,494
21111,United Kingdom,3040.5,1307,213
22702,United Kingdom,3038.72,1533,89
21626,United Kingdom,3037.5,1503,213
21765,United Kingdom,3036.64,366,148
23064,United Kingdom,3033.16,205,20
23461,United Kingdom,3032.91,845,104
20992,United Kingdom,3030.59,5805,451
22242,United Kingdom,3030.39,1823,271
23393,United Kingdom,3027.91,753,224
21705,United Kingdom,3023.1,2431,225
20724,Netherlands,3020.0,4180,31
22122,United Kingdom,3018.68,1003,190
84912B,United Kingdom,3017.65,1112,263
23295,United Kingdom,3014.66,3433,395
21245,United Kingdom,3013.14,1797,259
23032,United Kingdom,3012.78,1766,188
21473,United Kingdom,3012.66,147,86
21829,United Kingdom,3010.64,13901,393
22406,United Kingdom,3009.73,2367,218
23191,United Kingdom,3006.54,1818,265
47505,United Kingdom,3004.67,628,162
21913,United Kingdom,3000.96,755,273
22805,United Kingdom,3000.23,2184,232
23008,United Kingdom,2996.76,190,91
22497,United Kingdom,2990.58,616,249
POST,Norway,2990.5,60,21
22927,United Kingdom,2989.86,463,166
23329,United Kingdom,2987.04,1736,256
22474,United Kingdom,2985.01,544,231
84997c,United Kingdom,2984.28,356,80
21731,Germany,2983.2,1808,106
15058B,United Kingdom,2982.17,388,141
22177,United Kingdom,2982.06,313,121
23232,United Kingdom,2980.5,7325,220
21628,United Kingdom,2975.98,150,81
23176,United Kingdom,2972.28,1333,188
22449,United Kingdom,2970.54,894,265
22341,United Kingdom,2969.31,1671,238
21333,United Kingdom,2967.9,980,217
21056,United Kingdom,2962.28,306,169
84596F,United Kingdom,2954.69,4337,599
22891,United Kingdom,2949.44,588,233
22090,France,2948.45,1091,64
23353,United Kingdom,2939.53,3291,295
23395,United Kingdom,2938.33,663,205
22208,United Kingdom,2932.55,2270,445
22423,Australia,2930.7,266,9
22294,Netherlands,2928.77,2737,13
22816,United Kingdom,2926.89,6725,431
C2,United Kingdom,2925.0,59,59
22385,Netherlands,2921.45,1731,16
21408,United Kingdom,2914.34,660,234
15044C,United Kingdom,2909.28,925,230
47566,EIRE,2907.1,694,37
22223,United Kingdom,2906.33,597,156
22822,United Kingdom,2904.87,486,185
21688,United Kingdom,2904.66,931,146
21469,United Kingdom,2900.76,1010,188
21507,United Kingdom,2896.66,6773,530
21466,United Kingdom,2895.69,761,259
22811,United Kingdom,2890.16,1010,146
22197,EIRE,2880.6,3756,63
22305,United Kingdom,2879.73,1411,126
22292,United Kingdom,2868.22,2074,231
15058A,United Kingdom,2867.78,435,136
84279P,United Kingdom,2860.37,679,261
21272,United Kingdom,2858.65,2140,343
21509,United Kingdom,2857.57,6776,569
37340,United Kingdom,2854.7,7740,204
84968F,United Kingdom,2849.96,237,117
22572,United Kingdom,2843.12,3117,363
22957,United Kingdom,2842.95,977,173
84944,United Kingdom,2842.78,989,195
84912A,United Kingdom,2842.69,1053,225
21519,United Kingdom,2841.11,6594,509
84510A,United Kingdom,2840.71,2049,465
20692,United Kingdom,2839.51,687,131
21987,United Kingdom,2835.45,4564,313
22944,United Kingdom,2829.96,3671,147
21212,EIRE,2829.6,6024,88
22101,United Kingdom,2822.08,1922,119
22530,United Kingdom,2816.82,6389,436
82578,United Kingdom,2814.49,4957,707
22155,United Kingdom,2812.38,6230,375
22930,United Kingdom,2809.3,1106,184
21324,United Kingdom,2801.47,998,181
21728,United Kingdom,2798.61,300,42
22965,United Kingdom,2795.15,1312,240
22980,United Kingdom,2793.86,1640,264
85049C,United Kingdom,2786.16,2190,471
23504,United Kingdom,2778.89,1871,213
22419,United Kingdom,2778.63,5541,493
20985,United Kingdom,2775.51,2150,288
47504K,United Kingdom,2773.55,2431,307
22293,United Kingdom,2770.46,1970,235
85184D,United Kingdom,2769.76,4333,58
20665,United Kingdom,2769.62,823,289
22352,France,2766.75,1085,120
84754,United Kingdom,2765.95,2177,238
22245,United Kingdom,2765.62,3102,371
22492,Sweden,2761.2,4248,12
21821,United Kingdom,2758.81,676,160
22925,United Kingdom,2757.71,441,193
21796,United Kingdom,2756.69,322,65
23051,United Kingdom,2753.24,308,144
22983,United Kingdom,2752.04,6472,544
21354,United Kingdom,2748.32,2292,209
22581,United Kingdom,2747.97,3419,400
84909A,United Kingdom,2746.55,205,29
22194,United Kingdom,2742.9,313,153
21948,United Kingdom,2742.69,2142,271
22603,United Kingdom,2741.46,3063,380
22372,United Kingdom,2739.65,526,278
22554,France,2739.6,1672,101
22473,United Kingdom,2727.77,721,188
21467,United Kingdom,2727.5,882,239
22803,United Kingdom,2725.74,73,40
21717,United Kingdom,2723.34,986,145
22696,United Kingdom,2714.07,1371,304
22666,EIRE,2712.4,952,52
21360,United Kingdom,2704.96,430,98
23009,United Kingdom,2696.07,172,90
21709,United Kingdom,2693.57,659,111
22950,EIRE,2693.4,2076,17
21693,United Kingdom,2692.9,883,126
23035,United Kingdom,2688.49,1825,172
21818,United Kingdom,2687.87,4328,318
M,Malta,2686.75,2,2
21121,Netherlands,2684.74,2498,14
22217,United Kingdom,2683.09,2250,215
22519,United Kingdom,2676.03,1271,251
21218,Netherlands,2674.5,822,22
22664,United Kingdom,2670.68,1279,252
22755,United Kingdom,2661.73,3203,500
22161,United Kingdom,2660.5,6316,510
22398,United Kingdom,2659.63,3058,376
22184,United Kingdom,2653.81,360,141
85199S,United Kingdom,2646.71,5659,499
22713,United Kingdom,2645.57,6149,378
85232B,Sweden,2643.3,534,6
90062,United Kingdom,2642.42,208,114
84795C,United Kingdom,2641.29,311,127
22754,United Kingdom,2638.79,3246,485
22479,United Kingdom,2638.71,1895,215
21742,United Kingdom,2636.2,434,197
79323GR,United Kingdom,2632.16,428,79
84519A,United Kingdom,2630.26,1101,198
22494,United Kingdom,2629.96,1849,437
22434,United Kingdom,2627.04,1356,261
22341,Spain,2620.8,1728,3
22518,United Kingdom,2619.65,1251,259
23237,United Kingdom,2619.09,631,144
84997D,Finland,2618.94,714,15
90057,United Kingdom,2615.88,1756,35
23210,United Kingdom,2609.75,2023,183
22375,United Kingdom,2609.28,503,278
21917,United Kingdom,2608.33,6214,453
79072,United Kingdom,2607.75,233,96
84849B,United Kingdom,2607.4,1529,278
22710,United Kingdom,2606.28,6634,159
22597,United Kingdom,2604.32,4318,291
23306,United Kingdom,2601.93,1719,236
23056,United Kingdom,2601.9,909,40
84991,EIRE,2601.0,5580,82
85227,United Kingdom,2600.92,2822,439
23333,United Kingdom,2599.2,2012,240
82597,United Kingdom,2599.06,1224,220
21923,United Kingdom,2599.04,329,115
22382,Netherlands,2598.65,1781,23
21744,United Kingdom,2596.9,860,228
22467,Germany,2591.4,1120,65
72800E,United Kingdom,2588.59,1356,303
22347,United Kingdom,2586.26,2224,109
21054,United Kingdom,2582.45,273,164
23489,United Kingdom,2582.07,869,159
22531,United Kingdom,2581.58,5826,377
23299,United Kingdom,2576.63,669,130
85035C,United Kingdom,2576.29,1320,204
22331,United Kingdom,2575.85,1435,315
21212,Netherlands,2572.8,6096,27
15058C,United Kingdom,2571.62,432,116
37501,United Kingdom,2564.41,355,156
21246,United Kingdom,2563.93,519,177
85132B,United Kingdom,2548.05,879,118
22704,United Kingdom,2547.26,6103,229
22066,United Kingdom,2546.23,3110,280
20752,United Kingdom,2544.88,1338,347
22843,United Kingdom,2544.51,379,160
22818,United Kingdom,2540.82,5806,391
22190,United Kingdom,2539.11,1356,252
20787,United Kingdom,2535.1,69,32
23131,United Kingdom,2531.33,623,110
72799E,United Kingdom,2530.44,1199,185
22037,United Kingdom,2528.88,5800,568
21257,EIRE,2526.3,354,29
23189,United Kingdom,2525.54,876,124
21642,United Kingdom,2521.28,4299,261
20725,France,2521.0,1540,100
22423,Spain,2520.75,209,30
21422,United Kingdom,2519.72,3043,148
20668,United Kingdom,2518.97,21484,386
23065,United Kingdom,2517.24,195,88
37410,Denmark,2516.4,25164,2
22629,France,2514.0,1320,82
23407,United Kingdom,2510.43,245,124
23230,United Kingdom,2509.42,6051,210
22576,United Kingdom,2503.25,2697,333
85034B,United Kingdom,2501.64,1123,149
21686,United Kingdom,2500.09,66,34
22452,United Kingdom,2499.25,988,217
20725,EIRE,2498.8,1672,36
21323,United Kingdom,2498.39,738,82
22671,United Kingdom,2488.45,1468,250
23147,United Kingdom,2486.85,1685,249
85034C,United Kingdom,2485.12,1237,205
22757,United Kingdom,2484.35,2083,301
22554,Germany,2483.25,1505,109
22789,United Kingdom,2482.56,1268,208
22415,United Kingdom,2480.4,312,200
21808,United Kingdom,2479.28,938,143
21949,United Kingdom,2477.08,2020,254
22625,Germany,2475.2,310,49
85041,United Kingdom,2475.02,1844,98
22352,Netherlands,2473.05,1171,19
22439,United Kingdom,2472.24,3695,372
23253,United Kingdom,2470.36,156,57
23396,United Kingdom,2469.28,579,195
22551,France,2464.65,1517,82
21731,Australia,2464.2,1668,13
85035B,United Kingdom,2462.76,967,133
22136,United Kingdom,2462.72,1428,255
22629,Germany,2462.4,1312,71
22077,Germany,2461.95,1431,87
21897,United Kingdom,2461.41,805,107
47480,United Kingdom,2460.93,1473,147
82567,United Kingdom,2459.13,1183,495
22956,United Kingdom,2456.92,1234,254
22472,United Kingdom,2456.39,462,196
22176,United Kingdom,2452.8,793,235
23342,United Kingdom,2452.21,283,148
22939,United Kingdom,2451.9,477,150
22153,United Kingdom,2444.11,5630,306
21206,United Kingdom,2443.15,1660,218
21481,Netherlands,2442.33,863,21
22972,United Kingdom,2440.46,1374,228
21508,United Kingdom,2440.24,5758,506
22828,United Kingdom,2440.0,16,11
22081,United Kingdom,2439.21,1351,296
23239,United Kingdom,2434.59,603,164
21924,United Kingdom,2431.01,308,120
22309,United Kingdom,2430.88,865,249
23100,United Kingdom,2428.37,1893,254
22312,United Kingdom,2425.7,644,233
23389,United Kingdom,2418.09,519,188
22445,United Kingdom,2413.47,746,236
22352,Germany,2407.5,1050,63
21390,Netherlands,2406.96,2232,11
22067,United Kingdom,2403.24,1449,248
21682,United Kingdom,2402.19,475,147
22342,United Kingdom,2400.08,1687,227
21188,United Kingdom,2398.25,773,125
85183B,United Kingdom,2398.01,1508,159
23053,United Kingdom,2396.32,260,132
22091,United Kingdom,2395.96,3057,330
21792,United Kingdom,2394.0,468,140
21823,United Kingdom,2392.01,2391,232
21540,United Kingdom,2390.7,1322,88
84828,United Kingdom,2388.91,1728,319
51014C,United Kingdom,2387.98,3754,254
22556,Netherlands,2387.7,1610,24
23159,United Kingdom,2387.68,1135,175
22650,United Kingdom,2386.12,1542,275
21465,United Kingdom,2384.39,662,171
20702,United Kingdom,2382.95,567,205
47585A,United Kingdom,2380.38,998,136
22376,United Kingdom,2379.22,465,242
22676,United Kingdom,2378.77,1757,306
22908,United Kingdom,2372.22,2757,406
21380,Spain,2371.5,882,6
21274,United Kingdom,2369.69,171,104
22129,United Kingdom,2369.24,2292,154
22112,EIRE,2368.5,526,44
23266,United Kingdom,2361.32,1747,317
23536,United Kingdom,2360.13,426,79
22500,United Kingdom,2359.01,524,194
21809,United Kingdom,2358.42,2916,218
21204,United Kingdom,2357.4,1398,195
85116,United Kingdom,2354.95,1960,188
22962,United Kingdom,2354.94,2691,304
85015,United Kingdom,2354.94,2558,235
23412,United Kingdom,2354.8,358,77
84509F,United Kingdom,2351.1,2753,41
21898,United Kingdom,2350.01,763,113
22829,United Kingdom,2349.17,229,117
37502,United Kingdom,2349.04,783,163
22525,United Kingdom,2348.91,1592,317
23400,United Kingdom,2346.84,451,104
85107,United Kingdom,2346.19,1231,78
85036A,United Kingdom,2344.96,610,179
23240,Netherlands,2344.15,625,8
22314,United Kingdom,2344.03,667,217
20960,United Kingdom,2343.42,1726,211
85034A,United Kingdom,2343.07,843,145
23406,United Kingdom,2341.41,443,106
23352,United Kingdom,2340.45,1705,208
22905,United Kingdom,2339.88,822,190
84997C,Netherlands,2339.5,658,10
21288,United Kingdom,2337.24,901,219
85106,United Kingdom,2333.74,1208,66
22566,United Kingdom,2332.05,2784,309
22674,United Kingdom,2331.8,1818,287
84795B,United Kingdom,2323.44,291,94
20712,Germany,2323.42,1194,76
85172,United Kingdom,2321.18,4382,153
22675,United Kingdom,2320.26,1842,263
23146,United Kingdom,2319.28,696,217
23264,United Kingdom,2317.06,1664,292
21464,United Kingdom,2316.5,546,215
21804,United Kingdom,2316.35,614,152
22296,Netherlands,2312.85,1585,11
22270,United Kingdom,2312.42,598,149
22078,Netherlands,2310.0,1200,12
22325,United Kingdom,2306.33,521,195
85114A,United Kingdom,2305.54,1388,105
22480,United Kingdom,2305.3,1876,260
21187,United Kingdom,2300.12,1374,158
22758,United Kingdom,2299.48,2050,314
22421,United Kingdom,2297.41,4576,415
23401,United Kingdom,2292.37,449,78
22356,Netherlands,2292.35,3171,24
21211,United Kingdom,2291.54,1651,216
22450,United Kingdom,2281.57,677,171
85035A,United Kingdom,2280.81,611,186
21203,United Kingdom,2280.55,1378,141
21262,United Kingdom,2279.97,542,135
21210,Sweden,2279.4,1572,9
84840,United Kingdom,2277.76,261,131
22524,United Kingdom,2277.7,1558,274
22152,United Kingdom,2276.52,5229,246
23196,United Kingdom,2275.09,1461,279
23231,United Kingdom,2273.84,5452,204
22609,United Kingdom,2273.66,6553,195
22863,United Kingdom,2268.47,769,160
22622,EIRE,2268.45,251,28
22310,United Kingdom,2266.31,1132,224
22021,United Kingdom,2265.31,1313,231
22251,United Kingdom,2265.15,1828,302
22910,EIRE,2265.0,860,20
21826,United Kingdom,2263.24,1737,258
15056n,United Kingdom,2259.44,180,121
22328,France,2259.4,796,82
23048,United Kingdom,2256.32,550,96
21224,United Kingdom,2255.7,1818,294
21903,EIRE,2255.4,1194,17
21786,United Kingdom,2244.63,5113,451
21737,EIRE,2241.6,128,15
21824,United Kingdom,2241.46,2583,218
84970L,Netherlands,2241.24,2820,16
85059,United Kingdom,2234.89,657,203
21106,United Kingdom,2233.84,726,163
21462,United Kingdom,2232.21,373,164
23298,EIRE,2229.25,515,25
85114C,United Kingdom,2226.88,1155,167
35001G,United Kingdom,2226.08,712,104
21683,United Kingdom,2223.63,728,149
22424,EIRE,2223.15,193,33
85232D,United Kingdom,2222.52,385,190
23330,United Kingdom,2221.97,1742,225
23265,United Kingdom,2217.29,1619,300
85014C,United Kingdom,2217.18,538,70
21559,Germany,2216.7,954,69
22246,United Kingdom,2215.53,1023,188
23308,United Kingdom,2213.16,4156,342
22467,Netherlands,2212.8,1052,15
21696,United Kingdom,2209.85,734,110
22145,United Kingdom,2209.36,1033,189
22556,Germany,2207.7,1338,95
22963,United Kingdom,2204.59,2536,296
21777,EIRE,2204.4,312,18
23498,United Kingdom,2201.48,1512,101
15056N,EIRE,2200.5,390,43
22852,United Kingdom,2199.36,502,144
21616,United Kingdom,2197.58,1020,193
84536A,United Kingdom,2196.28,4833,617
21873,United Kingdom,2193.37,1875,197
21843,Netherlands,2193.0,220,12
22243,United Kingdom,2191.01,1235,283
10133,United Kingdom,2189.59,3552,287
22028,United Kingdom,2185.41,5136,447
20685,Germany,2184.75,327,36
23436,United Kingdom,2182.59,1811,109
22630,Australia,2182.2,1316,8
21819,United Kingdom,2179.02,3708,259
22974,United Kingdom,2177.39,1218,216
22933,United Kingdom,2176.67,785,115
85014B,France,2175.3,414,31
85099B,France,2172.97,1148,70
22242,Netherlands,2172.15,1491,17
21123,United Kingdom,2170.56,1773,224
22467,France,2168.7,986,36
20719,Germany,2166.5,2610,133
22911,United Kingdom,2166.05,739,169
23211,United Kingdom,2166.05,1669,146
22955,United Kingdom,2161.97,1084,178
22306,United Kingdom,2161.35,1508,158
21747,United Kingdom,2160.56,1786,146
23424,United Kingdom,2156.97,383,125
22785,United Kingdom,2156.59,403,121
85103,United Kingdom,2153.43,317,87
22802,United Kingdom,2153.1,120,67
23156,United Kingdom,2149.93,1013,184
84818,United Kingdom,2149.1,1631,199
21468,United Kingdom,2147.64,612,139
22642,United Kingdom,2146.12,904,142
22069,United Kingdom,2142.58,936,274
21617,United Kingdom,2142.51,830,175
23437,United Kingdom,2138.63,1751,120
84469,United Kingdom,2131.01,632,40
85039B,United Kingdom,2130.45,1618,273
21214,United Kingdom,2129.07,1407,188
21888,EIRE,2128.62,578,39
21359,United Kingdom,2126.78,203,76
23005,United Kingdom,2126.55,4733,245
22315,United Kingdom,2122.76,1619,377
22286,United Kingdom,2120.38,1760,193
23403,United Kingdom,2117.86,602,130
47502,EIRE,2117.5,210,4
85099b,United Kingdom,2111.64,419,25
85199L,United Kingdom,2111.45,3187,258
21215,United Kingdom,2111.1,3460,286
21217,Australia,2110.25,235,5
16237,United Kingdom,2109.81,9853,574
22503,United Kingdom,2109.75,90,43
85099B,Germany,2106.26,1052,68
85045,United Kingdom,2105.69,444,83
22132,United Kingdom,2105.18,2236,360
21039,United Kingdom,2104.37,793,171
21476,United Kingdom,2099.91,134,84
21651,United Kingdom,2099.83,1298,127
85049D,United Kingdom,2097.82,1648,374
17091J,United Kingdom,2097.41,3750,180
23294,United Kingdom,2095.22,2383,315
23093,United Kingdom,2089.6,871,140
84975,United Kingdom,2089.27,1181,210
22695,United Kingdom,2087.87,1460,240
85054,United Kingdom,2084.23,755,193
22937,United Kingdom,2083.84,784,147
22492,France,2082.6,3204,61
22824,United Kingdom,2082.05,59,46
22722,Australia,2082.0,600,6
23501,United Kingdom,2081.62,1712,109
21559,France,2080.8,816,102
21865,United Kingdom,2077.26,890,309
22920,United Kingdom,2077.21,3261,264
22326,Switzerland,2075.1,762,29
21122,Netherlands,2074.18,1922,10
23212,United Kingdom,2074.11,1594,178
20754,EIRE,2073.24,1170,40
22996,United Kingdom,2068.89,4739,414
21929,Netherlands,2068.45,1231,13
21638,United Kingdom,2067.71,940,144
21905,United Kingdom,2062.17,1540,260
22023,United Kingdom,2055.1,4908,434
21672,Netherlands,2054.69,1921,17
22735,United Kingdom,2053.9,1096,240
85206B,United Kingdom,2053.55,1255,179
20750,Germany,2053.2,280,64
21620,United Kingdom,2049.23,1015,228
23438,United Kingdom,2047.42,1679,104
21708,United Kingdom,2047.13,538,123
22199,EIRE,2046.46,566,12
84913A,United Kingdom,2045.46,577,265
22436,United Kingdom,2045.05,3135,274
22677,United Kingdom,2044.34,1498,276
22495,United Kingdom,2043.74,702,221
21421,United Kingdom,2043.23,1711,107
21774,United Kingdom,2040.01,1619,373
85183A,United Kingdom,2039.5,1353,133
23681,United Kingdom,2038.69,1257,127
23427,United Kingdom,2036.58,161,104
22231,United Kingdom,2035.98,1579,288
20931,United Kingdom,2035.98,603,154
23341,United Kingdom,2035.85,218,107
22555,Netherlands,2030.1,1370,16
84670,United Kingdom,2029.18,4959,183
21424,United Kingdom,2027.84,639,113
22897,United Kingdom,2026.06,1341,256
21070,United Kingdom,2022.25,1981,230
22482,United Kingdom,2021.88,1672,207
21504,United Kingdom,2020.14,4949,332
84763,United Kingdom,2019.79,1622,174
22631,Netherlands,2019.75,1213,16
23302,United Kingdom,2018.1,1412,228
22670,Spain,2016.12,1788,8
21803,United Kingdom,2014.5,4637,338
22986,United Kingdom,2012.4,4820,181
22182,United Kingdom,2011.63,515,171
79323G,United Kingdom,2007.88,314,61
79160,United Kingdom,2006.67,960,227
23227,United Kingdom,2005.06,1590,114
23367,United Kingdom,2003.7,2528,261
22163,United Kingdom,2002.84,1066,197
23152,United Kingdom,2001.9,533,157
22471,United Kingdom,2001.81,453,154
21643,United Kingdom,1996.81,1404,200
22448,United Kingdom,1996.33,617,104
84279B,United Kingdom,1995.93,499,189
22629,Australia,1994.4,1200,9
21291,United Kingdom,1993.66,2309,148
21629,United Kingdom,1993.17,181,109
47570,United Kingdom,1989.61,184,71
23316,United Kingdom,1987.64,194,96
21695,United Kingdom,1987.58,642,104
23529,United Kingdom,1985.74,630,35
22514,United Kingdom,1985.12,974,223
22409,United Kingdom,1984.6,1432,153
23252,United Kingdom,1984.11,529,126
84872A,United Kingdom,1983.54,177,102
22720,Australia,1983.2,464,9
22914,United Kingdom,1981.3,408,154
22046,United Kingdom,1979.0,4750,168
22651,United Kingdom,1978.6,2209,274
22853,United Kingdom,1974.82,574,136
21977,EIRE,1973.4,4212,69
23190,United Kingdom,1971.7,1194,177
22990,United Kingdom,1968.08,420,144
21790,EIRE,1966.96,2560,78
85049B,United Kingdom,1966.91,1555,315
72799F,United Kingdom,1962.61,1084,107
84990,United Kingdom,1961.19,4036,199
22515,United Kingdom,1956.08,955,205
22261,United Kingdom,1954.41,2017,256
21741,United Kingdom,1954.17,579,188
22362,United Kingdom,1954.08,576,244
79323S,United Kingdom,1953.52,310,55
21200,United Kingdom,1951.31,1352,122
23010,United Kingdom,1949.2,123,79
21802,United Kingdom,1948.3,4447,338
21538,United Kingdom,1947.01,1314,54
22752,Netherlands,1946.5,253,10
23242,United Kingdom,1946.23,925,197
23128,United Kingdom,1943.86,376,132
22719,United Kingdom,1942.94,1420,240
21619,United Kingdom,1942.89,1067,212
21389,United Kingdom,1942.56,2220,266
22295,Netherlands,1940.25,1333,10
21912,EIRE,1939.74,538,38
37476,United Kingdom,1934.91,197,78
47591C,United Kingdom,1934.43,1011,154
20728,EIRE,1933.45,1293,34
84676,United Kingdom,1931.36,790,101
22321,United Kingdom,1924.87,2033,275
47503J,United Kingdom,1923.03,239,65
22662,Netherlands,1921.3,1322,12
21249,United Kingdom,1921.14,624,176
21439,United Kingdom,1920.09,1520,213
21121,France,1920.0,1536,59
84796A,United Kingdom,1919.95,272,106
21640,United Kingdom,1917.3,2053,218
23029,United Kingdom,1917.22,1106,138
21788,United Kingdom,1909.74,2348,187
21773,United Kingdom,1909.49,1641,317
22599,United Kingdom,1905.81,2987,188
22967,United Kingdom,1905.21,655,115
21657,United Kingdom,1903.46,245,121
22742,United Kingdom,1903.19,797,158
71459,EIRE,1902.0,2568,36
21710,United Kingdom,1901.65,642,103
20846,United Kingdom,1900.73,1391,172
51014L,United Kingdom,1898.83,2941,205
84509B,United Kingdom,1897.79,500,173
23251,United Kingdom,1897.0,1545,109
85231B,United Kingdom,1896.63,2058,402
22384,Netherlands,1891.8,1292,17
22074,United Kingdom,1888.89,1807,283
22277,United Kingdom,1887.94,859,222
23068,United Kingdom,1887.25,777,134
22383,Sweden,1885.0,1300,10
21356,United Kingdom,1883.05,1473,353
21991,United Kingdom,1882.97,1076,297
21692,United Kingdom,1880.37,495,127
85232B,Netherlands,1880.1,390,5
23274,United Kingdom,1877.95,1103,115
22617,EIRE,1876.95,425,29
84992,EIRE,1875.6,4176,49
20764,United Kingdom,1875.36,609,188
22795,EIRE,1872.8,304,29
21687,United Kingdom,1871.23,477,109
23228,United Kingdom,1870.0,1420,123
22334,United Kingdom,1869.51,1117,230
23233,United Kingdom,1869.5,4575,145
21612,United Kingdom,1866.47,644,105
22279,United Kingdom,1863.82,1280,205
84997B,France,1862.45,491,36
23054,United Kingdom,1862.43,205,102
22320,United Kingdom,1861.47,309,117
22453,United Kingdom,1859.27,686,124
40001,United Kingdom,1857.98,2418,120
85016,United Kingdom,1857.26,1610,158
22198,EIRE,1853.0,1220,33
21630,United Kingdom,1852.7,145,94
35971,United Kingdom,1850.56,1691,232
23394,United Kingdom,1847.65,427,151
46775D,United Kingdom,1847.51,148,92
21126,United Kingdom,1845.99,1888,261
85185B,United Kingdom,1844.26,585,202
22948,United Kingdom,1842.27,1713,182
21915,Australia,1840.8,1728,9
22928,United Kingdom,1839.32,255,116
21578,United Kingdom,1839.17,771,244
20871,United Kingdom,1839.15,1168,125
84856S,United Kingdom,1835.36,458,31
21432,United Kingdom,1831.76,305,147
21348,United Kingdom,1831.24,770,130
22068,United Kingdom,1829.8,1012,286
22712,United Kingdom,1826.97,4123,450
23161,United Kingdom,1825.5,1439,87
21043,United Kingdom,1824.58,646,137
23075,United Kingdom,1823.35,439,77
22313,United Kingdom,1822.27,589,110
20770,United Kingdom,1821.61,875,202
21947,United Kingdom,1819.39,1267,295
35953,United Kingdom,1819.32,3470,158
23500,United Kingdom,1815.58,1431,101
22799,United Kingdom,1815.44,221,102
23491,United Kingdom,1815.26,218,75
21761,United Kingdom,1814.75,65,24
79302M,United Kingdom,1810.45,637,110
84012,United Kingdom,1809.73,1275,164
22513,United Kingdom,1808.57,561,168
84327A,United Kingdom,1807.67,953,123
21287,United Kingdom,1806.39,4014,91
23031,United Kingdom,1805.2,1056,139
84978,EIRE,1804.56,1668,36
47566b,United Kingdom,1803.61,217,116
21539,EIRE,1802.7,410,27
22438,United Kingdom,1800.51,1362,181
21611,United Kingdom,1798.74,607,145
21431,United Kingdom,1798.71,1022,254
22678,United Kingdom,1796.84,1331,249
22565,United Kingdom,1795.01,1958,283
21384,United Kingdom,1794.89,1899,153
84519B,United Kingdom,1791.52,788,213
23090,United Kingdom,1791.18,2142,146
22338,United Kingdom,1788.11,5026,257
21647,United Kingdom,1787.98,795,156
21615,United Kingdom,1787.92,953,164
22697,EIRE,1786.05,651,52
22587,United Kingdom,1784.08,2041,328
22592,Netherlands,1782.72,480,2
22537,United Kingdom,1781.94,4172,347
M,Sweden,1779.68,3,3
22551,Germany,1778.7,1078,76
23370,United Kingdom,1778.42,1232,150
84997B,Spain,1777.0,508,6
22753,United Kingdom,1775.36,2122,404
22711,United Kingdom,1775.34,4227,157
22211,United Kingdom,1774.48,1344,286
23164,United Kingdom,1773.65,358,80
84997C,Finland,1772.4,456,14
22969,Australia,1772.4,1368,6
21653,United Kingdom,1771.57,825,111
51008,Channel Islands,1770.0,600,4
22720,Sweden,1767.15,357,7
23145,United Kingdom,1766.84,1844,157
22098,United Kingdom,1765.39,2634,318
21357,United Kingdom,1764.01,1337,219
22429,EIRE,1762.25,457,21
22262,United Kingdom,1761.11,1793,318
85127,United Kingdom,1760.71,284,87
22103,United Kingdom,1760.64,1746,71
21677,United Kingdom,1756.21,1996,278
23434,United Kingdom,1755.67,1965,189
21618,United Kingdom,1755.11,680,145
84459B,United Kingdom,1753.41,1012,211
22680,United Kingdom,1752.95,1302,229
20716,United Kingdom,1752.56,1393,239
84797B,United Kingdom,1751.9,309,31
23245,Netherlands,1751.15,421,12
21613,United Kingdom,1749.35,594,144
85049F,United Kingdom,1748.86,1380,284
22496,United Kingdom,1747.31,633,184
84849D,United Kingdom,1745.75,994,252
22686,United Kingdom,1744.91,1314,217
23359,United Kingdom,1744.36,920,76
23360,United Kingdom,1742.8,870,107
20713,Netherlands,1742.75,1011,11
22308,United Kingdom,1742.66,528,203
85014B,Germany,1742.55,309,25
21445,United Kingdom,1740.98,1402,144
90167,United Kingdom,1738.27,2123,109
23357,United Kingdom,1735.6,397,97
21662,United Kingdom,1734.96,266,108
23378,United Kingdom,1734.78,3727,180
21733,EIRE,1734.45,627,37
22586,United Kingdom,1734.19,1987,305
22243,Germany,1733.1,1062,59
84006,United Kingdom,1732.25,1832,220
23490,United Kingdom,1728.39,452,96
21936,Netherlands,1727.0,660,9
22383,Netherlands,1727.0,1180,16
21158,United Kingdom,1722.63,2502,325
21163,United Kingdom,1722.11,2756,275
21391,United Kingdom,1721.93,1347,177
21894,United Kingdom,1721.22,1220,253
21547,United Kingdom,1718.68,674,115
22544,United Kingdom,1718.46,4111,272
21485,EIRE,1717.95,381,35
22024,United Kingdom,1716.67,3978,390
21927,United Kingdom,1713.24,1248,191
84507B,United Kingdom,1713.03,1329,113
21294,United Kingdom,1712.91,2186,139
21659,United Kingdom,1712.3,108,62
85048,EIRE,1712.1,238,26
22521,United Kingdom,1711.6,1961,358
21161,United Kingdom,1711.27,2292,209
21548,United Kingdom,1711.22,660,109
70007,United Kingdom,1711.07,1266,226
22832,United Kingdom,1709.95,153,79
23525,United Kingdom,1709.65,535,53
23173,EIRE,1709.2,200,19
22297,Netherlands,1707.65,1585,11
22520,United Kingdom,1706.13,1935,347
47591B,United Kingdom,1703.1,1058,290
23399,United Kingdom,1701.35,1862,235
22492,Australia,1701.0,3060,8
85060,United Kingdom,1700.62,1412,85
23028,United Kingdom,1700.18,918,122
85164B,United Kingdom,1697.68,128,61
21171,United Kingdom,1696.33,1156,246
22557,Netherlands,1695.15,1167,15
22831,United Kingdom,1694.9,554,128
17129F,United Kingdom,1691.22,1584,149
22716,United Kingdom,1685.48,3901,375
22094,United Kingdom,1685.02,2384,324
22329,Netherlands,1683.3,1154,20
18098c,United Kingdom,1682.01,332,142
21843,Germany,1680.0,160,39
22595,Netherlands,1679.28,2328,6
21385,Netherlands,1679.28,2328,9
22492,Netherlands,1677.6,3024,9
21529,United Kingdom,1676.59,470,149
23197,United Kingdom,1676.55,1039,221
21789,United Kingdom,1676.14,1989,195
46776F,United Kingdom,1675.73,487,157
21195,United Kingdom,1674.24,675,140
84581,United Kingdom,1673.9,440,225
72816,United Kingdom,1670.59,1323,143
85049a,United Kingdom,1669.64,499,53
23079,United Kingdom,1669.45,187,93
21477,EIRE,1668.0,152,2
22399,United Kingdom,1667.92,1324,209
23374,United Kingdom,1666.81,2095,118
85176,United Kingdom,1666.22,1780,305
21581,United Kingdom,1664.57,1008,198
20728,Netherlands,1664.5,1130,13
22111,EIRE,1663.5,370,31
23371,United Kingdom,1662.74,1133,174
23094,United Kingdom,1662.42,131,70
16169E,United Kingdom,1661.46,4013,129
23148,United Kingdom,1659.44,1950,242
22210,United Kingdom,1658.5,1360,287
20990,United Kingdom,1655.44,869,103
20686,United Kingdom,1653.19,477,170
85184D,France,1653.12,3936,1
37441,United Kingdom,1652.4,706,55
20984,United Kingdom,1652.21,5188,236
84879,Netherlands,1651.04,1136,9
23326,United Kingdom,1648.75,2435,66
20996,United Kingdom,1647.71,6149,338
21124,Netherlands,1647.65,1537,8
21694,United Kingdom,1646.26,574,72
22985,United Kingdom,1646.24,4072,126
20658,United Kingdom,1643.93,1091,336
84854,United Kingdom,1643.87,293,98
21482,United Kingdom,1643.76,504,168
22956,Netherlands,1642.8,868,9
37343,United Kingdom,1642.04,1027,102
21189,United Kingdom,1641.79,740,127
23256,Netherlands,1640.75,437,8
20718,Netherlands,1640.0,1540,13
22720,EIRE,1636.8,368,32
21205,United Kingdom,1634.69,623,149
22535,United Kingdom,1634.02,3909,292
22367,Netherlands,1631.85,983,21
85049H,United Kingdom,1631.63,1605,316
22523,United Kingdom,1631.5,1887,347
22555,France,1630.8,1000,52
84879,Spain,1628.41,1009,24
23358,United Kingdom,1625.88,456,77
23020,United Kingdom,1624.24,132,61
15056BL,EIRE,1623.85,283,37
ADJUST,EIRE,1623.37,13,13
16016,United Kingdom,1621.65,2021,89
22133,United Kingdom,1621.33,1646,308
21655,United Kingdom,1620.8,958,79
21382,United Kingdom,1618.61,1187,154
22026,United Kingdom,1616.8,3778,354
23096,United Kingdom,1615.79,951,145
21760,United Kingdom,1615.0,14,12
21793,United Kingdom,1613.86,351,102
23217,United Kingdom,1613.82,1309,99
21589,United Kingdom,1613.25,675,78
15056BL,France,1612.45,271,38
21633,United Kingdom,1612.11,171,71
85039A,United Kingdom,1612.03,1418,256
85221,United Kingdom,1609.86,3414,45
22679,United Kingdom,1606.94,1191,226
82583,EIRE,1605.96,906,10
85216,United Kingdom,1605.82,1961,158
22847,EIRE,1602.8,104,29
21550,United Kingdom,1601.21,301,73
20679,Germany,1600.05,279,26
21780,United Kingdom,1599.0,192,29
85173,United Kingdom,1596.45,829,148
21841,United Kingdom,1594.97,371,128
20685,Netherlands,1594.88,244,11
84459A,United Kingdom,1594.57,909,202
22614,United Kingdom,1594.12,4512,344
21275,United Kingdom,1593.78,223,53
21645,United Kingdom,1593.15,939,137
21867,United Kingdom,1591.63,1166,323
21397,United Kingdom,1589.24,1701,171
22307,United Kingdom,1588.48,1038,111
22336,United Kingdom,1588.32,3243,215
37503,EIRE,1588.3,154,26
20735,United Kingdom,1588.18,1544,213
35160,United Kingdom,1583.84,2172,55
15056bl,United Kingdom,1583.52,126,93
37342,United Kingdom,1582.24,1473,124
22086,EIRE,1582.2,596,21
21849,United Kingdom,1581.98,636,143
21432,Netherlands,1581.55,289,17
20914,Germany,1581.2,536,56
21477,United Kingdom,1580.94,121,43
21332,United Kingdom,1580.42,265,48
85217,United Kingdom,1580.15,2251,140
84795A,United Kingdom,1576.77,193,67
22405,United Kingdom,1574.78,1274,204
21094,France,1572.32,1958,79
21631,United Kingdom,1571.75,221,54
21232,Germany,1571.32,1268,58
22624,EIRE,1570.8,192,53
20802,United Kingdom,1570.65,1031,116
21448,United Kingdom,1567.63,910,220
23462,United Kingdom,1567.14,78,44
15059A,United Kingdom,1567.0,509,4
84691,United Kingdom,1566.65,1874,217
85036C,United Kingdom,1564.44,868,137
22522,United Kingdom,1564.42,1808,323
22714,United Kingdom,1562.73,3683,322
48195,United Kingdom,1560.49,259,83
22728,France,1560.0,416,47
21801,United Kingdom,1558.23,3609,271
85222,United Kingdom,1556.58,1395,52
23073,United Kingdom,1556.5,131,54
85131A,United Kingdom,1553.13,1975,200
21437,United Kingdom,1552.47,418,108
20726,Germany,1552.45,953,65
21925,United Kingdom,1552.33,1193,169
23160,United Kingdom,1551.98,1256,66
21545,United Kingdom,1551.62,667,78
22139,France,1551.45,327,57
21000,United Kingdom,1550.17,645,91
22673,United Kingdom,1550.02,1224,193
75131,United Kingdom,1548.08,1219,70
23483,United Kingdom,1546.48,1244,73
21096,United Kingdom,1545.96,8436,124
22840,EIRE,1545.3,214,24
21561,Netherlands,1545.15,733,15
85180A,United Kingdom,1541.32,591,96
20727,Netherlands,1541.15,1031,16
23066,United Kingdom,1540.96,182,75
22631,France,1540.35,801,56
85014A,France,1539.45,291,25
22035,United Kingdom,1537.82,3569,345
22386,France,1535.9,820,29
20893,United Kingdom,1532.84,666,84
22559,United Kingdom,1532.11,1189,189
84619,United Kingdom,1531.06,70,27
22260,United Kingdom,1530.66,1473,247
84789,United Kingdom,1528.51,436,125
84509G,United Kingdom,1528.4,643,138
84843,United Kingdom,1528.36,242,101
22516,United Kingdom,1526.92,750,161
84970S,Netherlands,1525.56,2364,15
21983,United Kingdom,1524.57,4845,316
23315,United Kingdom,1523.94,147,77
23366,United Kingdom,1523.65,2027,185
84913B,United Kingdom,1523.57,410,203
22138,France,1523.25,323,54
21895,United Kingdom,1523.1,508,79
84919,United Kingdom,1522.54,277,41
22623,EIRE,1522.1,318,28
22333,Germany,1521.75,963,68
23181,United Kingdom,1520.57,173,78
23214,United Kingdom,1520.32,705,103
21610,United Kingdom,1520.07,534,101
21283,United Kingdom,1519.95,471,80
21851,United Kingdom,1519.87,639,158
21652,United Kingdom,1517.99,767,73
22561,EIRE,1517.4,972,43
84997D,France,1515.95,389,38
20986,United Kingdom,1514.84,1190,213
22608,United Kingdom,1513.91,5412,162
84535B,United Kingdom,1513.68,2322,319
22636,France,1511.3,187,39
72803A,United Kingdom,1511.0,714,97
M,Belgium,1508.65,1,1
17084R,United Kingdom,1507.65,7745,64
21975,EIRE,1507.2,3336,42
21398,United Kingdom,1505.85,1783,110
84526,United Kingdom,1503.64,538,34
72817,United Kingdom,1501.17,1337,216
22931,United Kingdom,1500.85,602,124
22770,United Kingdom,1500.62,92,64
22961,EIRE,1498.25,1073,37
84748,United Kingdom,1497.92,1074,95
21383,United Kingdom,1496.18,2059,334
21656,United Kingdom,1495.98,893,132
22630,France,1495.95,777,61
35471D,United Kingdom,1494.39,2018,354
22157,United Kingdom,1493.9,1748,132
21066,United Kingdom,1493.44,2281,134
21162,United Kingdom,1492.47,2220,277
22209,United Kingdom,1492.18,1226,247
22422,United Kingdom,1492.04,2282,355
23203,France,1491.96,787,29
22960,Australia,1491.0,396,7
22708,United Kingdom,1491.0,3550,135
84659A,United Kingdom,1489.07,596,232
21877,EIRE,1487.82,1350,21
15036,Germany,1486.92,2100,15
22667,EIRE,1485.85,559,24
23213,United Kingdom,1482.65,1109,136
22913,United Kingdom,1482.34,311,111
84997a,United Kingdom,1481.78,178,81
72008,United Kingdom,1481.42,3700,214
22973,United Kingdom,1480.18,827,132
85136C,United Kingdom,1477.62,182,126
22681,United Kingdom,1477.03,1100,188
85232B,Germany,1475.25,315,41
21035,Germany,1474.3,506,30
85162C,United Kingdom,1473.15,715,40
21125,United Kingdom,1471.9,1497,219
21080,France,1471.32,1764,82
84856L,United Kingdom,1468.45,233,80
22305,EIRE,1467.9,690,11
85170A,United Kingdom,1465.48,777,84
22751,Australia,1464.48,432,4
21634,United Kingdom,1464.04,1701,68
21833,EIRE,1463.4,900,22
22935,United Kingdom,1463.07,471,62
47591d,United Kingdom,1461.6,290,74
22146,United Kingdom,1460.43,707,100
84795D,United Kingdom,1459.29,179,79
22560,EIRE,1458.48,1320,21
21009,United Kingdom,1457.49,1017,104
79323LP,EIRE,1456.5,262,9
23334,United Kingdom,1455.84,2214,134
23528,United Kingdom,1455.74,466,47
21065,United Kingdom,1455.33,607,124
21317,United Kingdom,1453.52,356,77
21807,United Kingdom,1451.05,3289,187
85099F,Netherlands,1451.0,860,10
22363,United Kingdom,1450.25,455,160
23317,United Kingdom,1449.11,140,70
21644,United Kingdom,1448.97,1077,147
23057,United Kingdom,1445.72,700,45
21090,United Kingdom,1444.78,2516,257
21578,Germany,1444.5,642,70
85135C,United Kingdom,1443.93,177,122
20726,France,1443.75,875,76
21681,United Kingdom,1443.71,143,74
20733,United Kingdom,1443.7,1917,304
21869,United Kingdom,1443.33,1243,111
23203,Netherlands,1440.88,811,6
23101,United Kingdom,1440.07,1651,199
22288,United Kingdom,1439.78,1237,126
21212,Sweden,1437.6,2784,14
22106,United Kingdom,1437.04,485,80
M,RSA,1435.29,1,1
84313C,United Kingdom,1433.89,546,72
22446,United Kingdom,1432.08,515,175
22659,France,1431.6,744,50
22326,Belgium,1429.2,504,49
22505,Germany,1428.6,292,59
21661,United Kingdom,1428.01,225,96
22139,EIRE,1427.35,292,58
21675,United Kingdom,1427.04,1601,261
22682,United Kingdom,1426.88,1088,179
84510B,United Kingdom,1426.05,1127,157
22382,France,1425.6,864,66
22786,United Kingdom,1422.43,225,90
35965,United Kingdom,1421.8,609,179
21146,United Kingdom,1420.07,741,55
22517,United Kingdom,1419.93,719,147
21190,United Kingdom,1419.54,869,113
22727,France,1417.5,378,44
23348,United Kingdom,1417.49,642,156
23226,United Kingdom,1416.67,1103,93
22619,Australia,1416.0,416,6
79323B,United Kingdom,1414.65,215,57
21837,United Kingdom,1414.39,209,87
22099,United Kingdom,1414.19,1898,300
22554,Switzerland,1413.75,915,28
M,Spain,1410.99,2,2
22635,Netherlands,1409.75,165,8
22683,United Kingdom,1409.18,1055,188
84536B,United Kingdom,1408.67,3059,401
23155,United Kingdom,1407.97,1597,108
22949,United Kingdom,1406.38,946,153
35637A,United Kingdom,1405.68,530,51
21241,United Kingdom,1405.28,1638,222
15056BL,Germany,1403.7,246,22
85167B,United Kingdom,1401.53,663,61
21532,United Kingdom,1398.71,1377,92
21558,Germany,1398.6,612,35
23273,United Kingdom,1398.25,817,99
84991,Sweden,1398.0,3024,14
22661,Netherlands,1397.75,1935,20
21711,United Kingdom,1397.53,349,69
20801,United Kingdom,1397.28,1058,115
21481,Germany,1394.9,462,55
22319,United Kingdom,1393.84,2519,149
90200D,United Kingdom,1393.47,332,155
23046,EIRE,1393.3,242,2
20902,United Kingdom,1392.1,178,115
23505,United Kingdom,1392.04,959,113
22899,Netherlands,1391.7,752,13
22123,United Kingdom,1390.55,521,157
22249,United Kingdom,1390.46,1584,254
22698,EIRE,1390.05,507,42
20772,United Kingdom,1388.15,762,156
22402,United Kingdom,1388.11,1678,220
22726,France,1387.5,370,44
22137,United Kingdom,1387.33,565,37
22815,United Kingdom,1385.4,3232,328
21822,United Kingdom,1384.96,1030,155
21086,France,1384.5,2130,86
20682,France,1384.5,426,46
22912,United Kingdom,1384.23,293,105
21157,United Kingdom,1383.95,568,167
15034,United Kingdom,1383.81,9906,252
21541,United Kingdom,1381.24,1607,183
85135B,United Kingdom,1381.2,170,132
35809A,United Kingdom,1380.97,911,160
23122,United Kingdom,1380.95,1797,130
82615,United Kingdom,1380.17,498,88
85036B,United Kingdom,1379.66,564,85
22585,Germany,1378.2,1212,38
23365,United Kingdom,1377.28,1725,163
23524,United Kingdom,1377.21,427,61
46776B,United Kingdom,1376.17,430,155
22244,Germany,1375.2,720,41
21558,Netherlands,1374.6,652,11
22533,United Kingdom,1373.4,3438,231
20734,United Kingdom,1372.63,1465,109
21159,United Kingdom,1371.94,2020,246
23254,Netherlands,1370.75,365,6
21121,Germany,1370.0,1096,40
22895,Germany,1368.9,466,36
22628,Netherlands,1368.2,316,10
22555,Germany,1366.2,828,57
22413,EIRE,1364.35,469,28
85232A,United Kingdom,1364.13,262,117
22410,United Kingdom,1364.03,1112,182
22663,Netherlands,1362.6,814,10
84965B,United Kingdom,1359.95,27,4
20840,United Kingdom,1359.71,820,90
35649,United Kingdom,1359.55,1825,53
22540,United Kingdom,1359.19,3413,139
21280,United Kingdom,1357.04,2025,66
21399,United Kingdom,1356.1,2134,106
21276,United Kingdom,1355.44,627,26
84375,EIRE,1354.8,736,26
22322,United Kingdom,1352.91,1406,263
84616,United Kingdom,1352.82,68,23
22975,United Kingdom,1352.26,973,184
84466,United Kingdom,1352.11,1259,76
22922,United Kingdom,1351.2,1521,91
17129D,United Kingdom,1351.18,1125,39
21446,United Kingdom,1351.11,1000,238
21680,United Kingdom,1348.85,1521,203
21410,United Kingdom,1347.75,285,143
85125,United Kingdom,1346.64,272,64
22558,Netherlands,1343.62,1058,14
35004G,United Kingdom,1343.31,347,74
84637,United Kingdom,1342.26,565,108
22932,United Kingdom,1341.93,579,62
84665,United Kingdom,1340.9,222,46
20703,United Kingdom,1338.97,317,132
23376,United Kingdom,1338.5,2920,158
22895,Netherlands,1336.3,498,7
22817,United Kingdom,1335.93,3143,344
79323W,EIRE,1335.0,244,5
23538,United Kingdom,1334.49,332,33
35957,United Kingdom,1334.22,3595,166
22228,United Kingdom,1333.74,1537,267
22627,Germany,1332.8,164,35
85169A,United Kingdom,1331.92,1176,155
22287,United Kingdom,1331.74,1167,121
23104,United Kingdom,1330.42,112,42
48187,EIRE,1330.18,188,48
22077,Netherlands,1327.8,892,9
84596G,United Kingdom,1327.18,2088,349
35962,United Kingdom,1326.58,569,95
23007,France,1325.7,86,16
22909,EIRE,1324.56,1800,34
22752,Germany,1324.3,163,25
22250,United Kingdom,1324.19,1449,264
22904,Spain,1323.4,492,5
23209,Netherlands,1323.15,911,10
21381,Spain,1321.92,864,3
21212,France,1321.53,2559,82
22242,Germany,1320.6,812,49
23414,United Kingdom,1319.05,135,60
21156,Netherlands,1317.6,788,11
21011,United Kingdom,1316.37,1641,128
21394,United Kingdom,1315.09,3087,118
22317,United Kingdom,1314.36,411,143
84685,United Kingdom,1313.91,419,125
23346,Netherlands,1312.25,1213,6
22940,Australia,1311.0,348,2
84396,United Kingdom,1310.32,516,47
21828,United Kingdom,1307.93,1028,186
79030G,United Kingdom,1305.81,1562,112
21530,United Kingdom,1305.8,911,166
22685,United Kingdom,1303.37,1005,156
23390,United Kingdom,1302.99,303,131
85177,United Kingdom,1302.93,1566,139
21284,United Kingdom,1302.11,1295,125
POST,Denmark,1302.0,73,23
23271,United Kingdom,1300.18,1494,98
20684,United Kingdom,1297.37,379,157
23345,Netherlands,1297.25,1201,5
21091,Denmark,1296.0,12960,1
21099,Denmark,1296.0,12960,1
85087,United Kingdom,1294.91,385,143
21380,France,1294.8,504,7
23290,United Kingdom,1293.1,1037,145
23445,United Kingdom,1292.24,1568,72
20766,United Kingdom,1289.19,441,154
22903,Spain,1288.0,480,3
21775,United Kingdom,1287.62,835,280
22961,Germany,1287.6,888,47
72800B,United Kingdom,1286.98,989,96
85025C,United Kingdom,1284.38,717,132
22705,United Kingdom,1284.36,3058,124
22114,EIRE,1282.3,338,38
23405,United Kingdom,1281.78,246,71
46776A,United Kingdom,1281.75,406,121
21915,Sweden,1281.6,1080,8
85141,United Kingdom,1280.74,184,78
21082,United Kingdom,1278.17,3899,156
21278,United Kingdom,1277.95,1528,113
22340,United Kingdom,1277.92,1465,171
21926,United Kingdom,1277.77,971,143
22813,Germany,1276.2,684,29
22553,Netherlands,1275.9,878,10
85170D,United Kingdom,1275.69,703,152
21085,Denmark,1274.4,12744,1
23527,United Kingdom,1274.39,373,48
21976,Netherlands,1274.3,3026,21
22706,United Kingdom,1274.24,3072,109
20682,Germany,1274.0,392,50
21330,United Kingdom,1273.67,676,190
85231G,United Kingdom,1273.46,1460,266
22701,United Kingdom,1273.38,658,157
21381,France,1273.08,876,3
22083,EIRE,1272.0,480,17
20749,France,1272.0,160,55
22917,United Kingdom,1271.17,1789,265
84997A,Netherlands,1268.82,366,6
22082,Netherlands,1267.5,870,10
22335,Netherlands,1267.2,2304,8
22052,United Kingdom,1266.5,3025,116
22093,United Kingdom,1266.49,2074,278
20767,United Kingdom,1265.81,600,171
21277,United Kingdom,1265.49,52,47
22379,EIRE,1265.4,674,15
20765,United Kingdom,1265.06,442,153
20761,United Kingdom,1264.55,407,146
22481,United Kingdom,1264.34,1237,222
21576,United Kingdom,1263.75,543,177
20975,Sweden,1263.6,1944,4
23221,United Kingdom,1263.44,1416,140
84997A,Spain,1262.92,364,4
22916,United Kingdom,1261.19,1777,264
22316,United Kingdom,1261.06,1105,117
22290,United Kingdom,1260.82,688,82
22728,Germany,1260.0,336,39
77101A,United Kingdom,1259.72,1085,90
35810A,United Kingdom,1259.55,864,145
48173c,United Kingdom,1259.39,78,39
21671,Netherlands,1258.85,1153,10
20933,United Kingdom,1258.69,481,52
21210,Germany,1258.6,868,54
20798,United Kingdom,1257.75,527,84
21425,United Kingdom,1257.23,499,94
35648,United Kingdom,1255.64,1018,147
20825,United Kingdom,1255.08,361,7
17091A,United Kingdom,1253.98,1985,117
22684,United Kingdom,1253.71,939,163
22507,Netherlands,1253.7,294,13
23255,United Kingdom,1253.22,294,98
21874,EIRE,1252.62,1146,23
20780,United Kingdom,1250.75,213,102
79163,United Kingdom,1250.73,1839,65
20762,United Kingdom,1249.63,424,138
84967B,United Kingdom,1249.45,24,11
46775E,United Kingdom,1249.0,99,50
21092,Denmark,1248.0,12480,1
23249,United Kingdom,1247.9,734,72
23373,United Kingdom,1247.79,1528,95
21199,United Kingdom,1247.54,1113,141
21739,United Kingdom,1245.35,424,171
72818,United Kingdom,1243.94,2321,136
16225,United Kingdom,1243.93,1486,170
21216,Netherlands,1243.8,292,7
21282,United Kingdom,1243.78,282,65
21910,United Kingdom,1241.43,971,104
20768,United Kingdom,1241.09,633,145
23297,Sweden,1240.8,752,3
21485,Netherlands,1238.85,291,8
21689,United Kingdom,1238.12,334,61
23292,United Kingdom,1237.73,901,159
21286,United Kingdom,1237.33,827,89
23000,United Kingdom,1236.4,2855,267
23061,United Kingdom,1235.18,937,114
47503A,United Kingdom,1234.43,2501,184
21637,United Kingdom,1233.94,908,86
23245,Australia,1232.75,293,6
23235,United Kingdom,1232.1,468,87
21281,United Kingdom,1231.88,2093,67
22324,United Kingdom,1231.46,486,148
22327,Netherlands,1231.4,476,13
79323P,EIRE,1231.2,224,7
23250,United Kingdom,1231.03,939,93
22982,United Kingdom,1230.02,903,193
22271,Spain,1230.0,456,7
21122,France,1230.0,984,35
23245,EIRE,1229.15,269,35
22630,EIRE,1228.95,709,21
40003,United Kingdom,1228.27,1127,60
22258,United Kingdom,1228.23,1228,131
23539,United Kingdom,1227.95,247,42
22999,United Kingdom,1226.55,2832,219
23086,United Kingdom,1225.42,1020,44
21759,United Kingdom,1224.52,29,12
22193,EIRE,1224.0,156,18
23470,United Kingdom,1222.71,189,79
23174,EIRE,1221.9,306,25
85159B,United Kingdom,1220.7,523,77
84910A,United Kingdom,1218.49,430,53
85071A,United Kingdom,1217.81,1631,142
85163B,United Kingdom,1217.66,111,63
16235,United Kingdom,1217.37,5253,313
21549,United Kingdom,1217.29,529,49
22492,EIRE,1216.8,1872,29
23067,United Kingdom,1215.91,289,83
22977,United Kingdom,1215.16,915,142
21490,United Kingdom,1214.5,639,57
84562A,United Kingdom,1214.49,146,72
20685,France,1213.98,174,29
22625,EIRE,1213.8,150,39
21217,Germany,1213.6,128,26
85136A,United Kingdom,1213.41,149,115
21251,United Kingdom,1211.96,432,110
21002,United Kingdom,1211.79,350,177
22839,EIRE,1211.7,94,8
84688,United Kingdom,1211.52,398,77
22139,Australia,1211.1,282,7
23368,United Kingdom,1210.9,1658,215
21212,Germany,1208.7,2226,82
84380,EIRE,1208.56,1052,34
22631,Australia,1208.4,728,7
20738,United Kingdom,1208.22,1500,68
22634,Netherlands,1205.75,141,8
85129D,United Kingdom,1204.83,800,175
84968C,EIRE,1204.2,108,5
20979,EIRE,1204.08,1080,24
79066K,United Kingdom,1203.57,1379,242
22819,United Kingdom,1201.92,2791,308
22918,United Kingdom,1201.17,1710,264
23444,United Kingdom,1200.0,79,79
37449,EIRE,1199.3,137,18
85071B,United Kingdom,1198.74,2226,170
21216,EIRE,1198.2,276,13
23369,United Kingdom,1197.2,759,118
22411,EIRE,1196.41,689,22
21738,United Kingdom,1195.46,371,147
84830,United Kingdom,1195.15,113,7
85162B,United Kingdom,1193.4,612,9
22400,United Kingdom,1192.47,1571,218
85159A,United Kingdom,1191.48,458,80
21904,United Kingdom,1191.02,752,150
21366,United Kingdom,1190.82,244,81
22268,United Kingdom,1189.76,2309,243
84997A,Finland,1189.6,304,10
21248,United Kingdom,1189.35,967,153
23267,United Kingdom,1186.95,926,94
85200,United Kingdom,1186.59,939,98
23138,United Kingdom,1186.56,848,84
21312,United Kingdom,1185.92,300,27
21058,United Kingdom,1182.66,1302,244
84559A,United Kingdom,1182.46,1306,233
22756,United Kingdom,1180.04,1023,213
23041,United Kingdom,1178.48,272,54
21533,EIRE,1178.1,238,21
23008,EIRE,1178.1,78,7
23270,United Kingdom,1177.57,811,123
21242,Germany,1176.24,696,58
22105,United Kingdom,1174.91,661,54
21035,Netherlands,1174.55,437,6
21289,United Kingdom,1174.31,1113,96
35598D,United Kingdom,1173.77,1512,100
47566,Australia,1173.5,270,9
21668,Netherlands,1172.09,1069,10
23034,United Kingdom,1172.07,775,83
21843,France,1171.65,107,35
22269,United Kingdom,1171.59,1228,192
84609,United Kingdom,1170.22,128,36
22934,United Kingdom,1169.92,384,69
21972,United Kingdom,1169.32,785,150
22417,Sweden,1167.6,2520,14
22102,United Kingdom,1166.94,1827,58
21198,United Kingdom,1166.39,1055,111
22029,Netherlands,1166.1,3229,32
22267,United Kingdom,1165.95,1256,114
21165,EIRE,1165.68,792,11
10125,United Kingdom,1163.5,1421,163
22924,United Kingdom,1163.28,1239,94
22355,Netherlands,1163.2,1552,15
21649,United Kingdom,1162.89,421,29
22915,United Kingdom,1161.8,2453,176
23206,Netherlands,1161.65,801,7
22865,Germany,1161.6,576,25
22466,Netherlands,1161.45,699,10
84816,United Kingdom,1158.5,30,18
21650,United Kingdom,1157.96,3090,208
21429,Netherlands,1157.85,725,9
21413,United Kingdom,1156.22,3174,60
21316,United Kingdom,1154.97,695,49
84569D,United Kingdom,1153.81,914,179
85118,United Kingdom,1152.94,2036,84
17021,United Kingdom,1152.24,4400,101
21945,United Kingdom,1150.16,1555,243
84975,Netherlands,1148.4,792,8
22203,EIRE,1147.5,306,12
21279,United Kingdom,1147.41,1866,97
22919,United Kingdom,1145.09,1604,261
23388,United Kingdom,1145.09,241,100
23346,United Kingdom,1144.09,863,151
84658,United Kingdom,1144.06,206,65
22149,Netherlands,1143.8,578,9
72232,United Kingdom,1143.42,6018,122
85130A,United Kingdom,1143.29,665,89
22097,United Kingdom,1139.6,1833,259
22649,Germany,1139.55,237,22
85194L,United Kingdom,1139.09,1256,139
22416,United Kingdom,1138.84,789,141
84313B,United Kingdom,1138.5,215,80
21806,United Kingdom,1138.27,2609,130
22265,United Kingdom,1137.56,1733,177
22759,Netherlands,1136.7,782,10
84360,United Kingdom,1136.19,217,43
22331,Germany,1135.5,694,72
82613D,United Kingdom,1134.96,992,262
84750A,United Kingdom,1134.63,516,102
22090,EIRE,1134.6,428,22
M,Australia,1133.45,5,5
22280,United Kingdom,1132.94,800,157
22952,EIRE,1132.4,2456,35
22201,United Kingdom,1132.37,276,150
20832,United Kingdom,1130.95,1686,162
23119,United Kingdom,1130.64,1803,140
85224,United Kingdom,1129.36,2008,67
20704,United Kingdom,1128.32,303,66
22921,United Kingdom,1127.49,1589,233
84750B,United Kingdom,1126.42,601,77
22605,EIRE,1125.05,87,27
21915,France,1125.0,900,39
21253,United Kingdom,1124.9,295,123
21542,United Kingdom,1123.9,1316,154
23546,United Kingdom,1123.5,2675,100
22761,United Kingdom,1120.88,46,32
21936,EIRE,1119.0,420,19
21051,United Kingdom,1118.14,558,118
20751,EIRE,1117.2,532,38
23142,United Kingdom,1116.82,111,33
21936,France,1116.4,392,43
22323,United Kingdom,1114.51,475,109
22806,United Kingdom,1113.62,418,56
21942,United Kingdom,1113.5,1629,229
17096,United Kingdom,1112.9,6219,78
37482B,United Kingdom,1112.61,1245,8
22216,United Kingdom,1112.31,1250,119
22204,United Kingdom,1111.13,293,149
22976,United Kingdom,1109.07,836,131
23240,Australia,1109.05,295,4
23245,Sweden,1108.8,224,3
84358,United Kingdom,1107.43,122,30
20679,EIRE,1106.7,186,29
22303,Germany,1106.55,453,50
22504,Germany,1106.15,53,11
84077,Sweden,1105.44,4368,10
22997,United Kingdom,1105.43,2570,225
20700,United Kingdom,1105.22,413,102
21358,United Kingdom,1103.72,892,206
84375,France,1103.7,529,22
23372,United Kingdom,1103.25,813,136
84687,United Kingdom,1103.01,295,68
21850,United Kingdom,1102.45,454,112
20866,United Kingdom,1101.44,1063,183
22558,EIRE,1101.28,752,34
22964,Netherlands,1099.2,592,8
23055,United Kingdom,1098.96,603,38
22399,Netherlands,1098.34,1010,13
21218,Germany,1096.5,318,22
21842,United Kingdom,1094.54,467,42
21579,United Kingdom,1092.51,730,120
22116,United Kingdom,1092.1,817,199
22090,Netherlands,1089.45,391,8
85124C,United Kingdom,1089.05,405,124
22722,EIRE,1088.7,306,16
21145,United Kingdom,1088.57,713,47
22061,EIRE,1084.6,116,24
72598,United Kingdom,1083.35,1162,164
85212,United Kingdom,1082.93,2740,121
47587A,United Kingdom,1082.88,2686,24
84923,United Kingdom,1080.87,248,159
23108,EIRE,1080.52,196,14
20934,United Kingdom,1078.62,176,72
23245,Germany,1078.6,236,32
20932,United Kingdom,1078.57,313,79
85131D,United Kingdom,1078.46,1406,274
85099f,United Kingdom,1077.08,213,27
22630,Belgium,1077.0,572,34
21426,United Kingdom,1076.77,725,75
84968D,EIRE,1076.7,98,2
23026,United Kingdom,1076.24,497,57
23199,Netherlands,1076.08,601,5
21580,United Kingdom,1075.38,429,156
22062,United Kingdom,1074.73,667,132
21395,United Kingdom,1074.0,2368,95
22727,EIRE,1074.0,296,18
84625A,United Kingdom,1073.89,669,78
37479B,United Kingdom,1072.9,1244,32
22399,Sweden,1071.36,972,7
21059,United Kingdom,1070.63,1247,204
48138,France,1070.16,150,26
84559B,United Kingdom,1069.72,1196,200
21690,United Kingdom,1069.59,279,100
21839,United Kingdom,1069.24,198,84
21758,United Kingdom,1069.22,132,80
84596E,United Kingdom,1068.27,1071,204
22718,United Kingdom,1066.74,2415,255
84968A,Germany,1066.05,87,19
21817,United Kingdom,1065.14,1616,142
22900,France,1065.1,346,27
22598,United Kingdom,1064.9,1619,146
20771,United Kingdom,1064.88,558,137
21285,United Kingdom,1064.11,818,89
21632,United Kingdom,1063.46,130,52
22256,United Kingdom,1062.58,822,121
72819,United Kingdom,1062.33,636,90
37327,United Kingdom,1062.22,1746,93
85055,United Kingdom,1062.01,247,99
85179B,United Kingdom,1061.25,247,46
23402,United Kingdom,1061.03,273,66
23331,United Kingdom,1061.02,1594,113
20892,United Kingdom,1060.63,90,39
22435,France,1059.9,892,39
84791,United Kingdom,1059.58,325,106
84631,United Kingdom,1058.91,273,48
84678,United Kingdom,1058.59,569,82
21915,EIRE,1057.5,846,31
22550,EIRE,1057.5,282,30
21914,EIRE,1057.5,846,30
22254,United Kingdom,1056.19,780,119
21785,United Kingdom,1056.09,1318,105
22339,United Kingdom,1053.83,2597,139
22629,Belgium,1053.6,560,35
72800D,United Kingdom,1053.36,644,90
84908B,United Kingdom,1052.29,435,35
84908A,United Kingdom,1052.11,433,37
21673,Netherlands,1052.09,973,9
22389,United Kingdom,1051.72,539,82
22551,Switzerland,1051.2,672,25
21088,United Kingdom,1050.65,8863,116
21577,Sweden,1050.0,600,5
22051,United Kingdom,1050.0,2500,97
84965A,United Kingdom,1050.0,20,3
20712,France,1049.75,521,52
20728,Spain,1048.1,714,11
85104,United Kingdom,1048.09,359,60
84030e,United Kingdom,1047.16,128,51
84819,United Kingdom,1046.6,790,76
21827,United Kingdom,1046.39,817,145
84638,United Kingdom,1045.95,392,65
84707A,United Kingdom,1045.88,125,63
23131,EIRE,1045.8,252,4
22403,United Kingdom,1043.55,1419,198
23375,United Kingdom,1043.29,1272,98
21292,United Kingdom,1041.79,1789,80
21216,Germany,1041.6,224,22
22393,United Kingdom,1041.33,525,106
23431,United Kingdom,1040.92,1292,66
23243,Australia,1040.55,249,3
22968,Netherlands,1039.9,122,6
21928,Netherlands,1039.58,611,8
22303,France,1039.5,414,41
47566,France,1039.2,216,36
23314,Australia,1039.0,100,1
21056,Spain,1038.75,125,5
20669,United Kingdom,1038.2,732,220
21752,United Kingdom,1038.16,62,33
21261,United Kingdom,1037.7,232,77
22960,Netherlands,1036.75,275,11
22025,United Kingdom,1034.19,2354,243
22353,Netherlands,1033.5,490,7
21010,United Kingdom,1032.26,784,82
23418,United Kingdom,1032.24,486,77
21973,United Kingdom,1031.78,653,159
35599D,United Kingdom,1031.11,271,97
20615,United Kingdom,1031.07,583,199
22995,United Kingdom,1030.08,2313,266
21210,Netherlands,1029.6,816,10
23244,United Kingdom,1029.13,545,81
22050,United Kingdom,1029.0,2450,96
22859,United Kingdom,1028.67,568,133
21063,United Kingdom,1028.49,1166,226
23268,United Kingdom,1028.44,685,74
82616C,United Kingdom,1028.24,634,148
46775A,United Kingdom,1027.28,82,31
21749,EIRE,1027.2,552,8
18007,United Kingdom,1027.16,11304,74
20867,United Kingdom,1024.45,1037,152
22808,United Kingdom,1024.13,339,79
22215,France,1021.4,134,19
21216,Australia,1020.0,240,3
21593,United Kingdom,1020.0,816,96
21417,United Kingdom,1019.71,499,120
22377,EIRE,1019.5,545,9
23469,United Kingdom,1018.76,236,65
21825,United Kingdom,1018.39,709,80
22505,EIRE,1017.9,226,19
82552,EIRE,1016.44,940,10
23523,United Kingdom,1015.89,312,40
23544,United Kingdom,1015.78,164,20
22957,EIRE,1015.35,393,9
22048,United Kingdom,1014.3,2415,93
84997C,France,1013.35,265,30
23157,EIRE,1012.8,540,6
21815,United Kingdom,1012.22,629,100
35651,United Kingdom,1010.3,433,62
20729,United Kingdom,1009.37,951,112
21664,United Kingdom,1008.57,252,71
84347,Denmark,1008.0,480,1
35646,United Kingdom,1007.66,598,105
20783,United Kingdom,1007.48,157,53
22386,Germany,1007.24,503,35
85163A,United Kingdom,1007.17,99,53
21746,France,1007.04,864,34
22923,United Kingdom,1005.21,1170,77
47503E,Denmark,1004.4,6696,1
84989A,United Kingdom,1002.67,1955,151
22382,Australia,1002.0,680,12
20782,United Kingdom,1001.13,152,88
22247,United Kingdom,1000.69,1158,190
22545,United Kingdom,1000.33,2379,178
23411,United Kingdom,999.81,203,53
20679,France,999.6,168,28
22643,United Kingdom,999.38,462,102
85099B,EIRE,997.97,551,27
22636,Germany,997.9,119,41
22343,United Kingdom,997.85,1750,158
22326,Australia,996.9,390,5
21131,United Kingdom,996.86,252,46
84815,United Kingdom,996.82,882,46
20723,Netherlands,996.35,1371,16
21485,Germany,995.55,213,21
35241,United Kingdom,995.54,171,106
22139,Germany,994.95,201,51
85099B,Channel Islands,994.7,570,10
22264,United Kingdom,994.61,1604,170
23566,United Kingdom,994.43,751,76
85198,Denmark,993.6,3312,1
22634,Germany,993.4,108,28
22634,France,993.35,101,33
23088,United Kingdom,993.28,763,77
22984,United Kingdom,992.86,2366,182
21209,United Kingdom,992.65,997,119
22978,EIRE,991.8,276,17
21636,United Kingdom,991.59,993,103
21040,United Kingdom,990.7,841,64
85049e,United Kingdom,990.69,297,63
22654,Australia,990.0,200,3
84964B,United Kingdom,990.0,17,2
21931,Sweden,990.0,600,5
21930,Netherlands,989.33,562,11
23269,United Kingdom,989.13,666,89
85124A,United Kingdom,987.63,356,92
23287,United Kingdom,987.18,1110,159
22846,EIRE,986.9,62,26
72815,United Kingdom,986.83,255,69
22625,Netherlands,986.0,128,12
22230,United Kingdom,985.54,1419,185
21889,EIRE,985.14,810,35
23291,United Kingdom,985.03,698,143
85180B,United Kingdom,984.98,355,67
20839,United Kingdom,984.87,564,114
85008,United Kingdom,984.74,253,96
84686,United Kingdom,984.39,369,74
72484,United Kingdom,983.88,1812,65
47310M,United Kingdom,983.69,729,172
23225,United Kingdom,983.68,1104,83
21210,EIRE,982.8,744,23
20707,United Kingdom,982.72,1255,196
23452,United Kingdom,980.81,497,82
22348,Sweden,980.05,1153,6
21779,United Kingdom,980.04,285,21
35653,United Kingdom,979.62,306,115
84509C,United Kingdom,977.33,247,91
15036,Sweden,977.16,1404,4
22667,Netherlands,977.0,380,16
21977,Sweden,976.8,1776,10
22749,Australia,976.32,288,4
72800F,United Kingdom,976.04,789,68
23153,United Kingdom,975.69,251,87
22090,Germany,975.2,336,36
22104,United Kingdom,974.72,1191,101
22353,Germany,974.7,414,28
85098B,United Kingdom,974.54,222,100
22420,United Kingdom,974.49,2009,236
21242,Netherlands,973.78,658,11
22417,Netherlands,973.75,2281,20
22233,United Kingdom,973.52,760,157
84873a,United Kingdom,973.36,88,59
85031C,United Kingdom,972.63,454,105
20878,United Kingdom,971.26,752,96
85130D,United Kingdom,970.4,795,112
21129,United Kingdom,970.29,127,62
21269,United Kingdom,968.82,105,62
20685,Switzerland,968.74,138,17
84907,United Kingdom,968.57,387,35
22558,France,968.26,750,30
84918,United Kingdom,967.32,204,62
23460,United Kingdom,967.28,104,41
22717,United Kingdom,965.53,2276,209
85018D,United Kingdom,964.8,769,84
21691,United Kingdom,964.74,250,83
21666,United Kingdom,964.31,1527,80
21763,United Kingdom,964.25,36,13
23526,Australia,963.0,180,1
23535,Australia,963.0,180,1
23536,Australia,963.0,180,1
23534,Australia,963.0,180,1
20671,United Kingdom,962.47,725,141
84823,United Kingdom,962.35,113,26
22960,Germany,961.5,246,22
20972,Netherlands,960.84,900,8
23327,United Kingdom,960.42,1590,39
23206,France,960.3,582,50
21814,United Kingdom,960.06,630,103
21584,EIRE,960.0,640,7
21836,United Kingdom,959.13,235,99
21014,United Kingdom,958.52,1807,199
23345,United Kingdom,958.0,718,146
90147,United Kingdom,957.35,95,61
21932,EIRE,957.2,396,11
23107,United Kingdom,956.95,335,70
85025B,United Kingdom,955.76,551,100
84660C,United Kingdom,955.6,702,84
90175A,United Kingdom,955.5,106,62
21260,Sweden,955.5,294,6
84664,United Kingdom,955.35,193,51
71279,United Kingdom,954.42,286,82
47593B,United Kingdom,954.37,1527,354
22329,Germany,953.25,601,37
84625C,United Kingdom,952.52,659,70
20830,United Kingdom,952.01,401,82
23480,Netherlands,951.27,289,3
85124B,United Kingdom,951.22,358,103
21219,United Kingdom,950.82,726,155
22992,Netherlands,950.4,576,4
22423,Cyprus,949.65,79,14
21427,United Kingdom,949.52,482,121
47589,United Kingdom,948.78,172,76
84405A,United Kingdom,948.71,118,45
85078,United Kingdom,948.64,1828,156
48138,Australia,948.4,140,17
22379,Netherlands,948.1,511,5
84905,United Kingdom,947.91,221,103
82616B,United Kingdom,947.17,596,134
21944,United Kingdom,946.81,1541,199
72750B,United Kingdom,945.4,452,34
85093,United Kingdom,945.03,1177,145
22354,Germany,944.19,261,17
85111,United Kingdom,942.63,2907,79
85032A,United Kingdom,942.56,1136,151
22108,United Kingdom,942.26,304,129
23389,Netherlands,941.65,251,4
22472,EIRE,941.25,227,9
22766,EIRE,941.0,332,25
72753B,United Kingdom,940.93,437,13
21175,EIRE,940.8,426,29
22049,United Kingdom,940.5,3225,106
23289,United Kingdom,940.1,694,139
23328,Australia,939.96,276,3
84279P,EIRE,937.92,272,13
22252,United Kingdom,937.55,751,107
21870,EIRE,937.02,870,14
22423,Switzerland,936.9,78,13
23204,Netherlands,936.85,1301,8
72586,United Kingdom,936.22,2123,182
21096,France,936.12,7044,3
21156,France,936.0,480,44
84997B,Germany,935.8,244,40
21669,Netherlands,935.33,865,7
17012C,United Kingdom,934.9,850,116
22654,Netherlands,934.8,184,7
22893,United Kingdom,934.5,1790,173
72814,United Kingdom,934.17,257,53
22512,United Kingdom,933.79,377,72
82001s,United Kingdom,932.98,125,29
22236,Netherlands,932.55,85,5
85019A,United Kingdom,932.04,651,50
23102,United Kingdom,931.51,1082,154
20993,Denmark,931.2,9312,1
20749,Germany,930.9,134,25
20971,Netherlands,930.84,876,7
21889,Sweden,930.0,744,6
82607A,United Kingdom,929.97,668,160
37475,United Kingdom,928.14,90,64
85170C,United Kingdom,927.95,510,106
21805,United Kingdom,927.39,2149,103
22423,Singapore,927.0,84,3
37492B,United Kingdom,926.92,477,43
47590A,Germany,926.5,170,23
16033,United Kingdom,925.32,8521,40
22191,EIRE,924.8,116,18
47504H,United Kingdom,924.07,824,133
22283,EIRE,922.0,120,32
22629,EIRE,921.9,522,19
22838,Australia,921.6,64,3
78124,United Kingdom,921.36,713,29
23240,Germany,921.3,222,35
23087,United Kingdom,920.9,708,67
22474,EIRE,920.7,218,8
22776,EIRE,920.45,103,21
22662,Australia,919.5,630,6
23540,United Kingdom,919.26,146,13
21641,United Kingdom,918.79,1626,114
72045D,United Kingdom,918.65,539,6
84596L,United Kingdom,918.37,1422,254
21130,United Kingdom,917.88,632,42
35954,United Kingdom,917.27,2291,125
21555,United Kingdom,917.17,341,123
85160A,United Kingdom,917.15,4484,30
22613,United Kingdom,916.65,1075,219
84247E,United Kingdom,916.55,326,102
22169,EIRE,916.3,111,33
20971,Sweden,915.84,864,5
21061,United Kingdom,915.66,1242,156
47590B,Germany,915.6,168,21
22858,United Kingdom,914.19,512,119
21335,United Kingdom,913.82,38,27
20724,Germany,913.5,1090,67
84709B,United Kingdom,913.33,159,85
21452,Germany,911.5,322,36
22386,Channel Islands,911.5,530,6
22466,France,911.1,506,22
22532,United Kingdom,910.61,2380,170
84974,United Kingdom,909.4,92,61
22143,United Kingdom,909.28,430,72
23391,United Kingdom,908.72,206,74
23598,United Kingdom,908.28,312,44
22472,Netherlands,908.1,230,13
72349b,United Kingdom,907.35,218,121
20619,United Kingdom,907.33,526,189
21933,EIRE,905.95,361,8
22617,Australia,905.1,210,9
22200,Germany,905.0,220,34
84674,United Kingdom,904.79,350,97
37330,United Kingdom,904.06,505,27
22040,United Kingdom,903.3,2165,84
21480,United Kingdom,902.47,286,59
20705,United Kingdom,902.44,248,47
22728,EIRE,901.5,250,19
22821,United Kingdom,901.2,1435,174
47590B,France,900.35,203,4
22940,Netherlands,900.0,240,4
22083,France,899.35,353,14
21668,EIRE,899.28,792,21
23072,United Kingdom,899.26,281,27
22703,United Kingdom,898.71,502,164
85031A,United Kingdom,898.59,450,100
22953,United Kingdom,898.55,720,122
85214,United Kingdom,897.78,521,177
10002,France,897.6,1056,33
20724,France,897.6,1056,85
21007,United Kingdom,896.43,1879,47
84760L,Spain,896.0,560,1
22309,EIRE,895.2,404,18
22089,EIRE,895.2,336,15
23002,United Kingdom,895.05,2073,194
23338,United Kingdom,894.6,421,105
20903,United Kingdom,894.4,183,84
21250,United Kingdom,894.3,367,56
46776C,United Kingdom,893.72,256,97
84666,United Kingdom,892.7,226,33
21303,United Kingdom,892.64,90,28
46000P,United Kingdom,892.5,210,48
85032D,United Kingdom,891.82,873,138
21726,United Kingdom,891.81,1029,161
21115,EIRE,891.6,152,10
22236,Germany,891.45,75,17
22631,Germany,889.2,456,34
23256,France,888.1,214,27
22584,EIRE,887.4,348,9
22814,United Kingdom,887.32,2039,272
22632,Switzerland,886.8,468,8
22134,United Kingdom,886.21,1966,281
85144,United Kingdom,885.9,256,69
23419,United Kingdom,885.0,390,83
72529W,United Kingdom,884.83,448,46
21670,Netherlands,884.21,793,8
21684,United Kingdom,883.94,955,103
22179,Denmark,883.8,148,4
85130B,United Kingdom,883.77,864,82
21937,EIRE,883.0,340,7
21238,Germany,882.3,1038,86
84378,EIRE,882.1,698,34
22539,United Kingdom,880.02,2047,203
22491,EIRE,878.76,1188,19
82484,EIRE,878.05,131,26
72799A,United Kingdom,877.8,612,18
22266,United Kingdom,877.75,1794,170
22310,EIRE,877.6,592,11
40018F,United Kingdom,876.64,437,102
21147,United Kingdom,876.46,464,126
21338,United Kingdom,873.25,199,14
23099,United Kingdom,872.15,129,55
23532,United Kingdom,871.88,204,29
23207,Netherlands,871.65,601,6
22992,France,871.65,447,22
85031B,United Kingdom,871.34,491,84
90200C,United Kingdom,870.34,205,101
21124,France,870.0,696,26
20727,Sweden,870.0,600,5
90200E,United Kingdom,869.7,208,93
21676,United Kingdom,869.07,1164,158
23084,Germany,869.04,468,23
23507,United Kingdom,868.69,2163,115
22647,United Kingdom,868.35,995,81
84997B,Australia,868.18,238,6
17033,United Kingdom,867.84,3280,69
22627,EIRE,867.0,102,38
21299,United Kingdom,864.35,158,32
47503K,Denmark,864.0,2880,1
84925F,United Kingdom,862.91,710,35
85165,United Kingdom,862.81,89,57
23170,EIRE,862.8,552,26
37424,United Kingdom,861.82,3139,109
84660B,United Kingdom,861.06,723,60
23280,United Kingdom,860.94,1001,139
22072,EIRE,860.88,264,14
23033,United Kingdom,860.6,564,66
20831,United Kingdom,860.28,420,75
21725,United Kingdom,860.12,919,174
85162A,United Kingdom,859.87,415,17
82613B,United Kingdom,859.54,735,218
21249,Netherlands,859.2,336,9
16046,United Kingdom,859.11,5453,65
21060,United Kingdom,859.05,1166,142
21232,EIRE,858.96,720,34
23010,EIRE,858.15,57,5
21218,Japan,858.0,264,5
21218,Australia,858.0,264,3
21080,Netherlands,857.52,1272,14
23290,Netherlands,857.25,801,9
21700,Germany,856.8,1008,47
23380,United Kingdom,856.75,2019,113
23510,United Kingdom,856.6,1861,115
22486,United Kingdom,856.4,104,40
15056N,Germany,856.3,154,16
22620,Australia,856.2,724,7
85208,United Kingdom,855.84,429,94
84929,United Kingdom,855.36,2568,80
20936,United Kingdom,855.2,336,79
85062,EIRE,855.0,588,7
22411,Netherlands,854.95,501,5
22511,United Kingdom,854.16,335,102
21791,EIRE,854.1,738,27
22994,United Kingdom,854.04,1949,211
47563A,United Kingdom,852.19,346,154
21320,United Kingdom,852.14,374,54
23344,Netherlands,852.08,471,6
21577,Germany,850.5,378,48
22248,United Kingdom,850.46,952,178
21255,United Kingdom,850.18,470,95
23236,Sweden,849.66,294,4
21094,Germany,849.32,1100,45
84341B,United Kingdom,848.6,1587,129
22652,EIRE,848.1,514,29
21124,Germany,847.5,678,27
21293,United Kingdom,847.14,331,84
22139,Sweden,846.45,171,7
21558,France,844.8,344,33
84509a,United Kingdom,844.74,113,75
84997D,Germany,844.7,218,32
20725,Germany,842.95,523,34
22961,Netherlands,842.9,674,7
22989,Germany,840.5,274,23
22715,United Kingdom,839.71,1963,191
21258,Germany,839.4,76,7
85049E,Germany,838.75,671,41
21376,United Kingdom,838.56,184,48
21913,EIRE,838.38,242,13
72800C,United Kingdom,838.14,626,77
22848,Netherlands,837.2,56,7
85017B,United Kingdom,837.16,1353,289
22096,United Kingdom,836.91,1558,188
84951A,United Kingdom,836.8,618,136
20731,United Kingdom,836.67,1433,72
20894,United Kingdom,836.15,270,90
22895,France,836.0,272,37
22285,Netherlands,835.2,576,2
21084,United Kingdom,835.02,2254,204
79321,EIRE,834.5,166,14
85166B,United Kingdom,834.1,502,37
22951,Netherlands,833.9,1970,12
20914,Netherlands,833.7,326,10
23511,United Kingdom,832.01,349,86
23077,Netherlands,832.0,800,3
23255,Netherlands,830.75,221,5
23298,Australia,830.4,192,7
84997C,Germany,829.2,216,34
17012B,United Kingdom,828.92,674,128
22967,EIRE,828.8,320,8
84578,United Kingdom,828.66,215,113
21592,EIRE,828.06,750,9
85161,United Kingdom,825.95,49,31
84987,Netherlands,825.85,649,6
79342B,United Kingdom,824.95,119,34
21551,United Kingdom,824.95,169,22
84879,EIRE,824.72,488,32
22199,Germany,823.0,212,24
22825,United Kingdom,822.87,103,40
23173,Netherlands,822.2,100,6
22734,Germany,822.12,300,23
85194S,United Kingdom,821.13,1519,127
84755,EIRE,820.8,1440,19
20979,Germany,820.68,676,22
72760B,EIRE,820.66,86,21
21478,United Kingdom,820.48,195,95
21318,United Kingdom,820.38,896,89
21552,United Kingdom,819.75,162,35
84985A,United Kingdom,819.48,507,153
90161C,United Kingdom,819.3,164,100
23007,EIRE,819.3,54,5
85126,United Kingdom,819.26,114,34
20897,United Kingdom,819.21,340,74
21185,United Kingdom,819.14,123,41
20803,United Kingdom,819.08,1088,81
21787,EIRE,818.4,1200,12
21635,United Kingdom,817.74,388,42
21122,Germany,817.5,654,27
21654,United Kingdom,816.19,1189,85
22741,Germany,816.0,960,16
22890,Netherlands,816.0,96,3
23106,United Kingdom,815.59,291,53
85226A,United Kingdom,815.37,1500,139
21928,EIRE,815.35,479,11
84660A,United Kingdom,815.26,836,49
84970s,United Kingdom,813.86,387,103
72801G,United Kingdom,813.62,1337,67
22750,Australia,813.6,240,3
85145,United Kingdom,813.0,92,31
22164,United Kingdom,812.43,290,47
21444,United Kingdom,812.03,267,33
20833,United Kingdom,811.8,52,5
22867,Netherlands,811.2,432,5
21270,United Kingdom,810.68,71,48
23433,United Kingdom,809.78,898,67
79191C,United Kingdom,809.49,1012,125
84800L,United Kingdom,808.55,554,35
84922,United Kingdom,808.22,342,17
21721,United Kingdom,808.12,864,139
21243,Netherlands,807.54,546,9
84600,United Kingdom,806.97,94,46
22553,France,806.85,489,28
21264,United Kingdom,806.76,332,66
23508,United Kingdom,806.51,1720,116
37482P,United Kingdom,806.44,638,81
85044,United Kingdom,806.35,150,41
23533,United Kingdom,806.04,179,35
85110,United Kingdom,805.4,6768,22
22333,France,805.2,488,38
22273,Sweden,805.2,312,8
21375,United Kingdom,803.99,131,63
22402,Sweden,801.36,756,5
23220,United Kingdom,800.26,910,99
37333,United Kingdom,800.15,144,60
21458,United Kingdom,799.24,728,84
22624,Germany,799.0,94,38
23175,EIRE,799.0,268,25
22946,Australia,798.9,62,2
22894,France,797.7,86,25
21871,EIRE,797.46,714,18
23209,France,796.95,483,33
20682,EIRE,796.5,282,11
21220,United Kingdom,796.22,581,154
85152,EIRE,796.2,426,16
22483,Netherlands,795.6,312,6
21396,United Kingdom,794.97,576,68
22384,Spain,794.4,536,12
84767,United Kingdom,794.32,193,5
21414,United Kingdom,793.19,1600,33
23205,Netherlands,792.85,1101,8
22712,Netherlands,792.72,2196,19
22146,Sweden,792.0,480,5
85019B,United Kingdom,791.72,587,39
23432,United Kingdom,791.22,918,60
23083,Netherlands,789.6,240,3
16011,United Kingdom,788.82,3762,111
40018F,Netherlands,788.45,415,3
21715,EIRE,788.4,360,11
23163,EIRE,787.8,348,14
22289,United Kingdom,787.48,740,77
84951B,United Kingdom,787.43,559,120
23201,Netherlands,787.28,441,6
20652,United Kingdom,786.06,793,167
21936,Germany,786.0,280,28
47574A,United Kingdom,785.98,564,128
22423,Channel Islands,785.55,65,12
22662,France,785.4,476,39
23010,France,785.4,52,8
22635,France,784.4,80,27
85121B,United Kingdom,783.74,68,43
21702,Denmark,783.48,2556,3
72799C,United Kingdom,783.1,471,48
17012A,United Kingdom,783.01,701,97
84987,Sweden,783.0,540,5
85123A,Cyprus,781.65,291,14
84997D,Australia,780.66,222,3
22582,EIRE,780.3,306,3
22337,United Kingdom,780.21,1146,141
20973,Sweden,780.0,1200,4
21914,Germany,780.0,624,33
22707,United Kingdom,779.94,1857,71
22546,United Kingdom,779.92,1862,166
37461,United Kingdom,779.89,743,97
22427,EIRE,779.25,135,27
21249,Germany,778.8,264,39
22620,France,778.75,587,42
21724,United Kingdom,778.57,864,176
22214,United Kingdom,778.49,327,82
21914,Australia,778.2,732,4
85071C,United Kingdom,777.8,1180,139
22842,EIRE,777.6,128,15
21589,EIRE,777.6,360,7
22417,EIRE,777.6,1584,28
22846,Netherlands,777.4,52,7
22445,Germany,777.3,270,29
90200B,United Kingdom,775.45,183,85
82613C,United Kingdom,775.41,716,188
22529,United Kingdom,774.45,1914,149
21210,Australia,773.65,613,6
23318,EIRE,773.58,366,5
20622,United Kingdom,772.83,370,130
40018E,United Kingdom,772.67,351,78
37410,United Kingdom,772.25,543,31
22058,United Kingdom,771.88,504,115
22968,EIRE,771.2,88,7
84849D,EIRE,771.12,504,7
90200A,United Kingdom,770.91,182,104
21392,United Kingdom,770.79,3786,34
85135A,United Kingdom,770.49,96,65
22367,France,768.9,402,37
21454,United Kingdom,768.5,891,195
35599B,United Kingdom,768.29,212,48
22847,Germany,767.5,50,15
23194,Australia,766.8,360,2
21455,United Kingdom,766.67,865,168
84847,United Kingdom,766.45,1210,49
84029C,United Kingdom,766.19,204,48
85121C,United Kingdom,765.91,80,47
23413,United Kingdom,765.76,144,50
23559,United Kingdom,765.61,291,101
84952C,United Kingdom,765.13,413,47
16244B,United Kingdom,765.02,345,29
22727,Germany,765.0,204,28
20730,United Kingdom,764.2,788,98
84782A,United Kingdom,763.95,113,23
20725,Portugal,763.75,475,23
21128,United Kingdom,763.35,107,55
20901,United Kingdom,762.13,84,64
20750,Japan,762.0,120,3
22898,Netherlands,762.0,460,9
22255,United Kingdom,761.53,753,124
23551,United Kingdom,761.06,1638,132
21374,United Kingdom,760.92,431,68
47566,Switzerland,760.7,186,7
84968B,EIRE,760.05,63,6
20676,Germany,760.0,608,57
84712B,United Kingdom,759.21,97,59
22860,United Kingdom,758.9,429,101
23521,United Kingdom,758.69,401,43
85131B,United Kingdom,758.34,980,226
23022,United Kingdom,758.24,398,23
20661,United Kingdom,757.96,540,116
85130C,United Kingdom,757.81,657,69
23568,United Kingdom,757.52,606,46
22530,Sweden,757.44,1968,10
21658,Germany,757.35,213,13
21437,EIRE,757.2,248,6
22467,Denmark,756.9,354,6
M,United Arab Emirates,756.9,2,2
20726,EIRE,756.75,495,19
85231L,United Kingdom,756.55,929,117
20910,United Kingdom,756.42,104,48
20777,United Kingdom,756.42,442,168
21298,United Kingdom,755.8,52,14
20989,United Kingdom,754.88,393,55
17165B,United Kingdom,754.83,813,64
23479,United Kingdom,754.63,98,38
90209C,United Kingdom,754.49,399,67
85188A,United Kingdom,754.42,861,102
35923,United Kingdom,754.42,1126,109
23390,Netherlands,754.15,201,4
23388,Netherlands,754.15,201,4
20941,United Kingdom,754.07,783,120
23121,United Kingdom,754.02,1832,113
23199,Germany,753.74,363,28
35095B,United Kingdom,753.62,1916,181
21883,United Kingdom,753.53,1455,170
22378,Netherlands,753.3,573,12
17107D,United Kingdom,752.25,295,86
21217,Japan,751.8,84,3
90209B,United Kingdom,751.75,390,104
23335,United Kingdom,751.26,358,93
22835,EIRE,751.2,160,28
20973,Germany,750.7,1214,20
84653,United Kingdom,750.48,14,12
23140,United Kingdom,749.5,178,51
22709,United Kingdom,748.58,1849,60
35647,United Kingdom,748.24,563,75
22968,Australia,748.0,88,3
22635,Australia,748.0,88,4
21880,United Kingdom,747.35,1494,272
21015,United Kingdom,745.95,1566,188
23487,United Kingdom,745.83,75,40
85213,United Kingdom,745.58,1271,75
23472,United Kingdom,744.92,48,29
22229,United Kingdom,744.13,862,177
21929,EIRE,743.69,426,15
37494A,United Kingdom,743.29,220,49
23004,United Kingdom,743.14,1621,210
21974,EIRE,742.8,552,21
23506,United Kingdom,742.36,1745,135
21563,Netherlands,742.2,372,6
23223,United Kingdom,741.89,791,90
22796,EIRE,741.3,78,21
21377,United Kingdom,741.03,515,99
22907,EIRE,741.0,996,30
84762C,United Kingdom,739.75,103,42
84632,United Kingdom,739.35,13,9
35598B,United Kingdom,738.97,865,56
85196,United Kingdom,738.64,1396,60
21843,Australia,738.3,74,5
22812,Germany,738.0,408,14
21554,United Kingdom,738.0,162,21
22383,France,737.55,447,47
35958,United Kingdom,737.28,840,81
20699,United Kingdom,736.56,265,89
20998,United Kingdom,736.03,252,119
72800A,United Kingdom,735.61,671,48
22502,EIRE,735.1,146,10
22625,Denmark,734.4,96,2
22274,Sweden,734.4,288,5
85099F,EIRE,734.2,422,14
85006,United Kingdom,733.76,1572,29
84615,United Kingdom,732.88,232,20
84997D,Hong Kong,732.48,192,5
20718,Germany,731.75,631,29
21443,United Kingdom,731.68,258,27
22908,Netherlands,731.3,1058,11
84817,United Kingdom,731.28,883,64
21456,United Kingdom,731.05,702,63
ADJUST2,United Kingdom,731.05,3,3
21121,Australia,730.56,672,5
84920,United Kingdom,730.38,181,84
21872,EIRE,729.9,666,16
85099C,Channel Islands,729.6,420,4
22139,Portugal,728.7,154,21
47581B,United Kingdom,728.27,44,35
21438,EIRE,727.2,240,4
23583,Netherlands,726.65,501,4
22090,Australia,726.6,268,11
22423,Israel,726.3,66,4
22382,Germany,726.0,440,32
84625D,United Kingdom,725.49,627,50
21330,Netherlands,725.0,500,2
23009,France,724.65,47,7
23183,United Kingdom,723.42,161,73
23006,United Kingdom,723.27,1664,170
21171,EIRE,722.9,578,6
22617,France,722.25,151,28
84762B,United Kingdom,721.07,95,46
85187,United Kingdom,720.48,415,111
72750A,United Kingdom,720.05,359,14
23268,Netherlands,720.0,576,2
22292,Netherlands,720.0,576,2
21754,EIRE,719.8,124,20
22135,United Kingdom,718.97,1398,313
21723,United Kingdom,718.01,803,138
72131,United Kingdom,717.63,761,61
22847,Netherlands,717.6,48,6
35811A,United Kingdom,717.37,398,81
21300,United Kingdom,716.3,49,10
21133,United Kingdom,716.29,412,43
21527,Germany,715.5,90,21
84761,United Kingdom,715.3,255,62
90082D,United Kingdom,715.15,111,56
90161B,United Kingdom,714.78,143,79
22437,France,714.0,840,37
23040,United Kingdom,713.78,118,37
22961,Sweden,713.4,492,5
84534B,United Kingdom,713.23,739,188
20854,United Kingdom,713.08,441,113
22434,Sweden,712.8,432,5
84755,Netherlands,712.8,1296,7
22498,Netherlands,712.8,144,1
22079,Netherlands,712.5,490,5
23522,United Kingdom,712.44,342,31
84971L,United Kingdom,712.26,576,61
16015,United Kingdom,711.88,1573,66
85162B,Germany,711.75,365,4
23409,United Kingdom,711.68,191,39
23042,United Kingdom,711.51,103,28
21378,United Kingdom,710.82,549,88
21319,United Kingdom,710.73,486,63
21062,United Kingdom,710.12,858,122
72755C,United Kingdom,710.0,556,11
21080,Germany,709.99,859,54
22903,United Kingdom,709.92,245,78
22699,Australia,708.6,276,9
22929,United Kingdom,707.95,11,10
21127,United Kingdom,706.68,244,46
23564,United Kingdom,706.31,536,70
22989,EIRE,706.0,248,10
21308,United Kingdom,705.9,132,6
22543,United Kingdom,705.75,1737,108
21201,Sweden,705.6,336,7
22969,EIRE,705.0,516,16
23480,France,705.0,188,20
21914,France,705.0,564,28
23046,United Kingdom,704.89,105,33
22628,EIRE,704.75,165,3
21787,Netherlands,704.4,1032,7
21379,United Kingdom,704.23,638,128
84033,United Kingdom,704.03,373,49
23171,EIRE,703.8,444,23
22232,United Kingdom,703.71,605,125
22585,Netherlands,703.06,650,8
84872a,United Kingdom,702.59,64,50
22408,United Kingdom,702.42,573,93
22147,Netherlands,702.25,545,11
23193,Australia,702.0,360,2
23177,Australia,702.0,360,2
23176,Australia,702.0,360,2
47590A,France,700.55,159,5
22385,France,699.53,346,37
84997B,Hong Kong,699.28,184,4
20763,United Kingdom,699.23,265,75
22640,United Kingdom,699.09,331,88
20701,United Kingdom,698.99,347,48
84212,EIRE,698.4,1584,6
22416,Netherlands,698.05,541,8
85230F,United Kingdom,697.86,2850,59
22510,United Kingdom,697.82,267,84
23297,Netherlands,697.65,481,3
22124,United Kingdom,696.44,271,130
22624,Denmark,696.15,91,2
23292,Netherlands,696.05,649,8
21035,EIRE,695.2,248,8
47591D,EIRE,694.2,356,41
22557,EIRE,694.2,444,20
79030D,United Kingdom,693.4,950,59
84849A,United Kingdom,693.3,387,98
22551,Sweden,693.0,420,7
23070,United Kingdom,692.94,156,43
20997,United Kingdom,692.79,149,76
21086,Germany,691.68,1104,44
23324,United Kingdom,691.24,339,40
22745,Netherlands,691.2,372,4
17084R,EIRE,691.2,4320,3
22966,Netherlands,690.56,640,8
21415,United Kingdom,690.47,330,85
23076,France,690.0,552,18
84689,United Kingdom,689.35,303,37
21844,France,689.1,258,14
21672,Germany,688.8,528,41
35095A,United Kingdom,688.6,1717,165
84663A,United Kingdom,687.65,351,62
23025,United Kingdom,685.92,314,48
22396,United Kingdom,684.7,949,157
21340,Spain,684.7,66,12
23173,Australia,684.6,84,2
23545,United Kingdom,684.6,1630,61
21213,Netherlands,684.55,1585,17
21202,United Kingdom,684.38,472,57
35970,Netherlands,684.24,456,7
84086C,United Kingdom,683.29,227,82
37492D,United Kingdom,682.99,361,26
22363,EIRE,682.8,264,6
21484,Germany,682.8,192,25
22175,Netherlands,682.8,264,4
21457,United Kingdom,682.25,658,63
22638,United Kingdom,681.68,384,74
84595E,United Kingdom,681.27,349,41
21740,United Kingdom,680.31,195,68
17165D,United Kingdom,680.22,714,97
84869,United Kingdom,680.14,290,25
22628,Australia,680.0,160,2
22634,Australia,680.0,80,4
22411,Portugal,679.9,340,18
84684,United Kingdom,679.9,593,38
21976,Germany,679.8,1236,48
84952B,United Kingdom,679.24,421,47
22843,EIRE,679.2,112,12
21653,EIRE,678.6,366,4
85186A,United Kingdom,678.34,1452,161
20991,Denmark,676.8,6768,1
22489,EIRE,676.8,1776,30
23282,United Kingdom,676.52,714,129
21077,United Kingdom,675.8,808,150
22423,Belgium,675.75,53,18
21094,Netherlands,675.6,1032,13
47566,Japan,675.5,170,3
22327,Germany,675.5,242,23
84620,United Kingdom,675.21,109,47
21470,EIRE,675.0,180,27
20692,Netherlands,675.0,180,4
22036,United Kingdom,674.95,1601,131
21222,United Kingdom,674.67,515,128
22942,EIRE,674.6,92,9
23423,United Kingdom,674.4,165,58
16259,United Kingdom,673.63,4899,49
22968,Germany,673.3,70,19
22554,Sweden,673.2,408,6
90161D,United Kingdom,673.09,135,76
22547,United Kingdom,673.09,1537,184
35832,Sweden,672.6,228,8
22328,Belgium,671.1,234,27
46776E,United Kingdom,670.52,207,79
20681,EIRE,670.5,234,10
84925D,United Kingdom,669.8,449,26
72023F,United Kingdom,669.62,640,51
22355,Germany,669.55,803,48
23435,United Kingdom,669.49,777,96
22641,United Kingdom,669.16,285,68
23502,United Kingdom,668.66,515,82
84991,Netherlands,668.4,1584,10
21937,Netherlands,667.0,260,5
23236,EIRE,666.96,264,7
21471,EIRE,666.6,188,20
47566,Netherlands,666.5,170,4
23158,Netherlands,666.0,360,3
85231E,United Kingdom,665.48,800,105
23392,United Kingdom,665.43,246,96
22273,Australia,665.1,258,7
21562,United Kingdom,665.08,434,66
21847,United Kingdom,664.73,345,72
21668,Germany,664.2,516,39
21718,EIRE,664.0,592,10
23254,France,664.0,160,28
47590B,EIRE,663.05,129,21
75013B,United Kingdom,663.02,386,80
23008,Netherlands,661.8,44,5
21386,United Kingdom,661.46,1088,106
21432,France,660.4,112,25
23065,EIRE,660.2,58,3
84826,United Kingdom,660.13,1443,58
20979,France,660.0,528,27
21915,Germany,660.0,528,35
20862,United Kingdom,659.64,310,34
82580,EIRE,659.45,1199,20
22837,Germany,659.4,148,14
22282,EIRE,658.05,55,14
21781,EIRE,657.8,44,18
21976,Sweden,657.6,1536,14
21208,United Kingdom,656.75,743,104
22383,Spain,656.4,416,10
21331,United Kingdom,655.08,54,25
POST,Malta,655.0,12,3
21026,United Kingdom,654.25,497,128
84380,Netherlands,654.03,567,10
15056N,Austria,654.0,120,4
21524,Switzerland,653.84,92,12
72755D,United Kingdom,653.25,501,11
23159,Germany,652.56,327,15
21076,United Kingdom,651.65,769,89
22749,Netherlands,650.88,192,4
21137,Australia,650.88,192,1
17164B,United Kingdom,650.76,1630,91
22245,Netherlands,650.17,853,12
21243,Germany,648.96,384,34
22863,EIRE,648.9,246,12
22138,Germany,648.45,131,39
46776D,United Kingdom,648.17,151,75
21588,EIRE,648.0,288,9
21906,Sweden,648.0,96,4
17084N,United Kingdom,647.66,2798,191
17012F,United Kingdom,647.3,573,110
22434,EIRE,646.8,376,10
85023B,United Kingdom,646.65,279,35
23158,Germany,646.32,324,12
21307,United Kingdom,645.87,747,75
85160B,United Kingdom,645.82,3179,36
48185,Germany,645.16,86,19
22659,Netherlands,645.0,380,9
84992,Netherlands,644.4,1512,15
21731,Sweden,644.4,408,13
22624,Netherlands,644.3,83,9
90184C,United Kingdom,643.33,71,50
23458,United Kingdom,642.85,43,26
23550,United Kingdom,642.6,1530,58
90160C,United Kingdom,642.52,92,45
22418,Netherlands,642.48,888,6
85084,United Kingdom,642.3,636,86
85168B,United Kingdom,642.22,71,52
85189,United Kingdom,641.59,748,63
21221,United Kingdom,640.94,477,104
20898,United Kingdom,640.82,309,52
22606,EIRE,640.75,49,10
21393,United Kingdom,640.43,2649,31
72753A,United Kingdom,639.84,291,12
21720,United Kingdom,639.36,711,98
22215,EIRE,639.2,80,16
21442,United Kingdom,639.17,876,130
22056,United Kingdom,638.99,595,33
35004P,United Kingdom,638.97,120,43
23298,Switzerland,637.75,145,11
20665,Germany,637.2,216,28
22033,United Kingdom,636.57,1495,120
23427,Germany,636.5,61,2
21524,Germany,636.22,94,12
22966,EIRE,635.28,552,20
90184B,United Kingdom,634.43,70,47
22556,Switzerland,634.2,396,16
22337,Netherlands,633.6,1152,4
22432,Netherlands,633.6,384,6
21263,United Kingdom,633.12,280,59
84766,United Kingdom,632.05,199,27
22492,Germany,631.8,972,27
23082,Netherlands,631.68,192,2
16047,United Kingdom,631.48,5418,30
20719,France,631.3,758,62
21719,United Kingdom,631.16,690,134
22580,Germany,630.3,114,13
20729,Denmark,630.0,4200,1
84964A,United Kingdom,630.0,11,2
90195A,United Kingdom,629.95,75,46
85203,United Kingdom,629.79,1373,231
90199C,United Kingdom,629.74,106,37
90143,United Kingdom,629.7,83,45
22904,Netherlands,629.7,246,4
22331,Netherlands,629.7,434,6
21194,United Kingdom,629.4,437,90
47503J,EIRE,629.4,84,9
15056p,United Kingdom,628.72,50,41
84824,United Kingdom,628.6,35,30
23199,France,628.16,302,26
17039,United Kingdom,627.88,2707,41
22615,United Kingdom,627.42,1968,161
22797,EIRE,627.15,37,8
22054,United Kingdom,626.96,344,76
47504E,Denmark,626.4,4176,1
22961,France,626.4,432,24
82613A,United Kingdom,626.22,459,112
47503F,Denmark,626.0,2504,1
21429,Germany,625.8,372,36
23172,EIRE,624.6,396,20
84507C,United Kingdom,624.44,429,72
23517,United Kingdom,624.4,192,53
23247,Australia,624.24,216,1
22720,Germany,623.7,126,27
22487,EIRE,622.75,69,27
85114c,United Kingdom,622.72,188,43
22491,Japan,622.08,864,2
35951,United Kingdom,621.51,1208,43
22630,Germany,620.4,328,21
16156N,United Kingdom,619.5,1475,56
84876D,United Kingdom,619.27,336,37
85088,United Kingdom,618.85,297,72
21432,Germany,618.7,106,27
15056P,Germany,618.3,114,12
21350,United Kingdom,618.25,215,43
22423,Portugal,618.15,53,7
47367B,United Kingdom,617.57,174,92
23123,United Kingdom,616.88,744,91
20769,United Kingdom,616.81,350,75
20726,Australia,616.5,410,10
22555,Australia,616.2,420,5
21003,United Kingdom,616.0,104,61
72772,United Kingdom,615.84,457,9
21750,United Kingdom,615.58,283,62
22273,Netherlands,614.95,241,4
84569A,United Kingdom,614.94,490,108
84279B,EIRE,614.52,180,6
85230E,United Kingdom,614.49,2397,64
47597,United Kingdom,614.28,310,125
84917,United Kingdom,614.16,202,54
84708B,United Kingdom,613.99,118,50
84865,United Kingdom,613.9,73,50
21614,EIRE,613.5,234,8
23108,Australia,613.37,113,5
23071,United Kingdom,613.0,242,20
85019C,United Kingdom,612.94,414,23
22637,EIRE,612.9,270,16
47583A,United Kingdom,612.82,71,6
82616A,United Kingdom,612.41,312,50
21524,France,612.3,90,13
47590B,Australia,612.15,127,9
22839,Australia,612.0,48,2
21681,Netherlands,612.0,72,3
22636,Australia,612.0,80,4
22666,Australia,612.0,240,3
21216,Japan,612.0,144,4
22739,EIRE,612.0,400,16
79315W,United Kingdom,611.51,199,13
35972,United Kingdom,611.38,440,88
23040,EIRE,611.25,123,2
84858C,United Kingdom,611.07,347,30
17012D,United Kingdom,611.04,470,117
23428,United Kingdom,610.71,69,29
21593,EIRE,610.56,576,1
22856,Netherlands,610.56,576,2
gift_0001_30,United Kingdom,610.09,24,24
84986B,United Kingdom,610.06,412,75
23454,United Kingdom,610.0,142,55
84931B,United Kingdom,609.68,243,81
22949,Netherlands,609.6,480,2
22483,EIRE,609.1,226,14
21238,Netherlands,609.06,834,13
23547,United Kingdom,609.0,1450,57
22138,Netherlands,609.0,140,11
35964,United Kingdom,608.69,1034,133
20618,United Kingdom,608.64,278,134
84563A,United Kingdom,608.3,116,58
21975,Netherlands,607.2,1416,12
62094B,United Kingdom,606.55,276,63
20856,United Kingdom,606.44,367,119
84820,United Kingdom,606.42,246,40
22100,United Kingdom,605.7,769,137
22094,Netherlands,605.4,660,3
22752,France,604.8,84,16
22303,Netherlands,604.8,288,4
22274,EIRE,604.7,218,16
21154,Germany,602.5,482,37
23492,United Kingdom,602.38,72,26
22447,United Kingdom,602.11,189,72
21214,EIRE,601.8,468,7
22457,EIRE,601.8,204,22
84846A,United Kingdom,601.17,265,59
84997C,Denmark,600.78,162,8
23216,United Kingdom,600.73,501,43
20725,Spain,600.4,376,11
85197,United Kingdom,600.36,314,75
21001,United Kingdom,600.26,123,89
21167,United Kingdom,600.17,2495,118
22430,EIRE,600.0,128,19
47594B,United Kingdom,599.74,301,109
22391,United Kingdom,599.55,287,63
85146,United Kingdom,599.38,118,31
17181,United Kingdom,599.31,312,66
22077,EIRE,597.9,358,28
22635,EIRE,597.85,63,17
84596J,United Kingdom,597.59,788,138
22353,France,597.45,247,25
22312,France,597.3,174,21
23206,Germany,597.3,362,28
22849,Germany,597.05,39,11
21134,United Kingdom,596.94,347,47
84682,United Kingdom,596.94,295,51
90010B,United Kingdom,596.74,65,36
21928,Channel Islands,596.4,350,7
22556,Australia,596.4,408,5
85032C,United Kingdom,596.29,588,155
21674,United Kingdom,596.1,38,7
22179,Germany,596.1,94,15
48184,Switzerland,595.6,88,5
84520D,United Kingdom,595.27,647,91
85014B,EIRE,595.0,100,26
23408,United Kingdom,594.88,286,55
16169M,United Kingdom,594.2,1935,55
21731,Belgium,594.0,360,19
22472,Germany,594.0,120,19
84715,United Kingdom,593.29,193,42
21716,EIRE,592.8,272,6
22333,EIRE,592.8,400,7
62096A,United Kingdom,592.79,383,91
20804,United Kingdom,592.51,333,63
22278,EIRE,592.45,131,11
82494L,EIRE,592.2,204,26
84050,Norway,591.9,446,11
84963A,United Kingdom,591.55,19,8
84963B,United Kingdom,591.5,18,6
22201,EIRE,591.0,156,3
85218,Denmark,590.4,1968,1
21088,France,590.4,7176,3
22656,Netherlands,590.0,2,1
47469,United Kingdom,589.73,1213,39
22730,Denmark,589.5,162,7
23007,Netherlands,589.05,39,5
20717,EIRE,589.0,532,12
21256,United Kingdom,588.64,326,65
48188,EIRE,588.1,82,27
23017,United Kingdom,588.08,46,18
21365,United Kingdom,587.83,390,75
22507,Germany,587.75,121,23
85117,United Kingdom,587.72,343,61
22385,Germany,587.34,293,26
23471,United Kingdom,586.94,62,27
82605,United Kingdom,586.67,264,127
22082,EIRE,586.5,370,23
16169K,United Kingdom,585.25,1900,53
21879,United Kingdom,584.95,1424,144
21931,Germany,584.74,293,22
85186C,United Kingdom,584.27,1224,149
90198A,United Kingdom,583.92,138,84
22840,Australia,583.8,84,3
84707B,United Kingdom,583.69,66,50
84859A,United Kingdom,583.53,269,58
23319,Germany,583.38,258,12
21244,Netherlands,583.22,386,8
17109B,Denmark,583.2,3888,1
21578,Netherlands,582.75,259,14
20679,Austria,582.6,108,4
15056BL,Austria,582.6,108,4
22584,Germany,582.15,241,18
22604,EIRE,581.7,262,9
22236,France,581.55,49,11
21265,United Kingdom,580.51,261,31
20935,United Kingdom,580.38,302,49
85188B,United Kingdom,580.13,653,73
22652,Australia,580.0,400,2
22827,Cyprus,580.0,4,2
22748,France,579.6,276,33
22334,EIRE,579.6,392,6
22557,France,579.15,351,23
22384,France,579.15,351,31
21928,Portugal,578.5,290,18
23027,United Kingdom,578.03,271,27
21791,France,577.5,462,32
21156,Germany,577.2,296,34
21416,United Kingdom,576.81,744,23
85160A,France,576.6,4332,2
22551,Australia,576.6,396,4
23170,Netherlands,576.6,396,6
22620,EIRE,576.05,437,31
23016,United Kingdom,575.25,74,24
23222,United Kingdom,575.01,607,72
84821,United Kingdom,574.8,1084,59
21244,Germany,574.6,340,33
22418,EIRE,574.56,720,14
22296,EIRE,574.2,348,9
23187,United Kingdom,573.92,1960,66
20714,United Kingdom,573.82,1380,27
84601A,United Kingdom,573.44,238,12
82011C,United Kingdom,573.18,123,72
71101E,United Kingdom,572.87,707,46
23238,France,572.7,138,17
72122,United Kingdom,572.43,564,124
22961,Australia,572.4,408,3
23325,United Kingdom,572.34,354,29
22503,Germany,572.2,28,4
20863,United Kingdom,572.13,279,49
22043,United Kingdom,571.8,2018,120
23347,United Kingdom,571.3,428,84
15056N,France,571.2,96,20
84924A,United Kingdom,571.0,133,63
84976,United Kingdom,570.75,492,51
23120,United Kingdom,570.73,1378,109
82095,United Kingdom,570.31,96,46
21891,Australia,570.24,432,3
23166,EIRE,569.76,480,8
20655,United Kingdom,569.75,381,194
21553,United Kingdom,569.37,88,39
23453,United Kingdom,569.18,292,47
21472,EIRE,569.1,162,15
47559b,United Kingdom,568.58,171,46
84247G,United Kingdom,568.24,1331,100
85014b,United Kingdom,567.74,45,39
23236,Australia,567.67,223,6
22746,Netherlands,567.6,306,2
22748,Netherlands,567.6,306,2
22333,Australia,566.4,384,7
21304,United Kingdom,566.08,84,17
23514,United Kingdom,565.71,260,60
85028L,United Kingdom,565.51,217,24
21481,France,565.47,165,14
85205B,United Kingdom,564.83,200,57
22692,EIRE,564.6,80,14
21786,EIRE,564.48,1704,15
18094C,United Kingdom,564.41,404,96
22820,United Kingdom,564.33,921,94
22443,EIRE,564.3,74,11
17109D,United Kingdom,564.19,1181,38
23299,EIRE,564.0,160,10
21440,United Kingdom,563.81,445,100
21392,France,562.44,3690,6
22034,United Kingdom,562.43,1332,84
85092,United Kingdom,562.27,373,21
22570,EIRE,561.96,156,15
22079,EIRE,561.75,355,23
85071D,United Kingdom,561.61,889,114
85096,United Kingdom,560.91,131,64
22304,EIRE,560.7,258,9
16049,United Kingdom,560.48,3169,32
23293,Netherlands,560.43,777,6
22932,EIRE,560.1,262,6
84997C,Australia,559.08,156,4
21154,Netherlands,558.5,500,5
21843,Spain,558.45,51,14
22181,United Kingdom,557.52,614,111
21884,United Kingdom,557.47,1209,148
22549,France,556.9,394,27
84997A,Germany,556.6,148,18
23178,United Kingdom,556.56,186,58
20781,United Kingdom,556.38,100,64
20823,United Kingdom,555.47,261,21
20676,Switzerland,555.28,488,15
82486,EIRE,555.0,68,18
22747,Netherlands,555.0,300,1
21671,Germany,554.4,432,34
90120D,United Kingdom,554.13,134,40
85230B,United Kingdom,554.08,2096,67
37444C,United Kingdom,554.03,879,55
21016,United Kingdom,553.95,800,86
22654,EIRE,553.35,93,18
20760,United Kingdom,553.21,725,80
23280,Netherlands,552.96,768,6
20728,Portugal,552.75,335,20
22302,Germany,552.45,223,25
23219,United Kingdom,552.35,417,62
84378,Netherlands,551.53,485,10
23537,United Kingdom,551.43,105,33
22726,Germany,551.25,147,22
M,Finland,551.2,2,1
22042,United Kingdom,551.12,1517,121
84509c,United Kingdom,550.98,73,48
POST,Canada,550.94,1,1
22752,Denmark,550.8,72,3
85202,United Kingdom,550.77,1153,226
79323GR,EIRE,550.2,100,3
90195B,United Kingdom,550.19,62,29
23124,United Kingdom,550.13,406,37
23456,United Kingdom,550.0,136,34
22989,Australia,550.0,200,1
22142,Netherlands,550.0,440,4
84993A,United Kingdom,549.91,1234,171
22302,France,549.9,222,24
84997D,Denmark,549.88,148,6
90203,United Kingdom,549.27,73,35
37423,United Kingdom,548.68,3216,69
21344,United Kingdom,548.52,112,23
85185D,United Kingdom,548.36,162,67
22846,Belgium,548.2,36,9
20913,EIRE,548.1,214,2
22489,Japan,547.62,1489,6
22384,EIRE,547.6,344,21
21933,Netherlands,547.5,250,4
23484,United Kingdom,547.35,185,36
90058B,United Kingdom,547.24,1118,30
23499,United Kingdom,547.17,1219,111
72267,United Kingdom,546.96,273,48
47590A,Australia,546.75,115,6
23425,United Kingdom,546.74,245,51
23032,EIRE,546.6,372,7
21466,EIRE,546.6,156,17
21665,United Kingdom,546.5,737,74
85017A,United Kingdom,546.24,722,169
21311,United Kingdom,545.89,685,99
90175D,United Kingdom,545.72,60,42
22466,Australia,545.4,324,5
23008,France,545.25,35,9
23125,United Kingdom,544.88,435,36
22313,France,544.8,144,12
22080,Germany,544.5,330,25
23254,Australia,544.15,145,2
23237,Australia,544.15,145,3
23238,Netherlands,544.15,145,4
20677,Netherlands,544.1,490,13
22993,Germany,543.96,468,19
22078,Germany,543.9,259,20
84584,United Kingdom,543.75,222,66
23069,United Kingdom,543.71,86,31
22139,Switzerland,543.6,120,12
23043,United Kingdom,543.51,81,23
22622,Germany,543.4,60,6
21082,France,542.64,3096,2
79190B,United Kingdom,542.63,1338,128
85028S,United Kingdom,541.92,344,30
22989,France,541.5,182,9
84879,Germany,540.8,320,17
85129A,United Kingdom,540.41,421,79
85178,Sweden,540.0,432,3
23238,Japan,540.0,144,2
21441,United Kingdom,539.82,791,122
20725,Australia,539.15,351,13
23200,Netherlands,539.08,301,4
90010E,United Kingdom,539.01,60,36
17013D,United Kingdom,538.86,973,30
22693,Norway,538.8,504,4
22173,Germany,538.16,184,14
85086A,United Kingdom,538.13,551,150
23234,Australia,537.84,216,1
20718,EIRE,537.75,491,10
21816,United Kingdom,537.29,353,49
22253,United Kingdom,536.89,407,79
21893,United Kingdom,536.8,160,19
84563B,United Kingdom,536.79,113,58
22555,EIRE,536.4,360,9
37351,Denmark,536.4,5364,1
20702,Germany,535.5,126,18
21398,EIRE,535.32,342,5
20838,United Kingdom,535.2,410,60
23241,Australia,534.88,289,3
23451,United Kingdom,534.72,266,52
21731,Switzerland,534.6,324,18
37370,Canada,534.24,504,1
21715,Netherlands,534.15,249,9
85169B,United Kingdom,534.1,435,99
22662,Japan,534.0,360,4
85129C,United Kingdom,533.99,408,69
22558,Germany,533.87,367,20
85020,United Kingdom,533.49,239,59
22344,United Kingdom,533.17,1042,114
22204,EIRE,533.16,156,3
21888,Australia,533.16,156,2
85039C,United Kingdom,532.86,546,121
16169N,United Kingdom,532.75,1775,47
71143,United Kingdom,532.02,356,103
22538,United Kingdom,531.91,1254,82
22138,Australia,531.75,121,9
22621,Germany,530.7,342,24
23074,United Kingdom,530.63,238,47
23381,United Kingdom,530.51,1413,79
21160,United Kingdom,529.94,775,57
22400,EIRE,529.68,432,5
37474,United Kingdom,529.27,49,41
85169C,United Kingdom,529.25,458,69
22394,United Kingdom,528.95,331,55
22804,EIRE,528.0,192,11
20759,Denmark,528.0,5280,1
20756,Denmark,528.0,5280,1
21039,France,527.85,207,29
22894,Germany,527.8,58,19
22635,Norway,527.4,60,8
47590A,EIRE,526.8,104,15
22064,EIRE,526.8,360,3
21933,Sweden,526.5,210,6
23162,EIRE,525.84,152,10
22653,Australia,525.0,300,2
22326,Hong Kong,525.0,204,5
22698,Australia,525.0,204,7
23202,EIRE,524.94,253,18
22345,United Kingdom,524.87,1013,118
84880,EIRE,524.25,87,23
22561,Japan,523.65,361,3
22561,Netherlands,523.65,361,4
20713,Germany,523.64,263,24
71403,United Kingdom,523.3,131,67
22951,Sweden,523.2,1008,6
21247,United Kingdom,523.18,327,74
21004,United Kingdom,523.07,113,64
84984B,United Kingdom,522.7,318,15
20712,Switzerland,522.1,290,8
22992,Australia,522.0,312,3
21430,Netherlands,521.91,153,8
21419,United Kingdom,521.44,1244,18
20749,EIRE,521.4,68,19
21418,United Kingdom,521.09,189,67
82482,EIRE,520.8,216,21
22666,Germany,519.9,186,18
22180,EIRE,519.9,54,14
21164,Germany,519.9,186,13
22606,France,519.65,39,8
BANK CHARGES,United Kingdom,519.24,34,34
23203,Germany,518.7,250,19
22356,France,518.5,610,52
85142,United Kingdom,518.48,59,37
84051,United Kingdom,518.43,611,60
16033,Sweden,518.4,5760,4
22945,Netherlands,518.4,720,3
21734,United Kingdom,518.24,94,30
20773,United Kingdom,517.88,305,124
20888,United Kingdom,517.74,343,18
23272,United Kingdom,517.67,337,41
47021G,United Kingdom,517.54,634,71
21469,EIRE,517.5,138,21
22343,Netherlands,517.46,890,7
84859C,United Kingdom,517.42,290,38
85099B,Portugal,517.4,260,15
21844,EIRE,517.3,190,11
16012,United Kingdom,517.29,2469,77
84414B,United Kingdom,517.29,77,8
84970l,United Kingdom,516.96,247,71
22044,United Kingdom,516.92,1808,83
85119,United Kingdom,516.76,382,37
22077,Spain,516.6,300,21
22383,Portugal,516.45,313,16
47421,United Kingdom,516.42,1329,81
72801C,United Kingdom,516.36,696,55
85179A,United Kingdom,515.59,206,71
84970S,EIRE,515.46,642,28
22467,Sweden,514.8,240,10
22551,Belgium,514.8,312,25
20750,EIRE,514.8,72,13
23224,United Kingdom,514.63,557,66
21503,United Kingdom,514.5,1225,47
22637,Netherlands,514.2,244,5
84356,Germany,513.7,86,5
23139,United Kingdom,512.75,403,28
21539,Germany,512.1,106,21
72807c,United Kingdom,511.98,60,44
21210,France,511.85,353,29
46118,United Kingdom,511.85,362,73
84691,EIRE,511.8,700,8
23024,United Kingdom,511.79,201,8
23562,United Kingdom,511.61,169,41
20819,United Kingdom,511.49,180,58
21935,Netherlands,510.9,346,8
21136,Netherlands,510.4,352,2
84773,United Kingdom,510.35,173,46
84842,United Kingdom,510.3,786,35
85066,EIRE,510.0,40,17
21121,EIRE,510.0,408,12
22275,Portugal,510.0,66,5
85232D,Netherlands,510.0,120,3
21035,Australia,510.0,200,1
22653,Netherlands,509.4,292,6
23377,United Kingdom,509.38,1138,128
84804B,United Kingdom,508.93,331,20
21213,France,508.91,1133,26
21459,United Kingdom,508.85,257,43
22482,Netherlands,508.8,480,5
21928,Germany,508.46,272,17
84997D,EIRE,508.1,134,19
72728,United Kingdom,507.85,625,53
22613,Netherlands,507.52,736,13
22271,Australia,507.3,198,4
22271,Netherlands,507.3,198,4
22274,Australia,507.3,198,4
22697,Australia,507.3,198,5
23108,France,506.54,86,15
85169D,United Kingdom,506.41,426,82
21438,United Kingdom,506.37,134,33
23516,United Kingdom,506.09,131,38
84988,France,506.05,349,16
22857,United Kingdom,506.02,548,47
35004S,United Kingdom,505.4,145,24
48116,EIRE,505.34,78,10
22952,Sweden,505.2,1032,6
22378,Germany,505.0,300,34
22626,Germany,504.9,63,12
23289,Netherlands,504.85,473,6
20778,Denmark,504.0,3360,1
20775,Denmark,504.0,3360,1
22745,France,504.0,240,27
20617,United Kingdom,503.8,225,95
23199,Switzerland,503.6,270,7
22630,Denmark,503.4,268,12
23060,United Kingdom,503.21,237,43
21481,Switzerland,503.04,176,9
23115,United Kingdom,503.02,98,35
84661B,United Kingdom,502.7,214,49
20659,United Kingdom,502.26,344,142
22027,Netherlands,502.26,1381,16
23295,Germany,502.24,656,19
22837,EIRE,502.2,108,10
90014A,United Kingdom,502.01,55,40
22197,Norway,501.6,636,9
22626,Netherlands,501.5,65,6
22189,EIRE,501.24,132,17
22841,Australia,500.4,72,3
20977,Germany,500.0,400,21
22842,Australia,499.8,84,3
22843,Australia,499.8,84,3
20727,Spain,499.75,315,8
21154,EIRE,499.5,430,12
85032B,United Kingdom,499.44,567,136
16236,United Kingdom,499.35,2190,255
37340,France,499.2,4992,1
23076,Netherlands,499.2,480,2
22943,EIRE,499.05,111,11
22383,Germany,498.3,302,21
20943,United Kingdom,497.71,347,69
22085,France,497.7,206,4
22501,EIRE,497.5,50,19
84569C,United Kingdom,497.43,345,82
85113,United Kingdom,497.16,240,45
85170B,United Kingdom,496.91,293,62
21527,EIRE,496.8,64,22
22628,Germany,496.7,106,18
23081,Netherlands,496.5,66,5
20868,United Kingdom,496.44,853,68
84875B,United Kingdom,496.01,353,40
84762A,United Kingdom,495.93,57,27
22493,EIRE,495.6,312,17
84806B,United Kingdom,495.52,400,29
22666,Netherlands,495.5,194,8
23243,Sweden,495.0,100,2
21240,Germany,494.7,582,54
23212,Germany,494.52,444,9
22170,EIRE,493.8,76,14
22469,EIRE,493.6,304,22
16169C,United Kingdom,493.5,1175,39
22178,EIRE,493.5,378,25
22946,Netherlands,492.9,38,4
21173,United Kingdom,492.46,270,76
22390,United Kingdom,492.18,247,49
22197,France,492.15,579,37
23229,Australia,491.91,145,2
51020B,United Kingdom,491.87,1087,62
22964,Germany,491.4,234,23
22328,Denmark,491.1,186,5
21164,Switzerland,491.1,186,4
22336,Netherlands,490.8,888,4
16238,United Kingdom,490.22,2097,231
23298,France,490.05,99,17
23255,France,489.7,118,12
21672,EIRE,489.6,384,26
21683,Netherlands,489.6,192,2
21787,Germany,489.6,576,23
20845,United Kingdom,489.57,74,23
85091,United Kingdom,489.41,331,19
90114,United Kingdom,488.6,195,111
23229,Netherlands,488.16,144,3
21663,United Kingdom,488.16,76,32
22109,Australia,488.16,144,1
22978,Australia,488.16,144,3
22751,Netherlands,488.16,144,3
22750,Netherlands,488.16,144,3
22347,EIRE,487.92,456,3
23164,EIRE,487.8,116,4
22634,Norway,487.6,56,6
22504,Belgium,487.4,20,7
48188,Greece,487.38,74,6
84012,Germany,487.2,336,9
22411,Germany,486.72,244,17
22312,EIRE,486.3,154,11
20750,Switzerland,486.3,66,18
23255,Switzerland,485.8,124,5
23515,United Kingdom,485.14,212,55
23549,United Kingdom,485.1,1155,46
20675,Germany,485.0,388,39
20694,United Kingdom,484.72,127,52
21077,Sweden,484.48,736,10
84989B,United Kingdom,484.3,962,56
23281,Netherlands,483.84,672,5
85226C,United Kingdom,483.81,919,82
84875D,United Kingdom,483.75,371,37
47594A,United Kingdom,483.61,243,93
72132,United Kingdom,483.6,560,30
22334,Sweden,483.6,328,7
72127,United Kingdom,483.44,396,73
84901,United Kingdom,482.38,126,77
23293,Germany,482.32,632,19
23336,United Kingdom,481.81,207,83
21373,United Kingdom,481.09,552,57
84306,United Kingdom,480.83,41,29
20695,United Kingdom,480.58,110,59
84916,United Kingdom,480.51,155,60
16239,United Kingdom,480.37,343,20
35967,United Kingdom,480.23,894,113
20757,Denmark,480.0,4800,1
20758,Denmark,480.0,4800,1
22730,Germany,480.0,128,20
84459B,Netherlands,480.0,384,3
20777,Denmark,480.0,3200,1
20774,Denmark,480.0,3200,1
21791,Sweden,480.0,384,6
21465,EIRE,480.0,128,18
23297,EIRE,480.0,320,6
84657,United Kingdom,479.83,231,19
22396,Netherlands,479.76,576,5
22991,France,479.7,246,11
16244A,United Kingdom,479.41,186,28
21988,France,479.4,564,30
20864,United Kingdom,479.24,243,27
22031,United Kingdom,478.87,1089,139
21658,EIRE,478.72,128,17
22846,Australia,478.4,32,2
21929,Portugal,478.4,240,15
20793,United Kingdom,478.0,275,21
22259,United Kingdom,477.95,586,75
21563,France,477.9,162,14
20774,United Kingdom,477.53,281,122
23256,Switzerland,477.5,122,11
22489,Netherlands,477.48,1322,9
37492C,United Kingdom,477.3,242,25
21056,Japan,477.0,60,2
84029E,EIRE,476.8,128,22
21339,United Kingdom,476.7,26,12
22474,Netherlands,476.65,127,10
22551,EIRE,476.4,312,11
85230A,United Kingdom,476.16,1920,45
21322,United Kingdom,476.15,283,13
23494,Sweden,476.0,80,2
22582,Netherlands,475.8,212,6
84926E,United Kingdom,475.32,1084,53
23660,United Kingdom,475.26,270,39
22556,EIRE,475.2,288,23
22991,Australia,475.2,288,2
22534,Sweden,475.2,1296,8
23209,Germany,475.0,300,15
22692,Germany,474.5,66,14
10134,United Kingdom,474.13,397,52
22993,EIRE,473.96,412,20
79337,United Kingdom,473.89,1140,19
85136B,United Kingdom,473.77,59,47
20657,United Kingdom,473.47,549,115
22563,Sweden,472.92,444,6
22562,Sweden,472.92,444,6
22947,EIRE,471.6,48,11
22662,EIRE,471.5,310,11
84675,United Kingdom,471.41,172,56
gift_0001_20,United Kingdom,471.06,28,26
23691,United Kingdom,471.0,1150,37
90120C,United Kingdom,470.8,111,60
84884a,United Kingdom,470.18,56,39
84987,EIRE,469.8,324,25
22549,Germany,469.8,324,26
23513,United Kingdom,469.78,216,57
23206,Australia,469.65,321,6
21770,Australia,468.9,110,4
85049G,Germany,468.75,375,31
20728,Germany,468.6,284,21
22367,Germany,468.0,240,30
23398,United Kingdom,467.35,526,72
47570B,Portugal,467.1,54,2
85014a,United Kingdom,467.0,37,31
23136,United Kingdom,466.89,123,46
84997C,Hong Kong,466.88,128,4
22699,France,466.8,168,14
90160D,United Kingdom,466.67,67,24
23565,United Kingdom,466.31,314,58
84596K,United Kingdom,465.84,355,91
84931A,United Kingdom,465.24,185,82
22383,EIRE,465.1,294,19
23466,United Kingdom,465.03,51,26
21439,Japan,465.0,372,4
72799B,United Kingdom,464.76,321,15
22381,Netherlands,464.6,251,3
21524,Greece,464.4,72,5
16219,United Kingdom,464.17,3010,117
15056P,Austria,464.1,78,4
21890,EIRE,463.8,156,14
84997C,EIRE,463.1,122,16
48138,Switzerland,462.76,68,7
21561,Germany,462.6,192,11
23201,EIRE,462.54,223,17
35600D,United Kingdom,462.3,129,12
85178,EIRE,462.3,462,11
84972L,United Kingdom,462.15,117,46
21988,Netherlands,462.14,686,15
37345,EIRE,462.0,280,1
22725,EIRE,462.0,128,9
22148,Netherlands,462.0,280,3
21213,Sweden,462.0,840,8
21155,Germany,461.7,198,15
22622,Spain,461.7,46,7
35471A,United Kingdom,461.21,379,82
84876B,United Kingdom,460.81,322,42
21684,Netherlands,460.8,720,2
37352,Denmark,460.8,4608,1
20865,United Kingdom,460.59,232,30
22557,Germany,460.35,279,18
84558A,Iceland,460.2,156,7
22899,France,460.0,225,22
22962,Australia,459.48,636,3
16048,United Kingdom,459.42,3054,93
22171,Germany,459.0,54,12
21587,EIRE,459.0,180,15
22837,Netherlands,459.0,108,2
16168M,United Kingdom,458.77,1521,101
20753,United Kingdom,458.6,194,52
51020A,United Kingdom,458.31,1299,51
21655,EIRE,458.16,312,5
21259,EIRE,458.15,77,29
48187,Switzerland,458.04,64,6
22905,Netherlands,458.0,200,3
22734,EIRE,457.98,174,14
22323,EIRE,457.95,117,4
22768,EIRE,457.7,46,14
22493,Sweden,457.2,312,7
85090,United Kingdom,456.98,84,47
23320,EIRE,456.96,192,11
23045,United Kingdom,456.48,108,23
22960,Spain,456.25,113,13
20776,Denmark,456.0,3040,1
20773,Denmark,456.0,3040,1
85198,United Kingdom,455.5,523,50
22897,Germany,455.3,314,25
22537,Sweden,455.04,1248,7
21231,Germany,455.0,364,26
22632,EIRE,454.8,228,9
22544,France,454.74,1109,32
21260,EIRE,454.5,162,3
22728,Denmark,454.5,126,7
23291,Netherlands,454.45,425,6
22432,France,454.35,233,38
21757,United Kingdom,454.3,80,43
72789,United Kingdom,454.03,120,45
20755,United Kingdom,453.9,524,120
23019,United Kingdom,453.7,58,24
23310,Sweden,453.6,1080,3
85215,United Kingdom,453.44,538,60
23209,Australia,453.15,311,4
90010A,United Kingdom,452.8,50,31
22962,Germany,452.76,540,34
21231,EIRE,452.64,384,18
21355,USA,452.4,408,2
22366,Germany,452.19,63,13
45008C,United Kingdom,451.97,41,25
17164D,United Kingdom,450.78,1159,34
35969,United Kingdom,449.89,393,73
85099B,Switzerland,449.7,240,6
21680,Germany,449.65,529,37
23210,Germany,449.52,408,5
23213,Germany,449.52,408,7
84706D,United Kingdom,449.49,193,14
21669,Germany,449.4,348,29
20616,United Kingdom,449.28,281,123
85211,United Kingdom,449.25,295,78
84827,United Kingdom,448.84,964,35
21239,Germany,448.8,528,46
47592A,United Kingdom,448.37,241,93
23066,EIRE,448.35,59,4
23569,Netherlands,448.2,108,1
22361,EIRE,447.6,168,8
22083,Australia,447.6,168,6
20621,United Kingdom,447.47,205,33
72801D,United Kingdom,447.42,554,62
22231,Netherlands,446.88,384,8
85006,France,446.4,1440,1
85014A,EIRE,446.25,75,20
22080,EIRE,446.25,285,17
22699,Netherlands,446.1,174,6
23242,Australia,446.08,241,3
48184,France,446.06,66,10
POST,USA,446.0,4,4
90013B,United Kingdom,445.88,108,82
20719,Switzerland,445.5,570,18
22192,EIRE,445.4,56,13
84952A,United Kingdom,445.15,161,40
22188,Netherlands,445.12,128,2
23455,United Kingdom,445.11,159,33
23293,Sweden,444.88,536,4
84569B,United Kingdom,444.68,343,74
20676,Netherlands,444.1,410,9
23154,Netherlands,444.0,240,2
23156,Netherlands,444.0,240,2
23157,Netherlands,444.0,240,2
84347,EIRE,443.7,174,13
22138,Portugal,443.55,93,18
22151,EIRE,443.52,1056,19
23180,United Kingdom,442.89,86,40
23198,Germany,442.8,312,20
23597,United Kingdom,442.62,158,29
22729,France,442.5,118,22
21844,Spain,442.5,150,12
22866,EIRE,442.2,222,11
20685,Australia,442.14,62,8
22945,EIRE,441.96,564,11
23296,Australia,441.86,418,4
16243B,United Kingdom,441.77,212,8
22720,Norway,441.6,96,13
23389,Australia,441.4,116,4
21536,United Kingdom,441.14,205,61
21077,Netherlands,441.13,685,6
22176,Germany,441.0,156,18
84849B,EIRE,440.64,288,9
15056P,EIRE,440.3,74,16
POST,Poland,440.0,11,6
16207B,United Kingdom,439.95,259,45
90192,United Kingdom,439.76,88,53
84997A,Denmark,439.7,110,6
90154,United Kingdom,439.65,59,7
84378,France,439.3,338,17
16161M,United Kingdom,439.0,1050,39
23480,Germany,438.75,117,14
90120B,United Kingdom,438.68,104,42
21535,EIRE,438.6,172,27
22854,EIRE,438.6,92,15
84945,EIRE,438.6,516,19
22192,Germany,438.6,54,9
22366,Netherlands,438.5,66,5
21232,France,437.71,383,18
23192,Netherlands,437.4,300,6
85099F,France,437.3,240,5
23052,Germany,437.25,53,10
23050,Germany,437.25,53,10
22908,Germany,436.9,514,37
22672,EIRE,436.8,288,9
22425,EIRE,436.65,95,13
23207,Australia,436.65,301,3
22892,Germany,436.32,360,22
22504,France,435.9,18,7
20775,United Kingdom,435.8,251,117
47503K,United Kingdom,435.74,251,41
21207,France,435.6,264,17
22554,EIRE,435.6,264,16
22554,Belgium,435.6,264,22
72128,United Kingdom,435.44,706,96
84859B,United Kingdom,435.41,283,19
22092,United Kingdom,435.32,734,134
84510F,United Kingdom,435.25,1101,40
22603,Netherlands,435.12,600,5
22416,Sweden,435.0,300,3
23306,Sweden,435.0,300,3
84988,Sweden,435.0,300,6
22949,Sweden,435.0,300,3
84809A,United Kingdom,435.0,250,21
21117,United Kingdom,434.58,274,25
16169P,United Kingdom,434.5,1500,38
20757,United Kingdom,434.5,575,85
62096B,United Kingdom,434.49,251,82
35911A,United Kingdom,434.39,350,93
82081,United Kingdom,434.35,172,22
22580,France,434.35,73,7
85014B,Switzerland,433.95,81,7
79071B,United Kingdom,433.7,142,66
23236,Germany,433.5,150,21
22894,Netherlands,433.5,56,3
90198B,United Kingdom,433.4,102,50
21035,France,432.9,144,22
22944,Netherlands,432.6,588,4
23482,United Kingdom,432.42,262,37
22831,EIRE,432.1,166,5
20760,Denmark,432.0,4320,1
20755,Denmark,432.0,4320,1
15036,Australia,432.0,600,1
23117,United Kingdom,431.93,79,40
90082B,United Kingdom,431.8,68,31
22936,United Kingdom,431.72,114,48
21929,Channel Islands,431.4,250,7
84782C,United Kingdom,431.25,63,15
84984A,United Kingdom,431.02,252,15
84858B,United Kingdom,431.0,326,9
23315,EIRE,431.0,52,4
22939,Germany,430.3,94,13
22965,EIRE,430.2,222,11
84968e,United Kingdom,429.62,17,14
84422,United Kingdom,429.61,783,39
22898,France,429.6,228,23
82600,Norway,429.6,216,8
72750C,United Kingdom,429.6,208,12
22979,EIRE,429.4,316,13
84968F,Germany,428.55,37,8
22236,EIRE,428.55,37,11
22276,Portugal,428.4,168,13
21700,France,428.4,504,27
22301,France,428.4,168,21
22580,EIRE,428.4,72,15
90160B,United Kingdom,428.37,62,28
23018,United Kingdom,428.36,35,18
20979,Australia,428.29,401,5
21518,United Kingdom,428.24,999,105
84966B,United Kingdom,428.0,33,4
22585,EIRE,427.5,342,19
84801A,United Kingdom,427.44,272,15
90145,United Kingdom,426.11,70,43
23230,EIRE,425.5,1175,9
71477,EIRE,425.4,124,16
21393,France,425.28,2544,7
22941,EIRE,425.0,50,8
22990,Australia,425.0,100,1
16047,France,424.92,5196,2
22328,Switzerland,424.8,144,12
23159,France,424.32,204,12
23518,United Kingdom,424.3,142,37
21673,Germany,424.2,324,26
20715,EIRE,424.0,400,1
20717,Netherlands,424.0,400,4
45016,United Kingdom,423.73,101,26
20696,United Kingdom,423.18,97,51
21976,France,422.95,769,32
21729,United Kingdom,422.9,124,31
20750,Belgium,422.7,58,12
20794,United Kingdom,422.68,145,43
21889,Germany,422.64,360,7
22149,EIRE,422.6,206,23
71477,Netherlands,422.0,152,3
47566,Spain,421.95,89,14
85030,United Kingdom,421.95,161,27
84857C,United Kingdom,421.63,185,16
22171,EIRE,421.6,52,15
48194,EIRE,421.52,56,20
85049C,Germany,421.25,337,23
22981,United Kingdom,421.18,256,102
22333,Netherlands,420.9,290,5
21937,Japan,420.85,163,5
22180,Germany,420.4,44,15
21943,United Kingdom,420.28,461,141
21123,France,420.0,336,12
21122,EIRE,420.0,336,14
84967C,United Kingdom,419.85,9,4
23211,Germany,419.52,384,4
84770,United Kingdom,419.25,135,16
22110,EIRE,419.1,170,16
23179,United Kingdom,418.8,132,41
85230G,United Kingdom,418.8,1656,45
21929,Germany,418.6,210,19
85099B,Australia,418.58,231,6
84932C,United Kingdom,418.3,191,23
84007,United Kingdom,418.22,159,41
22907,Germany,418.2,492,35
21989,France,418.2,492,27
37340,EIRE,418.08,672,2
21539,France,418.05,87,17
23023,United Kingdom,418.02,262,25
21212,Belgium,417.6,816,20
22974,Netherlands,417.6,288,3
22136,Netherlands,417.6,288,3
22331,Sweden,417.6,288,5
22621,Japan,417.6,288,2
22969,Netherlands,417.6,288,1
21211,Sweden,417.6,288,2
23064,Spain,417.5,10,1
20727,France,417.45,253,22
22384,Germany,417.45,253,20
23457,United Kingdom,417.13,83,30
47599A,France,417.0,240,7
72803B,United Kingdom,416.38,94,40
21977,France,416.35,757,28
35240,United Kingdom,416.01,49,39
23298,Germany,415.8,84,18
23243,EIRE,415.8,84,18
22746,France,415.8,198,22
84968E,Switzerland,415.8,36,2
72741,EIRE,415.7,298,12
84508B,United Kingdom,415.51,154,76
21218,Spain,415.5,114,9
22936,EIRE,415.5,150,3
85049A,Germany,415.14,354,14
23254,Germany,415.0,100,23
23256,Germany,415.0,100,22
84877B,United Kingdom,414.43,219,40
84804A,United Kingdom,414.08,224,19
85112,United Kingdom,414.02,466,35
21028,United Kingdom,413.91,314,92
22086,Netherlands,413.9,162,3
22314,Germany,413.7,86,11
21717,Netherlands,413.4,196,5
48129,Greece,412.9,62,4
90206C,United Kingdom,412.65,82,59
22569,EIRE,412.5,110,15
84988,Netherlands,412.2,324,5
21086,Netherlands,412.2,756,9
21882,United Kingdom,412.03,882,116
21403,United Kingdom,411.9,1805,138
21371,United Kingdom,411.86,287,57
23241,Sweden,411.84,198,3
23242,Sweden,411.84,198,3
84873A,United Kingdom,411.1,33,17
23044,United Kingdom,410.84,98,27
47567B,EIRE,410.55,69,10
15056N,Cyprus,410.55,69,3
22659,Australia,410.4,240,3
47579,United Kingdom,410.37,180,56
90149,United Kingdom,410.26,62,9
84799,United Kingdom,410.03,583,30
23548,United Kingdom,409.5,975,39
22727,Denmark,409.5,114,7
20767,Germany,409.5,186,7
48194,Switzerland,409.42,58,7
16207A,United Kingdom,408.78,138,75
22607,EIRE,408.6,45,16
23388,Australia,408.2,108,2
23218,United Kingdom,408.03,319,38
22740,Germany,408.0,480,10
22740,EIRE,408.0,480,8
22720,Channel Islands,408.0,96,1
22088,Japan,408.0,160,3
85123A,Greece,408.0,160,3
22324,EIRE,408.0,96,1
21279,France,408.0,1632,1
35915C,United Kingdom,407.76,362,79
90184A,United Kingdom,407.67,45,25
22038,United Kingdom,407.5,975,38
21380,EIRE,407.1,138,17
22253,Netherlands,407.04,384,2
22444,Netherlands,407.04,384,1
84832,Netherlands,406.8,552,7
85204,United Kingdom,406.6,1952,156
90180A,United Kingdom,406.59,45,29
21736,United Kingdom,406.29,199,29
37444A,United Kingdom,406.0,1404,47
21987,France,405.6,624,36
22865,Netherlands,405.6,216,4
23021,United Kingdom,405.37,97,23
22727,Belgium,405.0,108,16
22202,Germany,405.0,108,19
20731,Denmark,405.0,2700,1
22113,Netherlands,405.0,108,2
72801E,United Kingdom,404.75,769,24
23108,Germany,404.36,68,13
23245,Switzerland,404.2,92,6
72225C,United Kingdom,403.74,1710,32
82076,United Kingdom,403.64,290,19
85123A,Switzerland,403.5,146,9
22212,Germany,403.2,192,23
22588,Netherlands,403.2,192,2
22568,Germany,402.72,112,14
22722,Germany,402.6,108,14
22198,Norway,402.4,256,7
22744,EIRE,401.78,158,12
90124B,United Kingdom,401.35,40,31
22407,United Kingdom,401.12,342,70
22331,Australia,400.8,272,6
21564,Netherlands,400.8,240,3
22847,Italy,400.7,26,8
22847,Belgium,400.7,26,8
21336,United Kingdom,400.49,954,42
71270,United Kingdom,400.4,270,82
90120A,United Kingdom,399.92,94,42
84948,United Kingdom,399.81,237,34
21716,Netherlands,399.75,185,8
84532B,United Kingdom,399.73,51,29
23199,Channel Islands,399.6,220,3
48185,EIRE,399.56,56,16
21764,United Kingdom,399.5,10,8
22356,Germany,399.5,470,31
23204,Germany,399.5,470,30
23275,Netherlands,399.36,384,2
47567B,Portugal,399.1,78,9
21929,Australia,399.08,221,5
21509,Netherlands,398.58,1093,17
23388,Germany,398.4,96,20
84497,United Kingdom,398.38,100,41
85014A,Germany,398.25,75,9
22767,EIRE,398.0,40,13
D,United Kingdom,397.89,196,5
22993,Netherlands,397.85,373,7
23058,United Kingdom,397.68,448,44
85049F,Germany,397.5,318,18
21430,EIRE,397.5,106,21
22380,Netherlands,397.3,213,4
85167A,United Kingdom,396.8,176,14
84988,Japan,396.6,300,5
90158,United Kingdom,396.5,79,65
22560,France,396.39,339,12
23509,United Kingdom,396.32,925,62
22822,Netherlands,396.0,80,1
22148,Sweden,396.0,240,5
C2,France,396.0,5,4
23110,Netherlands,396.0,80,4
20726,Belgium,396.0,240,22
22331,France,396.0,240,22
20725,Belgium,396.0,240,21
22935,EIRE,396.0,144,2
21217,Belgium,395.95,41,13
21217,EIRE,395.95,41,12
21124,Australia,395.28,360,3
21122,Australia,395.28,360,3
84968C,Germany,395.25,31,10
47422,United Kingdom,394.92,1026,79
84726,United Kingdom,394.85,233,5
21907,EIRE,394.8,188,15
22485,Netherlands,394.2,36,1
84510C,United Kingdom,394.1,267,103
20725,Japan,393.95,263,5
22898,Germany,393.9,202,25
22661,France,393.55,463,39
22910,Australia,392.8,144,6
20993,United Kingdom,392.71,1643,30
85049B,Germany,392.64,336,13
21137,France,392.61,107,16
22390,France,392.28,204,18
21242,France,392.08,232,24
84984C,United Kingdom,391.86,230,15
22849,EIRE,391.75,25,10
22509,Germany,391.75,25,11
23390,Australia,391.6,104,2
21578,France,391.5,174,29
82482,Germany,391.2,156,11
22215,Germany,391.0,46,14
23297,Australia,390.9,266,3
10125,France,390.9,470,6
23186,United Kingdom,390.89,1249,60
22365,France,390.74,50,18
23294,Germany,390.16,504,16
22970,France,390.15,153,16
47562,United Kingdom,390.0,104,42
21124,EIRE,390.0,312,13
21121,Switzerland,390.0,312,6
84932A,United Kingdom,389.9,163,13
84802B,United Kingdom,389.79,411,17
21931,France,389.74,193,19
22452,Hong Kong,389.4,132,7
21564,Germany,389.4,132,6
21670,Germany,389.4,300,24
84081,United Kingdom,389.3,100,20
20778,United Kingdom,389.21,220,89
21981,Germany,389.04,1368,31
85176,EIRE,389.04,600,2
22395,United Kingdom,388.56,211,52
16169F,United Kingdom,388.5,925,32
47566,Germany,388.5,82,7
84978,Netherlands,388.44,360,8
90002D,United Kingdom,388.24,110,37
23039,United Kingdom,388.01,193,28
22652,Germany,387.75,235,22
23459,United Kingdom,387.5,31,18
48187,Germany,386.98,56,9
85160B,France,386.88,2976,1
84828,Germany,386.76,324,17
22654,Germany,386.75,65,18
23186,EIRE,386.52,588,7
23339,United Kingdom,386.28,166,73
23108,Switzerland,385.9,70,4
90013A,United Kingdom,385.7,102,76
90082A,United Kingdom,385.46,60,33
22263,United Kingdom,385.4,470,107
22505,Australia,385.2,88,6
POST,Greece,385.0,8,4
23238,Australia,384.9,102,2
85178,Netherlands,384.7,446,4
84683,United Kingdom,384.46,384,45
22584,Netherlands,384.0,176,4
21281,France,384.0,1536,1
47570B,EIRE,383.4,36,9
84932D,United Kingdom,383.31,161,10
16162L,United Kingdom,383.23,4357,29
84984D,United Kingdom,383.11,147,19
84592,United Kingdom,383.0,121,40
85099C,Netherlands,383.0,220,3
22314,France,382.8,104,19
21341,United Kingdom,382.74,66,27
22377,Netherlands,382.6,206,3
21698,United Kingdom,382.6,479,115
85150,EIRE,382.5,150,13
22568,EIRE,382.5,102,14
21843,Channel Islands,382.2,36,9
22367,EIRE,382.2,196,23
22346,United Kingdom,381.81,810,94
85027L,United Kingdom,381.75,125,34
21239,Netherlands,381.3,522,9
21027,United Kingdom,381.12,312,80
85007,United Kingdom,381.02,139,20
90035B,United Kingdom,380.89,43,4
22275,EIRE,380.8,46,12
20977,EIRE,380.0,304,19
20677,Germany,380.0,304,30
85099B,Belgium,379.6,190,17
85123A,Singapore,379.5,146,4
22382,EIRE,379.5,230,19
23391,Netherlands,379.15,101,3
21132,United Kingdom,378.86,70,44
21973,Netherlands,378.85,301,4
21531,Germany,378.75,157,20
85026B,United Kingdom,378.6,313,33
22666,Norway,378.3,138,10
23422,United Kingdom,378.05,165,43
22991,Germany,378.0,216,7
23307,Sweden,378.0,744,3
17109C,Denmark,378.0,2520,1
20857,United Kingdom,377.85,229,77
85123A,Spain,377.6,128,20
21527,France,377.4,52,9
22950,Australia,377.4,300,2
72780,United Kingdom,377.38,466,41
37500,EIRE,377.2,56,9
22780,Netherlands,377.0,100,3
22779,Netherlands,377.0,100,3
22362,EIRE,376.8,144,5
35970,Germany,376.8,240,5
23080,Netherlands,376.5,50,4
21245,Netherlands,376.42,250,5
21678,United Kingdom,376.21,516,79
21452,Netherlands,376.05,147,4
21484,EIRE,375.8,108,21
22989,Netherlands,375.75,131,4
22847,Denmark,375.75,25,4
23114,United Kingdom,375.7,70,35
22494,Sweden,375.0,300,3
22726,Belgium,375.0,100,14
23312,Australia,375.0,100,1
22846,Germany,374.8,24,9
22121,EIRE,374.7,66,10
16218,United Kingdom,374.52,3832,93
23200,Germany,374.4,180,13
21915,Denmark,374.4,336,4
85162A,Germany,374.4,192,3
22856,United Kingdom,374.29,241,26
84529C,United Kingdom,374.24,72,35
22687,EIRE,374.1,50,11
90134,United Kingdom,373.88,127,97
23661,United Kingdom,373.79,207,33
22714,Netherlands,372.96,1032,14
23307,Germany,372.9,678,26
84988,Germany,372.65,257,21
84997A,France,372.65,95,14
85049E,EIRE,372.64,320,14
22067,EIRE,372.6,252,3
22113,EIRE,372.0,96,16
21217,Netherlands,371.95,41,5
85123A,Channel Islands,371.7,126,7
22628,France,371.25,75,18
22417,France,371.25,675,24
84218,United Kingdom,370.91,185,95
22933,EIRE,370.9,142,4
48138,Singapore,370.76,54,4
20681,Germany,370.5,114,15
22127,EIRE,370.5,342,5
22423,Norway,369.75,29,11
22561,France,369.6,224,18
23295,Netherlands,369.47,513,4
23294,EIRE,369.44,496,12
23388,France,369.35,89,16
84595B,United Kingdom,369.3,206,15
22365,EIRE,369.06,54,10
23356,EIRE,368.7,66,7
16044,Denmark,368.64,6144,1
16046,France,368.64,4608,1
85162C,Germany,368.55,189,6
21080,Australia,368.52,516,5
21259,Japan,368.3,74,4
84847,France,368.28,1116,1
23028,EIRE,367.8,252,4
22560,Netherlands,367.78,338,7
22078,EIRE,367.5,175,18
90070,United Kingdom,367.3,60,34
35922,United Kingdom,367.24,52,30
22626,Denmark,367.2,48,1
22192,Netherlands,367.2,48,3
22457,Australia,367.2,144,1
22364,Sweden,367.2,144,5
22192,Denmark,367.2,48,2
21561,France,367.2,144,18
22193,Netherlands,367.2,48,3
40046A,United Kingdom,367.07,271,56
16216,United Kingdom,366.84,4078,88
21025,United Kingdom,366.14,274,81
23281,United Kingdom,365.92,426,84
22904,EIRE,365.8,124,10
20850,United Kingdom,365.8,124,22
35915C,Netherlands,365.76,288,1
35915A,Netherlands,365.76,288,1
22544,Australia,365.76,1008,5
35915B,Netherlands,365.76,288,1
20654,United Kingdom,365.41,286,113
22560,Sweden,365.28,336,7
90161A,United Kingdom,365.23,73,46
23389,France,365.2,88,15
22467,Switzerland,364.5,162,8
21523,Switzerland,364.38,54,4
21210,Japan,363.6,264,5
22087,Netherlands,363.3,134,6
22896,EIRE,363.0,160,8
22631,Denmark,363.0,196,8
22128,EIRE,363.0,336,3
22618,Switzerland,362.96,40,6
90164B,United Kingdom,362.94,67,35
84568,Germany,362.88,1728,6
22544,Sweden,362.88,864,7
21987,Netherlands,362.86,638,16
84741C,United Kingdom,362.39,180,52
21520,United Kingdom,362.21,827,104
21531,EIRE,362.1,142,22
22558,Switzerland,361.74,278,6
22549,Japan,361.45,289,4
90208,United Kingdom,361.31,149,68
21533,France,360.9,78,14
85066,Channel Islands,360.9,30,7
21891,EIRE,360.4,280,22
23201,Australia,360.08,201,3
23203,Australia,360.08,201,3
23581,Netherlands,360.08,201,3
23130,Netherlands,360.0,96,2
23237,Japan,360.0,96,2
22779,Denmark,360.0,96,2
23240,Japan,360.0,96,2
23239,Australia,360.0,96,1
22203,Germany,360.0,96,19
22892,France,360.0,288,22
22497,Thailand,360.0,96,1
20977,France,360.0,288,18
22725,Germany,360.0,96,17
23270,Netherlands,360.0,288,2
84459A,Netherlands,360.0,288,2
21218,Portugal,360.0,96,17
72802C,Spain,360.0,288,1
23129,Netherlands,360.0,96,1
22665,EIRE,359.9,122,19
37464,United Kingdom,359.27,253,80
21881,United Kingdom,359.25,946,91
79030A,United Kingdom,359.05,123,27
84402D,United Kingdom,358.93,373,13
23010,Netherlands,358.8,24,3
23007,Denmark,358.8,24,1
22434,France,358.8,184,7
23010,Denmark,358.8,24,1
23008,Denmark,358.8,24,1
78033,United Kingdom,358.7,74,15
23189,Netherlands,358.56,144,3
84915,United Kingdom,358.43,129,38
90178A,United Kingdom,358.26,30,24
22618,EIRE,358.2,36,11
21785,Channel Islands,358.15,551,2
23343,Australia,358.0,200,1
84029E,Switzerland,357.72,100,5
23116,United Kingdom,357.69,71,20
23541,Australia,357.6,48,1
46126A,United Kingdom,357.49,267,45
16045,United Kingdom,357.44,7912,62
84800M,United Kingdom,357.22,250,27
84247L,United Kingdom,357.09,801,88
22320,Germany,357.0,60,17
21080,EIRE,357.0,420,28
22752,EIRE,357.0,42,13
84968B,Germany,357.0,28,7
84969,EIRE,357.0,84,11
22222,Australia,357.0,84,2
22358,Sweden,356.95,121,3
20914,France,356.95,121,18
23382,France,356.88,104,6
20689,United Kingdom,356.6,59,36
20906,United Kingdom,356.44,97,49
22649,EIRE,356.4,72,8
21216,Sweden,356.4,72,2
23243,Germany,356.4,72,14
22946,France,356.4,24,4
22384,Portugal,356.4,216,14
22242,Switzerland,356.4,216,14
23293,EIRE,356.16,480,12
22437,Netherlands,356.0,480,6
23175,Netherlands,356.0,128,4
22502,Netherlands,355.4,84,3
23415,United Kingdom,355.24,266,41
22866,Netherlands,355.2,192,2
21977,Netherlands,355.2,816,9
21975,Sweden,355.2,816,9
21481,EIRE,355.1,122,13
72487,United Kingdom,355.05,827,14
22432,Germany,354.9,182,24
22622,France,354.3,34,9
90014B,United Kingdom,354.28,36,30
84292,United Kingdom,354.18,40,13
90201B,United Kingdom,354.03,120,52
21164,Spain,354.0,120,11
21452,France,354.0,120,19
85152,Norway,354.0,180,7
21524,Denmark,354.0,50,1
22660,Japan,354.0,50,1
21563,Germany,354.0,120,8
21397,EIRE,354.0,360,5
46000R,United Kingdom,353.8,244,62
21238,France,353.6,416,43
84802A,United Kingdom,353.21,209,25
21713,EIRE,352.8,208,7
85033G,United Kingdom,352.65,224,32
85232B,Australia,352.5,78,3
84249D,United Kingdom,352.34,835,65
35968,United Kingdom,352.32,732,74
22352,Belgium,351.9,138,20
84347,Germany,351.9,138,8
22426,EIRE,351.6,104,14
84809B,United Kingdom,351.6,296,8
79336,United Kingdom,351.54,792,20
84760S,United Kingdom,351.51,216,37
20728,France,351.45,213,22
23337,United Kingdom,351.31,162,66
21086,Australia,351.24,660,4
22769,EIRE,351.2,16,3
84711A,United Kingdom,351.15,38,22
22271,EIRE,351.05,119,19
22631,Belgium,351.0,180,15
22492,Belgium,351.0,540,12
84673B,United Kingdom,350.93,437,135
90175C,United Kingdom,350.85,39,22
22390,Netherlands,350.7,242,4
20913,United Kingdom,350.62,100,41
21637,Germany,350.28,324,2
84877D,United Kingdom,350.21,139,45
35833P,United Kingdom,350.14,188,68
23296,Sweden,350.0,280,3
C2,Channel Islands,350.0,7,7
POST,Australia,350.0,1,1
22553,Spain,349.8,212,17
23165,Australia,349.65,241,3
22411,Channel Islands,349.5,210,2
22690,EIRE,349.4,50,9
21054,France,349.05,39,9
23007,Switzerland,348.9,22,5
22976,France,348.75,279,24
20776,United Kingdom,348.61,201,82
23445,France,348.6,420,17
22624,Belgium,348.5,41,16
84680,United Kingdom,348.45,91,15
20772,Germany,348.3,162,4
22618,France,348.25,35,10
22980,Australia,348.0,240,3
23340,Australia,348.0,240,1
85220,United Kingdom,348.0,240,1
22469,Netherlands,348.0,240,1
20850,Denmark,348.0,696,1
22329,Australia,348.0,240,2
84520B,EIRE,347.04,432,24
47566,Channel Islands,346.8,72,7
22418,Germany,346.8,408,17
21535,France,346.8,136,16
21871,Germany,346.8,264,17
21680,Switzerland,346.8,408,13
22507,EIRE,346.5,70,17
22419,Germany,346.32,896,21
21232,Poland,346.32,288,11
21523,Germany,346.14,48,7
21197,United Kingdom,346.06,250,37
47566B,Japan,345.9,82,2
90019A,United Kingdom,345.81,66,50
22900,Netherlands,345.8,124,2
21174,EIRE,345.54,174,13
22468,EIRE,345.3,54,10
22314,Switzerland,345.3,110,7
21017,United Kingdom,345.19,381,85
23084,Belgium,345.12,186,10
21706,France,343.8,84,15
35004c,United Kingdom,343.72,27,25
84997B,Switzerland,343.6,88,9
84963A,France,343.6,8,2
47559B,Germany,343.0,282,19
22907,Netherlands,342.99,495,8
84881,United Kingdom,342.94,52,24
85206B,EIRE,342.9,234,4
22667,Norway,342.9,126,8
85017C,United Kingdom,342.73,425,107
21137,Spain,342.72,96,8
90191,United Kingdom,342.6,40,21
21428,Netherlands,342.5,90,5
20950,United Kingdom,342.47,661,81
37500,Portugal,342.46,50,5
22445,Netherlands,342.15,129,7
21787,Japan,342.0,504,2
84839,EIRE,342.0,56,15
22449,Germany,341.7,102,15
72130,United Kingdom,341.68,814,64
47599B,France,341.4,204,6
22151,Netherlands,341.28,936,4
90013C,United Kingdom,340.51,84,58
22568,Netherlands,340.44,100,5
85053,EIRE,340.2,162,21
20676,France,340.0,272,27
22623,Japan,340.0,80,2
22940,EIRE,340.0,80,12
75149N,United Kingdom,340.0,272,25
21621,Channel Islands,340.0,40,6
82494L,Spain,339.95,125,11
22889,United Kingdom,339.73,201,43
79303B,United Kingdom,339.57,109,10
84925A,United Kingdom,339.29,179,17
84077,EIRE,338.88,1248,22
21832,EIRE,338.25,205,10
20617,Germany,338.0,200,1
20622,Germany,338.0,200,1
84711B,United Kingdom,337.81,37,29
22745,Germany,337.8,168,15
22027,France,337.68,804,58
23576,United Kingdom,337.64,166,34
21467,EIRE,337.5,90,14
48184,Netherlands,337.5,50,2
22908,France,337.45,397,25
23243,Norway,337.2,72,7
21667,EIRE,336.9,22,6
21078,EIRE,336.84,420,22
84535A,United Kingdom,336.53,591,64
22646,Germany,336.4,232,15
37450,Germany,336.3,114,14
82494L,Germany,336.3,114,11
22402,Netherlands,336.22,434,5
85197,Denmark,336.0,1344,1
72807C,EIRE,335.88,84,8
22776,Netherlands,335.85,39,4
85232B,Belgium,335.7,78,5
21396,EIRE,335.28,312,5
23397,EIRE,334.9,38,8
23429,United Kingdom,334.81,39,19
85109,United Kingdom,334.19,2327,18
21931,Portugal,334.1,170,10
23047,United Kingdom,333.5,58,26
84429A,United Kingdom,333.45,94,41
22175,EIRE,333.3,126,5
22931,EIRE,333.0,156,3
20770,Germany,333.0,156,4
90000D,United Kingdom,332.86,54,36
85110,France,332.64,4752,1
47583B,United Kingdom,332.6,27,6
22032,United Kingdom,332.44,776,95
22509,Netherlands,332.3,34,2
22734,Switzerland,332.28,132,2
90175B,United Kingdom,332.19,37,28
23126,Netherlands,332.0,80,2
22150,Australia,331.95,201,3
23253,Switzerland,331.9,26,2
48111,Switzerland,331.76,48,4
22485,EIRE,331.5,26,9
22601,Netherlands,331.44,456,5
90148,United Kingdom,331.23,26,18
21055,France,331.15,37,10
85097B,United Kingdom,330.92,83,39
90129B,United Kingdom,330.69,148,63
20750,Portugal,330.6,44,13
20976,United Kingdom,330.19,478,75
22534,Germany,330.12,786,24
21756,EIRE,330.0,60,5
22436,Sweden,330.0,600,5
21124,Switzerland,330.0,264,6
21930,Sweden,330.0,200,2
23053,Germany,330.0,40,10
22382,Belgium,330.0,200,17
22146,Netherlands,330.0,200,2
21058,Netherlands,329.76,432,7
84898F,United Kingdom,329.65,154,53
22366,Greece,329.5,50,3
21054,Japan,329.05,39,2
22654,Japan,328.9,62,3
21306,United Kingdom,328.9,610,70
22632,Germany,328.8,168,5
21937,Germany,328.1,118,12
22971,France,328.05,135,11
21485,Switzerland,327.75,73,9
85129B,United Kingdom,327.62,242,59
20974,Sweden,327.6,504,5
23192,EIRE,327.6,216,8
22938,Sweden,327.6,168,3
21292,EIRE,327.52,592,7
22980,EIRE,327.3,210,10
22567,EIRE,327.0,252,22
23569,Germany,326.7,66,10
22354,EIRE,326.7,90,6
22628,Belgium,326.7,66,14
22540,France,326.64,804,22
22383,Australia,326.5,210,8
21716,Sweden,326.4,128,3
21715,Sweden,326.4,128,3
22418,France,326.4,384,14
84902,United Kingdom,326.33,84,53
22366,Switzerland,326.25,47,4
21038,United Kingdom,325.98,156,51
21240,Netherlands,325.78,442,10
21309,United Kingdom,325.6,49,5
22570,Netherlands,325.44,96,4
22748,Germany,325.2,162,15
22398,France,325.08,344,22
20940,United Kingdom,325.05,112,21
23314,EIRE,325.0,26,9
84029E,France,324.5,86,6
23559,Germany,324.48,156,9
22083,Netherlands,323.7,126,3
22697,Netherlands,323.7,126,6
16008,United Kingdom,323.62,2363,74
21989,Netherlands,323.54,410,16
22634,Switzerland,323.4,36,7
23204,France,323.0,380,27
22536,Sweden,322.56,768,4
22730,France,322.5,86,14
23344,Germany,322.4,155,14
23202,France,322.4,155,17
22549,Australia,322.2,252,5
20670,United Kingdom,321.95,392,46
90173,United Kingdom,321.88,85,55
79051A,United Kingdom,321.62,810,56
35915B,United Kingdom,321.57,259,64
22380,EIRE,321.5,165,12
22312,Switzerland,321.3,110,6
21039,Germany,321.3,126,13
22651,Australia,321.24,444,3
22963,Australia,321.24,444,3
23150,United Kingdom,321.03,120,44
23144,Netherlands,321.0,444,4
23198,EIRE,321.0,228,16
21770,Switzerland,320.85,75,4
M,Cyprus,320.69,1,1
82600,EIRE,320.52,162,10
22348,Germany,320.45,377,19
22993,Australia,320.28,300,4
22064,Germany,320.1,194,14
84692,EIRE,320.04,762,16
85070,United Kingdom,320.0,3,3
23174,Netherlands,319.8,84,3
84078A,Germany,319.55,9,3
23390,France,319.55,77,16
35637C,United Kingdom,319.44,94,18
22634,EIRE,319.25,35,9
22379,France,319.2,152,22
23118,Netherlands,319.2,48,3
22619,France,318.75,85,21
23520,United Kingdom,318.67,83,29
22326,Sweden,318.6,108,9
22175,Germany,318.6,108,15
23512,United Kingdom,318.28,144,43
22671,EIRE,318.0,216,3
22557,Australia,318.0,216,4
84795b,United Kingdom,317.72,19,17
20799,United Kingdom,317.53,182,24
22492,Japan,317.45,577,2
21094,Australia,317.4,492,4
22539,Netherlands,317.22,937,8
22541,United Kingdom,317.15,765,58
16258A,United Kingdom,317.13,920,101
90018A,United Kingdom,316.97,75,57
21533,Germany,316.8,64,20
22555,Norway,316.8,192,7
22973,Germany,316.8,192,16
22556,Denmark,316.8,192,10
21976,Belgium,316.8,576,16
21770,Spain,316.8,64,10
22198,Germany,316.8,192,11
22139,Italy,316.8,64,10
22652,Netherlands,316.8,192,7
22557,Norway,316.8,192,7
23245,France,316.8,64,13
22243,Switzerland,316.8,192,10
22195,France,316.8,192,8
22859,Netherlands,316.5,218,3
20828,EIRE,316.2,124,16
84926D,United Kingdom,316.11,633,47
23480,Japan,315.84,96,1
23162,Netherlands,315.84,96,2
72802C,EIRE,315.66,78,9
22257,United Kingdom,315.48,395,58
23255,Germany,315.4,76,17
84946,EIRE,315.0,252,18
22847,Norway,315.0,20,6
22704,Germany,315.0,750,30
21498,Germany,315.0,750,26
22726,Denmark,315.0,84,6
84029E,Germany,314.8,88,6
20749,Hong Kong,314.7,42,6
22355,France,314.5,370,31
84934,United Kingdom,314.5,367,10
21252,United Kingdom,314.46,132,20
23322,EIRE,314.4,112,6
82486,Germany,314.2,36,6
22668,Switzerland,314.0,120,4
23579,United Kingdom,313.9,146,33
22082,Germany,313.5,190,14
72739B,United Kingdom,313.39,382,27
35638B,United Kingdom,313.29,118,11
20662,United Kingdom,313.25,392,45
22150,Netherlands,312.75,185,7
85049G,EIRE,312.64,272,12
22468,Denmark,312.6,52,2
84798B,EIRE,312.6,148,2
84838,United Kingdom,312.5,50,4
79067,Australia,312.5,94,5
22539,Sweden,312.48,744,4
22489,Sweden,312.48,744,4
22186,EIRE,312.3,114,12
17011F,United Kingdom,312.21,356,19
90016B,United Kingdom,312.14,37,30
23200,France,312.0,150,14
21212,Switzerland,312.0,624,12
22417,Belgium,312.0,624,15
23072,Spain,312.0,48,1
23071,Spain,312.0,48,1
21280,France,312.0,1248,1
23295,Australia,311.34,426,4
23293,Australia,311.34,426,4
20658,Germany,311.25,249,17
17012E,United Kingdom,311.06,288,34
21918,Japan,311.04,864,2
85194L,Netherlands,311.04,432,3
22152,Netherlands,311.04,864,2
35979,United Kingdom,311.03,94,28
21136,EIRE,310.96,184,13
22025,Netherlands,310.74,853,11
23202,Germany,310.7,150,11
84623,United Kingdom,310.44,56,14
90036D,United Kingdom,310.24,39,17
22417,Germany,310.2,564,21
35810B,United Kingdom,310.03,184,53
22384,Australia,310.0,200,6
20724,Belgium,310.0,380,24
22132,Netherlands,309.36,408,10
20666,United Kingdom,309.05,499,43
85014A,Norway,309.0,60,2
22834,Germany,308.4,204,10
84509E,United Kingdom,308.36,157,31
35914,United Kingdom,308.35,221,57
23695,United Kingdom,308.2,729,56
85024B,United Kingdom,307.8,204,19
90197B,United Kingdom,307.67,61,50
21673,EIRE,307.2,240,18
21669,EIRE,307.2,240,13
44235,United Kingdom,307.2,824,28
84801B,United Kingdom,307.2,196,16
20760,Germany,307.2,480,1
22544,Netherlands,307.14,913,7
23209,Portugal,306.9,186,11
21485,France,306.9,62,14
22413,Switzerland,306.75,117,6
22867,Germany,306.6,146,12
84533B,United Kingdom,306.53,47,21
21935,Denmark,306.5,210,2
16202B,United Kingdom,306.38,553,14
71053,EIRE,306.36,84,12
17109A,United Kingdom,306.25,637,12
90185D,United Kingdom,306.08,72,37
21033,Netherlands,306.08,201,3
22487,Netherlands,306.0,36,5
21704,EIRE,306.0,360,26
21682,Netherlands,306.0,72,1
22862,EIRE,306.0,72,7
21041,Australia,306.0,120,1
22613,France,306.0,360,16
22470,Netherlands,306.0,120,1
22168,EIRE,306.0,36,16
22946,Norway,306.0,24,1
90196A,United Kingdom,306.0,24,13
90201D,United Kingdom,305.83,104,55
20724,Switzerland,305.5,390,9
21243,Australia,305.44,208,4
22480,Netherlands,305.28,288,3
21902,Australia,305.28,576,1
21899,Australia,305.28,576,1
21900,Australia,305.28,576,1
22946,EIRE,305.1,18,7
85067,Switzerland,305.1,18,2
20849,United Kingdom,305.03,98,23
23294,Australia,304.7,418,4
72811,United Kingdom,304.69,421,21
84997B,Belgium,304.5,78,14
23490,EIRE,304.38,90,5
21258,EIRE,304.35,25,12
21544,France,304.3,358,21
22659,Germany,304.2,156,9
35970,EIRE,304.2,180,10
21791,Australia,303.96,276,7
22963,Germany,303.72,372,20
22365,Germany,303.58,42,6
23420,United Kingdom,303.53,141,31
84627,United Kingdom,303.45,51,21
15056P,France,303.45,51,11
22580,Sweden,303.45,51,5
79190A,United Kingdom,303.37,643,112
22531,France,303.24,722,15
47504G,United Kingdom,303.06,215,52
22130,Germany,303.0,384,11
84798A,EIRE,302.4,144,1
22747,France,302.4,144,17
22734,Denmark,302.4,144,1
22584,Austria,302.4,144,1
22582,Austria,302.4,144,1
22546,Sweden,302.4,720,3
85131C,United Kingdom,302.27,411,73
22133,France,302.02,370,13
85147,United Kingdom,301.95,61,19
23192,France,301.95,183,15
22553,Germany,301.95,183,16
48129,Switzerland,301.8,44,3
21321,United Kingdom,301.8,122,18
84968E,Germany,301.05,27,2
90035C,United Kingdom,301.0,28,5
85065,EIRE,301.0,28,7
51014A,Sweden,300.96,528,2
51014A,Italy,300.96,432,4
82011B,United Kingdom,300.55,78,45
84673A,United Kingdom,300.54,478,102
90209A,United Kingdom,300.3,161,8
21755,Channel Islands,300.2,50,12
22073,Germany,300.0,80,19
20967,Lithuania,300.0,80,5
23253,Australia,300.0,24,1
22750,Lithuania,300.0,80,5
21278,France,300.0,1200,1
23253,Netherlands,300.0,24,1
21892,EIRE,300.0,240,19
21289,EIRE,300.0,240,4
90160A,United Kingdom,299.96,43,24
20973,France,299.65,461,18
84800S,United Kingdom,299.54,394,20
23158,France,299.52,144,10
20717,Switzerland,299.5,270,7
21481,Belgium,299.4,108,7
90124A,United Kingdom,299.28,30,20
21411,EIRE,298.95,79,18
23164,Netherlands,298.8,72,2
22147,EIRE,298.7,206,18
22674,EIRE,298.52,268,8
22635,Germany,298.5,30,14
35981C,United Kingdom,298.0,590,73
21754,Spain,297.85,49,7
20712,Belgium,297.7,150,14
37500,Germany,297.6,48,7
21245,Germany,297.44,176,20
22320,Netherlands,297.3,54,3
85094,United Kingdom,297.14,583,106
22973,France,297.0,180,13
22662,Portugal,297.0,180,11
22198,France,297.0,180,8
22551,Norway,297.0,180,9
22972,Germany,297.0,180,15
20847,United Kingdom,296.97,69,25
37467,United Kingdom,296.97,215,61
84882,United Kingdom,296.93,68,38
84482,United Kingdom,296.77,76,34
84671B,United Kingdom,296.57,105,34
85033S,United Kingdom,296.55,248,51
22908,EIRE,296.52,420,10
21977,Germany,296.45,539,18
21156,EIRE,296.4,152,17
23296,Denmark,296.24,280,2
20713,Denmark,296.0,160,4
22144,Netherlands,296.0,160,3
22571,EIRE,295.8,348,17
22964,EIRE,295.8,158,4
DCGSSGIRL,United Kingdom,295.63,92,23
37423,France,295.2,2952,1
22086,Australia,295.0,100,6
84192,United Kingdom,294.85,245,45
23247,Germany,294.78,102,15
90201A,United Kingdom,294.34,100,51
48111,EIRE,294.26,42,12
20795,United Kingdom,294.0,128,27
17091B,United Kingdom,293.88,246,52
84991,France,293.7,534,19
21367,United Kingdom,293.7,215,64
21388,United Kingdom,293.57,315,30
20727,Australia,293.5,190,7
22582,Germany,293.25,115,5
21537,Germany,293.25,69,17
M,Channel Islands,293.0,1,1
22578,EIRE,292.92,732,22
20758,United Kingdom,292.62,353,96
72801F,United Kingdom,292.5,234,25
DCGS0076,United Kingdom,292.09,18,15
37422,United Kingdom,292.08,434,73
22617,Germany,292.05,59,19
21244,Australia,291.92,200,3
21242,Australia,291.92,200,3
23561,United Kingdom,291.92,98,14
21932,Netherlands,291.75,165,4
21212,Australia,291.6,672,5
21717,Germany,291.6,120,10
46000U,United Kingdom,291.25,233,45
84529A,United Kingdom,290.78,50,19
23174,Australia,290.75,77,4
20826,United Kingdom,290.72,355,14
22629,Spain,290.55,149,16
23240,France,290.5,70,13
21527,Portugal,290.1,38,8
22828,Channel Islands,290.0,2,1
23681,Netherlands,290.0,200,1
85049D,Germany,290.0,232,17
84906,United Kingdom,289.82,59,20
21164,Australia,289.8,108,4
21491,EIRE,289.8,156,7
22727,Australia,289.5,82,7
22726,Australia,289.5,82,7
22539,Australia,289.44,792,5
84576,United Kingdom,289.44,88,30
17001,United Kingdom,288.91,1175,22
22956,Denmark,288.6,156,3
22431,France,288.6,148,23
20987,United Kingdom,288.35,131,22
23296,Germany,288.12,252,12
20849,Denmark,288.0,576,1
22661,Japan,288.0,400,4
20723,Germany,287.9,354,22
35921,United Kingdom,287.82,149,47
84949,EIRE,287.7,186,10
21215,EIRE,287.4,636,7
84933C,United Kingdom,287.15,133,5
84030E,Netherlands,287.0,76,3
20821,United Kingdom,286.42,42,25
22966,France,286.25,229,19
22073,Netherlands,286.2,84,4
20665,France,286.15,97,16
90129A,United Kingdom,285.98,150,75
90098,United Kingdom,285.98,131,55
22690,Switzerland,285.9,42,2
48188,Switzerland,285.9,42,2
22365,Switzerland,285.9,42,2
48173C,Switzerland,285.9,42,2
17109B,United Kingdom,285.78,582,15
21980,EIRE,285.72,1020,16
22245,Germany,285.6,336,23
22740,France,285.6,336,6
72753D,United Kingdom,285.6,136,8
22468,Netherlands,285.6,48,1
21042,EIRE,285.6,48,11
20851,United Kingdom,285.57,47,28
23037,United Kingdom,285.56,172,18
47471,United Kingdom,285.51,411,69
22954,United Kingdom,285.14,231,50
23296,France,285.0,228,12
21913,France,285.0,76,11
22960,France,284.75,67,12
21843,Switzerland,284.7,26,5
21930,Germany,284.7,140,12
90014C,United Kingdom,284.68,29,20
22663,France,284.44,139,16
22869,United Kingdom,284.43,111,55
72741,Switzerland,284.4,216,5
79190D,United Kingdom,284.4,612,111
22398,EIRE,284.36,244,8
23473,United Kingdom,284.3,330,39
21733,Cyprus,284.15,105,9
21402,United Kingdom,284.1,1407,139
84879,Cyprus,283.92,168,5
22275,Netherlands,283.9,37,3
20727,Germany,283.8,172,16
21260,Netherlands,283.5,102,2
82093,United Kingdom,283.49,139,28
23382,EIRE,283.44,80,9
23560,United Kingdom,283.31,89,23
85099F,Switzerland,283.3,160,5
21754,Channel Islands,283.25,47,11
17109C,United Kingdom,283.23,604,14
84805B,EIRE,283.2,96,1
22667,Portugal,283.2,96,13
21041,EIRE,283.2,96,9
23111,EIRE,283.2,24,11
84748,Netherlands,283.2,96,1
22088,EIRE,283.2,96,12
22326,Austria,283.2,96,8
22957,Germany,283.2,96,10
22087,EIRE,283.2,96,12
23084,Finland,282.72,156,4
20979,Netherlands,282.61,265,5
84347,Netherlands,282.6,132,2
22132,France,282.2,332,10
84932B,United Kingdom,282.2,138,10
37413,United Kingdom,282.15,697,82
22456,EIRE,282.15,57,13
22779,Germany,282.0,72,6
22444,France,281.76,240,7
22311,Switzerland,281.7,102,4
21614,Germany,281.7,102,4
85049g,United Kingdom,281.44,115,52
22548,EIRE,281.39,247,12
21218,France,281.25,75,13
90115,United Kingdom,281.23,109,62
22689,EIRE,281.1,38,8
84945,Germany,281.04,360,10
37448,Poland,280.92,204,7
22629,Switzerland,280.8,144,9
22431,Germany,280.8,144,21
23176,Netherlands,280.8,144,2
90163A,United Kingdom,280.71,37,24
21175,Norway,280.68,132,5
23015,United Kingdom,280.63,33,16
20703,Germany,280.5,66,12
22557,Portugal,280.5,170,16
22080,France,280.5,170,16
23054,Germany,280.5,34,8
21544,Netherlands,280.4,424,4
21424,Switzerland,280.2,108,4
82615,EIRE,280.2,108,2
22271,Lithuania,280.2,108,3
22176,EIRE,280.2,108,3
22326,Israel,280.2,108,3
90201C,United Kingdom,280.14,95,43
23192,Australia,280.05,193,3
20980,United Kingdom,279.81,231,59
22181,France,279.65,329,17
20750,Spain,279.6,40,8
84997B,Denmark,279.6,72,6
22381,EIRE,279.5,145,11
22692,Australia,279.24,40,6
72739C,United Kingdom,279.08,326,23
22086,Channel Islands,279.0,100,6
22277,Sweden,279.0,150,4
90085,United Kingdom,278.85,313,31
90122A,United Kingdom,278.84,56,32
22622,Netherlands,278.6,28,3
21746,EIRE,278.52,252,5
22675,EIRE,278.52,252,6
23421,United Kingdom,278.48,126,31
47480,Cyprus,278.4,192,1
84279P,Germany,278.4,80,10
21431,Thailand,278.4,192,1
21429,Thailand,278.4,192,1
23156,Germany,278.16,147,4
22605,France,278.15,21,9
20723,France,278.0,350,17
21993,Germany,277.8,156,6
21110,EIRE,277.8,44,6
22605,Netherlands,277.75,25,2
84032A,EIRE,277.65,99,8
22725,France,277.5,74,13
22726,EIRE,277.5,74,15
22616,France,277.42,878,23
47503G,United Kingdom,277.36,212,31
23308,Sweden,277.2,504,2
22243,France,277.2,168,13
22242,France,277.2,168,14
22561,Germany,277.2,168,13
22554,Norway,277.2,168,7
22759,EIRE,277.2,168,12
22759,Germany,277.2,168,14
21770,EIRE,277.2,56,23
84992,Sweden,277.2,504,3
22553,EIRE,277.2,168,9
22304,Sweden,277.2,132,3
22939,EIRE,277.2,56,11
21206,Germany,277.2,168,14
22305,Sweden,277.2,132,3
21340,Cyprus,277.05,27,3
48187,Greece,276.98,42,3
22533,Japan,276.9,769,3
23173,France,276.9,30,9
23567,United Kingdom,276.58,199,37
90146,United Kingdom,276.49,41,20
84966C,United Kingdom,276.0,23,2
37444B,United Kingdom,275.78,1024,27
20723,Switzerland,275.5,370,8
22194,Denmark,275.4,36,1
21542,Germany,275.4,324,21
22627,Denmark,275.4,36,1
21559,Belgium,275.4,108,14
22941,Netherlands,275.4,36,1
22192,Israel,275.4,36,3
22495,Thailand,275.4,108,1
22942,Netherlands,275.4,36,1
22723,Germany,275.4,84,7
23342,Denmark,275.4,36,1
23341,Denmark,275.4,36,1
21429,France,275.1,162,20
22965,Netherlands,274.8,148,3
22746,Germany,274.8,138,11
20869,United Kingdom,274.74,501,52
23110,EIRE,274.7,50,10
37424,France,274.56,2112,1
21217,Spain,274.5,30,7
21193,United Kingdom,274.37,111,23
23256,Australia,274.15,73,2
23255,Australia,274.15,73,2
23159,Australia,274.0,145,3
23319,France,273.9,110,11
23240,Belgium,273.9,66,10
23237,France,273.9,66,10
23410,United Kingdom,273.8,34,17
85014B,Norway,273.3,54,2
20681,France,273.0,84,15
22045,Germany,273.0,650,24
16156L,United Kingdom,273.0,650,24
22197,Germany,272.85,321,20
23369,Netherlands,272.61,257,3
23371,Netherlands,272.61,257,3
23372,Netherlands,272.61,257,3
23575,United Kingdom,272.55,123,32
79303D,United Kingdom,272.45,78,19
84597C,United Kingdom,272.23,221,36
84499,United Kingdom,272.17,326,41
22398,Germany,272.12,292,20
22620,Germany,272.1,202,18
35645,United Kingdom,272.06,54,31
84030E,Germany,272.0,64,9
22636,EIRE,272.0,32,12
22501,Netherlands,272.0,32,1
22708,Netherlands,272.0,800,1
22990,Germany,271.9,62,5
84933A,United Kingdom,271.9,122,4
90032,United Kingdom,271.88,48,24
22907,France,271.69,349,13
72760B,Netherlands,271.68,32,1
84926F,United Kingdom,271.65,479,42
84997A,Switzerland,271.3,70,9
22219,Netherlands,271.11,363,4
23379,United Kingdom,270.96,644,71
85099F,Germany,270.92,134,10
35599D,Germany,270.9,102,6
23203,Portugal,270.4,130,8
84879,Portugal,270.4,160,11
23199,EIRE,270.4,130,9
21715,France,270.3,106,12
62095B,United Kingdom,270.27,268,19
90028,United Kingdom,270.27,32,27
22414,Switzerland,270.0,40,1
21282,Denmark,270.0,72,3
22693,EIRE,270.0,216,8
21218,Belgium,270.0,72,11
20653,Denmark,270.0,1800,1
22660,Switzerland,270.0,40,1
22444,EIRE,270.0,216,7
84997D,Norway,270.0,72,1
84997C,Norway,270.0,72,1
84997B,Norway,270.0,72,1
21949,France,270.0,216,9
84997A,Norway,270.0,72,1
22751,Lithuania,270.0,72,5
21349,EIRE,270.0,40,5
79191B,United Kingdom,269.83,328,59
90129E,United Kingdom,269.78,133,61
22127,Netherlands,269.4,252,3
21429,EIRE,269.4,156,17
23009,Japan,269.1,18,1
90122C,United Kingdom,269.1,54,30
22039,United Kingdom,269.0,650,26
20711,Netherlands,269.0,152,4
22195,EIRE,268.95,163,14
23179,Netherlands,268.92,108,2
47578A,United Kingdom,268.83,294,78
72793,United Kingdom,268.75,55,10
21918,Netherlands,268.68,722,9
23481,United Kingdom,268.67,218,31
85032D,Netherlands,268.56,156,2
20975,France,268.45,413,18
47567B,France,268.2,56,3
18096C,United Kingdom,268.1,105,18
21984,EIRE,268.08,984,13
21085,Netherlands,267.77,505,3
22427,Germany,267.75,45,14
21042,France,267.75,45,10
85014A,Switzerland,267.75,45,9
22488,EIRE,267.6,168,11
23071,Netherlands,267.6,24,1
84977,United Kingdom,267.58,212,44
35096A,United Kingdom,267.41,753,50
85232B,France,267.3,54,9
22111,Germany,267.3,54,13
22739,Germany,267.3,162,11
21260,Japan,267.25,97,2
84508C,United Kingdom,267.03,97,44
10002,Italy,267.0,360,3
20749,Spain,267.0,36,8
22464,EIRE,266.88,168,13
84997A,Australia,266.58,78,2
90096,United Kingdom,266.44,113,54
20675,Switzerland,266.32,224,11
21430,Germany,266.25,71,15
21030,United Kingdom,265.9,219,50
23307,Netherlands,265.75,625,6
22393,Netherlands,265.74,194,4
22555,Switzerland,265.65,161,13
23137,United Kingdom,265.62,75,22
23245,Japan,265.6,64,2
22326,Italy,265.5,90,11
22858,Switzerland,265.5,174,3
22669,EIRE,265.5,90,13
22668,EIRE,265.5,90,15
20983,EIRE,265.2,312,11
22637,France,265.2,104,19
22637,Portugal,265.2,104,9
22595,EIRE,265.2,312,20
22870,United Kingdom,264.93,101,47
21370,United Kingdom,264.67,56,23
22644,Germany,264.6,114,10
84933B,United Kingdom,264.6,126,3
84406B,Germany,264.4,72,4
23008,Switzerland,264.15,17,4
23512,Netherlands,264.0,147,2
23514,Netherlands,264.0,147,2
22079,Germany,264.0,160,12
23511,Netherlands,264.0,147,2
23513,Netherlands,264.0,147,2
20889,United Kingdom,263.84,245,11
84926A,United Kingdom,263.83,529,48
21950,United Kingdom,263.63,211,18
22618,Netherlands,263.46,30,4
72812,United Kingdom,263.26,93,29
47591D,Netherlands,263.1,158,4
23129,EIRE,263.0,68,5
21843,Portugal,262.8,24,8
84613C,United Kingdom,262.71,63,13
22729,Germany,262.5,70,10
22360,Australia,262.5,102,2
22698,Netherlands,262.5,102,5
21224,France,262.5,210,18
22734,Channel Islands,262.14,102,4
22029,France,262.08,624,46
10135,Germany,262.0,240,3
85089,United Kingdom,261.49,80,29
75178,United Kingdom,261.43,487,26
22450,Germany,261.3,78,11
22220,EIRE,261.2,28,8
22907,Australia,261.12,384,3
84661A,United Kingdom,261.11,186,39
23197,Germany,261.0,180,11
22556,Spain,260.7,158,11
90073,United Kingdom,260.52,52,36
22374,EIRE,260.3,58,11
47586A,United Kingdom,260.23,180,30
44234,United Kingdom,260.14,1198,69
21412,United Kingdom,260.1,230,71
21559,EIRE,260.1,102,15
23367,Sweden,260.0,400,2
M,Austria,260.0,2,2
23368,Sweden,260.0,400,2
23515,Netherlands,259.84,145,2
85178,Japan,259.8,300,2
21507,Netherlands,259.62,721,9
22882,United Kingdom,259.29,127,51
22497,Germany,259.25,61,13
21883,France,258.77,517,27
23055,Spain,258.72,48,1
23056,Spain,258.72,48,1
22386,Portugal,258.7,130,10
22379,Australia,258.5,135,6
20724,Portugal,258.4,304,20
22133,Netherlands,258.36,348,6
22841,EIRE,258.3,34,11
23512,Australia,257.76,144,1
23440,Netherlands,257.76,144,1
23515,Australia,257.76,144,1
23513,Australia,257.76,144,1
72799D,United Kingdom,257.72,77,18
90035A,United Kingdom,257.55,24,16
23298,Spain,257.4,52,7
84520b,United Kingdom,257.4,110,10
22556,Belgium,257.4,156,13
84371,United Kingdom,257.1,30,6
23313,EIRE,257.0,60,3
20685,Belgium,256.9,36,9
84660c,United Kingdom,256.84,34,31
22904,France,256.65,87,12
21578,Switzerland,256.5,114,5
37495,EIRE,256.2,76,10
47503H,United Kingdom,256.18,164,67
23156,France,255.84,123,8
20978,Germany,255.68,224,5
22861,United Kingdom,255.63,143,41
22859,Japan,255.6,168,2
90081C,United Kingdom,255.56,51,37
90036E,United Kingdom,255.52,32,26
22119,EIRE,255.3,54,9
22508,EIRE,255.0,68,14
22491,Sweden,255.0,300,2
15044A,Sweden,255.0,100,1
22668,Netherlands,255.0,100,2
22624,Norway,255.0,30,9
15060B,EIRE,255.0,68,14
85049A,EIRE,255.0,204,13
21592,Germany,255.0,204,7
72801d,United Kingdom,254.98,103,61
90196B,United Kingdom,254.73,20,15
23240,Israel,254.7,66,5
22946,Sweden,254.7,18,3
22195,Australia,254.6,164,6
85232b,United Kingdom,254.47,25,22
21874,Norway,254.4,192,8
21179,EIRE,254.36,220,13
23318,France,253.98,102,10
48194,Germany,253.82,36,5
22966,Germany,253.75,203,14
22489,Germany,253.68,604,22
22577,EIRE,253.68,504,22
gift_0001_50,United Kingdom,253.59,6,6
20682,Switzerland,253.5,78,8
90157,United Kingdom,253.38,51,24
84457,United Kingdom,253.23,261,65
21181,Norway,253.2,132,5
23154,Germany,253.2,135,3
21099,United Kingdom,253.14,380,32
90040B,United Kingdom,253.09,70,37
16052,United Kingdom,252.76,778,33
90081A,United Kingdom,252.7,51,26
22637,Switzerland,252.6,116,5
21122,Spain,252.5,202,9
22733,Germany,252.5,202,9
85179C,United Kingdom,252.5,115,39
85232B,EIRE,252.45,51,12
22720,Italy,252.45,51,9
23293,France,252.32,304,14
23169,Norway,252.3,66,4
84997C,Switzerland,252.3,66,7
79338,United Kingdom,252.29,553,13
84706A,United Kingdom,252.23,110,5
47351B,United Kingdom,252.2,92,13
84692,Germany,252.0,600,18
22441,EIRE,252.0,120,10
82582,Denmark,252.0,120,4
22959,France,252.0,600,6
84375,Germany,252.0,120,10
22591,Denmark,252.0,120,1
40018F,Switzerland,251.94,146,4
20754,Netherlands,251.88,134,6
17038,United Kingdom,251.51,2559,55
23232,EIRE,251.5,675,6
22147,Australia,251.45,201,3
DCGSSBOY,United Kingdom,251.35,77,21
22750,France,251.25,67,15
22776,Germany,251.25,27,9
21722,United Kingdom,251.13,254,80
35923,EIRE,250.92,396,3
21716,Germany,250.8,104,9
23307,EIRE,250.8,456,17
45008C,EIRE,250.6,32,5
85232A,Germany,250.5,54,10
22960,Channel Islands,250.5,66,3
22138,Belgium,250.5,54,9
22878,United Kingdom,250.46,90,43
37448,Germany,250.32,168,14
84247N,United Kingdom,250.28,97,53
23169,EIRE,250.1,62,9
90030B,United Kingdom,250.02,92,32
72802B,Spain,250.0,200,1
23077,Finland,250.0,200,2
22655,Singapore,250.0,2,1
22656,Cyprus,250.0,2,2
22655,Cyprus,250.0,2,2
23205,EIRE,250.0,340,6
90181B,United Kingdom,249.95,27,26
85126,EIRE,249.9,42,1
22348,France,249.9,294,19
85123A,France,249.75,89,7
23157,Sweden,249.6,120,1
23159,Sweden,249.6,120,1
23078,Netherlands,249.6,240,1
23076,Iceland,249.6,240,1
23154,Sweden,249.6,120,1
46307,United Kingdom,249.33,53,34
23238,Germany,249.0,60,7
23237,Germany,249.0,60,9
22788,Germany,248.75,25,8
35241,Germany,248.55,57,5
22334,Netherlands,248.4,168,4
22077,Australia,248.4,168,2
77081,United Kingdom,248.38,194,30
90129C,United Kingdom,248.36,110,52
23516,Netherlands,248.13,75,2
20663,United Kingdom,248.13,562,42
23519,Netherlands,248.13,75,2
84030c,United Kingdom,248.0,32,13
20800,Denmark,248.0,992,1
84870C,United Kingdom,247.86,71,38
22413,France,247.8,84,17
22088,Germany,247.8,84,9
20914,Spain,247.8,84,10
21249,France,247.8,84,13
23518,Netherlands,247.71,99,2
23517,Netherlands,247.71,99,2
23049,France,247.5,30,12
22944,EIRE,247.32,396,10
84621,United Kingdom,247.26,29,15
21249,Australia,247.2,96,3
84380,Germany,247.2,192,12
90036C,United Kingdom,246.83,31,15
21091,Netherlands,246.61,385,3
22909,Netherlands,246.61,385,3
20685,Channel Islands,246.56,32,10
20719,Belgium,246.5,290,21
21621,Germany,246.5,29,3
21973,Germany,246.5,170,13
21922,EIRE,246.45,31,10
22567,Netherlands,246.25,193,6
22128,Spain,246.06,216,6
16212,United Kingdom,246.06,303,42
21977,Belgium,246.0,504,9
22759,France,245.85,149,13
22630,Spain,245.7,126,12
21936,Singapore,245.5,90,3
22894,EIRE,245.45,27,8
20675,Netherlands,245.14,218,8
21609,Sweden,244.8,96,2
22272,Australia,244.8,96,2
22651,Sweden,244.8,288,2
21611,Sweden,244.8,96,2
22301,Germany,244.8,96,14
22740,Belgium,244.8,288,6
22967,Netherlands,244.8,96,2
22781,France,244.8,32,8
22451,Germany,244.55,73,11
72807B,EIRE,244.44,60,8
21115,Australia,244.4,40,4
21479,Netherlands,244.08,72,2
22569,Netherlands,244.08,72,3
20970,Netherlands,244.08,72,2
22449,Netherlands,244.0,80,4
84997B,EIRE,244.0,64,10
22303,Belgium,243.9,102,10
23035,EIRE,243.6,168,10
22979,Germany,243.6,168,13
22549,EIRE,243.6,168,12
21032,United Kingdom,243.41,196,51
72802B,EIRE,243.41,61,7
21243,France,243.36,144,15
22276,Netherlands,243.15,113,3
22627,Netherlands,243.1,31,6
21931,Denmark,243.0,140,3
90087,United Kingdom,242.68,301,54
21232,Denmark,242.64,216,4
22111,France,242.55,49,11
22972,France,242.55,147,13
21493,United Kingdom,242.25,260,29
22423,United Arab Emirates,242.25,19,2
22218,EIRE,242.25,57,10
21361,EIRE,242.25,19,4
84968A,EIRE,242.25,19,6
22605,Germany,242.2,20,4
21730,EIRE,242.1,54,5
20768,Germany,242.1,114,3
23235,Australia,241.93,97,2
23236,Netherlands,241.93,97,2
84598,Bermuda,241.92,1152,1
84568,Bermuda,241.92,1152,1
21917,Sweden,241.92,576,2
22902,France,241.5,115,10
22184,EIRE,241.4,30,8
22449,France,241.2,72,11
21843,Belgium,240.9,22,10
21755,EIRE,240.9,42,9
21946,United Kingdom,240.89,433,58
23389,Germany,240.7,58,15
84997D,Belgium,240.5,62,11
84870B,United Kingdom,240.11,68,37
21528,EIRE,240.1,38,8
22693,France,240.0,192,8
20674,Germany,240.0,192,23
21537,Australia,240.0,64,1
23290,Germany,240.0,192,19
23078,France,240.0,192,7
84836,EIRE,240.0,192,16
21121,Belgium,240.0,192,8
23292,Germany,240.0,192,20
23078,Finland,240.0,192,2
23519,United Kingdom,239.8,59,18
23210,EIRE,239.76,216,4
23141,United Kingdom,239.71,71,23
23244,Australia,239.55,145,3
22149,Germany,239.4,114,17
22964,France,239.4,114,16
22848,Australia,239.2,16,2
22849,Netherlands,239.2,16,2
82011A,United Kingdom,239.08,57,33
23518,Australia,239.04,96,1
23189,Australia,239.04,96,1
22180,France,238.8,24,11
21144,United Kingdom,238.71,399,53
22880,United Kingdom,238.38,114,39
22665,Norway,238.2,84,7
84805B,United Kingdom,238.2,220,7
22355,EIRE,238.0,280,14
21537,EIRE,238.0,56,9
21428,EIRE,238.0,56,12
22602,Netherlands,237.96,324,5
90185C,United Kingdom,237.95,56,33
21460,United Kingdom,237.95,107,26
85099C,EIRE,237.9,120,11
85099F,Belgium,237.9,120,11
21432,Switzerland,237.9,42,6
82553,United Kingdom,237.73,114,42
90185B,United Kingdom,237.68,56,33
84406B,EIRE,237.65,75,8
22329,Belgium,237.6,144,12
85232D,EIRE,237.6,48,11
23207,EIRE,237.6,144,14
23360,Australia,237.6,144,1
84842,France,237.6,720,1
22652,France,237.6,144,15
21731,Norway,237.6,144,6
21731,Denmark,237.6,144,8
22991,Netherlands,237.6,144,1
22179,Norway,237.3,38,3
37508,United Kingdom,237.22,92,48
82585,United Kingdom,237.15,165,50
21372,United Kingdom,237.02,127,50
23516,Australia,236.88,72,1
23382,Netherlands,236.88,72,2
23469,Netherlands,236.88,72,1
23519,Australia,236.88,72,1
23520,Netherlands,236.88,72,1
23430,United Kingdom,236.68,28,14
23149,United Kingdom,236.51,93,20
90133,United Kingdom,236.46,47,36
44217M,United Kingdom,236.4,72,3
48111,Greece,236.36,36,6
20891,United Kingdom,236.33,684,3
84467,EIRE,236.3,10,2
47599A,Germany,236.2,132,7
22273,EIRE,236.0,80,14
23209,EIRE,235.95,143,13
22383,Denmark,235.75,155,3
22139,Hong Kong,235.65,51,5
22721,Sweden,235.65,51,3
22139,Austria,235.65,51,5
84927F,United Kingdom,235.53,316,60
35958,Netherlands,235.45,277,4
37483,United Kingdom,235.44,144,13
23203,EIRE,235.04,113,10
90199B,United Kingdom,234.98,37,32
22636,Netherlands,234.6,30,4
22145,Netherlands,234.6,126,3
22627,Switzerland,234.6,30,4
20736,United Kingdom,234.35,291,20
22382,Portugal,234.3,142,8
21153,France,234.3,22,6
84796a,United Kingdom,234.28,28,20
22509,EIRE,233.85,23,8
21933,Japan,233.7,86,2
23036,United Kingdom,233.67,185,17
22444,Norway,233.52,216,3
22355,Belgium,233.5,290,16
21741,Germany,233.4,84,5
22114,Germany,233.3,58,10
22333,Switzerland,233.25,153,6
21932,Portugal,233.2,98,9
21155,EIRE,233.1,102,15
22113,Germany,233.0,60,8
23480,Belgium,232.92,68,5
85032D,EIRE,232.8,144,4
21056,EIRE,232.7,26,8
35400,EIRE,232.7,26,5
21931,EIRE,232.7,118,13
84797b,United Kingdom,232.62,21,19
35991,United Kingdom,232.5,403,57
21889,France,232.5,186,13
23229,EIRE,232.5,62,10
23295,Sweden,232.4,280,3
22549,Netherlands,232.2,180,5
15056BL,Lithuania,232.05,39,4
21754,France,232.05,39,8
22320,France,232.05,39,13
21535,Germany,232.05,91,16
20679,Lithuania,232.05,39,4
21042,Germany,232.05,39,12
15056N,Lithuania,232.05,39,4
21165,Germany,231.84,144,9
22029,Germany,231.84,552,41
22929,Netherlands,231.8,4,1
23495,United Kingdom,231.66,165,37
23294,Netherlands,231.63,313,4
22371,EIRE,231.3,54,7
72802B,Bahrain,231.24,60,2
22618,Germany,231.23,25,8
23052,France,231.0,28,12
22136,EIRE,231.0,140,11
22737,EIRE,231.0,140,12
22560,Germany,230.88,192,7
21937,France,230.75,85,8
90119,United Kingdom,230.32,92,42
22090,Switzerland,230.1,78,6
21990,Germany,230.1,126,6
22667,Germany,230.1,78,13
21844,Germany,230.1,78,11
22083,Germany,230.1,78,10
22271,Germany,230.1,78,13
22090,Sweden,230.1,78,7
22457,Germany,230.1,78,9
22884,United Kingdom,229.89,113,41
84879,Austria,229.84,136,5
23112,EIRE,229.8,32,7
21716,France,229.5,90,10
22423,Iceland,229.5,18,5
22526,EIRE,229.5,18,7
18097C,EIRE,229.5,90,9
20747,Greece,229.5,18,1
22848,EIRE,229.3,14,6
21974,Germany,229.1,158,12
21210,Spain,229.1,158,14
90122B,United Kingdom,228.99,46,26
20677,Australia,228.96,216,2
20676,Australia,228.96,216,2
20675,Australia,228.96,216,2
23170,Australia,228.6,156,3
22328,Hong Kong,228.6,84,3
22952,Netherlands,228.55,529,6
22909,Sweden,228.48,288,3
17084P,United Kingdom,228.43,1016,72
35818P,United Kingdom,228.41,515,25
22114,Norway,228.4,56,7
23254,Switzerland,228.25,55,6
22633,Switzerland,228.0,120,3
22834,Switzerland,228.0,120,3
22191,Germany,227.8,28,7
22909,Australia,227.76,312,2
ADJUST,Spain,227.75,3,3
90090,United Kingdom,227.72,263,25
20855,United Kingdom,227.7,138,47
20728,Japan,227.5,150,2
71028B,United Kingdom,227.48,494,13
22837,Switzerland,227.4,52,3
84705C,United Kingdom,227.33,162,8
90186A,United Kingdom,227.33,77,37
22144,Germany,226.8,108,12
21424,Germany,226.4,80,11
20675,Hong Kong,226.32,192,5
20676,Hong Kong,226.32,192,5
20677,Hong Kong,226.32,192,5
22757,Netherlands,226.3,302,5
21210,Portugal,226.2,156,12
22197,Singapore,226.2,312,4
21974,Spain,226.2,156,14
37501,Portugal,226.2,36,2
22950,Sweden,226.2,156,2
90210B,United Kingdom,226.15,100,27
22320,EIRE,226.1,38,8
84966A,United Kingdom,225.95,13,4
22858,Japan,225.9,150,2
21931,Netherlands,225.45,131,3
21401,United Kingdom,225.35,1118,113
21064,France,225.3,54,10
22940,France,225.25,53,12
84509A,EIRE,225.0,60,12
85049E,Switzerland,225.0,180,7
22070,EIRE,225.0,60,6
23118,EIRE,225.0,30,11
23077,Germany,225.0,180,7
22045,Australia,225.0,650,5
21746,Germany,225.0,180,15
TEST001,United Kingdom,225.0,50,9
21098,EIRE,225.0,180,13
22569,Lithuania,225.0,60,5
23083,EIRE,225.0,60,6
21218,EIRE,225.0,60,10
10134,EIRE,224.5,210,2
22951,EIRE,224.4,408,17
22747,Germany,224.4,114,9
21975,Belgium,224.4,408,12
84347,Spain,224.4,88,4
20981,Germany,224.4,264,17
90019C,United Kingdom,224.4,42,36
21789,Germany,224.4,264,11
79328,United Kingdom,224.28,498,15
21918,EIRE,224.28,534,18
23154,Australia,224.08,121,2
22072,France,223.86,62,7
22468,Norway,223.8,36,2
21216,Norway,223.8,52,3
47599A,Netherlands,223.6,126,3
20818,United Kingdom,223.5,59,28
22738,Netherlands,223.5,150,4
84629,United Kingdom,222.95,21,12
22568,Lithuania,222.72,64,4
20750,Finland,222.6,28,7
22630,Norway,222.6,124,6
20711,Germany,222.56,112,11
85039a,United Kingdom,222.53,67,47
23003,United Kingdom,222.42,533,52
22332,Netherlands,222.0,152,3
22078,Australia,222.0,120,1
23159,Netherlands,222.0,120,1
21420,United Kingdom,221.66,86,32
16258B,United Kingdom,221.48,1017,17
17011C,United Kingdom,221.4,335,2
22120,Spain,221.4,24,4
22173,EIRE,221.25,75,10
22974,France,221.1,134,11
22451,EIRE,221.1,66,6
17013B,United Kingdom,221.03,256,3
22355,Portugal,221.0,260,18
21002,Germany,221.0,52,6
22169,Germany,221.0,26,8
90210D,United Kingdom,220.98,137,23
72807b,United Kingdom,220.94,26,19
22649,Portugal,220.8,48,4
22335,Cyprus,220.8,384,2
22112,Switzerland,220.8,48,5
22138,Switzerland,220.8,48,7
20685,Singapore,220.78,32,4
21223,Netherlands,220.75,207,3
84725,United Kingdom,220.75,135,30
23202,Australia,220.6,120,3
22704,France,220.5,525,18
84625B,United Kingdom,220.5,126,14
84029G,Switzerland,220.36,60,4
47591D,France,220.35,113,13
62086A,United Kingdom,220.35,113,24
23010,Germany,220.35,13,6
90124C,United Kingdom,220.21,22,16
21933,Portugal,220.2,98,11
21592,Switzerland,220.14,198,5
20836,United Kingdom,220.12,188,19
90211B,United Kingdom,220.09,37,27
22606,Channel Islands,220.05,15,5
90123A,United Kingdom,220.02,37,20
22823,Netherlands,220.0,2,1
20677,France,220.0,176,19
22433,Germany,219.6,120,11
22938,EIRE,219.6,120,6
22637,Germany,219.3,86,14
84997A,EIRE,219.1,58,7
90056,United Kingdom,218.99,20,15
22588,Germany,218.94,102,2
22120,EIRE,218.9,22,6
84991,Germany,218.9,398,15
85168A,United Kingdom,218.9,22,15
22221,EIRE,218.9,22,7
90058A,United Kingdom,218.88,576,13
22563,Germany,218.82,186,9
22881,United Kingdom,218.82,112,36
20653,United Kingdom,218.79,170,79
90214A,United Kingdom,218.75,219,107
22254,Netherlands,218.52,204,2
20754,Germany,218.4,104,18
22554,Hong Kong,218.4,144,3
22434,Switzerland,218.4,112,4
22834,Netherlands,218.4,144,2
23170,France,218.4,144,6
22551,Hong Kong,218.4,144,3
22243,Japan,218.4,144,2
21747,France,218.04,204,4
84997D,Austria,218.0,56,5
21330,Germany,217.8,132,10
23569,EIRE,217.8,44,6
22556,Norway,217.8,132,6
22628,Norway,217.8,44,3
22555,Belgium,217.8,132,11
22980,Germany,217.8,132,11
21731,Finland,217.8,132,8
23245,Belgium,217.8,44,10
22551,Denmark,217.8,132,6
22193,Germany,217.6,28,4
21240,France,217.6,256,29
21239,France,217.6,256,28
22593,Netherlands,217.56,300,3
22129,EIRE,217.56,300,2
22594,Netherlands,217.56,300,3
21108,EIRE,217.53,135,11
22960,Italy,217.5,54,7
22935,Germany,217.5,78,2
84509G,EIRE,217.5,66,11
22567,Germany,217.38,178,9
47481,United Kingdom,217.38,268,41
22883,United Kingdom,217.26,110,35
23347,Netherlands,217.25,201,2
20975,Germany,217.1,334,13
22589,Germany,216.9,102,2
21588,Germany,216.9,102,2
22932,Germany,216.9,102,2
35817P,United Kingdom,216.7,420,11
23485,EIRE,216.4,10,4
35793,United Kingdom,216.33,108,16
21136,Cyprus,216.32,128,3
23306,Netherlands,216.25,169,4
21213,Germany,216.15,393,18
23346,Australia,216.0,200,1
23345,Australia,216.0,200,1
21616,Greece,216.0,96,2
22468,France,216.0,32,7
16254,Denmark,216.0,864,1
21615,Greece,216.0,96,2
84807,United Kingdom,215.93,233,7
23079,Switzerland,215.9,26,2
84828,France,215.88,180,9
23388,Switzerland,215.8,52,5
90036A,United Kingdom,215.76,27,20
47504E,United Kingdom,215.46,139,42
21737,Channel Islands,215.4,12,3
90164A,United Kingdom,215.39,38,24
21368,United Kingdom,215.34,203,49
84836,France,215.0,172,9
21543,United Kingdom,215.0,284,24
84806A,United Kingdom,214.85,269,17
22951,Australia,214.8,504,2
21054,EIRE,214.8,24,6
23465,United Kingdom,214.63,25,15
37447,Germany,214.56,144,12
20728,Switzerland,214.5,130,8
22730,Australia,214.5,62,4
48179,United Kingdom,214.47,34,11
22885,United Kingdom,214.47,113,36
85095,United Kingdom,214.24,151,47
85032A,Japan,214.2,102,3
21717,EIRE,214.2,84,7
47567B,Germany,214.2,36,8
22965,France,214.2,102,5
85032B,Japan,214.2,102,3
85032C,Japan,214.2,102,3
21531,France,214.2,84,12
82578,EIRE,213.9,448,6
51012C,United Kingdom,213.75,171,28
48187,France,213.48,32,4
22423,Greece,213.45,19,2
16201A,United Kingdom,213.37,101,9
90005A,United Kingdom,213.29,104,58
47570,EIRE,213.0,20,4
21933,Australia,212.65,121,5
21791,Netherlands,212.64,192,6
22558,Norway,212.64,144,5
84380,Australia,212.64,192,3
22559,EIRE,212.64,192,6
23065,France,212.5,17,6
84030E,EIRE,212.5,50,10
47574B,United Kingdom,212.5,50,29
23295,France,212.48,256,12
23298,Netherlands,212.45,51,2
22318,EIRE,212.4,72,10
22809,EIRE,212.4,72,7
84509A,Australia,212.4,72,1
22111,Switzerland,212.4,48,4
37495,Denmark,212.4,72,2
22328,Austria,212.4,72,7
35833G,United Kingdom,212.38,124,34
22277,Netherlands,212.3,113,3
16256B,United Kingdom,212.19,476,34
21154,Australia,212.0,200,1
23133,EIRE,211.8,28,6
21108,Unspecified,211.65,83,5
21212,Spain,211.2,384,16
23326,Netherlands,211.2,384,2
20973,Australia,211.2,384,1
22332,Germany,211.2,128,14
23297,France,211.2,128,3
20973,Netherlands,211.2,384,1
90003D,United Kingdom,211.17,56,31
90155,United Kingdom,211.16,28,20
90125D,United Kingdom,211.14,130,35
23175,Australia,211.0,76,3
22313,Switzerland,210.9,78,5
72750D,United Kingdom,210.9,102,10
22625,Norway,210.8,26,6
22844,Italy,210.8,26,6
84792,Netherlands,210.78,54,2
22991,EIRE,210.6,108,8
22466,Germany,210.6,108,9
23493,France,210.6,108,9
22992,Germany,210.6,108,9
22629,Denmark,210.6,108,8
22574,Netherlands,210.49,277,4
23190,Australia,210.45,145,2
21110,Switzerland,210.3,34,3
90116,United Kingdom,210.26,96,64
84987,Germany,210.25,145,11
22277,EIRE,210.2,112,2
21137,Germany,210.0,56,9
37495,Germany,210.0,56,12
21125,France,210.0,168,10
20971,Germany,210.0,168,13
20730,Denmark,210.0,1400,1
17039,EIRE,210.0,1000,2
23494,Netherlands,209.9,42,3
22504,Netherlands,209.6,8,2
21932,Germany,209.6,84,7
48184,Greece,209.48,32,3
20827,United Kingdom,209.36,173,8
22530,Netherlands,209.22,553,8
84993B,United Kingdom,209.22,469,86
35597B,United Kingdom,209.1,66,6
21980,Germany,209.04,696,20
22371,Netherlands,208.9,38,3
20814,United Kingdom,208.89,189,13
47343A,United Kingdom,208.88,196,26
23297,Spain,208.8,144,1
23171,Australia,208.8,144,2
22972,Netherlands,208.8,144,3
21731,Japan,208.8,144,1
23446,Netherlands,208.8,144,1
22076,Netherlands,208.8,144,1
23482,Netherlands,208.8,144,1
23172,Australia,208.8,144,2
22973,Netherlands,208.8,144,2
23447,Netherlands,208.8,144,1
23143,United Kingdom,208.77,27,14
22739,Netherlands,208.65,141,4
22528,EIRE,208.38,174,11
90036F,United Kingdom,208.31,26,17
82483,EIRE,208.3,34,6
21639,United Kingdom,208.25,235,14
22357,Sweden,208.25,49,2
23165,EIRE,208.2,132,7
21127,Germany,208.05,39,3
23077,Australia,208.0,200,1
22138,Spain,207.9,42,11
85042,EIRE,207.9,42,8
47505,EIRE,207.9,42,7
90016A,United Kingdom,207.86,29,16
21983,EIRE,207.84,768,8
22531,Japan,207.78,577,2
22536,Japan,207.78,577,2
22534,Japan,207.78,577,2
23174,Germany,207.5,50,9
72741,Malta,207.45,153,4
85189,Netherlands,207.36,288,1
22263,Netherlands,207.36,288,1
84077,France,207.36,768,16
22181,Japan,207.36,288,2
22736,Australia,207.0,140,3
22910,Netherlands,206.95,81,3
47591A,United Kingdom,206.84,125,67
21243,Hong Kong,206.8,136,2
21242,Hong Kong,206.8,136,2
21244,Hong Kong,206.8,136,2
84690,United Kingdom,206.7,26,14
22984,Netherlands,206.64,564,11
21936,Portugal,206.5,70,8
21102,United Kingdom,205.78,76,19
22600,Germany,205.68,264,9
22945,Germany,205.68,264,8
72225D,United Kingdom,205.54,914,10
10002,Denmark,205.2,272,3
22900,Germany,205.15,67,9
23245,Norway,205.0,44,6
23290,France,205.0,164,20
22531,Germany,204.96,488,13
22554,Spain,204.6,124,12
20755,Germany,204.6,300,4
21369,United Kingdom,204.23,109,22
23243,Netherlands,204.15,49,3
84968D,Germany,204.0,16,5
22087,Japan,204.0,80,2
22911,Japan,204.0,80,1
22325,Netherlands,204.0,48,1
22215,Spain,204.0,24,8
22348,EIRE,204.0,240,17
16161P,Australia,204.0,600,2
22740,Portugal,204.0,240,4
22940,Germany,204.0,48,7
22090,Japan,204.0,80,2
84934,Germany,204.0,240,1
22084,Germany,204.0,80,1
22497,Sweden,204.0,48,1
22741,Channel Islands,204.0,240,4
22704,Australia,204.0,600,2
82482,Spain,204.0,80,3
22606,Denmark,204.0,16,2
23598,Netherlands,204.0,80,1
23597,Netherlands,204.0,80,1
22423,USA,204.0,16,4
21906,Switzerland,203.9,34,2
22795,Netherlands,203.9,34,3
22562,Germany,203.82,174,8
22318,Germany,203.55,69,12
85123A,Italy,203.55,69,7
22699,Spain,203.55,69,13
22749,Channel Islands,203.4,60,2
22354,Australia,203.4,60,1
22751,Channel Islands,203.4,60,2
22750,Channel Islands,203.4,60,2
22561,Channel Islands,203.4,132,6
22591,EIRE,203.1,78,7
22540,Australia,203.04,552,4
22059,Poland,203.04,144,6
22334,Germany,202.95,123,15
22866,Switzerland,202.8,108,2
22666,Poland,202.8,72,6
22867,Switzerland,202.8,108,2
21244,France,202.8,120,14
22865,Switzerland,202.8,108,2
85099B,Finland,202.8,100,9
20890,United Kingdom,202.62,605,4
21468,EIRE,202.5,54,8
48187,Israel,202.5,30,1
18097C,Bahrain,202.5,102,2
23082,EIRE,202.5,54,4
23396,Germany,202.5,54,4
37506,United Kingdom,202.3,34,27
72781,United Kingdom,202.2,108,13
47593A,United Kingdom,201.67,219,94
84375,Belgium,201.6,96,7
21531,Netherlands,201.6,96,3
22539,France,201.6,480,15
22637,Japan,201.6,96,2
21908,Norway,201.6,96,4
84212,Netherlands,201.6,480,1
21535,Netherlands,201.6,96,2
84375,Norway,201.6,96,4
22214,Spain,201.6,96,2
20752,EIRE,201.6,96,11
22931,Netherlands,201.6,96,1
22934,EIRE,201.3,78,2
84723,United Kingdom,201.3,54,12
22480,EIRE,201.25,161,14
72754A,United Kingdom,201.24,292,5
21092,United Kingdom,201.1,222,21
22113,Switzerland,201.04,56,4
21955,Channel Islands,200.98,26,9
23166,Australia,200.93,193,3
23478,Netherlands,200.93,193,2
22606,Germany,200.85,15,3
22191,Israel,200.6,26,2
22669,Australia,200.6,68,6
22275,Sweden,200.6,26,4
22636,Norway,200.6,26,3
23108,Netherlands,200.29,37,4
22553,Switzerland,200.25,133,5
22385,Belgium,200.2,100,8
85099C,Portugal,200.2,100,5
21195,Australia,200.04,114,4
23077,France,200.0,160,8
21114,Germany,200.0,160,8
85099C,Switzerland,199.8,110,2
21095,United Kingdom,199.77,207,37
23163,Netherlands,199.68,96,2
21562,EIRE,199.6,184,3
22728,Australia,199.5,58,3
21500,Germany,199.5,475,15
21498,EIRE,199.5,475,10
21474,EIRE,199.5,10,4
22379,Germany,199.5,95,15
21499,Germany,199.5,475,15
20719,EIRE,199.5,250,12
23245,Denmark,199.2,48,2
23256,Belgium,199.2,48,11
23424,Netherlands,199.2,48,2
23057,Spain,199.2,48,1
21217,France,199.0,20,12
22131,Germany,198.9,102,16
23311,EIRE,198.9,78,9
21974,Australia,198.85,157,3
23306,Australia,198.85,157,3
84797a,United Kingdom,198.84,18,17
22556,Hong Kong,198.6,132,2
22621,EIRE,198.6,132,10
23355,EIRE,198.6,44,6
22553,Hong Kong,198.6,132,2
21207,Netherlands,198.6,132,5
21085,United Kingdom,198.56,279,51
20711,Australia,198.5,110,2
22872,United Kingdom,198.2,78,36
21706,Germany,198.0,40,10
22383,Belgium,198.0,120,9
23208,Germany,198.0,120,9
23308,EIRE,198.0,360,13
23308,Germany,198.0,360,13
22952,Germany,198.0,360,13
22556,Italy,198.0,120,10
23569,France,198.0,40,7
22935,Netherlands,198.0,72,1
23049,Germany,198.0,24,7
23053,France,198.0,24,10
22951,Belgium,198.0,360,10
23494,Japan,198.0,40,1
23051,Germany,198.0,24,6
20725,Switzerland,198.0,120,8
22754,Netherlands,197.66,374,6
22585,Denmark,197.64,180,3
20972,EIRE,197.5,158,12
37492A,United Kingdom,197.47,104,10
22277,Portugal,197.4,94,13
82483,Spain,197.35,33,2
22545,Netherlands,197.28,504,3
21361,Israel,197.1,18,1
20748,Greece,197.1,18,1
20748,EIRE,197.1,18,1
22199,Netherlands,197.0,52,2
22780,Germany,197.0,52,2
23079,France,196.9,22,5
23084,Sweden,196.8,108,4
23360,EIRE,196.8,112,5
84855,United Kingdom,196.7,36,16
M,Netherlands,196.68,5,5
90040A,United Kingdom,196.55,50,33
15056N,Norway,196.35,33,2
85014B,Finland,196.35,33,5
85014B,Australia,196.35,33,6
22329,France,196.35,119,10
21223,United Kingdom,196.33,149,33
22504,Hong Kong,196.3,10,2
84375,Denmark,196.2,96,4
47590A,Switzerland,196.2,36,7
21486,EIRE,195.96,68,5
22417,Switzerland,195.6,384,9
22779,Sweden,195.5,46,6
22625,Belgium,195.5,23,9
22473,EIRE,195.3,54,13
22526,France,195.15,17,4
90029,United Kingdom,195.14,23,12
23493,Germany,195.0,100,9
21914,Spain,195.0,156,8
22241,EIRE,195.0,156,12
85055,Germany,195.0,52,10
84946,Germany,195.0,156,10
84580,EIRE,195.0,52,12
22729,Denmark,195.0,52,6
22725,Belgium,195.0,52,7
21915,Spain,195.0,156,8
85217,France,195.0,300,10
23395,Germany,195.0,52,3
22771,EIRE,195.0,156,11
23168,EIRE,195.0,156,11
23493,Japan,195.0,100,1
21563,Denmark,194.7,66,5
22087,Australia,194.7,66,6
22326,Denmark,194.7,66,5
21844,Portugal,194.7,66,8
22328,Sweden,194.7,66,7
21482,Germany,194.7,66,9
22697,France,194.7,66,8
22665,Germany,194.7,66,11
22957,Portugal,194.7,66,7
21564,France,194.7,66,7
20665,Belgium,194.7,66,9
23297,Germany,194.7,118,8
22273,Germany,194.7,66,11
21452,Belgium,194.7,66,10
85176,Japan,194.52,300,2
23310,Netherlands,194.4,540,2
72051S,United Kingdom,194.25,307,59
23470,Netherlands,194.04,36,1
90130B,United Kingdom,194.01,66,51
90065A,United Kingdom,193.96,28,17
84012,Switzerland,193.8,156,3
22601,EIRE,193.8,228,13
22193,Australia,193.8,24,5
37485,United Kingdom,193.74,46,15
21018,United Kingdom,193.72,224,49
21524,Australia,193.68,28,6
23284,Germany,193.65,25,6
21577,France,193.5,86,16
22312,Portugal,193.2,72,4
21462,EIRE,193.2,40,10
22810,France,193.2,72,3
22112,Norway,193.05,39,5
21582,United Kingdom,193.05,117,17
48184,Germany,192.88,24,8
90094,United Kingdom,192.72,76,41
84279B,Germany,192.72,56,6
23533,Australia,192.6,36,1
90210A,United Kingdom,192.59,83,21
84255B,United Kingdom,192.26,66,19
22736,Netherlands,192.15,131,3
22737,Netherlands,192.15,131,3
22735,Netherlands,192.15,131,3
23299,Germany,192.0,56,2
82482,Cyprus,192.0,88,4
90170,United Kingdom,191.87,115,71
21936,Belgium,191.75,65,11
21153,EIRE,191.7,18,3
21400,United Kingdom,191.65,1027,87
22893,France,191.52,456,5
22024,Netherlands,191.52,528,9
90178B,United Kingdom,191.41,16,11
23008,Austria,191.4,12,3
22969,Germany,191.4,132,9
23306,EIRE,191.4,132,11
23253,EIRE,191.4,12,3
23007,Germany,191.4,12,5
22276,Germany,191.25,75,11
79320,Germany,191.1,42,4
47503J,Spain,190.8,24,3
47570b,United Kingdom,190.63,9,9
22738,Australia,190.5,130,2
22739,Australia,190.5,130,2
22080,Netherlands,190.5,130,2
22080,Australia,190.5,130,2
22735,Australia,190.5,130,2
79403,United Kingdom,190.48,205,36
22720,Netherlands,190.45,43,4
84805A,United Kingdom,190.35,141,7
21426,Switzerland,190.2,102,3
22573,Netherlands,190.09,253,3
23580,United Kingdom,190.07,93,23
21122,USA,190.0,152,6
85055,EIRE,189.8,60,5
21331,Netherlands,189.6,48,1
35824B,United Kingdom,189.56,492,5
90210C,United Kingdom,189.52,119,15
22220,Germany,189.35,25,6
11001,EIRE,189.28,112,6
21242,Spain,189.28,112,5
22865,EIRE,189.0,90,7
21181,Channel Islands,189.0,90,6
23184,Germany,189.0,44,3
23231,France,189.0,450,16
20688,Denmark,189.0,420,1
22867,EIRE,189.0,90,7
85128,United Kingdom,188.95,167,4
21166,Norway,188.76,96,8
20966,France,188.75,151,5
20983,France,188.7,222,18
21175,Denmark,188.64,96,2
90159,United Kingdom,188.58,38,20
23476,United Kingdom,188.47,144,16
22178,Netherlands,188.4,120,2
84510a,United Kingdom,188.21,76,59
22138,Finland,188.1,38,7
22914,EIRE,188.1,38,8
21411,Germany,188.0,48,4
20981,France,187.85,221,17
37501,Germany,187.65,27,5
90214S,United Kingdom,187.64,190,91
22449,EIRE,187.6,56,6
21114,EIRE,187.5,150,10
23328,EIRE,187.5,50,9
21124,USA,187.5,150,6
20750,Hong Kong,187.5,26,3
22543,Netherlands,187.2,480,2
22546,Netherlands,187.2,480,2
22244,EIRE,187.2,96,7
22696,EIRE,187.2,96,6
23581,Portugal,187.2,90,5
22367,Switzerland,187.2,96,8
23392,Germany,187.2,90,10
22150,EIRE,187.2,96,13
22466,Italy,187.2,96,6
16162L,France,187.2,3744,1
21426,Germany,187.2,92,13
21788,Netherlands,187.2,288,2
90000A,United Kingdom,187.08,31,20
22626,Norway,187.0,22,7
22627,Norway,187.0,22,5
21895,EIRE,187.0,44,7
22497,Spain,187.0,44,8
22624,Channel Islands,187.0,22,8
21985,EIRE,186.96,696,10
90086,United Kingdom,186.96,219,49
21986,EIRE,186.96,696,12
85114b,United Kingdom,186.76,56,19
90024B,United Kingdom,186.74,22,21
21880,Germany,186.6,372,23
90185A,United Kingdom,186.53,44,25
21523,Greece,186.5,30,2
20726,Portugal,186.45,113,10
22617,Netherlands,186.15,41,7
21843,Hong Kong,186.15,17,3
21078,Netherlands,186.02,290,4
22960,Denmark,186.0,48,3
22955,Netherlands,186.0,100,4
22734,France,185.98,70,8
84032B,EIRE,185.85,63,7
37449,Cyprus,185.75,21,5
85114a,United Kingdom,185.64,56,17
22579,EIRE,185.52,408,17
35838A,United Kingdom,185.25,181,21
20968,United Kingdom,185.11,43,20
21891,France,185.1,138,14
22899,Japan,185.0,100,2
23289,France,185.0,148,18
22402,France,184.97,181,9
84380,France,184.8,144,11
23161,EIRE,184.8,168,4
84375,Portugal,184.8,88,7
22620,Netherlands,184.6,172,2
10002,Germany,184.45,217,7
90144,United Kingdom,184.45,49,32
84597B,United Kingdom,184.37,145,23
23295,Denmark,184.32,256,1
23392,Australia,184.32,102,2
20758,Germany,184.2,276,2
20759,Germany,184.2,276,2
23239,Germany,184.2,48,8
90003C,United Kingdom,184.16,49,36
21078,Switzerland,184.08,264,7
84029D,United Kingdom,183.98,51,15
90125A,United Kingdom,183.97,149,18
22734,Spain,183.77,65,7
90000B,United Kingdom,183.66,30,22
21788,Germany,183.6,216,9
22807,Japan,183.6,72,1
84832,EIRE,183.6,216,16
21080,Norway,183.6,216,5
22593,EIRE,183.6,216,12
22896,Germany,183.6,72,9
21704,Sweden,183.6,216,3
22942,Denmark,183.6,24,1
22215,Greece,183.6,24,2
21896,Germany,183.6,96,5
22576,EIRE,183.6,216,12
21482,Netherlands,183.6,72,1
22667,Australia,183.6,72,2
22613,Germany,183.6,216,13
22781,Germany,183.6,24,9
22941,Denmark,183.6,24,1
22752,Norway,183.6,24,1
22573,EIRE,183.6,216,10
22386,EIRE,183.3,90,5
20759,United Kingdom,183.18,226,62
23190,France,183.15,111,9
23416,United Kingdom,183.03,131,24
22129,Netherlands,183.0,252,2
22377,Germany,183.0,105,7
22077,France,182.85,109,9
51014C,EIRE,182.76,228,9
22303,EIRE,182.7,78,7
22467,Belgium,182.7,78,7
21381,Japan,182.52,108,5
21381,EIRE,182.52,108,8
35970,France,182.52,108,7
21931,Belgium,182.0,90,7
22386,Finland,182.0,90,7
22451,Australia,181.8,60,3
21431,Germany,181.8,116,8
21935,Germany,181.5,110,10
23054,France,181.5,22,10
21975,Germany,181.5,330,15
23191,France,181.5,110,8
20725,Channel Islands,181.5,110,11
22950,Netherlands,181.45,145,2
84598,Germany,181.44,864,3
22662,Germany,181.3,122,4
85098B,France,181.2,56,4
37500,Italy,181.18,26,3
22255,France,181.05,213,10
22232,Germany,181.04,120,13
48188,Germany,180.97,23,7
21733,Poland,180.9,70,3
22451,France,180.9,54,7
84798B,United Kingdom,180.3,178,8
51014C,Italy,180.24,264,4
22169,Channel Islands,180.2,22,5
22871,United Kingdom,180.19,71,28
48138,Germany,180.16,26,4
23239,Japan,180.0,48,1
21648,EIRE,180.0,144,6
22979,Australia,180.0,144,2
84509B,EIRE,180.0,48,9
37495,Unspecified,180.0,48,2
20970,EIRE,180.0,48,8
22981,Australia,180.0,144,1
22071,France,180.0,48,7
21888,Portugal,180.0,48,10
21949,Germany,180.0,144,7
20674,Switzerland,180.0,144,9
20657,Denmark,180.0,1200,1
21439,Germany,180.0,144,11
23131,Netherlands,180.0,48,1
21808,EIRE,180.0,48,4
22729,Belgium,180.0,48,9
22585,France,180.0,144,12
72741,Singapore,180.0,144,2
21973,Sweden,180.0,144,5
20914,Portugal,179.95,61,6
22963,France,179.89,241,8
22962,France,179.89,241,8
90180B,United Kingdom,179.88,18,14
47347B,United Kingdom,179.88,240,11
84962,United Kingdom,179.85,3,2
21169,Norway,179.76,120,4
23212,EIRE,179.76,168,3
84078A,Italy,179.75,5,2
21310,United Kingdom,179.7,6,4
84924D,United Kingdom,179.61,392,14
23697,United Kingdom,179.46,420,33
22620,Portugal,179.4,132,10
23009,Australia,179.4,12,1
22849,Denmark,179.4,12,2
21667,Greece,179.4,12,1
23178,Netherlands,179.28,72,1
22734,Australia,179.28,72,1
22618,Portugal,179.1,18,4
22635,Belgium,179.1,18,8
21681,EIRE,179.1,18,3
22180,Channel Islands,179.1,18,5
22386,Australia,179.0,100,1
21055,EIRE,179.0,20,4
23201,Denmark,179.0,100,1
85099B,Norway,179.0,100,1
22077,Switzerland,178.95,105,8
23165,Norway,178.8,120,4
90151,United Kingdom,178.67,21,11
21735,EIRE,178.5,14,7
85125,EIRE,178.5,42,1
21340,EIRE,178.5,14,6
22485,Channel Islands,178.5,14,6
23240,Spain,178.45,43,5
84313A,United Kingdom,178.42,30,17
21432,Belgium,178.4,32,4
23020,Netherlands,178.4,16,2
22197,Italy,178.25,225,6
22555,Denmark,178.2,108,5
21246,Spain,178.2,36,4
22075,EIRE,178.2,108,8
23192,Germany,178.2,108,9
22306,Lithuania,178.2,108,3
22759,Sweden,178.2,108,2
22928,Australia,178.2,36,1
22925,Australia,178.2,36,1
22284,EIRE,178.2,108,9
22307,Lithuania,178.2,108,3
21911,EIRE,178.2,108,8
22553,Norway,178.2,108,5
21731,EIRE,178.2,108,5
90060F,United Kingdom,178.03,30,20
22065,EIRE,177.96,228,9
17014D,United Kingdom,177.96,391,8
79144C,United Kingdom,177.62,295,100
23439,Netherlands,177.6,96,1
22141,Netherlands,177.6,96,1
22865,Denmark,177.6,96,1
22417,Australia,177.6,408,5
22722,Poland,177.6,48,6
85132a,United Kingdom,177.59,12,12
22610,France,177.48,684,10
84899F,United Kingdom,177.17,109,52
35809B,United Kingdom,177.14,80,30
22744,Germany,177.0,60,7
21897,EIRE,177.0,60,5
22470,EIRE,177.0,60,9
85054,Germany,177.0,60,9
22668,Sweden,177.0,60,7
22668,Germany,177.0,60,12
22457,Portugal,177.0,60,6
22273,France,177.0,60,7
22087,France,177.0,60,6
22192,Switzerland,176.8,22,4
22765,EIRE,176.75,13,5
22178,Germany,176.7,138,9
22339,Singapore,176.64,384,2
22141,EIRE,176.4,84,11
22196,Australia,176.4,232,4
84968a,United Kingdom,176.31,7,5
21244,Spain,175.76,104,4
21243,Spain,175.76,104,4
47566B,EIRE,175.65,37,8
85099B,Austria,175.5,90,4
22985,EIRE,175.5,475,5
22170,Channel Islands,175.5,26,5
23244,Germany,175.5,90,12
22842,Norway,175.5,26,5
21576,Germany,175.5,78,11
20686,France,175.5,54,9
22697,Switzerland,175.5,66,5
84997D,Switzerland,175.4,44,8
22423,Brazil,175.2,16,1
22909,France,175.1,206,15
22603,Germany,175.08,228,7
POST,Hong Kong,175.0,2,2
21479,EIRE,175.0,44,8
84967A,United Kingdom,174.9,3,3
84461,United Kingdom,174.74,68,35
21936,Australia,174.7,66,5
84378,Germany,174.6,132,7
23112,Netherlands,174.6,26,3
84893,United Kingdom,174.45,31,15
79144B,United Kingdom,174.31,330,94
23240,EIRE,174.3,42,7
21680,Netherlands,174.25,205,5
35912B,United Kingdom,174.19,121,26
22886,United Kingdom,174.16,98,29
90019B,United Kingdom,174.13,33,29
84375,Spain,174.0,86,8
84988,EIRE,174.0,120,10
22079,Australia,174.0,120,1
22961,Poland,174.0,120,5
23559,Netherlands,173.92,97,2
23392,Netherlands,173.92,97,2
22189,Germany,173.8,44,10
21980,France,173.79,591,21
17014A,United Kingdom,173.49,277,17
22571,Germany,173.4,204,11
23109,EIRE,173.4,60,5
21700,Italy,173.4,204,5
48103,United Kingdom,173.25,31,8
23309,France,173.25,315,10
22540,Japan,173.22,481,2
22546,Japan,173.22,481,2
22544,Japan,173.22,481,2
22543,Japan,173.22,481,2
84978,Australia,173.16,144,8
21481,Norway,173.1,50,7
82587,United Kingdom,173.03,133,45
22910,Channel Islands,172.8,64,4
21700,Thailand,172.8,240,1
22088,Netherlands,172.8,64,2
85014B,Portugal,172.55,29,7
47567B,Spain,172.55,29,7
22749,EIRE,172.5,46,11
90211A,United Kingdom,172.49,29,22
90123D,United Kingdom,172.39,29,14
23198,Norway,172.2,132,5
35911B,United Kingdom,172.16,153,23
35924,EIRE,172.08,96,5
84661C,United Kingdom,171.95,138,24
21226,United Kingdom,171.8,166,37
22367,Belgium,171.6,88,11
85216,France,171.6,264,8
21212,Channel Islands,171.6,312,13
23307,France,171.6,312,9
47367B,Germany,171.6,56,4
90186B,United Kingdom,171.22,58,32
85185C,United Kingdom,171.1,58,29
35819B,United Kingdom,171.07,336,34
90214C,United Kingdom,171.03,175,73
20672,United Kingdom,171.0,114,34
90129F,United Kingdom,170.91,79,43
84706C,United Kingdom,170.8,84,4
16202A,United Kingdom,170.45,334,17
22846,France,170.45,11,5
47570B,Spain,170.4,16,3
90063B,United Kingdom,170.17,20,14
47568,EIRE,170.1,81,12
37444A,France,170.04,1308,1
22624,France,170.0,20,11
22626,EIRE,170.0,20,10
21621,France,170.0,20,6
22624,Poland,170.0,20,8
22826,Netherlands,170.0,2,2
85049C,EIRE,170.0,136,11
22191,France,170.0,20,9
22826,Cyprus,170.0,2,1
22661,Belgium,170.0,200,14
20756,United Kingdom,169.96,208,61
20727,EIRE,169.95,103,10
21196,United Kingdom,169.94,95,18
37450,Poland,169.8,60,7
22106,EIRE,169.8,28,2
85040a,United Kingdom,169.75,51,34
72741,Spain,169.65,117,10
22620,Hong Kong,169.6,128,4
23299,Netherlands,169.5,50,1
22725,Australia,169.5,50,1
23299,Australia,169.5,50,1
23008,Belgium,169.5,10,7
23007,Belgium,169.5,10,7
22623,Portugal,169.5,30,7
22189,Netherlands,169.44,48,3
21031,United Kingdom,169.21,137,41
21976,Switzerland,169.2,336,8
23184,Switzerland,169.2,40,2
37491C,United Kingdom,169.17,59,11
21479,Switzerland,169.04,48,4
22742,EIRE,168.78,66,10
22399,Germany,168.75,135,11
84219,EIRE,168.75,85,3
23191,Sweden,168.6,108,3
90065B,United Kingdom,168.37,24,18
21556,Germany,168.3,66,11
22276,EIRE,168.3,66,10
47580,EIRE,168.3,66,9
21842,EIRE,168.3,66,3
23126,EIRE,168.3,34,7
85205A,United Kingdom,168.3,66,23
20828,Channel Islands,168.3,66,7
21561,EIRE,168.3,66,10
84997B,Austria,168.2,44,5
20837,United Kingdom,168.15,141,16
82607C,United Kingdom,168.11,109,42
21934,Netherlands,168.1,114,3
22150,Germany,167.7,86,15
72351a,United Kingdom,167.52,40,30
22302,Belgium,167.4,72,6
22699,Switzerland,167.4,60,5
22301,EIRE,167.4,72,6
84792,Germany,167.4,36,6
90214L,United Kingdom,167.36,178,69
22661,Germany,167.2,212,10
23064,Netherlands,167.0,4,1
21845,EIRE,166.86,162,4
37501,EIRE,166.8,24,6
22652,Japan,166.65,101,2
90123B,United Kingdom,166.59,28,15
90214J,United Kingdom,166.52,162,91
37379B,Denmark,166.5,1110,1
22848,Germany,166.45,11,3
23199,Belgium,166.4,80,7
23203,Finland,166.4,80,6
84464,United Kingdom,166.35,77,11
10123C,United Kingdom,166.29,366,62
20963,France,166.25,133,8
22975,France,166.25,133,11
21243,RSA,166.24,112,3
84231,United Kingdom,166.21,230,51
37495,Switzerland,166.2,52,5
gift_0001_40,United Kingdom,166.09,5,5
23326,Australia,166.08,288,2
23391,Japan,166.0,40,1
23445,Germany,166.0,200,7
23174,France,166.0,40,7
23128,Netherlands,166.0,40,1
21936,Japan,165.85,63,3
84792,EIRE,165.84,40,4
22187,EIRE,165.8,52,9
84452,United Kingdom,165.76,174,43
21407,EIRE,165.75,39,11
21877,Spain,165.65,121,10
22332,Australia,165.6,112,2
22712,Australia,165.6,456,5
82484,Cyprus,165.45,25,4
22273,Italy,165.2,56,8
22162,Netherlands,165.2,56,4
22326,Spain,165.2,56,12
21733,Netherlands,165.2,56,7
23694,United Kingdom,165.08,376,41
22592,EIRE,165.0,44,10
22382,Hong Kong,165.0,100,5
22729,EIRE,165.0,44,9
20728,Belgium,165.0,100,9
84279P,France,165.0,44,11
21330,Sweden,165.0,100,1
23291,France,165.0,132,16
21714,EIRE,165.0,132,6
20684,Switzerland,165.0,60,1
22367,Japan,165.0,100,2
22072,Germany,165.0,52,9
22728,Belgium,165.0,44,10
22988,France,165.0,132,7
22619,EIRE,165.0,44,7
22827,EIRE,165.0,1,1
85183B,Netherlands,165.0,108,4
22254,Germany,165.0,132,11
21914,Denmark,165.0,132,5
22399,Belgium,165.0,132,11
23206,EIRE,165.0,100,7
22619,Spain,165.0,44,6
22729,Switzerland,165.0,44,5
85024C,United Kingdom,165.0,100,46
47559B,EIRE,165.0,132,11
20726,Switzerland,165.0,100,6
22482,EIRE,165.0,132,11
47591D,Japan,165.0,100,2
47369B,United Kingdom,164.98,58,33
23309,Netherlands,164.95,385,5
21058,Australia,164.88,216,4
22595,Germany,164.88,216,6
22467,EIRE,164.85,71,7
90018B,United Kingdom,164.6,39,32
85067,EIRE,164.55,9,5
23309,Germany,164.45,299,12
23196,Germany,164.4,120,7
23287,France,164.32,208,12
21733,Singapore,164.2,60,3
84944,EIRE,164.2,68,5
22424,Greece,164.1,14,4
22197,Spain,164.05,193,13
23374,Sweden,164.0,200,1
84803A,United Kingdom,163.93,97,15
21430,Portugal,163.86,46,7
22630,Switzerland,163.8,84,6
22659,Belgium,163.8,84,7
22955,France,163.8,78,5
22492,Switzerland,163.8,252,6
47590B,Channel Islands,163.5,30,4
22123,EIRE,163.38,54,4
22471,Portugal,163.35,33,10
21788,EIRE,163.2,192,6
21700,United Arab Emirates,163.2,192,3
21680,France,163.2,192,13
84970L,EIRE,163.2,168,10
22947,Switzerland,163.2,16,2
21077,France,163.2,192,11
22948,France,163.2,192,7
22741,France,163.2,192,4
22907,Sweden,163.2,192,2
22692,Italy,163.2,20,7
22740,Channel Islands,163.2,192,4
20914,Australia,163.2,64,1
21929,France,163.15,81,8
22868,United Kingdom,163.13,69,26
90013D,United Kingdom,163.11,42,16
22343,Germany,163.08,228,10
22163,EIRE,163.08,108,5
85068,EIRE,162.9,22,7
21770,Netherlands,162.9,38,2
22874,United Kingdom,162.82,70,27
16202E,United Kingdom,162.73,82,14
23328,Netherlands,162.72,48,1
21745,Greece,162.72,48,2
23328,USA,162.72,48,2
22568,Norway,162.72,48,1
22073,Japan,162.72,48,2
90214K,United Kingdom,162.6,158,87
20712,EIRE,162.5,80,8
21124,Spain,162.5,130,6
20718,Switzerland,162.5,130,7
22877,United Kingdom,162.44,72,26
20796,United Kingdom,162.36,87,21
21130,Germany,162.3,54,3
22452,Germany,162.25,55,9
21135,Cyprus,162.24,96,1
85195,Netherlands,162.24,96,1
21191,Netherlands,162.24,96,1
21136,Germany,162.24,96,3
84926C,United Kingdom,162.1,116,30
21110,Unspecified,162.0,24,2
22468,Germany,162.0,24,9
23176,EIRE,162.0,72,8
21580,Germany,162.0,72,10
22688,Norway,162.0,24,2
84706B,United Kingdom,161.88,17,8
22422,EIRE,161.8,272,7
47566B,Channel Islands,161.7,34,3
22356,EIRE,161.5,190,16
22625,France,161.5,19,10
23208,Australia,161.5,110,2
90063A,United Kingdom,161.48,19,12
20957,United Kingdom,161.41,110,13
22720,Poland,161.4,36,4
21461,United Kingdom,161.29,77,23
84744,United Kingdom,161.28,126,36
21918,Germany,161.28,384,16
22203,France,161.25,43,8
22619,Germany,161.25,43,7
21430,France,161.25,43,9
22895,Japan,161.1,54,2
35400,Germany,161.1,18,4
48173C,Germany,161.06,22,5
20991,United Kingdom,160.96,244,28
90042A,United Kingdom,160.79,63,33
90123C,United Kingdom,160.75,27,12
35916C,United Kingdom,160.67,147,43
23494,Germany,160.65,27,6
22654,France,160.65,27,4
22951,France,160.6,292,13
23474,United Kingdom,160.57,179,28
22343,Singapore,160.56,240,4
21841,Netherlands,160.5,42,2
21353,United Kingdom,160.45,19,9
90166,United Kingdom,160.43,38,31
16202C,United Kingdom,160.39,61,9
22887,United Kingdom,160.36,92,28
22466,Japan,160.35,97,2
90129D,United Kingdom,160.28,67,35
22534,Netherlands,160.26,409,8
84599,United Kingdom,160.15,15,6
23370,Sweden,160.0,128,1
20675,France,160.0,128,13
20677,Switzerland,160.0,128,8
23124,EIRE,160.0,128,3
23236,Israel,159.98,62,3
22858,Netherlands,159.9,110,2
21769,Cyprus,159.9,2,2
22366,Italy,159.88,20,7
23263,EIRE,159.84,144,4
22191,Australia,159.8,20,4
84823,United Arab Emirates,159.8,4,1
22192,Australia,159.8,20,4
23112,Switzerland,159.6,24,2
84564,United Kingdom,159.58,19,10
17090A,United Kingdom,159.55,143,26
22071,Portugal,159.54,46,4
84988,Spain,159.5,110,9
21212,Portugal,159.5,290,12
22875,United Kingdom,159.46,66,28
21609,EIRE,159.3,54,8
22314,Portugal,159.3,54,3
22328,EIRE,159.3,54,8
22313,Portugal,159.3,54,3
85123A,Germany,159.3,54,6
21380,Germany,159.3,54,7
22224,EIRE,159.3,54,6
85184C,EIRE,159.3,54,9
21898,EIRE,159.3,54,5
22666,Belgium,159.3,54,9
22832,Netherlands,159.2,16,1
72760B,France,159.2,16,5
22634,Hong Kong,159.2,16,3
37379A,United Kingdom,159.2,41,16
21784,EIRE,159.2,16,7
22221,Finland,159.2,16,6
85166A,United Kingdom,158.9,77,12
90048,United Kingdom,158.89,31,8
22374,Germany,158.8,32,6
22864,United Kingdom,158.76,378,2
22690,Channel Islands,158.68,20,9
20711,Portugal,158.6,80,4
90199A,United Kingdom,158.57,25,18
84927E,United Kingdom,158.55,278,27
22813,Netherlands,158.4,96,1
22561,Norway,158.4,96,4
22938,Netherlands,158.4,96,1
22338,Netherlands,158.4,288,1
23355,Channel Islands,158.4,32,3
21207,Germany,158.4,96,8
21707,Switzerland,158.4,32,3
22278,Germany,158.4,32,8
21485,Portugal,158.4,32,7
22313,Germany,158.4,32,3
22859,France,158.4,96,14
22055,EIRE,158.4,96,11
22473,Portugal,158.4,32,8
22433,Netherlands,158.4,96,2
22812,Netherlands,158.4,96,1
22939,Italy,158.4,32,4
21216,Belgium,158.4,32,7
84854,France,158.4,32,5
22553,Italy,158.4,96,7
22332,France,158.4,96,7
21976,EIRE,158.4,288,11
23191,Germany,158.4,96,8
22621,Netherlands,158.25,109,3
22041,France,158.1,62,10
22504,Switzerland,158.05,7,3
48175,United Kingdom,158.04,39,2
21488,EIRE,158.0,40,6
23527,Australia,157.92,48,1
23523,Australia,157.92,48,1
23480,Australia,157.92,48,1
23524,Australia,157.92,48,1
23525,Australia,157.92,48,1
22327,Hong Kong,157.8,60,2
22934,Germany,157.8,60,2
79323W,Spain,157.8,28,2
22835,Australia,157.8,36,3
79323P,Spain,157.8,28,2
21792,EIRE,157.7,30,5
21489,United Kingdom,157.6,28,14
22791,EIRE,157.5,126,7
23118,Germany,157.5,21,7
22045,Switzerland,157.5,375,8
22750,EIRE,157.5,42,10
21868,EIRE,157.5,126,11
22070,Italy,157.5,42,6
22349,Germany,157.5,42,7
21498,France,157.5,375,14
23346,Germany,157.5,126,11
21154,France,157.5,126,14
23229,France,157.5,42,6
20766,EIRE,157.5,42,6
17091J,EIRE,157.26,222,5
20702,EIRE,157.25,37,11
22374,France,157.15,35,10
22708,Australia,157.0,450,3
20719,Italy,157.0,200,7
22046,Australia,157.0,450,3
22760,EIRE,156.9,14,4
90093,United Kingdom,156.8,198,25
17178,United Kingdom,156.65,133,25
23306,Germany,156.6,108,8
23306,France,156.6,108,4
22644,EIRE,156.6,108,8
21172,EIRE,156.6,108,8
48173C,EIRE,156.4,24,4
22636,Switzerland,156.4,20,4
21251,Germany,156.35,53,8
22631,EIRE,156.3,90,4
85049B,EIRE,156.25,125,9
35599B,Germany,156.06,34,3
21260,Norway,156.0,48,4
20973,EIRE,156.0,240,10
20682,Belgium,156.0,48,6
20718,Australia,156.0,140,2
21615,Netherlands,156.0,48,1
21212,Norway,156.0,312,9
21977,Norway,156.0,312,8
22559,France,155.88,132,6
22330,United Kingdom,155.85,99,19
22059,Portugal,155.76,120,4
72760B,Greece,155.74,18,2
84914A,United Kingdom,155.7,6,5
20977,Netherlands,155.68,144,2
84877A,United Kingdom,155.66,50,16
22814,Netherlands,155.52,432,4
23353,Australia,155.52,216,1
20664,United Kingdom,155.41,57,31
21110,Italy,155.25,23,4
21992,Germany,155.1,66,3
48194,Channel Islands,155.0,20,8
22969,Switzerland,154.8,120,2
22593,Germany,154.68,204,6
90003B,United Kingdom,154.62,41,26
84924F,United Kingdom,154.55,495,9
23356,Switzerland,154.5,30,2
21878,Germany,154.2,212,2
84927D,United Kingdom,154.03,510,26
23084,Iceland,153.84,84,3
90072,United Kingdom,153.81,38,29
22727,Spain,153.75,41,6
22891,EIRE,153.75,39,5
72801c,United Kingdom,153.67,62,36
22873,United Kingdom,153.61,63,29
20756,Germany,153.6,240,1
21241,Netherlands,153.54,210,5
22847,Switzerland,153.5,10,3
22073,Finland,153.48,44,3
23207,France,153.45,93,9
22452,EIRE,153.4,52,7
22905,EIRE,153.4,52,4
22090,Spain,153.4,52,9
22876,United Kingdom,153.39,65,24
22620,Spain,153.3,114,10
21058,France,153.0,180,12
22594,EIRE,153.0,180,9
22271,Channel Islands,153.0,60,2
21561,Belgium,153.0,60,10
22423,Lebanon,153.0,12,1
22941,Switzerland,153.0,18,3
22914,Australia,153.0,36,1
22627,France,153.0,18,8
22914,Netherlands,153.0,36,1
21578,Israel,153.0,68,2
22274,Channel Islands,153.0,60,2
20828,Germany,153.0,60,6
22300,France,153.0,60,8
22130,EIRE,153.0,180,9
21621,Singapore,153.0,18,2
21077,Germany,153.0,180,14
22273,Channel Islands,153.0,60,2
22423,Malta,153.0,12,2
22913,Netherlands,153.0,36,1
79191C,Germany,153.0,180,13
22308,EIRE,153.0,60,8
84968B,France,153.0,12,2
22941,France,153.0,18,7
22423,Hong Kong,153.0,12,2
22352,EIRE,153.0,60,8
84840,EIRE,153.0,18,9
21080,Spain,153.0,180,12
22574,EIRE,153.0,180,9
22913,Australia,153.0,36,1
22193,Belgium,153.0,18,5
90190C,United Kingdom,153.0,52,38
22946,Finland,153.0,12,1
22356,Belgium,153.0,180,14
21428,Germany,153.0,36,9
22947,Sweden,153.0,12,1
23417,United Kingdom,152.82,134,27
84989a,United Kingdom,152.7,75,42
21091,United Kingdom,152.69,151,31
35818B,United Kingdom,152.69,336,10
21098,United Arab Emirates,152.64,144,2
85049D,Netherlands,152.64,144,1
79192A,United Kingdom,152.64,114,35
35912B,EIRE,152.64,144,2
85049C,Netherlands,152.64,144,1
21877,Australia,152.64,144,1
22693,Denmark,152.64,144,1
21892,Australia,152.64,144,1
22029,Switzerland,152.64,384,18
21231,Portugal,152.64,144,2
21590,Germany,152.64,144,1
22892,Netherlands,152.64,144,2
85049F,Netherlands,152.64,144,1
22563,Netherlands,152.64,144,2
21145,Channel Islands,152.64,144,1
20718,France,152.5,122,11
85049H,Germany,152.5,122,11
21892,Germany,152.5,122,11
72140E,United Kingdom,152.47,213,29
84683,EIRE,152.4,168,6
20749,Israel,152.4,24,2
22804,Cyprus,152.4,56,5
22629,Norway,152.4,88,3
46138B,United Kingdom,152.39,69,24
22431,Switzerland,152.1,78,9
22704,EIRE,152.0,400,7
22454,EIRE,151.9,58,3
84927A,United Kingdom,151.86,153,31
23201,Germany,151.84,73,8
23208,France,151.8,92,10
22615,France,151.78,482,12
21755,Singapore,151.65,27,3
37475,EIRE,151.63,17,5
84997C,Belgium,151.6,40,6
21673,Switzerland,151.56,132,3
37370,Germany,151.32,132,5
22748,EIRE,151.2,72,13
22632,France,151.2,72,6
22716,Germany,151.2,360,30
20769,Germany,151.2,72,2
22970,Australia,151.2,72,1
22915,Sweden,151.2,360,2
84375,Italy,151.2,72,6
20689,Denmark,151.2,336,1
21157,Germany,151.2,72,10
22544,Germany,151.2,360,9
21181,Singapore,151.2,72,4
21810,Netherlands,151.01,385,2
21080,Japan,150.96,216,4
22414,France,150.9,22,3
84247K,United Kingdom,150.88,47,28
90040C,United Kingdom,150.56,42,22
37503,Unspecified,150.5,14,3
17011A,United Kingdom,150.46,164,11
79161A,United Kingdom,150.45,51,16
10133,EIRE,150.3,220,5
35980C,United Kingdom,150.3,384,32
90042C,United Kingdom,150.21,59,26
84527,United Kingdom,150.01,79,25
23252,EIRE,150.0,40,6
21121,USA,150.0,120,4
21123,USA,150.0,120,4
84828,EIRE,150.0,120,9
22297,Greece,150.0,120,3
20674,France,150.0,120,10
22073,France,150.0,40,6
21870,Norway,150.0,120,6
21914,Switzerland,150.0,120,8
22727,Iceland,150.0,40,6
22399,France,150.0,120,13
15060B,Germany,150.0,40,9
21791,Germany,150.0,120,10
84522,EIRE,150.0,100,1
21121,Spain,150.0,120,5
22315,Norway,150.0,120,5
23345,France,150.0,120,9
23267,EIRE,150.0,120,6
21122,Sweden,150.0,120,5
23076,Spain,150.0,120,5
22725,Denmark,150.0,40,5
23077,Belgium,150.0,120,3
90099,United Kingdom,149.97,47,26
23100,Netherlands,149.76,144,2
23087,Netherlands,149.76,144,1
23086,Netherlands,149.76,144,1
22503,EIRE,149.7,6,1
22503,Belgium,149.7,6,1
22945,France,149.58,198,5
23560,Netherlands,149.4,60,1
23254,Belgium,149.4,36,8
23113,Australia,149.4,36,1
23256,Denmark,149.4,36,4
23312,Singapore,149.4,36,1
23562,Netherlands,149.4,60,1
23561,Netherlands,149.4,60,1
23184,Netherlands,149.4,36,1
22947,Germany,149.4,12,2
20685,Italy,149.4,20,4
23114,Australia,149.4,36,1
22266,EIRE,149.36,728,3
21890,France,149.3,50,9
22120,Italy,149.25,15,2
22487,Germany,149.25,15,11
21268,United Kingdom,149.1,225,47
22837,France,148.8,32,6
22329,Switzerland,148.8,96,5
22837,Spain,148.8,32,3
22064,Denmark,148.8,96,3
85014A,Portugal,148.75,25,5
84709A,United Kingdom,148.75,25,15
21244,RSA,148.72,88,2
22427,Switzerland,148.65,27,3
22210,EIRE,148.56,96,8
84854,Netherlands,148.5,30,2
20726,Italy,148.5,90,6
21116,Germany,148.5,30,9
22384,Channel Islands,148.5,90,9
22759,Portugal,148.5,90,10
23583,Portugal,148.5,90,5
20728,Australia,148.5,90,7
21622,Germany,148.5,30,3
22628,Switzerland,148.5,30,5
20728,Italy,148.5,90,6
22737,Germany,148.5,90,7
21794,EIRE,148.5,22,4
23113,Germany,148.5,30,7
22138,Austria,148.5,30,5
22623,France,148.5,30,8
23283,EIRE,148.2,20,5
22653,EIRE,148.2,76,8
75011,United Kingdom,148.03,165,13
21715,Germany,147.9,58,8
84077,Spain,147.84,576,10
23344,France,147.68,71,8
23379,Germany,147.6,456,2
22923,Portugal,147.6,192,7
22635,Switzerland,147.6,16,3
22524,EIRE,147.5,118,10
22668,Australia,147.5,50,2
22669,France,147.5,50,7
90214M,United Kingdom,147.42,146,68
21217,Austria,147.2,16,3
47590B,Sweden,147.15,27,3
84720,United Kingdom,147.05,35,3
84692,France,147.0,350,14
22380,Italy,147.0,70,8
22379,Italy,147.0,70,10
22674,Switzerland,146.76,132,3
22214,Switzerland,146.7,66,2
48116,Germany,146.62,20,4
22986,Netherlands,146.5,425,2
22706,Netherlands,146.5,425,2
22711,Australia,146.5,425,2
22709,Australia,146.5,425,3
22055,Germany,146.49,101,12
84510c,United Kingdom,146.39,59,36
90002A,United Kingdom,146.25,39,17
22863,Netherlands,146.0,56,2
84531A,United Kingdom,145.96,155,45
22755,Netherlands,145.82,302,5
82581,EIRE,145.75,265,10
84997D,USA,145.7,38,3
84997A,Belgium,145.7,38,6
21880,France,145.61,241,16
23200,Finland,145.6,70,4
23343,Germany,145.6,70,3
22253,Germany,145.6,118,8
21524,Spain,145.5,18,7
22471,Netherlands,145.35,73,3
84992,Germany,145.2,264,9
84991,Belgium,145.2,264,6
21213,EIRE,145.2,264,11
37479P,United Kingdom,145.2,154,34
90204,United Kingdom,145.01,43,36
84378,Portugal,145.0,112,8
84987,France,145.0,100,10
22380,Australia,145.0,75,4
22378,Switzerland,144.9,69,7
35920,United Kingdom,144.84,104,22
22029,Australia,144.72,396,7
21195,France,144.6,102,8
22846,Austria,144.55,9,4
20931,Netherlands,144.55,49,2
22085,Japan,144.55,49,3
84352,EIRE,144.55,9,5
20723,Belgium,144.5,170,12
23236,France,144.5,50,9
23284,France,144.45,19,4
23506,Netherlands,144.42,401,2
23508,Netherlands,144.42,401,2
23296,Netherlands,144.37,137,3
22173,Poland,144.32,48,5
22385,EIRE,144.3,72,7
22073,Portugal,144.24,40,7
35610B,United Kingdom,144.07,179,14
90016C,United Kingdom,144.07,17,14
22037,Netherlands,144.0,384,6
20851,Denmark,144.0,288,1
23445,Italy,144.0,200,1
20952,United Kingdom,144.0,313,23
35920,Denmark,144.0,960,1
23445,Australia,144.0,200,1
90039D,United Kingdom,143.97,38,24
84991,Portugal,143.9,290,7
20688,United Kingdom,143.9,44,10
90212B,United Kingdom,143.88,38,29
79191D,United Kingdom,143.87,138,56
84031A,EIRE,143.7,66,7
90022,United Kingdom,143.6,38,36
23115,France,143.55,29,7
20685,Greece,143.5,22,3
22356,Portugal,143.4,184,10
84596B,EIRE,143.28,184,8
21056,France,143.2,16,5
79072,Spain,143.2,16,2
90214E,United Kingdom,143.13,147,70
23296,Spain,143.12,136,2
20750,Austria,143.1,18,5
20749,Switzerland,143.1,18,6
90036B,United Kingdom,143.1,18,10
22613,Switzerland,143.04,192,7
21883,Germany,143.04,288,20
21313,EIRE,143.04,192,6
21931,Italy,143.0,70,5
20684,Germany,143.0,44,8
23494,EIRE,142.8,24,4
21908,France,142.8,68,9
47567B,Italy,142.8,24,2
21276,EIRE,142.8,24,1
22899,Norway,142.8,68,6
22654,Switzerland,142.8,24,1
22926,Australia,142.8,24,2
21837,Germany,142.8,24,2
22212,EIRE,142.8,68,6
22786,Australia,142.8,24,6
22212,Netherlands,142.8,68,6
21213,Norway,142.8,288,8
20981,EIRE,142.8,168,12
85014A,Australia,142.8,24,7
22580,Norway,142.8,24,1
21080,Switzerland,142.8,168,7
22192,Singapore,142.8,18,2
84985B,United Kingdom,142.76,92,22
22270,EIRE,142.5,38,7
23183,EIRE,142.5,38,6
23167,Norway,142.44,204,3
21652,EIRE,142.2,84,3
22781,Switzerland,142.2,20,3
21670,EIRE,142.2,108,8
21671,Spain,142.2,108,7
20992,Japan,142.08,192,2
21165,Portugal,141.96,84,4
22174,France,141.9,86,10
22064,France,141.9,86,8
22591,Germany,141.9,54,2
23475,United Kingdom,141.75,165,21
16054,United Kingdom,141.72,1066,35
23234,Germany,141.66,54,4
22158,EIRE,141.6,48,6
35832,Germany,141.6,48,4
22122,EIRE,141.6,48,4
21609,Germany,141.6,48,4
22083,Japan,141.6,48,2
22413,Norway,141.6,48,5
21344,Netherlands,141.6,48,1
22454,Germany,141.6,48,7
21249,EIRE,141.6,48,5
22063,Poland,141.6,48,5
22957,France,141.6,48,7
22904,Germany,141.6,48,4
22175,Australia,141.6,48,4
22454,Hong Kong,141.6,48,2
21137,EIRE,141.36,40,4
72740A,United Kingdom,141.23,65,12
21519,EIRE,141.12,336,24
21918,Sweden,141.12,336,3
84030E,Switzerland,141.0,36,3
POST,European Community,141.0,9,3
48187,Channel Islands,140.94,18,7
48188,Channel Islands,140.94,18,8
90183A,United Kingdom,140.91,48,31
21202,Japan,140.85,97,3
21203,Japan,140.85,97,3
21207,Japan,140.85,97,3
21204,Japan,140.85,97,3
22449,Switzerland,140.7,42,6
22448,Germany,140.7,42,7
21210,USA,140.65,97,6
84987,Portugal,140.65,97,7
23245,Spain,140.65,31,6
90059A,United Kingdom,140.56,84,48
47590b,United Kingdom,140.5,13,10
84522,United Kingdom,140.41,75,25
22466,EIRE,140.4,72,6
22148,EIRE,140.4,72,5
22629,Austria,140.4,72,5
22131,EIRE,140.4,72,8
22812,EIRE,140.4,72,5
22246,EIRE,140.4,72,6
22631,Switzerland,140.4,72,6
22244,Japan,140.4,72,2
21039,Switzerland,140.25,55,5
22734,Netherlands,140.25,55,4
84765,United Kingdom,140.23,9,6
37343,EIRE,140.16,96,5
22808,Switzerland,140.1,54,2
21429,Switzerland,140.1,82,7
22327,Switzerland,140.1,54,2
85049F,EIRE,140.0,112,9
23289,Germany,140.0,112,12
20979,Belgium,140.0,112,7
78026,United Kingdom,139.95,12,2
21671,EIRE,139.8,108,8
37340,Germany,139.8,252,4
21764,Greece,139.8,4,1
23454,EIRE,139.8,36,3
84078A,Belgium,139.8,4,1
84078A,Norway,139.8,4,1
22534,EIRE,139.68,360,7
23108,Portugal,139.68,24,5
23093,EIRE,139.68,64,3
22400,Germany,139.68,120,6
23155,Germany,139.44,168,9
22169,Greece,139.4,18,3
79072,EIRE,139.3,14,5
22060,EIRE,139.3,14,5
22061,Poland,139.3,14,5
22796,Channel Islands,139.3,14,3
22890,Spain,139.3,14,6
90199D,United Kingdom,139.28,22,16
23197,EIRE,139.2,96,8
21208,Netherlands,139.2,96,2
22555,Hong Kong,139.2,96,1
22644,France,139.2,96,8
22488,Australia,139.2,96,1
23032,Netherlands,139.2,96,1
23031,Netherlands,139.2,96,1
23029,Netherlands,139.2,96,1
22333,Japan,139.2,96,1
23171,Netherlands,139.2,96,2
23190,Netherlands,139.2,96,2
22551,Japan,139.2,96,1
23028,Netherlands,139.2,96,1
84987,Spain,139.2,96,9
22554,Australia,139.2,96,1
21192,Netherlands,139.2,96,1
22672,Netherlands,139.2,96,1
21211,Finland,139.2,96,3
23172,Netherlands,139.2,96,2
22961,Norway,139.2,96,4
22646,Portugal,139.2,96,8
22464,Greece,139.2,96,2
21749,Belgium,139.2,72,5
84988,Switzerland,139.2,96,4
22646,France,139.2,96,8
22557,Japan,139.2,96,1
21209,Netherlands,139.2,96,2
20713,EIRE,139.1,70,6
22576,Netherlands,139.09,193,2
23473,Netherlands,139.07,193,2
47566B,France,139.05,29,5
22795,Channel Islands,138.9,22,3
21125,Germany,138.75,111,10
23320,France,138.72,48,4
23320,Germany,138.72,48,4
23189,EIRE,138.72,48,6
23235,Germany,138.72,48,7
22211,EIRE,138.72,96,8
82582,EIRE,138.6,66,5
22507,Channel Islands,138.6,28,6
22990,EIRE,138.6,28,7
85045,EIRE,138.6,28,3
22554,Denmark,138.6,84,4
22556,Sweden,138.6,84,7
22956,France,138.6,66,3
21731,Iceland,138.6,84,6
22554,Italy,138.6,84,7
23190,Germany,138.6,84,7
21706,Switzerland,138.6,28,3
22141,Germany,138.6,66,8
23355,Germany,138.6,28,5
21206,France,138.6,84,6
22858,Germany,138.6,84,5
85114B,Lithuania,138.6,84,3
22556,Austria,138.6,84,6
22195,Poland,138.6,84,6
90040D,United Kingdom,138.37,38,24
22689,Singapore,138.3,20,2
22366,Denmark,138.3,20,2
22688,France,138.3,20,2
23284,Singapore,138.3,20,2
21240,Australia,138.24,192,2
23155,Netherlands,138.24,192,2
22613,Australia,138.24,192,2
21238,Australia,138.24,192,2
22522,Australia,138.24,192,1
21239,Australia,138.24,192,2
21017,France,138.24,192,1
22663,Portugal,137.8,70,4
22411,Australia,137.8,70,5
22465,EIRE,137.76,96,8
85150,Norway,137.7,54,5
21720,France,137.7,162,9
85173,Netherlands,137.7,150,2
21112,Netherlands,137.7,102,2
21559,Denmark,137.7,54,3
23457,EIRE,137.7,30,2
22937,Germany,137.7,54,6
82484,Germany,137.55,19,6
22585,Spain,137.5,110,7
22477,EIRE,137.5,110,8
22375,Germany,137.5,26,7
23314,Spain,137.5,11,4
21098,France,137.5,110,7
84510A,EIRE,137.5,110,11
22564,Germany,137.5,110,8
21892,France,137.5,110,9
21219,France,137.5,110,11
47369A,United Kingdom,137.46,46,27
21211,Netherlands,137.4,108,2
22799,EIRE,137.4,24,4
21891,Portugal,137.4,108,9
23084,EIRE,137.28,66,8
10120,United Kingdom,137.28,638,74
72802A,EIRE,137.16,36,2
21239,Hong Kong,137.12,176,3
21238,Hong Kong,137.12,176,3
21240,Hong Kong,137.12,176,3
22221,Germany,137.1,18,7
84558a,United Kingdom,136.99,23,21
S,United Kingdom,136.85,3,3
21175,Austria,136.8,60,4
23110,Germany,136.7,26,5
84706F,United Kingdom,136.7,26,16
22846,Switzerland,136.55,9,3
22381,Italy,136.5,65,8
23493,Norway,136.5,70,3
22711,Germany,136.5,325,13
20684,France,136.5,42,7
20686,EIRE,136.5,42,7
35824P,United Kingdom,136.44,324,3
20693,United Kingdom,136.39,27,16
85098B,Netherlands,136.2,44,2
22037,Germany,136.08,324,24
22030,EIRE,136.08,324,18
22375,Iceland,136.0,32,7
21784,Channel Islands,136.0,16,1
22706,Australia,136.0,400,2
23231,Australia,136.0,400,2
22040,Netherlands,136.0,400,1
22752,Switzerland,136.0,16,5
37449,Unspecified,136.0,16,2
23342,Belgium,136.0,16,3
23230,Australia,136.0,400,2
22050,Australia,136.0,400,2
22474,Israel,136.0,32,1
22940,Lithuania,136.0,32,2
84609,EIRE,136.0,16,3
22275,Belgium,136.0,16,4
22636,Hong Kong,136.0,16,3
23205,Germany,136.0,160,14
22168,Germany,136.0,16,6
22968,France,136.0,16,2
22437,Germany,136.0,160,8
20723,EIRE,136.0,160,14
22962,Netherlands,135.98,182,6
90024E,United Kingdom,135.98,16,11
90038A,United Kingdom,135.8,36,22
22327,France,135.7,46,7
21333,EIRE,135.7,46,5
20978,Australia,135.68,128,1
23371,Australia,135.68,128,1
23370,Australia,135.68,128,1
23372,Australia,135.68,128,1
77079,United Kingdom,135.68,64,12
84549,United Kingdom,135.62,74,15
47580,Portugal,135.6,62,3
22846,Spain,135.6,8,4
23534,EIRE,135.6,24,4
22338,EIRE,135.36,480,8
21935,France,135.3,82,8
22561,Portugal,135.3,82,8
22738,France,135.3,82,7
21821,EIRE,135.0,36,5
22773,EIRE,135.0,108,7
22726,Switzerland,135.0,36,7
37370,Australia,135.0,108,1
22692,Greece,135.0,20,1
22494,Norway,135.0,108,5
22443,Netherlands,135.0,20,1
23284,Switzerland,135.0,20,2
22730,EIRE,135.0,36,8
22966,Norway,135.0,108,5
85049D,Switzerland,135.0,108,5
23480,Switzerland,135.0,36,4
23229,Norway,135.0,36,2
22349,EIRE,135.0,36,4
20971,EIRE,135.0,108,7
22315,Germany,135.0,108,3
21471,Germany,135.0,36,3
48187,Finland,135.0,20,1
23292,France,135.0,108,13
21947,France,135.0,108,3
22687,Australia,135.0,20,1
21430,Finland,135.0,36,6
72134,United Kingdom,134.81,338,30
21917,Netherlands,134.76,362,5
22442,EIRE,134.7,26,5
16020C,United Kingdom,134.5,160,40
23318,Germany,134.46,54,5
22377,Switzerland,134.4,64,5
22381,Germany,134.4,64,10
21717,Japan,134.4,64,2
22879,United Kingdom,134.4,82,21
22857,Switzerland,134.28,180,4
22315,Netherlands,134.26,122,4
22893,Germany,133.92,360,3
84555A,United Kingdom,133.85,47,17
23018,Netherlands,133.8,12,1
23017,Netherlands,133.8,12,1
21484,Switzerland,133.8,44,3
22617,Belgium,133.65,27,7
22139,Finland,133.65,27,6
22913,Germany,133.65,27,5
21116,Spain,133.65,27,4
22325,Germany,133.65,27,7
22456,France,133.65,27,5
21481,Denmark,133.5,42,4
22414,Germany,133.48,18,4
85038,Switzerland,133.2,72,1
20902,Japan,133.2,24,1
21896,Netherlands,133.2,72,1
23201,France,133.12,64,8
20713,France,132.99,68,9
23256,Hong Kong,132.8,32,2
23255,Hong Kong,132.8,32,2
46137D,United Kingdom,132.75,45,4
21936,Switzerland,132.75,45,4
22669,Germany,132.75,45,8
22339,EIRE,132.72,408,8
22572,EIRE,132.6,156,8
22572,Germany,132.6,156,8
21988,Germany,132.6,156,12
21721,France,132.6,156,8
22820,Sweden,132.6,204,2
22321,France,132.6,156,12
85227,Germany,132.6,156,12
84992,France,132.55,241,11
90137,United Kingdom,132.52,26,15
20674,Netherlands,132.5,106,7
22614,Germany,132.48,432,13
22371,Iceland,132.4,32,4
22313,Norway,132.3,50,2
22314,Norway,132.3,50,2
22312,Norway,132.3,50,2
21523,Spain,132.3,18,5
82600,France,132.3,63,5
22311,Norway,132.3,50,2
23208,EIRE,132.0,80,6
84991,Channel Islands,132.0,240,9
22384,RSA,132.0,80,2
21283,Denmark,132.0,48,2
22382,Switzerland,132.0,80,5
21780,EIRE,131.9,10,2
21781,Channel Islands,131.9,10,2
85017C,Netherlands,131.88,228,7
22560,Channel Islands,131.76,120,2
22693,Switzerland,131.76,120,2
20707,EIRE,131.76,120,2
85232D,Norway,131.7,30,3
21246,Israel,131.7,30,2
85232B,Israel,131.7,30,2
22688,EIRE,131.7,18,5
90165B,United Kingdom,131.65,52,35
22059,Germany,131.54,106,10
21918,Australia,131.46,313,3
22236,Greece,131.4,12,1
84796B,Germany,131.4,12,1
72133,United Kingdom,131.38,116,35
17011D,United Kingdom,131.2,194,3
90138,United Kingdom,131.15,25,18
22840,Italy,131.1,18,3
47593B,Netherlands,131.04,336,3
85109,France,131.04,1872,1
22037,France,131.04,312,25
48188,Denmark,131.0,20,2
16161P,EIRE,131.0,350,7
84656,United Kingdom,130.9,22,13
21042,Portugal,130.9,22,8
22888,United Kingdom,130.83,79,23
47590B,United Arab Emirates,130.8,24,2
85064,EIRE,130.8,24,8
79323B,EIRE,130.8,24,1
47590A,Sweden,130.8,24,2
85132C,Denmark,130.8,24,2
22320,Greece,130.8,24,1
79323W,Denmark,130.8,24,1
79323S,EIRE,130.8,24,1
22427,Israel,130.8,24,1
22567,Denmark,130.68,108,5
22402,Germany,130.61,121,8
35810A,Germany,130.56,120,10
22131,Australia,130.5,78,2
48197,EIRE,130.38,18,6
21408,EIRE,130.35,35,7
23285,France,130.32,168,9
23353,France,130.31,157,10
ADJUST,Germany,130.24,3,3
84925E,United Kingdom,130.05,75,3
22582,Switzerland,130.05,51,3
84798A,United Kingdom,130.05,51,9
84219,United Kingdom,130.01,50,27
22929,Israel,130.0,2,1
21718,Germany,130.0,104,7
21154,Switzerland,130.0,104,8
22929,Norway,130.0,2,1
20961,France,130.0,104,6
22454,France,129.8,44,7
22271,Italy,129.8,44,7
20899,United Kingdom,129.8,44,13
84991,Norway,129.6,264,6
21977,Finland,129.6,264,7
21249,Italy,129.6,48,2
84378,Switzerland,129.6,96,4
90190A,United Kingdom,129.59,44,31
85017B,Netherlands,129.54,161,8
37471,United Kingdom,129.45,721,9
23173,Spain,129.35,13,4
84886,United Kingdom,129.35,13,10
22947,France,129.3,14,3
10080,United Kingdom,129.29,315,28
22107,Switzerland,129.24,36,3
84997C,Austria,129.1,34,3
85160a,United Kingdom,129.04,8,3
17108D,United Kingdom,128.94,307,20
48184,Italy,128.9,18,3
23552,Netherlands,128.88,72,1
23084,Italy,128.88,72,2
84858A,United Kingdom,128.83,53,8
22209,EIRE,128.76,84,7
22432,Switzerland,128.7,66,7
22325,EIRE,128.7,26,8
21246,Germany,128.7,26,5
23146,EIRE,128.58,42,5
21242,Switzerland,128.44,76,6
84559D,United Kingdom,128.41,149,32
21986,Germany,128.16,384,8
20751,Netherlands,127.98,75,3
37444B,France,127.92,984,1
22897,Netherlands,127.9,102,3
21153,Spain,127.8,12,2
47570B,Germany,127.8,12,6
47570,Spain,127.8,12,2
85227,EIRE,127.8,180,6
37449,Austria,127.7,14,4
22848,Norway,127.6,8,3
23253,Germany,127.6,8,3
20703,EIRE,127.5,30,9
22236,Spain,127.5,10,5
22891,Germany,127.5,30,4
22669,Japan,127.5,50,1
20748,Bahrain,127.5,10,2
22668,Japan,127.5,50,1
22299,Germany,127.5,102,6
22423,Italy,127.5,10,8
21735,Channel Islands,127.5,10,4
22550,Norway,127.5,34,5
90156,United Kingdom,127.47,23,13
90194,United Kingdom,127.33,30,21
85216,Thailand,127.2,240,1
85018C,United Kingdom,127.2,36,4
22128,Netherlands,127.2,120,1
21947,Netherlands,127.2,120,1
21949,Netherlands,127.2,120,1
21733,Switzerland,127.2,48,2
22922,France,127.2,168,5
21922,France,127.2,16,3
22242,EIRE,127.05,77,6
48194,Greece,127.0,20,2
48197,France,127.0,20,2
16168S,United Kingdom,126.83,1283,11
21822,EIRE,126.48,72,4
84367,United Kingdom,126.3,74,8
21232,Spain,126.25,101,9
23349,France,126.25,101,8
82607E,United Kingdom,126.25,101,26
gift_0001_10,United Kingdom,126.21,15,14
23196,France,126.15,87,8
82600,Portugal,126.0,60,4
23176,France,126.0,56,7
22381,France,126.0,60,8
22145,Lithuania,126.0,60,2
21497,Germany,126.0,300,8
22834,EIRE,126.0,60,4
16161U,Germany,126.0,300,10
21896,EIRE,126.0,60,8
22899,Germany,126.0,60,5
22045,France,126.0,300,8
20751,Germany,126.0,60,5
22694,EIRE,126.0,60,7
22866,France,126.0,60,5
22144,EIRE,126.0,60,7
21181,Portugal,126.0,60,5
22745,EIRE,126.0,60,11
21155,Japan,126.0,60,1
48184,Channel Islands,125.96,16,7
21754,Germany,125.85,21,6
21285,EIRE,125.76,96,6
22737,France,125.4,76,4
22692,Channel Islands,125.36,16,6
22274,Netherlands,125.35,49,2
22186,Netherlands,125.35,49,2
48129,Germany,125.32,16,4
22057,Poland,125.16,84,5
37447,Poland,125.16,84,6
23427,EIRE,125.0,10,6
22823,Israel,125.0,1,1
21760,EIRE,125.0,1,1
84916,Netherlands,125.0,100,1
20960,France,125.0,100,3
20718,Austria,125.0,100,7
84915,Netherlands,125.0,100,1
22580,Austria,124.95,21,3
15056BL,Norway,124.95,21,2
21206,Netherlands,124.8,192,1
23156,Spain,124.8,60,4
23436,Australia,124.8,120,1
22898,EIRE,124.8,64,7
21670,Spain,124.8,96,6
21156,Portugal,124.8,64,8
22898,Italy,124.8,64,7
21202,Netherlands,124.8,192,1
23202,Portugal,124.8,60,4
21672,Spain,124.8,96,5
23582,Portugal,124.8,60,3
23203,Belgium,124.8,60,6
21891,Germany,124.8,96,8
21156,Belgium,124.8,64,8
20975,EIRE,124.8,192,8
22761,Norway,124.75,5,2
21096,Germany,124.56,192,12
23496,United Kingdom,124.52,88,29
22045,EIRE,124.5,325,6
23240,Norway,124.5,30,4
20761,Germany,124.4,40,3
81952V,United Kingdom,124.35,416,44
22951,Germany,124.3,226,11
23012,Netherlands,124.2,36,2
23013,Netherlands,124.2,36,2
23014,Netherlands,124.2,36,2
85190,United Kingdom,124.16,140,18
21542,France,124.1,146,9
22600,Netherlands,124.08,168,3
22602,Germany,124.08,168,3
22156,Netherlands,124.08,168,3
35832,Australia,124.05,39,3
22113,France,124.0,32,5
22380,Channel Islands,124.0,65,3
22381,Channel Islands,124.0,65,3
22083,Channel Islands,123.9,42,5
84247C,United Kingdom,123.9,42,20
22379,Switzerland,123.9,59,4
22743,Germany,123.9,42,7
47556B,Germany,123.9,42,7
22318,France,123.9,42,7
22273,Lithuania,123.9,42,3
22483,France,123.9,42,7
22090,Belgium,123.9,42,6
22175,France,123.9,42,6
72799E,France,123.9,42,4
22318,Switzerland,123.9,42,4
22742,Germany,123.9,42,5
21380,Sweden,123.9,42,4
22086,Germany,123.9,42,6
22699,Cyprus,123.9,42,6
37502,EIRE,123.9,42,6
22910,France,123.9,42,8
22176,Australia,123.9,42,3
22699,Belgium,123.9,42,5
22667,Belgium,123.9,42,6
22472,Portugal,123.75,25,7
17191A,United Kingdom,123.75,33,12
22749,France,123.75,33,9
20978,EIRE,123.75,99,7
23468,United Kingdom,123.75,15,10
23225,EIRE,123.6,168,3
22745,Channel Islands,123.6,66,2
22748,Channel Islands,123.6,66,2
21667,Cyprus,123.6,8,3
23222,France,123.6,168,3
85063,EIRE,123.6,8,2
22850,United Kingdom,123.6,8,2
23286,France,123.52,160,8
23084,Portugal,123.36,66,3
22222,France,123.3,54,4
22596,Germany,123.24,180,3
20719,Spain,123.0,160,7
85099B,Spain,122.98,61,7
22411,France,122.85,61,6
21981,France,122.75,415,15
16043,United Kingdom,122.7,1185,12
21977,Spain,122.65,223,11
21228,United Kingdom,122.57,97,32
21121,Portugal,122.5,98,5
23346,France,122.5,98,8
21123,Netherlands,122.5,98,3
21579,Netherlands,122.4,144,1
85178,Australia,122.4,144,1
22272,Channel Islands,122.4,48,1
22807,Switzerland,122.4,48,1
22957,Japan,122.4,48,1
22196,EIRE,122.4,144,12
22272,Netherlands,122.4,48,1
20889,Denmark,122.4,408,1
22957,Netherlands,122.4,48,1
22413,Denmark,122.4,48,1
22467,Finland,122.4,48,6
79308B,United Kingdom,122.4,144,2
22301,Lithuania,122.4,48,3
22734,Norway,122.4,48,1
22665,Netherlands,122.4,48,2
21990,Denmark,122.4,48,1
22741,EIRE,122.4,144,3
22321,Germany,122.4,144,10
22303,Switzerland,122.4,48,4
21614,Switzerland,122.4,48,1
21094,Switzerland,122.4,144,5
22948,Netherlands,122.4,144,1
22276,Belgium,122.4,48,5
22934,Australia,122.4,48,1
22300,Lithuania,122.4,48,3
21541,Germany,122.4,144,10
21789,EIRE,122.4,144,4
22318,Netherlands,122.4,48,1
22582,Japan,122.4,48,1
22583,Japan,122.4,48,1
22255,Germany,122.4,144,12
21107,EIRE,122.4,48,2
85178,Denmark,122.4,144,1
22353,Unspecified,122.4,48,2
21558,Denmark,122.4,48,2
22667,Japan,122.4,48,1
22743,Netherlands,122.4,48,1
85150,United Arab Emirates,122.4,48,2
85178,Malta,122.4,144,1
21188,Netherlands,122.4,48,1
22937,France,122.4,48,3
21452,Japan,122.4,48,1
22327,Australia,122.4,48,1
20712,Italy,122.2,60,5
85099C,Germany,122.2,60,5
23229,Japan,122.04,36,1
20970,Norway,122.04,36,1
20969,Norway,122.04,36,1
22071,Netherlands,122.04,36,1
22070,Australia,122.04,36,1
22070,Switzerland,122.04,36,1
22071,Switzerland,122.04,36,1
22070,Netherlands,122.04,36,1
35916A,United Kingdom,122.0,135,46
21992,EIRE,121.95,69,6
22615,Australia,121.92,480,2
22061,Switzerland,121.9,14,2
22890,Switzerland,121.9,14,2
23508,Sweden,121.8,290,3
21211,Germany,121.8,84,6
22961,Portugal,121.8,84,6
22969,Spain,121.8,84,4
35970,Spain,121.68,72,4
21394,Germany,121.68,216,8
21242,RSA,121.68,72,3
21284,Germany,121.68,72,6
21242,Austria,121.68,72,5
85170A,Channel Islands,121.68,72,1
21245,France,121.68,72,8
85099C,France,121.55,61,6
21906,Germany,121.5,18,9
22179,EIRE,121.5,18,6
22558,Japan,121.49,97,2
47518F,United Kingdom,121.46,759,29
23198,Netherlands,121.45,97,3
23189,Germany,121.38,42,4
23236,Belgium,121.38,42,7
23247,EIRE,121.38,42,4
35916B,United Kingdom,121.33,133,47
21394,Switzerland,121.32,156,4
22892,Australia,121.32,108,3
79532,United Kingdom,121.25,97,18
84077,Japan,121.25,577,2
22721,EIRE,121.05,39,5
85017A,Thailand,120.96,288,1
85017B,Thailand,120.96,288,1
22024,France,120.96,288,21
84568,Switzerland,120.96,576,2
23326,EIRE,120.96,192,4
22530,Germany,120.96,288,8
85017C,Thailand,120.96,288,1
22540,Germany,120.96,288,7
35971,Netherlands,120.96,288,1
21733,Spain,120.95,41,8
20974,Germany,120.9,186,7
20711,France,120.9,62,7
84288B,United Kingdom,120.9,62,25
71496A,United Kingdom,120.73,188,17
20712,Norway,120.64,58,2
22446,Germany,120.6,36,5
22451,Belgium,120.6,36,5
22835,Switzerland,120.6,28,2
21494,EIRE,120.6,84,7
23280,France,120.58,158,6
22046,EIRE,120.5,325,6
47504F,Denmark,120.5,482,1
23207,Portugal,120.45,73,4
21843,Italy,120.45,11,4
22419,EIRE,120.36,308,7
22308,Australia,120.3,56,2
21352,EIRE,120.3,26,3
22204,France,120.0,32,5
21123,EIRE,120.0,96,4
22772,EIRE,120.0,96,6
21124,Austria,120.0,96,4
22567,Norway,120.0,96,4
21537,Netherlands,120.0,32,1
23033,Netherlands,120.0,96,1
21873,Norway,120.0,96,4
21914,Lithuania,120.0,96,3
23076,EIRE,120.0,96,4
84509B,Germany,120.0,32,6
23291,Germany,120.0,96,11
23372,France,120.0,96,6
22976,Germany,120.0,96,8
23251,EIRE,120.0,96,6
20674,Hong Kong,120.0,96,3
22749,Japan,120.0,32,2
23198,Japan,120.0,96,1
84597C,France,120.0,96,5
79067,France,120.0,32,3
23347,Australia,120.0,96,1
21122,Channel Islands,120.0,96,4
22460,EIRE,120.0,96,8
21915,Lithuania,120.0,96,4
21232,Portugal,120.0,96,6
23078,Germany,120.0,96,4
84924F,France,120.0,480,1
22775,EIRE,120.0,96,7
22065,United Arab Emirates,120.0,96,2
23078,EIRE,120.0,96,4
23181,Switzerland,120.0,16,1
21124,Sweden,120.0,96,4
22619,Japan,120.0,32,1
22297,EIRE,120.0,96,4
21494,Germany,120.0,96,6
21121,Austria,120.0,96,4
23078,Portugal,120.0,96,3
23035,Netherlands,120.0,96,1
22315,France,120.0,96,4
21915,Portugal,120.0,96,7
84509G,Germany,120.0,40,6
23034,Netherlands,120.0,96,1
22693,Spain,120.0,96,4
22294,EIRE,120.0,96,4
21123,Spain,120.0,96,4
23480,Sweden,120.0,32,3
22757,EIRE,120.0,96,8
21122,Portugal,120.0,96,4
23076,Bahrain,120.0,96,1
90051,United Kingdom,119.89,17,13
22503,Portugal,119.8,4,2
22503,Hong Kong,119.8,4,1
84616,EIRE,119.8,4,2
21473,EIRE,119.7,6,3
22838,Sweden,119.6,8,1
21659,Spain,119.6,8,2
22849,Australia,119.6,8,1
22847,Greece,119.6,8,1
22847,Australia,119.6,8,1
21768,Germany,119.6,8,4
20747,Bahrain,119.6,8,1
35609A,United Kingdom,119.55,375,21
23433,Germany,119.52,144,9
23235,Japan,119.52,48,1
23463,United Kingdom,119.5,11,7
22120,France,119.4,12,3
37503,Channel Islands,119.4,12,1
22061,Spain,119.4,12,4
37503,Greece,119.4,12,1
22763,EIRE,119.4,12,5
22890,France,119.4,12,5
23355,Switzerland,119.4,28,2
22635,Hong Kong,119.4,12,2
22061,Cyprus,119.4,12,2
37449,Spain,119.4,12,4
37503,Cyprus,119.4,12,1
21217,Portugal,119.4,12,8
22634,Belgium,119.4,12,6
21871,Norway,119.4,84,3
23357,Switzerland,119.4,28,2
21975,France,119.35,217,10
47592B,United Kingdom,119.3,61,28
37500,USA,119.3,14,4
20914,Channel Islands,119.1,42,5
22192,Belgium,119.0,14,4
22191,Switzerland,119.0,14,3
22941,Australia,119.0,14,3
23502,Australia,119.0,112,2
22193,Switzerland,119.0,14,3
22844,Poland,119.0,14,4
22625,Channel Islands,119.0,14,5
21064,EIRE,119.0,20,4
22844,EIRE,119.0,14,5
22822,EIRE,119.0,20,5
90023,United Kingdom,118.98,28,20
23571,EIRE,118.8,72,5
21710,Switzerland,118.8,24,2
21363,EIRE,118.8,24,7
22555,Italy,118.8,72,5
21622,Switzerland,118.8,24,2
22243,EIRE,118.8,72,3
21216,Portugal,118.8,24,5
22617,Switzerland,118.8,24,5
21246,Belgium,118.8,24,4
22331,Switzerland,118.8,72,7
21429,Lithuania,118.8,72,6
21328,Germany,118.8,72,6
22222,Germany,118.8,24,6
85232D,Germany,118.8,24,6
21813,EIRE,118.8,24,3
21329,Germany,118.8,72,6
23207,Germany,118.8,72,8
21198,Australia,118.8,72,3
10125,Germany,118.8,160,8
22507,Belgium,118.8,24,6
22859,Germany,118.8,72,7
21711,Switzerland,118.8,24,2
21212,Finland,118.8,216,9
22759,Japan,118.8,72,2
22914,Germany,118.8,24,6
21534,EIRE,118.8,24,7
22278,Spain,118.8,24,5
22138,Unspecified,118.8,24,4
21508,Netherlands,118.8,324,6
23126,Germany,118.8,24,6
22067,Germany,118.8,72,6
22617,Italy,118.8,24,5
23301,EIRE,118.8,72,6
23188,EIRE,118.8,72,6
22557,Belgium,118.8,72,6
23413,EIRE,118.8,24,8
85032B,Netherlands,118.8,156,3
21246,France,118.8,24,4
22139,Spain,118.8,24,6
47503E,United Kingdom,118.75,95,19
90179C,United Kingdom,118.73,20,17
22847,France,118.65,7,4
84380,Spain,118.65,93,9
23382,Switzerland,118.44,36,1
23382,Australia,118.44,36,1
20887,United Kingdom,118.39,18,8
90139,United Kingdom,118.24,23,18
21625,Spain,118.15,17,6
37501,USA,118.15,17,4
22809,France,118.0,40,5
22669,Switzerland,118.0,40,5
22668,France,118.0,40,6
23302,EIRE,117.96,84,5
84510E,United Kingdom,117.77,148,28
21779,EIRE,117.76,16,1
ADJUST,Portugal,117.72,1,1
21088,Germany,117.72,300,14
22723,EIRE,117.7,38,7
20752,Netherlands,117.6,56,5
22731,EIRE,117.5,94,5
84751B,United Kingdom,117.44,40,21
84251G,United Kingdom,117.2,414,88
22081,Japan,117.15,71,4
22244,France,117.0,60,5
22630,Israel,117.0,60,3
20711,EIRE,117.0,60,6
21420,Lithuania,117.0,36,2
85132C,Norway,117.0,60,3
20684,EIRE,117.0,36,6
20682,Hong Kong,117.0,36,5
21175,Singapore,117.0,48,3
22324,Germany,117.0,60,5
22992,EIRE,117.0,60,5
20681,Belgium,117.0,36,5
22938,France,117.0,60,5
23305,United Kingdom,117.0,60,7
22489,France,116.94,299,9
23151,United Kingdom,116.82,62,22
22405,Germany,116.76,108,3
90003E,United Kingdom,116.62,31,23
72038P,United Kingdom,116.5,1050,9
85132C,EIRE,116.45,31,7
84991,Finland,116.4,240,6
22835,Norway,116.4,24,3
20974,France,116.35,179,8
20677,RSA,116.32,104,3
22371,Germany,116.3,22,4
22070,Germany,116.25,31,6
84921,United Kingdom,116.25,31,18
22978,France,116.25,31,4
21439,France,116.25,93,9
90030C,United Kingdom,116.24,47,13
23256,Norway,116.2,28,2
23389,Switzerland,116.2,28,4
23389,Belgium,116.2,28,6
21981,Switzerland,116.16,384,8
22897,EIRE,116.0,80,7
84247L,Germany,115.92,276,17
22690,Germany,115.8,16,3
16119,United Kingdom,115.71,261,7
90205C,United Kingdom,115.71,74,23
23287,Germany,115.6,136,14
21241,Germany,115.6,136,16
23286,Germany,115.6,136,14
21935,Portugal,115.5,70,5
23681,France,115.5,70,3
22960,Portugal,115.5,30,3
23050,France,115.5,14,6
23545,Germany,115.5,275,9
23231,Germany,115.5,275,11
23208,Switzerland,115.5,70,5
21498,Portugal,115.5,275,8
22662,Belgium,115.5,70,6
16161P,France,115.5,275,8
90071,United Kingdom,115.29,92,76
16053,United Kingdom,115.23,2263,8
23284,Australia,115.2,16,3
22196,Netherlands,115.2,160,1
21611,EIRE,115.05,39,6
20848,United Kingdom,115.05,39,12
90190B,United Kingdom,114.88,39,14
22607,France,114.85,13,4
23166,Norway,114.84,108,3
22355,Italy,114.5,150,5
84531B,United Kingdom,114.48,135,38
22399,Channel Islands,114.48,108,1
22731,Netherlands,114.48,108,1
47590A,Channel Islands,114.45,21,4
22114,Switzerland,114.4,32,3
48138,Italy,114.3,14,6
21322,EIRE,114.3,18,1
90049,United Kingdom,114.24,20,6
72754B,United Kingdom,114.14,134,7
85144,EIRE,114.1,26,3
21977,Australia,114.0,264,3
21789,Netherlands,114.0,168,2
21787,Switzerland,114.0,168,2
21976,Australia,114.0,264,2
82600,Germany,114.0,60,2
22952,Australia,114.0,264,2
17090D,United Kingdom,113.95,95,32
22554,Portugal,113.85,69,11
23241,EIRE,113.76,60,3
84976,Netherlands,113.76,144,1
47559B,Switzerland,113.75,91,8
23224,France,113.64,156,2
37448,Portugal,113.64,84,4
23123,Netherlands,113.64,156,2
22746,EIRE,113.4,54,10
22145,EIRE,113.4,54,5
16202B,EIRE,113.4,36,6
84932D,France,113.4,38,6
90174,United Kingdom,113.36,45,32
84705B,United Kingdom,113.27,84,3
22644,Netherlands,113.2,88,3
23185,United Kingdom,113.11,311,31
22424,Germany,113.1,10,3
21993,EIRE,113.1,66,7
22431,EIRE,113.1,58,10
21399,Germany,113.04,132,8
22357,Switzerland,113.0,28,4
84614A,United Kingdom,112.93,15,9
22148,Australia,112.8,64,3
85096,EIRE,112.5,30,5
22366,Portugal,112.5,14,7
23358,Switzerland,112.5,30,2
84947,EIRE,112.5,90,6
21223,Germany,112.5,90,7
22312,Spain,112.5,30,5
84997B,Finland,112.5,30,5
22435,EIRE,112.5,90,7
23358,EIRE,112.5,54,5
23073,EIRE,112.5,9,5
22495,Germany,112.45,43,3
21336,France,112.32,864,1
44236,United Kingdom,112.32,64,13
84832,Germany,112.2,132,8
22082,France,112.2,68,9
22520,EIRE,112.2,132,11
22601,Germany,112.2,132,8
22603,EIRE,112.2,132,10
84539,United Kingdom,112.2,68,14
22502,France,112.2,20,5
79191C,France,112.2,132,11
21080,Belgium,112.2,132,10
22851,EIRE,112.2,132,9
84520B,France,112.2,132,5
21989,Germany,112.2,132,10
22583,Netherlands,112.2,44,4
21080,Channel Islands,112.2,132,8
22445,EIRE,112.1,38,6
22452,France,112.1,38,5
20665,Netherlands,112.1,38,5
90162B,United Kingdom,112.1,38,18
22086,France,112.1,38,8
71510,United Kingdom,112.05,177,17
22692,Switzerland,111.9,14,4
22616,Japan,111.84,336,3
37474,EIRE,111.83,13,3
22375,EIRE,111.8,28,2
84031B,EIRE,111.6,24,7
20780,Iceland,111.6,24,2
21523,Channel Islands,111.58,14,7
35966,United Kingdom,111.34,255,26
22840,Germany,111.3,14,5
84795A,EIRE,111.3,14,4
85049D,EIRE,111.25,89,7
35933,United Kingdom,111.24,266,24
10138,United Kingdom,111.22,261,21
22283,Netherlands,111.2,16,1
22269,EIRE,111.12,232,10
22746,Channel Islands,111.0,60,1
22955,Denmark,111.0,60,1
22747,Channel Islands,111.0,60,1
22690,Poland,110.98,14,6
22544,Belgium,110.88,264,9
21786,France,110.88,264,10
40016,Switzerland,110.88,264,2
90181A,United Kingdom,110.74,12,12
21524,Italy,110.66,14,6
22846,Norway,110.65,7,2
22778,France,110.6,28,6
47503F,United Kingdom,110.55,67,11
22068,France,110.55,67,4
51014A,EIRE,110.52,156,8
22267,EIRE,110.52,204,6
22200,United Arab Emirates,110.5,26,4
22627,Italy,110.5,13,7
90024D,United Kingdom,110.5,13,12
23204,Belgium,110.5,130,10
22275,Spain,110.5,13,4
20724,EIRE,110.5,130,10
22941,Germany,110.5,13,4
23175,France,110.5,34,6
22558,Portugal,110.43,71,7
84874B,United Kingdom,110.41,67,36
22314,Denmark,110.4,32,3
35241,EIRE,110.4,24,5
23154,Portugal,110.24,53,4
22646,EIRE,110.2,76,7
21165,Norway,110.16,72,3
16206B,United Kingdom,110.15,91,15
23233,Australia,110.0,300,2
20676,Austria,110.0,88,7
22525,EIRE,110.0,88,8
21272,Germany,110.0,88,8
21394,France,109.98,210,8
21395,Germany,109.98,210,7
21640,Netherlands,109.92,144,3
21078,Japan,109.92,144,2
82069,United Kingdom,109.85,17,11
21755,Norway,109.8,18,5
51014L,Italy,109.68,168,4
22583,Germany,109.65,43,7
23353,Germany,109.56,132,10
23432,Switzerland,109.56,132,2
21843,Unspecified,109.5,10,4
37450,Portugal,109.5,42,3
22968,Spain,109.45,11,5
20766,Germany,109.4,36,2
90002C,United Kingdom,109.38,29,18
20698,United Kingdom,109.35,45,21
23170,Israel,109.2,72,2
84212,France,109.2,168,5
22182,EIRE,109.2,40,5
22575,EIRE,109.2,56,4
22319,France,109.2,168,9
21186,Switzerland,109.2,72,2
22898,Switzerland,109.2,56,4
85215,United Arab Emirates,109.2,168,3
23325,France,109.2,72,3
85185F,United Kingdom,109.15,37,20
22311,Portugal,109.15,37,5
84247H,United Kingdom,109.13,42,20
84378,Spain,109.05,85,10
21756,Channel Islands,108.9,18,4
85232D,Spain,108.9,22,6
22720,France,108.9,22,8
23342,Australia,108.8,14,2
22494,Germany,108.75,87,8
22728,Spain,108.75,29,7
20978,France,108.75,87,6
21232,Italy,108.75,87,4
21231,Italy,108.75,87,4
20667,United Kingdom,108.69,40,24
22063,Germany,108.62,50,7
35598D,Germany,108.6,156,7
23478,United Kingdom,108.47,80,10
72807A,EIRE,108.44,28,2
45013,United Kingdom,108.4,40,7
35810B,Germany,108.3,84,8
22851,Portugal,108.19,151,7
84249A,United Kingdom,108.18,240,33
21244,Austria,108.16,64,4
21243,EIRE,108.16,64,5
21242,Israel,108.16,64,3
21135,EIRE,108.16,64,8
21135,France,108.16,64,7
84562A,EIRE,108.12,16,3
20984,EIRE,108.06,222,8
21985,Netherlands,108.0,432,1
23176,Portugal,108.0,48,4
21984,Australia,108.0,432,1
20750,Sweden,108.0,16,3
21981,Australia,108.0,432,1
37449,Switzerland,107.8,12,3
22315,EIRE,107.5,86,9
22977,France,107.5,86,7
21217,Israel,107.4,12,1
85132B,Denmark,107.4,12,1
22650,Netherlands,107.4,84,3
21217,Norway,107.4,12,1
35400,Portugal,107.4,12,2
35096B,United Kingdom,107.33,295,27
21171,Spain,107.3,74,7
35970,Singapore,107.28,72,1
22081,EIRE,107.25,65,7
22732,Netherlands,107.25,101,2
84536B,Belgium,107.2,320,4
22409,Germany,107.13,93,4
35840,United Kingdom,107.13,45,11
22583,EIRE,107.1,42,5
22350,EIRE,107.1,42,5
84347,Switzerland,107.1,42,4
21559,Austria,107.1,42,5
22745,Spain,107.1,51,8
22571,France,107.1,126,11
20772,EIRE,107.1,42,4
22580,Australia,107.1,18,2
22300,Germany,107.1,42,6
85150,Singapore,107.1,42,4
22584,Australia,107.1,42,2
15056BL,Poland,107.1,18,5
22583,Australia,107.1,42,2
22353,Belgium,107.1,42,6
15056P,Finland,107.1,18,5
23626,United Kingdom,107.07,43,16
22344,Germany,107.04,144,8
22138,United Arab Emirates,106.95,25,2
47504K,Portugal,106.94,74,4
23167,Australia,106.91,145,3
22924,France,106.8,144,3
20697,United Kingdom,106.8,44,25
23010,Spain,106.65,7,2
23008,Spain,106.65,7,2
84562B,United Kingdom,106.59,10,7
22543,Australia,106.56,288,2
90165A,United Kingdom,106.49,42,27
20998,Germany,106.35,37,6
90177D,United Kingdom,106.28,36,25
20972,France,106.25,85,8
37370,Spain,106.25,85,6
84944,France,106.25,25,2
47556B,EIRE,106.2,36,5
85032A,Netherlands,106.2,150,2
21188,France,106.2,36,3
18098C,EIRE,106.2,36,5
21251,EIRE,106.2,36,5
21693,Switzerland,106.2,36,4
22809,Germany,106.2,36,5
22666,Portugal,106.2,36,5
22083,Israel,106.2,36,1
21706,EIRE,106.2,36,4
15044A,Germany,106.2,36,6
22089,Australia,106.2,36,3
22300,EIRE,106.2,48,3
21249,Belgium,106.2,36,6
22483,Germany,106.2,36,6
22456,Channel Islands,106.2,24,2
20896,United Kingdom,106.2,36,15
21744,EIRE,106.2,36,4
22967,Portugal,106.2,36,4
72799F,France,106.2,36,3
20665,Spain,106.2,36,3
22271,Sweden,106.2,36,4
21743,EIRE,106.2,36,4
35832,Switzerland,106.2,36,3
22413,United Arab Emirates,106.2,36,3
21286,Switzerland,106.2,48,2
20914,Belgium,106.2,36,5
84592,Germany,106.2,36,5
22302,EIRE,106.2,48,3
22272,France,106.2,36,5
22086,Denmark,106.2,36,2
22697,Cyprus,106.2,36,5
22272,Germany,106.2,36,6
21844,Switzerland,106.2,36,2
22088,Switzerland,106.2,36,1
22086,Singapore,106.2,36,2
84558A,Denmark,106.2,36,3
22274,Germany,106.2,36,6
21741,EIRE,106.2,36,3
85032C,Netherlands,106.2,150,2
22085,Channel Islands,106.2,36,3
21164,Portugal,106.2,36,4
90202D,United Kingdom,106.09,36,22
22129,Spain,106.02,144,2
21108,Germany,106.02,54,5
21108,Portugal,106.02,54,5
22525,Australia,106.0,100,1
22733,Norway,106.0,100,1
84510A,Australia,106.0,100,1
22356,Italy,106.0,140,4
22524,Australia,106.0,100,1
23204,EIRE,106.0,140,4
22733,United Arab Emirates,106.0,100,1
22232,Netherlands,106.0,72,2
22567,France,105.9,82,9
84987,USA,105.85,73,8
22987,United Kingdom,105.84,252,11
22027,EIRE,105.84,252,16
23310,EIRE,105.84,252,5
21087,United Kingdom,105.68,164,28
35809A,Germany,105.66,90,8
21213,Spain,105.6,192,8
21976,Spain,105.6,192,7
22952,France,105.6,192,5
84992,Belgium,105.6,192,6
22232,Japan,105.6,64,2
35594,United Kingdom,105.58,171,40
23295,Spain,105.44,144,3
21787,Italy,105.4,124,6
22491,Netherlands,105.38,146,2
22433,EIRE,105.3,54,8
22286,EIRE,105.12,192,5
22774,EIRE,105.0,84,7
21914,Belgium,105.0,84,7
22202,EIRE,105.0,28,6
21620,Germany,105.0,36,2
84509A,Portugal,105.0,28,4
22705,France,105.0,250,10
22563,France,105.0,84,2
23296,EIRE,105.0,84,8
22705,Germany,105.0,250,10
20972,Germany,105.0,84,6
22750,Germany,105.0,28,6
47585A,Germany,105.0,44,7
84622,United Kingdom,105.0,15,7
20866,Switzerland,105.0,84,2
21915,Netherlands,105.0,84,4
22585,Channel Islands,105.0,84,6
23232,Germany,105.0,250,8
22585,Switzerland,105.0,84,5
23118,Norway,105.0,14,3
21915,Belgium,105.0,84,7
21615,Germany,105.0,36,2
22899,EIRE,105.0,50,8
22758,Sweden,105.0,84,2
20764,Spain,105.0,28,4
84380,Switzerland,105.0,84,4
21791,Portugal,105.0,84,6
23250,EIRE,105.0,84,5
23510,Sweden,105.0,250,1
20971,France,105.0,84,7
21126,France,105.0,84,7
22254,EIRE,105.0,84,4
20829,EIRE,105.0,50,6
23507,Sweden,105.0,250,1
21355,EIRE,105.0,84,6
21990,Australia,105.0,84,2
21746,Belgium,105.0,84,4
84378,Australia,105.0,84,2
22896,Japan,105.0,50,1
22757,Sweden,105.0,84,2
22756,Sweden,105.0,84,2
23345,Germany,105.0,84,7
22975,Germany,105.0,84,7
23506,Sweden,105.0,250,1
16161P,Portugal,105.0,250,7
90079,United Kingdom,104.77,21,13
22839,Switzerland,104.65,7,2
22838,Switzerland,104.65,7,2
22969,France,104.4,72,6
22416,Germany,104.4,72,6
23268,Germany,104.4,72,3
22292,EIRE,104.4,72,3
21210,Finland,104.4,72,6
21973,Switzerland,104.4,72,1
22645,France,104.4,72,6
22950,Channel Islands,104.4,72,4
21815,EIRE,104.4,72,3
23165,Netherlands,104.4,72,1
21973,France,104.4,72,6
23096,EIRE,104.4,72,1
21118,United Kingdom,104.25,69,7
81950B,United Kingdom,104.23,177,33
35816P,United Kingdom,104.19,237,7
20661,France,104.1,318,4
23109,Switzerland,104.04,36,3
23189,France,104.04,36,2
23235,France,104.04,36,6
23200,EIRE,104.0,50,3
23500,Netherlands,104.0,100,1
22436,Germany,104.0,160,8
23344,EIRE,104.0,50,5
23344,Portugal,104.0,50,3
23202,Belgium,104.0,50,5
23343,EIRE,104.0,50,3
23582,Germany,104.0,50,5
23343,France,104.0,50,5
23505,Japan,104.0,100,1
23201,Portugal,104.0,50,3
23505,Australia,104.0,100,1
22138,Italy,103.95,21,6
23208,Portugal,103.95,63,4
22784,Cyprus,103.95,21,3
21216,France,103.95,21,6
22222,EIRE,103.95,21,4
23298,Sweden,103.95,21,3
22721,Germany,103.95,21,4
23209,Spain,103.95,63,5
22447,Germany,103.85,31,6
21763,Cyprus,103.8,4,1
23283,Germany,103.8,14,2
22130,Norway,103.68,144,1
23121,Netherlands,103.68,288,1
21917,Japan,103.68,288,1
23122,Netherlands,103.68,144,1
22819,Netherlands,103.68,288,3
21063,Japan,103.68,144,1
21059,Japan,103.68,144,1
23120,Australia,103.68,288,1
23121,Australia,103.68,288,1
23122,Australia,103.68,144,1
21918,Austria,103.68,288,1
22130,Netherlands,103.68,144,1
22857,Australia,103.68,144,1
23101,Netherlands,103.68,144,2
22348,Australia,103.68,144,1
23102,Netherlands,103.68,144,2
47590A,Spain,103.55,19,5
21337,United Kingdom,103.53,33,12
51008,EIRE,103.5,30,2
21529,EIRE,103.5,30,4
21156,Switzerland,103.35,53,7
21916,Germany,103.32,246,9
84679,United Kingdom,103.3,14,4
22952,Finland,103.2,216,4
90101,United Kingdom,103.1,41,28
22567,Japan,103.01,97,2
22494,Japan,103.01,97,2
22822,Switzerland,103.0,20,2
22664,Australia,103.0,55,2
21394,Finland,102.96,168,5
22437,Switzerland,102.85,121,5
85227,France,102.85,121,11
15036,EIRE,102.84,132,8
84818,EIRE,102.78,90,6
20711,Italy,102.7,50,3
20712,Finland,102.7,50,4
16248B,United Kingdom,102.5,82,13
22736,France,102.3,62,7
21786,Japan,102.24,312,2
23292,Australia,102.05,97,2
23291,Australia,102.05,97,2
22193,France,102.0,12,5
21704,France,102.0,120,6
22485,France,102.0,8,4
22181,Germany,102.0,120,6
22172,EIRE,102.0,12,5
22605,Denmark,102.0,8,1
79320,Denmark,102.0,24,1
22606,Lebanon,102.0,8,1
85232A,Japan,102.0,24,1
21781,Greece,102.0,8,1
22221,Greece,102.0,12,1
85036A,EIRE,102.0,24,3
47505,Greece,102.0,24,1
22617,Japan,102.0,24,1
22762,Israel,102.0,8,1
22624,Finland,102.0,12,5
22720,Greece,102.0,24,1
22762,Greece,102.0,8,1
22649,Denmark,102.0,24,1
22911,Australia,102.0,40,1
84968D,Finland,102.0,8,1
22784,Switzerland,102.0,24,2
84826,EIRE,102.0,120,2
22423,Finland,102.0,8,4
22060,Portugal,102.0,12,1
85232D,Japan,102.0,24,1
22120,Channel Islands,102.0,12,1
22627,Belgium,102.0,12,4
22626,Belgium,102.0,12,3
72807B,Bahrain,102.0,24,3
22763,Greece,102.0,12,1
22943,Denmark,102.0,24,1
22374,Belgium,102.0,24,6
84782B,United Kingdom,102.0,8,5
21752,Greece,102.0,8,1
22138,Japan,102.0,24,1
22200,EIRE,102.0,24,5
21725,France,102.0,120,3
85232D,Israel,102.0,24,1
16016,Poland,102.0,120,9
22485,Spain,102.0,8,4
21299,Spain,102.0,8,2
85066,Lebanon,102.0,8,1
22085,Australia,102.0,40,1
85066,Spain,102.0,8,4
21787,Norway,102.0,120,2
22171,Channel Islands,102.0,12,4
79000,EIRE,102.0,120,7
10002,Switzerland,102.0,120,3
84968F,Finland,102.0,8,1
22090,Norway,102.0,40,1
22418,Switzerland,102.0,120,4
21340,Channel Islands,102.0,8,2
22485,Cyprus,102.0,8,2
22169,Poland,102.0,12,4
90024C,United Kingdom,101.97,12,11
23241,France,101.92,49,9
72817,EIRE,101.88,108,5
22252,Cyprus,101.76,96,1
22494,Thailand,101.76,96,1
22444,Denmark,101.76,96,1
22444,Switzerland,101.76,96,1
22316,Netherlands,101.76,96,1
22217,Greece,101.76,96,1
21669,Israel,101.76,96,1
22674,Netherlands,101.76,96,1
22848,Italy,101.7,6,4
22354,Greece,101.7,30,1
22354,Israel,101.7,30,1
22847,Austria,101.7,6,3
22354,Finland,101.7,30,1
22847,Spain,101.7,6,6
22534,France,101.64,242,10
35004G,Australia,101.6,16,4
90018C,United Kingdom,101.51,24,18
71495B,United Kingdom,101.49,270,16
85216,EIRE,101.4,156,8
21987,Germany,101.4,156,11
21064,Iceland,101.4,36,3
21086,Italy,101.4,156,4
21381,Norway,101.4,60,1
84218,Australia,101.4,60,1
23493,Netherlands,101.4,52,3
85099F,Channel Islands,101.4,50,5
90125C,United Kingdom,101.35,92,10
23307,Australia,101.35,241,2
72369A,United Kingdom,101.29,67,15
22070,France,101.25,27,5
21224,Netherlands,101.25,81,4
23371,France,101.25,81,6
22254,France,101.25,81,8
21888,France,101.25,27,6
21912,France,101.25,27,5
23082,France,101.25,27,3
22094,Germany,101.16,180,7
22601,France,101.15,119,9
21042,Spain,101.15,17,4
21672,France,101.1,78,7
22377,France,101.0,60,7
79191C,Australia,100.92,156,2
84199,United Kingdom,100.92,458,71
85150,Denmark,100.8,48,1
72351B,EIRE,100.8,48,4
22956,Norway,100.8,48,4
21281,Netherlands,100.8,48,1
21280,Netherlands,100.8,48,1
22865,Sweden,100.8,48,4
22951,Denmark,100.8,240,2
21531,Australia,100.8,48,1
85053,Germany,100.8,48,6
22956,Germany,100.8,48,6
21535,Singapore,100.8,48,1
22632,Norway,100.8,48,3
21586,Germany,100.8,48,1
23308,Australia,100.8,240,2
85152,United Arab Emirates,100.8,48,3
21589,Switzerland,100.8,48,1
21509,France,100.8,240,18
21201,Korea,100.8,48,1
85050,United Kingdom,100.8,48,1
22380,Germany,100.8,48,8
22212,Switzerland,100.8,48,3
21328,France,100.65,61,6
22080,Japan,100.65,61,3
72821,United Kingdom,100.65,61,15
22079,Japan,100.65,61,3
90108,United Kingdom,100.63,85,19
22314,Italy,100.5,30,3
22312,Italy,100.5,30,4
22449,Spain,100.5,30,4
22311,Italy,100.5,30,4
23284,EIRE,100.5,14,3
84968d,United Kingdom,100.37,4,4
21933,Germany,100.35,49,7
23467,United Kingdom,100.34,26,10
75172,United Kingdom,100.31,97,11
22453,EIRE,100.3,34,5
90177C,United Kingdom,100.2,34,26
78027,United Kingdom,100.15,6,5
22385,Australia,100.1,50,4
22386,Belgium,100.1,50,5
22385,Portugal,100.1,50,5
85099B,Singapore,100.1,50,3
20712,Australia,100.1,50,5
20977,Switzerland,100.0,80,4
23108,Belgium,100.0,16,7
20977,Belgium,100.0,80,5
23091,EIRE,100.0,16,4
23077,Switzerland,100.0,80,3
22478,EIRE,100.0,80,8
23064,EIRE,99.9,2,1
84050,Netherlands,99.9,78,2
23486,EIRE,99.9,6,3
21300,Cyprus,99.9,2,1
23154,Spain,99.84,48,4
23214,Singapore,99.84,48,1
23215,Singapore,99.84,48,1
23158,Spain,99.84,48,3
23392,Sweden,99.84,48,1
23166,Netherlands,99.84,96,1
23348,Germany,99.84,48,7
23157,Switzerland,99.84,48,3
23159,Belgium,99.84,48,4
37444C,France,99.84,768,1
84879,Switzerland,99.71,59,5
23611,United Kingdom,99.6,40,16
23240,Denmark,99.6,24,2
23240,Finland,99.6,24,3
21929,Spain,99.58,51,6
35015,United Kingdom,99.52,1496,34
23173,Belgium,99.5,10,4
22767,Channel Islands,99.5,10,3
22768,Channel Islands,99.5,10,3
22220,Spain,99.5,10,4
23407,EIRE,99.5,10,4
23316,Germany,99.5,10,4
22968,Portugal,99.5,10,4
22832,France,99.5,10,1
23317,France,99.5,10,4
84465,United Kingdom,99.46,33,24
22758,EIRE,99.36,96,7
22405,EIRE,99.36,96,8
10123G,United Kingdom,99.32,1147,16
22804,Singapore,99.3,38,2
21733,Greece,99.3,38,2
20914,Switzerland,99.3,38,2
21871,France,99.3,66,6
22109,Switzerland,99.24,28,2
90214R,United Kingdom,99.23,97,54
23464,United Kingdom,99.2,18,8
35824C,United Kingdom,99.17,223,7
84559a,United Kingdom,99.08,59,42
37345,United Kingdom,99.05,41,8
22243,Sweden,99.0,60,3
21116,EIRE,99.0,20,5
22720,Spain,99.0,20,7
22242,Denmark,99.0,60,2
22384,Belgium,99.0,60,5
84944,Australia,99.0,60,1
21584,Channel Islands,99.0,60,3
20727,Channel Islands,99.0,60,6
23184,Norway,99.0,20,3
23206,Switzerland,99.0,60,5
23243,Italy,99.0,20,5
21622,Australia,99.0,20,3
21197,Germany,99.0,60,5
22195,Iceland,99.0,60,4
23243,Poland,99.0,20,4
22557,Singapore,99.0,60,3
21731,Spain,99.0,60,5
22493,France,99.0,60,3
22505,Switzerland,99.0,20,4
22198,Italy,99.0,60,3
79320,EIRE,99.0,20,2
20725,RSA,99.0,60,2
22469,Channel Islands,99.0,60,5
22861,Japan,99.0,60,2
22076,Germany,99.0,60,5
22077,Channel Islands,99.0,60,5
23066,France,99.0,12,4
22860,Switzerland,99.0,60,1
21216,Finland,99.0,20,5
23301,Australia,99.0,60,3
23170,Belgium,99.0,60,5
23049,EIRE,99.0,12,6
23206,Belgium,99.0,60,6
21173,EIRE,99.0,60,2
22430,Germany,99.0,20,5
23080,Norway,99.0,12,1
22136,Germany,99.0,60,5
22861,Germany,99.0,60,2
22736,Germany,99.0,60,5
20728,RSA,99.0,60,1
23209,Belgium,99.0,60,6
23243,Belgium,99.0,20,5
22557,Channel Islands,99.0,60,5
21622,France,99.0,20,5
22557,Austria,99.0,60,5
23355,Portugal,99.0,20,2
21770,France,99.0,20,8
21448,EIRE,99.0,60,5
23273,EIRE,99.0,60,5
22557,Spain,99.0,60,8
22500,Spain,99.0,20,3
22382,Channel Islands,99.0,60,6
23052,Switzerland,99.0,12,2
23050,Switzerland,99.0,12,2
22285,France,99.0,60,4
23081,France,99.0,12,1
20726,Austria,99.0,60,4
22652,Norway,99.0,60,3
21708,Switzerland,99.0,20,1
22185,Channel Islands,99.0,60,3
22111,Spain,99.0,20,6
21266,United Kingdom,98.9,23,9
22346,Netherlands,98.9,290,3
84575A,United Kingdom,98.8,24,13
21929,Belgium,98.8,50,5
23293,Spain,98.8,136,2
20713,Belgium,98.8,50,4
21843,Cyprus,98.55,9,5
90163B,United Kingdom,98.45,13,9
47591D,Norway,98.1,58,2
47590B,Spain,98.1,18,5
21245,Switzerland,98.02,58,7
22743,EIRE,97.98,42,6
35610A,United Kingdom,97.94,136,12
21208,France,97.92,96,8
84705D,United Kingdom,97.9,22,15
22635,Portugal,97.85,11,2
23316,Iceland,97.8,12,1
23316,Netherlands,97.8,12,1
82486,Spain,97.8,12,1
21428,France,97.75,23,6
22751,EIRE,97.5,26,7
22726,Spain,97.5,26,8
90150,United Kingdom,97.5,13,8
22663,Belgium,97.5,50,5
21591,EIRE,97.5,78,4
20719,Israel,97.5,130,4
20712,Austria,97.5,50,3
22355,Australia,97.5,130,3
85049G,Spain,97.5,78,8
22872,Netherlands,97.5,50,2
22875,Netherlands,97.5,50,2
23570,France,97.5,78,7
20969,Spain,97.5,26,6
20682,Singapore,97.5,30,3
22128,Germany,97.5,78,6
21982,EIRE,97.44,336,11
22556,Portugal,97.35,59,10
90067A,United Kingdom,97.24,33,16
21668,Spain,97.2,72,5
22119,Singapore,97.05,15,2
22110,Switzerland,97.05,43,4
22546,Australia,96.9,265,3
22340,EIRE,96.84,132,6
21166,Portugal,96.72,48,4
21166,Channel Islands,96.72,48,4
22924,Portugal,96.6,132,2
21749,France,96.6,46,7
17007B,United Kingdom,96.6,46,8
22358,Germany,96.6,36,3
22956,EIRE,96.6,46,4
22922,Portugal,96.6,132,2
22923,France,96.6,132,2
20861,United Kingdom,96.6,46,18
90214G,United Kingdom,96.58,104,51
84596F,EIRE,96.48,120,4
35607A,United Kingdom,96.01,436,29
22960,Switzerland,96.0,24,3
22332,Sweden,96.0,64,3
22940,Channel Islands,96.0,24,3
22178,France,96.0,60,2
21089,United Kingdom,95.96,289,38
90089,United Kingdom,95.84,117,28
85132b,United Kingdom,95.84,10,10
22818,France,95.76,228,9
22287,EIRE,95.76,168,4
22028,EIRE,95.76,228,18
17084J,United Kingdom,95.76,456,20
22739,France,95.7,58,8
90141A,United Kingdom,95.61,18,17
22622,Hong Kong,95.6,8,2
90103,United Kingdom,95.55,38,29
21533,Channel Islands,95.55,21,3
23304,United Kingdom,95.55,49,7
21527,USA,95.4,12,2
21630,Netherlands,95.4,12,1
22947,Netherlands,95.4,12,1
22443,Switzerland,95.4,12,1
22794,EIRE,95.4,12,5
84891B,United Kingdom,95.4,12,7
21257,Germany,95.4,12,4
20749,Finland,95.4,12,3
22442,Switzerland,95.4,12,1
84795C,EIRE,95.4,12,4
48116,Switzerland,95.3,14,3
22615,Germany,95.28,312,9
85047,EIRE,95.25,15,5
21432,Finland,95.2,16,3
22281,EIRE,95.2,16,6
22927,EIRE,95.2,16,6
22927,Singapore,95.2,16,2
84762B,Singapore,95.2,16,1
23288,Germany,95.2,112,11
21351,Singapore,95.2,16,1
23310,Belgium,95.04,252,3
22731,Germany,95.0,76,3
22525,Germany,95.0,76,6
22442,Portugal,94.95,21,6
72606A,United Kingdom,94.92,226,18
22151,France,94.92,226,6
84997A,Austria,94.8,24,3
23092,EIRE,94.8,12,6
23196,Switzerland,94.8,72,3
21876,EIRE,94.8,72,6
21491,France,94.8,56,3
21673,Spain,94.8,72,4
23092,Channel Islands,94.8,12,3
22410,EIRE,94.68,84,7
21135,Belgium,94.64,56,5
21243,Austria,94.64,56,3
21244,EIRE,94.64,56,4
84879,Greece,94.64,56,5
23578,United Kingdom,94.52,44,12
16169D,United Kingdom,94.5,225,8
21578,Belgium,94.5,42,7
16169E,Germany,94.5,225,9
21906,Portugal,94.5,14,5
22785,Australia,94.5,14,4
21579,Germany,94.5,42,5
22051,Portugal,94.5,225,8
22748,Spain,94.5,45,7
21495,Germany,94.5,225,5
20685,Norway,94.48,12,6
20764,Germany,94.4,32,1
22697,Spain,94.4,32,6
20762,Germany,94.4,32,1
22766,Channel Islands,94.4,32,4
21398,Germany,94.32,84,7
23479,EIRE,94.2,12,5
85036C,EIRE,94.08,24,2
23308,France,94.05,171,9
21479,Norway,94.0,24,4
21428,Portugal,94.0,24,3
84388,United Kingdom,93.99,73,25
23132,EIRE,93.9,18,3
21595,United Kingdom,93.89,11,11
23211,France,93.75,75,5
22071,Germany,93.75,25,4
85049G,Switzerland,93.75,75,6
21051,Greece,93.72,54,2
22509,Cyprus,93.7,6,2
22509,Belgium,93.7,6,3
22630,Austria,93.6,48,4
22492,Portugal,93.6,144,3
22869,Netherlands,93.6,48,1
22871,Netherlands,93.6,48,1
22876,Netherlands,93.6,48,1
22631,Norway,93.6,48,4
21090,Australia,93.6,240,1
22629,Israel,93.6,48,3
47503K,EIRE,93.6,48,3
22575,France,93.6,48,5
85030,Poland,93.6,48,2
22870,Netherlands,93.6,48,1
22868,Netherlands,93.6,48,1
22434,Denmark,93.6,48,2
22223,France,93.6,48,2
22813,Australia,93.6,48,2
21143,EIRE,93.6,48,3
21143,France,93.6,48,3
22492,Iceland,93.6,144,4
22873,Netherlands,93.6,48,1
22877,Netherlands,93.6,48,1
22074,Netherlands,93.6,144,1
21902,EIRE,93.6,144,4
23582,France,93.6,45,5
22821,Germany,93.6,144,9
22813,EIRE,93.6,48,4
22874,Netherlands,93.6,48,1
23360,Germany,93.6,48,4
85027L,Poland,93.6,48,2
22812,Australia,93.6,48,1
21156,Spain,93.6,48,6
84212,Switzerland,93.6,144,3
22659,Switzerland,93.6,48,4
22207,United Arab Emirates,93.5,22,3
90214D,United Kingdom,93.37,103,53
22716,Netherlands,93.3,253,6
21126,EIRE,93.24,108,6
22374,Netherlands,93.2,16,3
47566B,Netherlands,93.0,20,2
84924D,France,93.0,372,1
84913A,EIRE,93.0,20,3
23084,Denmark,92.88,48,3
17084A,United Kingdom,92.82,442,18
22493,Netherlands,92.7,62,3
22365,Cyprus,92.64,12,3
21790,Singapore,92.64,120,3
22378,Sweden,92.6,56,6
21915,Switzerland,92.5,74,7
22732,EIRE,92.5,74,4
21124,Portugal,92.5,74,4
21977,Channel Islands,92.4,168,7
22055,Poland,92.4,56,5
21431,France,92.4,56,7
85038,EIRE,92.4,44,3
22334,France,92.4,56,3
84519A,EIRE,92.25,33,5
23477,United Kingdom,92.22,67,10
84753A,United Kingdom,92.17,97,24
23294,Spain,92.16,128,1
22623,Switzerland,92.1,18,5
20749,Norway,92.1,14,2
90118,United Kingdom,92.09,36,28
21082,EIRE,92.04,132,4
21343,United Kingdom,92.0,20,3
48189,EIRE,91.98,14,3
90104,United Kingdom,91.88,110,51
21286,Germany,91.8,36,3
22352,Austria,91.8,36,5
21738,Netherlands,91.8,36,1
22322,Germany,91.8,108,6
23341,Australia,91.8,12,1
22937,Spain,91.8,36,4
22621,France,91.8,60,5
22807,Australia,91.8,36,1
23311,Germany,91.8,36,5
22193,Denmark,91.8,12,1
21559,Spain,91.8,36,6
22245,EIRE,91.8,108,7
22215,Australia,91.8,12,1
22194,Germany,91.8,12,1
21561,Austria,91.8,36,4
22110,France,91.8,36,4
22467,Norway,91.8,36,5
22777,Germany,91.8,12,1
22584,Italy,91.8,36,5
85173,France,91.8,36,3
84006,Germany,91.8,108,4
22908,Switzerland,91.8,108,5
84458,United Kingdom,91.8,108,18
23341,Singapore,91.8,12,1
20983,Germany,91.8,108,9
22193,Israel,91.8,12,1
85017B,Japan,91.8,108,3
22191,Singapore,91.8,12,1
22496,Germany,91.8,36,1
21094,Channel Islands,91.8,108,7
21201,France,91.8,36,3
22857,Japan,91.8,108,2
21482,Switzerland,91.8,36,1
21719,France,91.8,108,9
22171,Greece,91.8,12,1
35961,EIRE,91.8,108,5
21091,France,91.8,108,6
22908,Belgium,91.8,108,8
22583,Spain,91.8,36,5
21286,Spain,91.8,36,3
85150,Channel Islands,91.8,36,3
20794,EIRE,91.8,36,3
22804,Switzerland,91.8,36,1
21531,Portugal,91.8,36,6
21078,Germany,91.8,108,9
23203,Spain,91.52,44,6
84029G,France,91.5,22,4
22744,France,91.45,31,6
22495,France,91.45,31,6
22697,Germany,91.45,31,6
84792,Israel,91.44,24,1
90177B,United Kingdom,91.38,31,19
21172,Spain,91.35,63,6
21539,Netherlands,91.35,21,2
90168,United Kingdom,91.32,31,23
21875,Germany,91.32,84,2
21135,Spain,91.26,54,8
21395,Finland,91.26,162,5
21446,Germany,91.25,73,4
21447,Germany,91.25,73,4
20985,EIRE,91.25,73,6
90112,United Kingdom,91.25,84,21
22963,Netherlands,91.22,122,5
84970L,Germany,91.2,96,7
90169,United Kingdom,91.19,36,24
22614,France,91.06,314,11
51014L,EIRE,90.96,120,6
22173,Spain,90.95,33,2
21109,EIRE,90.9,22,4
20771,Germany,90.9,42,2
22956,Portugal,90.9,49,2
22174,Switzerland,90.84,60,2
22374,Australia,90.8,16,2
84050,Unspecified,90.75,55,4
84050,EIRE,90.75,55,8
22551,Portugal,90.75,55,8
22540,Belgium,90.72,216,6
21519,Spain,90.72,216,13
22531,EIRE,90.72,216,7
22712,France,90.72,216,17
22596,Singapore,90.6,84,2
84992,Portugal,90.55,193,5
48188,Cyprus,90.5,14,3
79026B,United Kingdom,90.5,70,38
23354,France,90.47,109,7
90039C,United Kingdom,90.46,24,13
85195,United Kingdom,90.4,42,15
22895,EIRE,90.3,30,4
20724,Spain,90.1,106,7
22646,Netherlands,90.0,72,1
21889,Portugal,90.0,72,6
20972,Singapore,90.0,72,2
22725,Iceland,90.0,24,5
22218,Greece,90.0,24,1
84509G,Unspecified,90.0,24,2
72815,EIRE,90.0,24,2
22201,Norway,90.0,24,1
23507,Australia,90.0,250,1
22073,EIRE,90.0,24,5
22725,Switzerland,90.0,24,5
23510,Australia,90.0,250,1
20658,France,90.0,72,6
23076,Germany,90.0,72,3
23266,EIRE,90.0,72,6
20658,EIRE,90.0,72,5
22728,Switzerland,90.0,24,4
47503G,EIRE,90.0,72,5
21648,Germany,90.0,72,3
23112,Germany,90.0,12,4
21354,France,90.0,72,5
22072,Italy,90.0,24,5
23211,EIRE,90.0,72,3
23076,Portugal,90.0,72,2
23423,EIRE,90.0,24,3
21467,Germany,90.0,24,2
22202,France,90.0,24,4
21122,Belgium,90.0,72,3
21213,Australia,90.0,192,4
23076,Finland,90.0,72,1
21430,Belgium,90.0,24,5
84978,Channel Islands,90.0,72,6
37495,Spain,90.0,24,6
22982,EIRE,90.0,72,5
22892,EIRE,90.0,72,6
22107,Unspecified,90.0,24,2
22071,EIRE,90.0,24,3
21124,Belgium,90.0,72,3
21873,EIRE,90.0,72,6
23498,Netherlands,90.0,72,1
23292,Switzerland,90.0,72,4
22105,EIRE,90.0,24,1
23229,Switzerland,90.0,24,4
20695,Netherlands,90.0,24,1
23264,EIRE,90.0,72,6
22550,Netherlands,90.0,24,4
21121,Norway,90.0,72,2
20675,EIRE,90.0,72,6
20677,Austria,90.0,72,5
21820,EIRE,90.0,24,3
21218,Switzerland,90.0,24,3
21888,Belgium,90.0,24,5
22732,Germany,90.0,72,3
22294,United Arab Emirates,90.0,72,3
22979,Netherlands,90.0,72,1
22727,Switzerland,90.0,24,4
23213,France,90.0,72,6
37495,France,90.0,24,6
22570,Germany,90.0,24,4
21123,Australia,90.0,72,2
22560,Norway,90.0,72,3
85028S,Poland,90.0,72,2
21212,Denmark,90.0,192,4
71270,Italy,90.0,72,3
22550,France,90.0,24,6
22299,EIRE,90.0,72,3
22435,Germany,90.0,72,6
22435,Sweden,90.0,72,3
21355,France,90.0,72,5
21121,Channel Islands,90.0,72,3
23275,Spain,90.0,72,4
22670,EIRE,90.0,72,6
21212,Italy,90.0,192,4
20652,Denmark,90.0,600,1
22299,France,90.0,72,2
20971,Singapore,90.0,72,2
84029E,Spain,90.0,24,5
21126,Germany,90.0,72,5
23351,France,90.0,72,5
21947,Hong Kong,90.0,72,4
21889,Spain,90.0,72,6
20677,EIRE,90.0,72,6
84509B,Unspecified,90.0,24,2
84581,Portugal,90.0,24,4
22109,Cyprus,90.0,24,3
21358,France,90.0,72,4
22435,Denmark,90.0,72,2
23290,Switzerland,90.0,72,4
22892,Switzerland,90.0,72,3
22109,Unspecified,90.0,24,2
23574,United Kingdom,90.0,12,12
21914,Portugal,90.0,72,6
84279B,France,90.0,24,5
22199,Norway,90.0,24,1
22728,Norway,90.0,24,4
21993,Australia,90.0,72,2
22200,Norway,90.0,24,1
84990,EIRE,90.0,192,3
22670,Denmark,90.0,72,2
22399,Israel,90.0,72,2
21972,Germany,89.9,62,5
72750B,EIRE,89.9,42,4
22949,France,89.9,62,6
21165,Denmark,89.88,60,2
21284,Switzerland,89.88,60,2
22504,Channel Islands,89.85,3,2
22504,Spain,89.85,3,3
22504,Portugal,89.85,3,2
22471,Germany,89.85,23,5
22503,Netherlands,89.85,3,2
23008,United Arab Emirates,89.7,6,1
22797,Channel Islands,89.7,6,1
22770,EIRE,89.7,6,3
23009,Spain,89.7,6,1
21768,Channel Islands,89.7,6,3
23010,Austria,89.7,6,1
23009,United Arab Emirates,89.7,6,1
23007,Spain,89.7,6,1
23008,Germany,89.7,6,1
21628,EIRE,89.7,6,2
22770,Belgium,89.7,6,2
23007,United Arab Emirates,89.7,6,1
23007,Austria,89.7,6,1
21476,Switzerland,89.7,6,1
16254,United Kingdom,89.66,77,40
23354,Germany,89.64,108,9
23455,EIRE,89.64,36,1
23122,Hong Kong,89.64,108,1
23234,Switzerland,89.64,36,1
35271S,United Kingdom,89.58,439,22
21360,EIRE,89.55,9,3
85132A,EIRE,89.55,9,5
17013C,United Kingdom,89.46,213,2
23581,Germany,89.44,43,5
22148,Germany,89.4,52,2
23171,Switzerland,89.4,60,2
23170,Switzerland,89.4,60,2
23019,Netherlands,89.4,12,1
84459B,EIRE,89.4,60,5
37447,EIRE,89.4,60,4
22498,Finland,89.25,15,2
21754,Italy,89.25,15,3
85065,Channel Islands,89.25,7,3
22218,Spain,89.25,21,5
23494,Switzerland,89.25,15,2
22580,Italy,89.25,15,2
20679,Norway,89.25,15,2
85014A,Lithuania,89.25,15,2
85014A,Spain,89.25,15,4
23020,Singapore,89.2,8,1
22123,Germany,89.16,60,5
22371,France,89.15,19,7
84819,Germany,89.14,34,5
22223,Finland,89.1,18,4
22721,Denmark,89.1,18,1
23411,EIRE,89.1,18,3
22720,Belgium,89.1,18,6
21770,United Arab Emirates,89.1,18,2
22223,Germany,89.1,18,5
23404,EIRE,89.1,18,3
21813,France,89.1,18,2
21533,Italy,89.1,18,6
85232D,France,89.1,18,6
21246,Switzerland,89.1,18,3
23115,Germany,89.1,18,3
84050,Germany,89.1,54,7
22507,France,89.1,18,6
22505,France,89.1,18,5
22859,Australia,89.1,54,2
35241,France,89.1,18,4
23031,EIRE,89.1,54,7
22139,Belgium,89.1,18,6
47505,France,89.1,18,5
22325,France,89.1,18,4
23367,France,89.05,137,10
22052,Australia,89.0,250,2
20724,Israel,89.0,120,3
22048,EIRE,89.0,250,3
22709,EIRE,89.0,250,3
84997D,Sweden,88.9,22,4
22845,Poland,88.9,14,5
21908,Portugal,88.8,48,1
21907,Switzerland,88.8,48,1
23013,EIRE,88.8,24,4
21314,Greece,88.8,48,1
21749,Norway,88.8,48,1
23012,EIRE,88.8,24,3
21285,Switzerland,88.8,48,1
23241,Japan,88.8,48,1
23501,France,88.75,71,5
90059D,United Kingdom,88.63,53,39
22075,Germany,88.56,72,4
21705,EIRE,88.56,72,5
22610,EIRE,88.56,216,6
21403,EIRE,88.56,348,12
22084,Channel Islands,88.5,30,2
21891,Spain,88.5,66,6
22413,Germany,88.5,30,5
21452,EIRE,88.5,30,3
22089,Netherlands,88.5,30,2
84676,France,88.5,30,4
22313,Italy,88.5,30,3
22698,France,88.5,30,5
22413,Portugal,88.5,30,5
22317,Germany,88.5,30,5
22317,EIRE,88.5,30,4
22090,Channel Islands,88.5,30,4
21249,Switzerland,88.5,30,3
90162C,United Kingdom,88.5,30,14
21041,Germany,88.5,30,5
21612,EIRE,88.5,30,5
21261,Netherlands,88.5,30,2
22666,Italy,88.5,30,4
22483,Portugal,88.5,30,5
90162D,United Kingdom,88.5,30,16
22089,Channel Islands,88.5,30,4
85054,EIRE,88.5,30,4
21424,Belgium,88.5,30,4
22274,Italy,88.5,30,4
21452,Switzerland,88.5,30,2
22453,Germany,88.5,30,5
22445,Switzerland,88.5,30,3
22804,Netherlands,88.5,30,4
15044D,EIRE,88.5,30,4
22176,Spain,88.5,30,3
22271,France,88.5,30,4
22743,Switzerland,88.5,30,4
22176,Netherlands,88.5,30,2
21262,EIRE,88.5,30,2
22311,EIRE,88.5,30,4
22742,France,88.5,30,5
21937,Greece,88.5,30,4
15044D,Germany,88.5,30,4
22699,Iceland,88.5,30,3
22470,Channel Islands,88.5,30,4
21253,EIRE,88.5,30,3
22087,Germany,88.5,30,2
47556B,Cyprus,88.5,30,2
37450,Spain,88.5,30,3
22698,Cyprus,88.5,30,4
37450,Unspecified,88.5,30,3
21481,Australia,88.5,30,5
22807,EIRE,88.5,30,5
22089,France,88.5,30,5
22063,EIRE,88.5,30,5
21974,France,88.45,61,6
85177,EIRE,88.4,104,5
23285,Germany,88.4,104,11
21239,Spain,88.4,104,4
21240,Spain,88.4,104,4
47592A,France,88.2,42,4
22519,EIRE,88.2,42,7
21051,Portugal,88.2,42,4
22144,Spain,88.2,42,5
47599A,EIRE,88.2,42,5
21392,Germany,88.2,42,6
22899,Belgium,88.2,42,6
22514,EIRE,88.2,42,7
35953,France,88.08,120,4
35638A,United Kingdom,88.05,39,6
71495A,United Kingdom,87.96,225,20
84932C,France,87.9,35,5
84596e,United Kingdom,87.85,35,22
22024,Australia,87.84,240,4
21509,Australia,87.84,240,4
22027,Australia,87.84,240,4
20835,United Kingdom,87.84,69,10
22716,Australia,87.84,240,4
22764,Germany,87.8,4,1
84721,United Kingdom,87.8,20,2
21277,Germany,87.8,4,3
22764,Channel Islands,87.8,4,1
22769,Channel Islands,87.8,4,1
22783,EIRE,87.75,5,2
40018F,France,87.75,45,5
22282,Netherlands,87.6,8,1
21716,Australia,87.6,40,2
21715,Australia,87.6,40,2
20966,Switzerland,87.5,70,4
23094,EIRE,87.5,7,3
20718,Israel,87.5,70,2
20961,EIRE,87.5,70,6
21949,Hong Kong,87.5,70,4
21219,Germany,87.5,70,7
22079,Spain,87.45,53,6
23241,Germany,87.36,42,7
23442,United Kingdom,87.36,42,10
23241,Belgium,87.36,42,7
37462B,United Kingdom,87.28,170,32
23145,Netherlands,87.24,108,2
21881,Germany,87.12,168,12
44242B,United Kingdom,87.05,77,7
35822B,United Kingdom,87.02,229,1
22961,Spain,87.0,60,5
84988,Finland,87.0,60,2
22961,Japan,87.0,60,1
23497,EIRE,87.0,60,5
21655,Portugal,87.0,60,1
22549,Italy,87.0,60,4
22646,Poland,87.0,60,5
21210,Channel Islands,87.0,60,5
22961,Denmark,87.0,60,4
22949,Germany,87.0,60,5
22979,Poland,87.0,60,5
84988,Channel Islands,87.0,60,4
22950,France,87.0,60,3
21211,France,87.0,60,3
35265,United Kingdom,86.95,22,17
22545,Australia,86.82,241,2
22049,EIRE,86.75,275,8
22521,EIRE,86.7,102,9
90088,United Kingdom,86.7,101,14
23109,France,86.7,30,2
22522,EIRE,86.7,102,9
23024,Australia,86.7,30,2
22161,EIRE,86.58,354,6
23614,United Kingdom,86.58,26,11
22915,Australia,86.4,240,2
21708,France,86.4,32,3
22546,Austria,86.4,240,1
22541,Australia,86.4,240,1
20675,RSA,86.32,80,2
22233,Germany,86.28,60,4
84424A,United Kingdom,86.25,23,10
84821,EIRE,86.16,120,7
23084,Poland,85.92,48,1
23419,Netherlands,85.92,48,1
23418,Netherlands,85.92,48,1
90012B,United Kingdom,85.9,17,6
84970S,Germany,85.85,101,8
22469,Switzerland,85.8,52,6
21326,Cyprus,85.8,132,4
22074,EIRE,85.8,52,4
21086,Switzerland,85.8,132,5
85180A,EIRE,85.8,36,3
21506,EIRE,85.68,204,13
22027,Germany,85.68,204,15
35913B,United Kingdom,85.59,92,26
46000S,France,85.55,59,8
21166,France,85.54,42,7
47570B,France,85.2,8,4
21351,EIRE,85.2,24,4
21153,Germany,85.2,8,4
85099c,United Kingdom,85.17,17,10
35922,Greece,85.0,20,1
22524,Germany,85.0,68,6
22844,Switzerland,85.0,10,3
22852,EIRE,85.0,20,5
22376,EIRE,85.0,20,4
20663,France,85.0,500,1
22429,Australia,85.0,20,3
90026D,United Kingdom,85.0,10,8
23342,EIRE,85.0,10,4
20724,Sweden,85.0,100,6
22192,Finland,85.0,10,4
22941,Norway,85.0,10,2
22429,Germany,85.0,20,5
22627,Channel Islands,85.0,10,3
35838B,United Kingdom,85.0,100,25
90183B,United Kingdom,84.89,29,25
17027A,United Kingdom,84.84,228,2
84820,France,84.8,16,3
46775B,United Kingdom,84.75,5,4
22509,Channel Islands,84.75,5,4
22848,Spain,84.75,5,5
22797,France,84.75,5,3
72800E,France,84.66,54,4
21556,France,84.6,36,3
22902,Japan,84.5,50,1
22278,Portugal,84.15,17,6
22913,EIRE,84.15,17,4
22611,Germany,84.15,17,3
21982,France,84.1,290,9
84997C,Channel Islands,84.1,22,3
84997D,Channel Islands,84.1,22,3
23456,EIRE,84.1,22,2
84692,Norway,84.0,200,4
21498,Spain,84.0,200,8
16156S,EIRE,84.0,200,8
16161U,EIRE,84.0,200,7
48185,Belgium,84.0,12,2
47599B,Germany,84.0,40,7
22046,Germany,84.0,200,8
22955,EIRE,84.0,40,3
48188,Belgium,84.0,12,2
21314,EIRE,84.0,40,5
23303,United Kingdom,83.85,43,4
37447,Portugal,83.84,64,3
21155,Portugal,83.7,36,5
85090,EIRE,83.7,18,5
84843,Japan,83.7,18,1
84031A,Italy,83.7,18,3
22622,Switzerland,83.6,8,3
22841,Greece,83.4,12,1
15058B,EIRE,83.4,12,2
22366,EIRE,83.4,12,2
21777,Greece,83.4,12,1
21625,France,83.4,12,1
22840,Greece,83.4,12,1
85048,Singapore,83.4,12,1
84658,EIRE,83.4,12,2
22016,United Kingdom,83.33,1,1
22121,Singapore,83.25,15,2
21576,France,83.25,37,8
23159,Portugal,83.2,40,4
21111,EIRE,83.1,42,4
20816,United Kingdom,83.1,18,6
21992,Portugal,83.1,42,5
85054,Switzerland,83.1,42,3
21108,Spain,83.07,45,4
21108,Belgium,83.07,45,3
23390,Belgium,83.0,20,5
23130,EIRE,83.0,20,4
82484,France,82.95,11,3
22113,Portugal,82.85,21,5
90176D,United Kingdom,82.81,11,7
72779,United Kingdom,82.81,49,16
21488,Netherlands,82.8,24,1
21484,Norway,82.8,24,1
21488,Switzerland,82.8,24,1
22025,Australia,82.8,228,3
22028,Australia,82.8,228,4
22331,Hong Kong,82.8,56,2
22722,Brazil,82.8,24,1
22333,Hong Kong,82.8,56,2
21508,Australia,82.8,228,4
84030C,United Kingdom,82.78,21,6
23286,Australia,82.72,112,2
23285,Australia,82.72,112,2
23287,Australia,82.72,112,2
90189A,United Kingdom,82.64,11,8
84674,France,82.6,28,4
22224,France,82.6,28,4
47598,United Kingdom,82.52,126,31
90130A,United Kingdom,82.51,28,16
20726,Hong Kong,82.5,50,3
22738,Channel Islands,82.5,50,4
23052,Hong Kong,82.5,10,2
20728,Channel Islands,82.5,50,5
16161G,United Kingdom,82.5,825,27
23052,EIRE,82.5,10,5
23051,Switzerland,82.5,10,2
22735,EIRE,82.5,50,4
22383,Channel Islands,82.5,50,5
22738,EIRE,82.5,50,5
22127,Spain,82.5,66,6
20970,Spain,82.5,22,6
20727,Canada,82.5,50,1
23207,Switzerland,82.5,50,4
23053,Hong Kong,82.5,10,2
23206,Italy,82.5,50,2
23049,Switzerland,82.5,10,2
21935,Spain,82.5,50,4
23080,EIRE,82.5,10,4
23081,EIRE,82.5,10,3
90069,United Kingdom,82.5,11,5
23208,Belgium,82.5,50,5
84415B,United Kingdom,82.5,22,7
22365,Singapore,82.48,12,2
21669,Norway,82.2,60,4
21672,Switzerland,82.2,60,4
22489,Belgium,82.08,216,4
84251B,United Kingdom,81.98,297,61
90214H,United Kingdom,81.96,88,58
22691,Germany,81.9,10,3
85099F,Portugal,81.9,40,3
22433,Sweden,81.9,42,4
22630,Portugal,81.9,42,5
22432,Australia,81.9,42,3
22433,Australia,81.9,42,3
21077,Switzerland,81.84,120,2
84251F,United Kingdom,81.69,329,49
22458,EIRE,81.6,32,4
22418,Hong Kong,81.6,96,2
21238,Spain,81.6,96,4
23285,Sweden,81.6,96,1
21716,Portugal,81.6,32,4
23287,Sweden,81.6,96,1
22948,EIRE,81.6,96,4
23288,Sweden,81.6,96,1
22348,Singapore,81.6,96,2
21348,EIRE,81.6,32,1
22523,Australia,81.6,96,1
22245,Japan,81.6,96,2
22418,Spain,81.6,96,4
22600,EIRE,81.6,96,7
22352,Portugal,81.6,32,6
10002,Spain,81.6,96,4
22459,EIRE,81.6,32,4
22741,Spain,81.6,96,2
84971S,Channel Islands,81.6,96,4
21288,EIRE,81.6,32,1
21581,Netherlands,81.6,96,1
22348,Switzerland,81.6,96,3
20794,Germany,81.6,32,4
22740,Switzerland,81.6,96,1
21094,Belgium,81.6,96,7
22602,EIRE,81.6,96,7
21092,France,81.6,96,2
23286,Sweden,81.6,96,1
22896,Netherlands,81.6,32,4
79000,Germany,81.6,96,3
21078,France,81.6,96,5
85189,EIRE,81.6,96,4
22651,Japan,81.6,96,1
85177,Japan,81.6,96,1
35610C,United Kingdom,81.56,94,8
22530,France,81.48,194,8
22372,France,81.4,20,3
22569,Norway,81.36,24,1
82001S,EIRE,81.36,24,1
21913,Australia,81.36,24,1
22612,Germany,81.36,24,1
22070,Channel Islands,81.36,24,1
20694,Netherlands,81.36,24,1
21430,Brazil,81.36,24,1
22570,Norway,81.36,24,1
22592,Lithuania,81.36,24,1
71053,Germany,81.36,24,1
22072,Switzerland,81.36,24,1
20718,Portugal,81.25,65,6
23350,France,81.25,65,6
37446,Poland,81.2,56,6
22396,France,81.13,111,11
21242,EIRE,81.12,48,6
84800L,EIRE,81.12,48,1
21833,Denmark,81.12,48,4
82600,Denmark,81.12,48,1
21244,Switzerland,81.12,48,5
21191,Australia,81.12,48,1
35970,Channel Islands,81.12,48,3
11001,Germany,81.12,48,3
21284,France,81.12,48,3
21051,Switzerland,81.12,48,1
21697,France,81.12,48,1
21136,Greece,81.12,48,4
21242,Belgium,81.12,48,5
21195,Netherlands,81.12,48,1
21135,Portugal,81.12,48,2
21245,EIRE,81.12,48,3
16201B,United Kingdom,81.1,34,5
21906,United Arab Emirates,81.0,12,2
21906,Lebanon,81.0,12,1
79323P,Denmark,81.0,12,1
21906,EIRE,81.0,12,4
21115,Norway,81.0,12,2
79341,EIRE,81.0,12,1
84839,Channel Islands,81.0,12,4
21155,Spain,81.0,36,3
22195,Germany,80.85,49,4
90121B,United Kingdom,80.75,19,9
22207,France,80.75,19,6
84437A,United Kingdom,80.75,94,19
21004,EIRE,80.75,19,5
85132C,Netherlands,80.75,25,3
85132A,Netherlands,80.75,25,3
22690,Italy,80.7,10,3
22534,Switzerland,80.64,192,5
84993A,EIRE,80.64,192,7
22534,Belgium,80.64,192,6
22539,Belgium,80.64,192,7
22537,Germany,80.64,192,6
22535,Germany,80.64,192,6
84596I,United Kingdom,80.62,72,11
22386,Singapore,80.6,40,2
22385,Singapore,80.6,40,2
17011E,United Kingdom,80.6,124,1
20712,Spain,80.6,40,4
21055,Italy,80.55,9,2
21056,Germany,80.55,9,2
20719,Australia,80.5,110,2
22450,France,80.4,24,4
21481,Portugal,80.4,24,3
DCGS0069,United Kingdom,80.31,5,5
84991,Unspecified,80.3,146,5
22062,Germany,80.22,66,4
90214N,United Kingdom,80.2,82,47
22114,Portugal,80.2,20,4
48185,Channel Islands,80.1,10,4
21155,France,80.1,33,5
20979,Portugal,80.0,64,4
20676,RSA,80.0,64,2
21126,Spain,80.0,64,7
85178,Germany,80.0,64,3
20675,Austria,80.0,64,4
35910A,United Kingdom,79.95,41,11
85015,Germany,79.95,85,6
21769,EIRE,79.95,1,1
22803,EIRE,79.9,2,2
21764,Cyprus,79.9,2,1
84823,Channel Islands,79.9,2,1
84078A,Channel Islands,79.9,2,1
84078A,Cyprus,79.9,2,1
84816,Channel Islands,79.9,2,1
84078A,Sweden,79.9,2,1
22595,France,79.9,94,7
21474,Switzerland,79.8,4,1
47599B,Portugal,79.8,38,2
20984,Australia,79.8,252,2
21473,Switzerland,79.8,4,1
22878,Netherlands,79.8,38,2
22646,Spain,79.75,55,7
23163,France,79.68,32,4
23474,Germany,79.68,96,6
23473,Germany,79.68,96,6
22210,Netherlands,79.68,96,1
20892,Greece,79.6,8,1
22622,Australia,79.6,8,2
23316,Switzerland,79.6,8,2
22634,Italy,79.6,8,3
22180,Finland,79.6,8,1
22635,Italy,79.6,8,3
22221,Spain,79.6,8,3
22890,EIRE,79.6,8,3
23317,Switzerland,79.6,8,2
22177,Spain,79.6,8,2
21784,Spain,79.6,8,2
22968,Channel Islands,79.6,8,2
21340,France,79.6,8,1
22180,Belgium,79.6,8,3
23173,Germany,79.6,8,4
90206A,United Kingdom,79.6,16,12
72760B,Channel Islands,79.6,8,2
37449,Poland,79.6,8,3
72760B,Cyprus,79.6,8,2
22782,Poland,79.6,8,1
22829,EIRE,79.6,8,3
23173,Malta,79.6,8,1
22841,Switzerland,79.5,10,3
48185,Switzerland,79.5,10,2
90036E,EIRE,79.5,10,1
20750,Denmark,79.5,10,2
20750,Italy,79.5,10,5
22660,France,79.5,10,2
22840,Switzerland,79.5,10,3
84795E,United Kingdom,79.5,10,6
21527,Cyprus,79.5,10,3
85078,EIRE,79.44,360,6
84380,Portugal,79.35,63,6
71459,Cyprus,79.32,108,2
22907,Japan,79.32,108,2
22571,Netherlands,79.32,108,2
22181,Switzerland,79.32,108,2
71459,Germany,79.32,108,2
22132,Australia,79.32,108,2
22107,EIRE,79.24,28,3
23571,France,79.2,48,4
22502,Greece,79.2,16,1
22553,Channel Islands,79.2,48,4
22551,Austria,79.2,48,4
23332,EIRE,79.2,48,4
23180,Germany,79.2,16,4
22417,Norway,79.2,144,5
23575,Netherlands,79.2,48,1
23571,Germany,79.2,48,4
22505,Austria,79.2,16,4
21832,Portugal,79.2,48,4
20934,Greece,79.2,16,1
22557,Denmark,79.2,48,3
22860,Australia,79.2,48,1
21216,Hong Kong,79.2,16,3
22951,Finland,79.2,144,4
21216,Italy,79.2,16,4
47566B,Austria,79.2,16,1
85206A,Lithuania,79.2,48,2
22628,Hong Kong,79.2,16,2
22858,Australia,79.2,48,1
22077,Austria,79.2,48,4
22553,Lithuania,79.2,48,4
23244,Japan,79.2,48,1
21202,Germany,79.2,48,4
23359,Switzerland,79.2,48,1
23307,Belgium,79.2,144,4
84708B,EIRE,79.2,16,2
21770,Portugal,79.2,16,3
22554,Austria,79.2,48,4
22553,Sweden,79.2,48,4
22759,Belgium,79.2,48,4
23300,EIRE,79.2,48,3
22952,Channel Islands,79.2,144,4
21651,EIRE,79.2,48,3
23170,Germany,79.2,48,4
22649,Switzerland,79.2,16,2
22331,EIRE,79.2,48,4
23171,France,79.2,48,3
21731,Italy,79.2,48,1
22557,Switzerland,79.2,48,3
21707,France,79.2,16,4
23308,Belgium,79.2,144,4
22649,Bahrain,79.2,16,2
21832,Unspecified,79.2,48,2
23191,EIRE,79.2,48,4
22628,Spain,79.2,16,3
23103,Switzerland,79.2,48,2
21198,France,79.2,48,3
23057,Netherlands,79.2,16,1
22555,Channel Islands,79.2,48,4
23249,EIRE,79.2,48,4
22912,EIRE,79.2,16,5
21709,Switzerland,79.2,16,3
22021,Lithuania,79.2,48,2
23273,Germany,79.2,48,4
22296,Portugal,79.2,48,4
84992,Norway,79.2,144,6
22551,Italy,79.2,48,4
22554,Lithuania,79.2,48,2
22649,Belgium,79.2,16,2
23321,EIRE,79.2,48,4
23424,EIRE,79.2,16,4
21212,USA,79.2,144,4
90038B,United Kingdom,79.19,21,13
90064A,United Kingdom,79.14,20,12
21090,France,79.08,132,9
37509,United Kingdom,79.05,31,17
22276,Spain,79.05,31,8
22722,Belgium,79.0,20,3
21479,Germany,79.0,20,5
84884A,Cyprus,79.0,20,3
21967,Germany,78.96,264,9
21107,Cyprus,78.9,30,2
21112,EIRE,78.9,30,2
22360,Germany,78.9,30,2
84674,Australia,78.9,30,2
22697,Greece,78.9,30,2
22364,Australia,78.9,30,2
22690,Australia,78.86,10,3
23240,Portugal,78.85,19,4
23391,France,78.85,19,5
22405,Netherlands,78.75,63,3
20658,Portugal,78.75,63,6
90064B,United Kingdom,78.75,21,12
22399,Spain,78.75,63,5
84581,EIRE,78.75,21,5
22270,Israel,78.75,21,2
85059,EIRE,78.75,21,6
85093,Germany,78.72,96,5
48111,Channel Islands,78.58,10,4
22589,EIRE,78.54,30,4
22710,Australia,78.5,225,2
21498,Australia,78.5,225,2
22959,Australia,78.5,225,2
21499,Australia,78.5,225,2
22378,Australia,78.5,85,3
21500,Australia,78.5,225,2
22760,Belgium,78.45,7,2
23035,Germany,78.3,54,6
22897,France,78.3,54,7
72741,Portugal,78.3,54,6
21125,EIRE,78.24,96,5
21080,Portugal,78.2,92,8
22753,France,78.14,110,9
20681,Singapore,78.0,24,2
47591D,Portugal,78.0,40,4
23493,EIRE,78.0,40,3
22386,Austria,78.0,40,1
21900,EIRE,78.0,120,4
47591D,Germany,78.0,40,5
22436,France,78.0,120,6
20682,Lithuania,78.0,24,3
84406B,Greece,78.0,24,2
22853,EIRE,78.0,24,3
21156,Norway,78.0,40,5
21928,Belgium,78.0,40,4
21931,Austria,78.0,40,2
21899,EIRE,78.0,120,4
21218,Norway,78.0,24,1
85199L,EIRE,78.0,120,6
22631,Spain,78.0,40,7
21987,Australia,78.0,120,1
40018F,Germany,78.0,40,4
85216,Spain,78.0,120,6
21666,EIRE,78.0,120,5
71477,Iceland,78.0,24,2
23368,France,78.0,120,7
22634,Portugal,77.95,9,2
90030A,United Kingdom,77.76,43,7
22715,Australia,77.76,216,2
22714,Australia,77.76,216,2
22516,EIRE,77.7,37,6
21955,France,77.66,10,4
20685,Portugal,77.66,10,5
47504F,United Kingdom,77.61,46,14
21219,Netherlands,77.5,62,5
22198,Cyprus,77.45,53,3
22567,Finland,77.4,60,4
23198,Switzerland,77.4,60,2
90060D,United Kingdom,77.35,13,9
21450,United Kingdom,77.35,13,3
90092,United Kingdom,77.31,90,11
22268,EIRE,77.28,240,7
22623,Italy,77.25,15,2
90050,United Kingdom,77.11,11,7
90176C,United Kingdom,77.0,10,6
48187,Cyprus,77.0,12,2
21428,Switzerland,77.0,20,2
90214B,United Kingdom,76.98,80,43
21973,Spain,76.85,53,6
21213,Finland,76.8,168,3
85028L,Poland,76.8,48,2
84051,EIRE,76.8,120,1
84352,Spain,76.75,5,2
48138,Channel Islands,76.74,10,4
90202C,United Kingdom,76.72,26,25
22607,Channel Islands,76.7,8,4
22483,Italy,76.7,26,5
22326,EIRE,76.7,26,4
84593,United Kingdom,76.7,26,9
22667,Italy,76.7,26,4
22088,France,76.7,26,5
22698,Spain,76.7,26,5
22457,France,76.7,26,4
84306,EIRE,76.65,7,2
21843,USA,76.65,7,2
84425A,United Kingdom,76.6,18,9
90130C,United Kingdom,76.58,26,25
84969,Iceland,76.5,18,3
21249,Israel,76.5,30,1
22760,Channel Islands,76.5,6,2
22353,EIRE,76.5,30,6
22661,Portugal,76.5,90,6
22236,Bermuda,76.5,6,1
84968E,EIRE,76.5,6,1
84796B,Netherlands,76.5,6,1
22236,Belgium,76.5,6,3
84968F,United Arab Emirates,76.5,6,1
22423,Unspecified,76.5,6,4
21039,Spain,76.5,30,3
22350,Germany,76.5,30,5
21340,Italy,76.5,6,5
84968D,France,76.5,6,1
84968C,United Arab Emirates,76.5,6,1
85164B,Germany,76.5,6,3
84968A,United Arab Emirates,76.5,6,1
22626,France,76.5,9,5
85036B,EIRE,76.5,18,2
22201,Germany,76.5,18,5
22584,Channel Islands,76.5,30,2
22960,Poland,76.5,18,3
21252,Sweden,76.5,30,1
84678,EIRE,76.5,30,4
84796A,Netherlands,76.5,6,1
22583,Switzerland,76.5,30,3
35001G,Bahrain,76.5,18,2
84968A,Finland,76.5,6,1
22199,France,76.5,18,5
22218,Germany,76.5,18,6
21000,EIRE,76.5,18,2
90100,United Kingdom,76.5,30,12
84968D,United Arab Emirates,76.5,6,1
84782A,EIRE,76.5,6,3
20719,Sweden,76.5,90,5
22389,France,76.5,30,5
22041,EIRE,76.5,30,4
20724,Italy,76.5,90,6
22937,EIRE,76.5,30,4
22605,Channel Islands,76.5,6,1
22937,Portugal,76.5,30,2
84467,Sweden,76.5,6,1
84796B,EIRE,76.5,6,3
22305,Portugal,76.5,30,4
84467,Germany,76.5,6,1
22642,EIRE,76.5,30,4
22637,Norway,76.5,30,1
16016,Norway,76.5,90,3
90026A,United Kingdom,76.47,9,8
22562,Netherlands,76.32,72,1
23119,Netherlands,76.32,144,1
23119,Australia,76.32,144,1
84596K,EIRE,76.32,72,1
84819,EIRE,76.28,44,5
21445,Germany,76.25,61,3
23349,Germany,76.25,61,6
85049D,France,76.25,61,6
22845,Switzerland,76.2,12,4
20750,Israel,76.2,12,1
22845,EIRE,76.2,12,4
23167,Spain,76.2,108,2
22845,Italy,76.2,12,5
37351,United Kingdom,76.11,40,10
20714,Netherlands,76.0,200,1
21209,EIRE,75.96,156,4
21239,RSA,75.92,104,2
22652,Spain,75.9,46,5
90176A,United Kingdom,75.88,10,7
84746,United Kingdom,75.81,24,17
21335,EIRE,75.8,4,1
85067,Belgium,75.8,4,3
47599A,Austria,75.6,36,3
72351B,Germany,75.6,36,2
22301,Greece,75.6,36,1
21393,Germany,75.6,36,5
22865,Norway,75.6,36,3
22277,Germany,75.6,36,4
22955,Belgium,75.6,36,2
21829,France,75.6,360,9
22956,Belgium,75.6,36,2
22530,Norway,75.6,180,6
85124C,Denmark,75.6,36,1
21896,Japan,75.6,36,1
22134,France,75.6,180,8
21509,Germany,75.6,180,13
21507,Germany,75.6,180,13
22534,Norway,75.6,180,6
20879,United Kingdom,75.6,69,13
84970L,Channel Islands,75.6,72,4
22300,Greece,75.6,36,1
84937,Spain,75.6,36,1
22440,Switzerland,75.6,180,3
72351A,Germany,75.6,36,2
72351A,EIRE,75.6,36,3
21638,EIRE,75.6,36,3
23439,Germany,75.6,36,3
90140,United Kingdom,75.54,10,8
16202B,France,75.48,444,1
84985A,USA,75.4,52,3
84454,United Kingdom,75.33,81,17
17003,Germany,75.24,252,6
62043B,United Kingdom,75.16,54,10
90059E,United Kingdom,75.15,45,33
23437,Germany,75.0,60,5
21914,Netherlands,75.0,60,2
21231,Switzerland,75.0,60,4
21232,United Arab Emirates,75.0,60,3
23112,France,75.0,10,5
22993,Poland,75.0,60,3
23077,Portugal,75.0,60,2
22728,Iceland,75.0,20,4
20717,Israel,75.0,60,1
22751,Germany,75.0,20,5
84836,Channel Islands,75.0,60,5
37399,United Kingdom,75.0,143,6
23349,Australia,75.0,60,1
23266,Germany,75.0,60,5
21672,Norway,75.0,60,2
23077,EIRE,75.0,60,2
23118,France,75.0,10,3
23345,Belgium,75.0,60,5
21430,Channel Islands,75.0,20,3
20969,EIRE,75.0,20,4
21872,Norway,75.0,60,5
85049E,Channel Islands,75.0,60,2
21791,Switzerland,75.0,60,5
21232,Switzerland,75.0,60,4
21125,Switzerland,75.0,60,3
21114,Portugal,75.0,60,3
84509F,EIRE,75.0,20,3
23556,France,75.0,6,2
21877,Switzerland,75.0,60,4
21894,EIRE,75.0,60,4
22094,Norway,75.0,60,5
21791,Belgium,75.0,60,5
37495,Cyprus,75.0,20,1
20971,Spain,75.0,60,7
40046A,Germany,75.0,60,4
23111,France,75.0,6,2
21643,Switzerland,75.0,60,4
22727,Channel Islands,75.0,20,3
23264,Germany,75.0,60,5
22993,France,75.0,60,5
23161,Switzerland,75.0,60,3
23020,France,75.0,6,3
16161E,United Kingdom,75.0,750,9
22478,Australia,75.0,60,2
22966,Italy,75.0,60,4
85049H,Switzerland,75.0,60,3
21828,Italy,75.0,60,2
22410,Netherlands,75.0,60,2
22095,Norway,75.0,60,5
85231L,EIRE,75.0,102,2
21871,Switzerland,75.0,60,3
23495,EIRE,75.0,60,4
22726,Iceland,75.0,20,4
23250,France,75.0,60,4
85098B,Belgium,75.0,20,3
22435,Portugal,75.0,60,1
21914,Norway,75.0,60,5
23152,EIRE,75.0,20,3
21446,Netherlands,75.0,60,2
23162,Denmark,75.0,20,1
23403,EIRE,75.0,20,5
84912A,EIRE,75.0,20,4
23351,EIRE,75.0,60,4
23351,Germany,75.0,60,5
21948,Hong Kong,75.0,60,3
22550,Germany,75.0,20,5
23160,Switzerland,75.0,60,2
21912,Norway,75.0,20,4
22749,Sweden,75.0,20,2
22749,Germany,75.0,20,5
22592,Austria,75.0,20,3
21888,Sweden,75.0,20,4
85200,EIRE,75.0,60,5
21672,Belgium,75.0,60,3
22354,France,75.0,20,3
22730,Belgium,75.0,20,4
21888,Singapore,75.0,20,2
22727,Norway,75.0,20,3
22178,Poland,75.0,60,3
22073,Austria,75.0,20,3
20866,France,75.0,60,5
22478,Germany,75.0,60,6
21231,Denmark,75.0,60,2
85167B,Iceland,75.0,60,2
22354,Norway,75.0,20,1
22619,Switzerland,75.0,20,4
21915,Hong Kong,75.0,60,3
21125,Norway,75.0,60,1
21877,Germany,75.0,60,4
20652,Germany,75.0,60,5
21421,Australia,75.0,60,1
21232,Norway,75.0,60,5
22567,Australia,75.0,60,3
21446,Switzerland,75.0,60,1
21888,Norway,75.0,20,2
84569B,Germany,75.0,60,5
23111,Channel Islands,75.0,6,2
22256,EIRE,75.0,60,3
22562,France,75.0,60,1
23077,Bahrain,75.0,60,1
21444,EIRE,75.0,20,2
23347,Germany,75.0,60,4
22670,Norway,75.0,60,3
23570,Germany,75.0,60,5
22801,EIRE,75.0,20,5
72802a,United Kingdom,74.97,9,4
23158,Australia,74.88,36,2
23215,Germany,74.88,36,3
21096,Netherlands,74.88,192,1
23242,Germany,74.88,36,6
23392,Denmark,74.88,36,2
23559,France,74.88,36,6
23158,USA,74.88,36,1
23324,EIRE,74.88,36,2
23159,Spain,74.88,36,2
23157,Australia,74.88,36,1
23483,Netherlands,74.88,72,1
21238,Austria,74.8,88,6
21240,RSA,74.8,88,2
72807a,United Kingdom,74.79,9,6
84757,United Kingdom,74.75,5,4
23169,Germany,74.7,18,2
23319,Denmark,74.7,30,2
23237,Belgium,74.7,18,3
23169,France,74.7,18,3
23319,Portugal,74.7,30,3
23238,Belgium,74.7,18,3
23169,Netherlands,74.7,18,1
23239,France,74.7,18,3
21267,United Kingdom,74.6,24,10
16202A,EIRE,74.55,29,4
84792,Switzerland,74.4,16,2
90012A,United Kingdom,74.38,13,7
71406C,United Kingdom,74.38,173,32
21245,RSA,74.36,44,2
90075,United Kingdom,74.28,8,7
22138,Hong Kong,74.25,15,3
22138,Norway,74.25,15,3
22617,Austria,74.25,15,2
22474,Portugal,74.25,15,3
85232B,Finland,74.25,15,4
22139,Norway,74.25,15,2
85232A,Belgium,74.25,15,5
23313,France,74.25,15,3
22138,USA,74.25,15,3
22505,Spain,74.25,15,4
22222,Spain,74.25,15,5
22223,Belgium,74.25,15,4
22720,Finland,74.25,15,2
23176,Japan,74.25,33,2
23298,Belgium,74.25,15,3
23313,Channel Islands,74.25,15,3
22139,Lithuania,74.25,15,2
22720,Portugal,74.25,15,5
22943,Germany,74.25,15,3
22425,Germany,74.25,15,5
22617,Norway,74.25,15,3
85232B,Spain,74.25,15,2
84535B,Portugal,74.1,114,5
22813,France,74.1,38,4
72753C,United Kingdom,74.08,27,5
22092,EIRE,74.04,84,5
90187B,United Kingdom,73.99,22,16
21211,Spain,73.95,51,5
22573,Spain,73.95,87,8
21985,France,73.95,255,9
21973,USA,73.95,51,4
90074,United Kingdom,73.86,8,7
22698,Germany,73.75,25,5
22470,France,73.75,25,4
21936,Hong Kong,73.75,25,3
21348,Japan,73.75,25,3
22410,Germany,73.75,59,3
21937,Belgium,73.75,25,4
15030,United Kingdom,73.66,254,27
79331,United Kingdom,73.6,60,9
21500,Portugal,73.5,175,6
21500,EIRE,73.5,175,5
22380,Belgium,73.5,35,4
16156S,Portugal,73.5,175,5
22046,France,73.5,175,5
22706,Germany,73.5,175,6
21499,EIRE,73.5,175,6
22050,Portugal,73.5,175,6
23233,Germany,73.5,175,7
21503,Germany,73.5,175,7
16161P,Germany,73.5,175,7
22039,Switzerland,73.5,175,3
84692,Switzerland,73.5,175,4
21166,Singapore,73.32,36,2
23434,EIRE,73.2,60,4
90202A,United Kingdom,73.2,25,22
22355,Spain,73.1,86,8
21981,Norway,73.08,252,5
22615,Norway,73.08,252,5
23294,France,73.04,88,5
23295,EIRE,73.04,88,7
23012,Portugal,73.0,20,3
20707,Netherlands,72.96,192,1
21945,Netherlands,72.96,192,1
72232,Norway,72.96,384,4
84755,Switzerland,72.8,112,2
82581,Switzerland,72.6,132,2
22279,Germany,72.6,54,5
22897,Switzerland,72.5,50,3
21158,EIRE,72.5,50,5
16151A,United Kingdom,72.5,52,5
84932A,France,72.3,27,3
21756,Norway,72.3,12,4
22891,France,72.25,17,5
84427B,United Kingdom,72.25,17,5
22530,EIRE,72.24,172,7
90001D,United Kingdom,72.2,17,10
90027D,United Kingdom,72.18,23,16
84251C,United Kingdom,72.12,223,51
21984,Germany,72.0,240,7
20724,Australia,72.0,100,1
23176,Italy,72.0,32,4
20723,Australia,72.0,100,1
20724,Japan,72.0,100,1
21720,Sweden,72.0,100,1
23194,France,72.0,32,4
21697,Denmark,72.0,240,1
22824,EIRE,71.9,2,2
22579,Germany,71.88,132,6
21166,United Arab Emirates,71.76,36,3
21166,Cyprus,71.76,36,3
84520B,Switzerland,71.64,108,2
21313,Channel Islands,71.64,108,2
22908,Denmark,71.64,108,2
21094,Italy,71.64,108,2
21056,Cyprus,71.6,8,3
79072,Italy,71.6,8,1
79072,Denmark,71.6,8,1
22840,France,71.55,9,5
20750,Channel Islands,71.55,9,4
37448,Cyprus,71.52,48,3
37448,Unspecified,71.52,48,2
84459A,EIRE,71.52,48,4
37447,Cyprus,71.52,48,3
23175,Germany,71.5,22,5
90038C,United Kingdom,71.46,19,9
21095,France,71.4,84,4
21127,Switzerland,71.4,12,1
23536,EIRE,71.4,12,3
22521,Germany,71.4,84,7
23356,Germany,71.4,12,3
20754,France,71.4,34,7
22499,Singapore,71.4,12,1
22857,Germany,71.4,84,6
22170,Greece,71.4,12,1
15056BL,Belgium,71.4,12,3
85014D,Austria,71.4,12,1
22499,Germany,71.4,12,1
71459,Australia,71.4,84,4
22925,Singapore,71.4,12,1
22654,Channel Islands,71.4,12,3
22348,Denmark,71.4,84,3
22857,Portugal,71.4,84,2
22922,Spain,71.4,84,4
84843,EIRE,71.4,12,5
20982,EIRE,71.4,84,6
84520B,Japan,71.4,84,3
85014B,Italy,71.4,12,4
21944,Germany,71.4,84,5
22909,Germany,71.4,84,5
22581,EIRE,71.4,84,6
15056BL,Switzerland,71.4,12,2
22580,Switzerland,71.4,12,4
22583,Italy,71.4,28,4
22580,Hong Kong,71.4,12,2
85014B,Channel Islands,71.4,12,2
85014B,Austria,71.4,12,1
85014D,EIRE,71.4,12,3
85194L,EIRE,71.4,84,5
22842,Greece,71.4,12,1
22926,Germany,71.4,12,3
21365,Italy,71.4,60,2
22320,Switzerland,71.4,12,2
21988,Channel Islands,71.4,84,5
84925C,United Kingdom,71.4,28,10
21700,Poland,71.4,84,4
85014B,Spain,71.4,12,3
22654,Italy,71.4,12,4
22654,Norway,71.4,12,3
84867A,EIRE,71.4,12,1
85014B,Belgium,71.4,12,3
85014A,Belgium,71.4,12,3
84356,Greece,71.4,12,1
21722,France,71.4,84,1
79191B,France,71.4,84,7
21657,EIRE,71.4,12,1
22196,Iceland,71.4,84,5
22842,Lebanon,71.4,12,1
15058A,Switzerland,71.3,14,3
22070,Portugal,71.25,19,4
22973,Australia,71.25,49,2
21429,Portugal,71.25,43,7
20761,EIRE,71.25,19,5
22558,Italy,71.14,50,4
90179A,United Kingdom,71.0,12,9
21244,Israel,70.98,42,2
21917,Australia,70.98,169,3
16256C,United Kingdom,70.98,169,10
23209,Switzerland,70.95,43,4
47420,United Kingdom,70.87,373,40
47590B,USA,70.85,13,3
20914,Norway,70.8,24,2
35598B,Germany,70.8,24,2
21741,Spain,70.8,24,2
22957,Greece,70.8,24,1
15044B,Germany,70.8,24,4
22313,Denmark,70.8,24,2
22312,Denmark,70.8,24,2
85071B,Norway,70.8,24,1
23598,France,70.8,24,1
22328,Italy,70.8,24,3
22173,Greece,70.8,24,2
84086B,United Kingdom,70.8,24,13
22164,EIRE,70.8,24,2
22743,France,70.8,24,3
21738,Spain,70.8,24,2
20933,Greece,70.8,24,1
48194,Australia,70.8,10,1
22445,Portugal,70.8,24,2
22689,Germany,70.8,10,1
22062,Portugal,70.8,24,1
35832,EIRE,70.8,24,2
85123A,Finland,70.8,24,3
15044B,EIRE,70.8,24,3
22445,France,70.8,24,5
21188,EIRE,70.8,24,2
22699,Germany,70.8,24,4
21545,EIRE,70.8,24,4
21739,Spain,70.8,24,2
21993,France,70.8,24,1
21733,Italy,70.8,24,4
84509G,Greece,70.8,24,1
21380,Japan,70.8,24,1
22326,Norway,70.8,24,3
22863,Germany,70.8,24,1
22117,United Arab Emirates,70.8,24,2
21733,Norway,70.8,24,4
21262,Netherlands,70.8,24,1
85123A,Portugal,70.8,24,3
84247E,France,70.8,24,1
21482,EIRE,70.8,24,3
84247E,EIRE,70.8,24,1
22088,Belgium,70.8,24,2
21288,Portugal,70.8,24,3
21249,Sweden,70.8,24,3
22690,France,70.8,10,1
84558A,EIRE,70.8,24,4
84247K,France,70.8,24,1
21547,EIRE,70.8,24,4
22083,Sweden,70.8,24,4
22744,Switzerland,70.8,24,4
22083,USA,70.8,24,3
22317,Greece,70.8,24,4
21424,France,70.8,24,4
20662,Spain,70.8,24,2
22327,Spain,70.8,24,3
22667,Channel Islands,70.8,24,4
71403,EIRE,70.8,24,2
22495,Australia,70.8,24,4
22453,Hong Kong,70.8,24,2
21613,Switzerland,70.8,24,1
85071A,Norway,70.8,24,1
21249,Finland,70.8,24,3
22326,Czech Republic,70.8,24,1
22798,EIRE,70.8,24,3
22744,Spain,70.8,24,4
48111,France,70.8,10,1
22311,Denmark,70.8,24,2
21164,France,70.8,24,4
21424,Finland,70.8,24,3
22083,Denmark,70.8,24,2
22910,Germany,70.8,24,3
22274,France,70.8,24,3
22115,United Arab Emirates,70.8,24,2
21739,Germany,70.8,24,3
22798,Germany,70.8,24,3
84247C,EIRE,70.8,24,1
21107,Portugal,70.8,24,4
21683,Switzerland,70.8,24,3
22094,France,70.66,62,5
22530,Belgium,70.56,168,5
85199S,EIRE,70.56,168,5
22716,France,70.56,168,13
22998,Norway,70.56,168,3
22025,Germany,70.56,168,14
16012,France,70.56,336,5
72709,United Kingdom,70.55,83,14
22219,France,70.55,83,5
35931,United Kingdom,70.52,136,14
20685,Spain,70.5,10,3
22960,Austria,70.5,18,2
22960,Israel,70.5,18,2
20958,United Kingdom,70.5,38,10
22960,Unspecified,70.5,18,2
21085,France,70.2,108,7
22629,Channel Islands,70.2,36,3
22319,Germany,70.2,108,7
22813,Channel Islands,70.2,36,2
22432,EIRE,70.2,36,6
85132C,Italy,70.2,36,1
84396,EIRE,70.2,36,3
22244,Australia,70.2,36,3
22279,Portugal,70.2,48,5
21265,Netherlands,70.2,36,1
85159B,Denmark,70.2,36,2
22820,Germany,70.2,108,7
22629,Italy,70.2,36,3
21146,EIRE,70.2,36,2
85159B,EIRE,70.2,36,2
22630,Italy,70.2,36,3
79029,EIRE,70.2,36,6
22821,EIRE,70.2,108,6
21262,France,70.05,19,3
23437,Portugal,70.0,56,3
23290,Belgium,70.0,56,6
22511,Germany,70.0,24,5
23286,Netherlands,69.97,97,2
23287,Netherlands,69.97,97,2
23288,Netherlands,69.97,97,2
23285,Netherlands,69.97,97,2
21401,EIRE,69.84,252,7
22396,Germany,69.84,96,6
84705A,United Kingdom,69.75,15,8
47566,Lebanon,69.75,15,1
84031B,Switzerland,69.75,15,2
20941,Netherlands,69.72,156,2
23354,EIRE,69.72,84,6
23167,EIRE,69.72,84,4
23475,Germany,69.72,84,6
22167,EIRE,69.65,7,2
22487,Portugal,69.65,7,6
90131,United Kingdom,69.62,10,5
21189,Netherlands,69.6,48,1
21187,Netherlands,69.6,48,1
22333,Israel,69.6,48,1
22969,Portugal,69.6,48,3
85062,Channel Islands,69.6,48,1
22646,Belgium,69.6,48,3
22549,Belgium,69.6,48,4
84806B,Portugal,69.6,48,2
23196,EIRE,69.6,48,4
22331,Israel,69.6,48,1
22961,Belgium,69.6,48,3
21198,Japan,69.6,48,1
21161,EIRE,69.6,48,4
22969,Poland,69.6,48,4
23497,Germany,69.6,48,4
23197,Norway,69.6,48,2
23147,EIRE,69.6,48,4
22980,Japan,69.6,48,1
85040A,Switzerland,69.6,48,1
23034,Finland,69.6,48,1
22961,Italy,69.6,48,4
84987,Unspecified,69.6,48,2
22416,Switzerland,69.6,48,4
21207,Australia,69.6,48,1
22292,United Arab Emirates,69.6,48,2
21197,Australia,69.6,48,1
21199,Japan,69.6,48,1
21169,Switzerland,69.6,48,1
22650,France,69.6,48,4
22972,Norway,69.6,48,1
22614,Norway,69.6,240,5
22621,Australia,69.6,48,1
21972,Channel Islands,69.6,48,4
21186,Netherlands,69.6,48,1
21197,Japan,69.6,48,1
22950,Germany,69.6,48,2
85187,EIRE,69.6,48,1
23198,Poland,69.6,48,3
84987,Channel Islands,69.6,48,4
22979,Norway,69.6,48,4
22646,Sweden,69.6,48,4
85039B,Channel Islands,69.6,48,1
22331,Norway,69.6,48,1
23165,Switzerland,69.6,48,1
22333,Norway,69.6,48,1
22644,Belgium,69.6,48,3
21192,Australia,69.6,48,1
23269,Spain,69.6,48,2
23197,Spain,69.6,48,3
gift_0001_80,United Kingdom,69.56,1,1
22532,Japan,69.54,193,2
84919,Finland,69.5,10,1
84450B,United Kingdom,69.43,103,33
23320,Portugal,69.36,24,2
23489,EIRE,69.36,24,2
23024,France,69.36,24,1
23179,Israel,69.36,24,1
22398,Belgium,69.36,72,6
23236,Unspecified,69.36,24,1
23234,Unspecified,69.36,24,1
22208,EIRE,69.36,48,4
23320,Austria,69.36,24,2
23320,Belgium,69.36,24,2
23179,Germany,69.36,24,3
37500,Spain,69.35,13,2
21246,Netherlands,69.3,14,2
21204,EIRE,69.3,42,4
79320,France,69.3,14,4
20820,United Kingdom,69.3,14,9
23583,Germany,69.3,42,5
22735,Germany,69.3,42,3
22746,Spain,69.3,33,5
16237,Germany,69.3,330,10
20726,Spain,69.3,42,4
21584,France,69.3,42,3
21556,Switzerland,69.3,30,2
22488,France,69.3,42,4
22617,Finland,69.3,14,3
90214P,United Kingdom,69.14,80,35
22529,Japan,69.12,192,1
22530,Japan,69.12,192,1
22216,EIRE,69.12,96,1
22613,Japan,69.12,96,1
21989,Australia,69.12,96,1
22908,Australia,69.12,96,1
23288,Australia,69.12,96,1
16008,Norway,69.12,576,4
51008,Netherlands,69.0,20,2
79321,Norway,69.0,12,1
22228,EIRE,68.88,120,7
90141C,United Kingdom,68.84,13,12
22340,Australia,68.76,60,3
22615,EIRE,68.76,204,3
22406,Netherlands,68.75,55,3
22966,Spain,68.75,55,5
22663,EIRE,68.64,35,5
84455,United Kingdom,68.61,74,20
71215,United Kingdom,68.52,178,13
21967,France,68.52,228,6
21503,Australia,68.42,201,2
23232,Australia,68.42,201,2
21429,Belgium,68.4,40,4
37471,France,68.4,684,1
22400,France,68.4,96,7
21391,Switzerland,68.4,48,3
85019B,Spain,68.25,33,3
22096,EIRE,68.16,60,3
21829,Germany,68.04,324,7
22497,Iceland,68.0,16,4
37449,Greece,68.0,8,1
22507,Israel,68.0,16,1
22191,Channel Islands,68.0,8,4
22627,Finland,68.0,8,4
21428,Spain,68.0,16,4
22661,EIRE,68.0,80,6
21428,Belgium,68.0,16,3
85174,Switzerland,68.0,16,1
22497,Greece,68.0,16,2
20666,France,68.0,400,1
21240,Austria,68.0,80,5
22051,Cyprus,68.0,200,1
22487,Cyprus,68.0,8,2
22626,Poland,68.0,8,3
22844,Spain,68.0,8,4
22171,Poland,68.0,8,3
22777,EIRE,68.0,8,2
22497,Belgium,68.0,16,3
22371,Switzerland,68.0,16,3
22191,Belgium,68.0,8,2
22711,EIRE,68.0,200,1
22941,Belgium,68.0,8,2
22192,Channel Islands,68.0,8,4
84857A,United Kingdom,68.0,8,3
21621,USA,68.0,8,2
22047,Cyprus,68.0,200,1
22968,Switzerland,68.0,8,1
22940,Japan,68.0,16,2
21216,Channel Islands,68.0,16,1
21116,Switzerland,68.0,16,1
16156S,Netherlands,68.0,200,1
22497,EIRE,68.0,16,4
72807C,Bahrain,68.0,16,2
16016,Germany,68.0,80,6
23341,Finland,68.0,8,3
22374,Iceland,68.0,16,3
21422,Australia,68.0,80,1
22215,Singapore,68.0,8,1
22437,EIRE,68.0,80,4
22607,Denmark,68.0,8,2
22215,Portugal,68.0,8,4
21479,France,68.0,16,2
23545,Australia,68.0,200,1
23550,Australia,68.0,200,1
21241,France,68.0,80,8
22940,Austria,68.0,16,3
22357,France,68.0,16,4
22192,France,68.0,8,4
90177E,United Kingdom,67.97,23,22
DCGS0004,United Kingdom,67.94,4,4
22804,Spain,67.85,23,6
90026C,United Kingdom,67.82,8,6
90026B,United Kingdom,67.82,8,7
22946,Channel Islands,67.8,4,1
23010,Belgium,67.8,4,3
72816,EIRE,67.8,60,3
22947,Channel Islands,67.8,4,1
22797,Cyprus,67.8,4,1
23010,Switzerland,67.8,4,2
22783,Netherlands,67.8,4,1
22946,Germany,67.8,4,2
22849,Spain,67.8,4,4
84970L,Australia,67.8,60,3
21339,Channel Islands,67.8,4,1
21674,EIRE,67.8,4,2
90002E,United Kingdom,67.77,18,11
90002B,United Kingdom,67.74,18,10
84864A,United Kingdom,67.71,7,4
85194S,EIRE,67.68,240,5
23583,France,67.65,41,4
84548,United Kingdom,67.65,41,13
90078,United Kingdom,67.64,9,5
35937,United Kingdom,67.64,178,16
90024F,United Kingdom,67.61,8,6
84849D,Germany,67.6,40,4
21242,Finland,67.6,40,5
21136,France,67.6,40,4
21243,Switzerland,67.6,40,4
21136,Spain,67.6,40,3
21135,Germany,67.6,40,4
84879,Channel Islands,67.6,40,4
81952B,United Kingdom,67.56,234,18
84997C,Sweden,67.5,18,3
22751,France,67.5,18,6
21523,Belgium,67.5,10,1
48111,Belgium,67.5,10,1
22733,EIRE,67.5,54,3
48138,Belgium,67.5,10,1
22690,Israel,67.5,10,1
21955,Singapore,67.5,10,1
22733,France,67.5,54,3
48173C,Italy,67.5,10,1
84926B,United Kingdom,67.5,54,10
22071,Italy,67.5,18,3
21479,Spain,67.5,18,4
84997B,Channel Islands,67.5,18,2
21581,Germany,67.5,30,5
23283,Australia,67.5,10,1
22366,Brazil,67.5,10,1
22978,Germany,67.5,18,3
21446,EIRE,67.5,54,4
21471,Singapore,67.5,18,3
22349,France,67.5,18,3
22071,Belgium,67.5,18,3
37370,Italy,67.5,54,4
48116,Italy,67.5,10,1
20717,Germany,67.5,54,6
21469,Singapore,67.5,18,2
22468,Israel,67.5,10,1
84997B,Sweden,67.5,18,3
23409,EIRE,67.5,18,3
POST,United Arab Emirates,67.5,3,3
48194,Denmark,67.5,10,1
22128,USA,67.5,54,3
23082,Germany,67.5,18,3
22179,France,67.5,10,3
47593B,Italy,67.44,120,2
47504J,United Kingdom,67.25,5,4
22459,Greece,67.2,32,1
22604,Greece,67.2,32,1
22441,Portugal,67.2,32,4
21669,Switzerland,67.2,48,3
21671,Switzerland,67.2,48,3
22642,Singapore,67.2,32,1
22189,France,67.15,17,3
21424,Netherlands,67.1,26,2
22264,France,67.08,228,3
82484,Channel Islands,67.05,9,2
22450,EIRE,67.0,20,3
22450,Netherlands,67.0,20,2
90125B,United Kingdom,66.97,38,16
22715,Netherlands,66.96,180,5
22035,Netherlands,66.96,180,5
23017,Australia,66.9,6,1
47559B,Portugal,66.75,61,3
22514,Australia,66.6,36,1
22517,Australia,66.6,36,1
22518,Australia,66.6,36,1
22519,Denmark,66.6,36,1
21371,Italy,66.6,60,2
21710,EIRE,66.6,28,2
22516,Australia,66.6,36,1
22519,Australia,66.6,36,1
22515,Australia,66.6,36,1
22518,Denmark,66.6,36,1
10123C,Netherlands,66.48,120,2
35951,France,66.48,120,2
23293,Norway,66.4,80,4
23255,Belgium,66.4,16,4
84997A,Singapore,66.4,16,2
23312,EIRE,66.4,16,3
23271,EIRE,66.4,80,3
23388,Belgium,66.4,16,4
23254,Denmark,66.4,16,2
84997A,Hong Kong,66.4,16,1
84997B,Singapore,66.4,16,2
47504H,Norway,66.36,84,3
90037A,United Kingdom,66.31,26,12
40002,United Kingdom,66.3,78,1
22130,France,66.3,78,5
22523,EIRE,66.3,78,7
21724,France,66.3,78,5
22093,Australia,66.24,108,2
10123G,France,66.24,1104,1
22345,Germany,66.24,96,5
22028,Netherlands,66.24,168,8
16168M,Germany,66.24,192,3
23167,Netherlands,66.24,96,1
22417,Denmark,66.0,120,3
22951,Portugal,66.0,120,4
23052,Finland,66.0,8,1
20725,Hong Kong,66.0,40,3
21935,EIRE,66.0,40,4
23050,Hong Kong,66.0,8,1
23054,Hong Kong,66.0,8,1
23049,Finland,66.0,8,1
23080,Belgium,66.0,8,2
22917,Australia,66.0,120,1
22916,Australia,66.0,120,1
22921,Australia,66.0,120,1
22918,Australia,66.0,120,1
85072,United Arab Emirates,66.0,120,1
22081,Germany,66.0,40,3
22384,Switzerland,66.0,40,3
21975,Spain,66.0,120,5
23080,Channel Islands,66.0,8,4
20728,Austria,66.0,40,3
22919,Australia,66.0,120,1
22920,Australia,66.0,120,1
22383,Italy,66.0,40,4
22738,Germany,66.0,40,3
22662,Switzerland,66.0,40,3
22384,Hong Kong,66.0,40,3
20726,Channel Islands,66.0,40,4
23491,EIRE,66.0,8,3
21175,France,66.0,28,3
22417,Channel Islands,66.0,120,4
84991,Spain,66.0,120,5
23080,Germany,66.0,8,3
79329,United Kingdom,65.94,100,7
20782,Iceland,65.88,12,2
23146,Germany,65.8,20,3
84493,United Kingdom,65.76,575,4
47504K,EIRE,65.76,48,4
84340,United Kingdom,65.76,21,11
22760,Greece,65.7,6,1
22760,Singapore,65.7,6,1
22760,Italy,65.7,6,1
22577,France,65.64,180,6
79406,United Kingdom,65.62,259,21
23374,EIRE,65.6,80,5
22818,EIRE,65.52,156,8
22816,EIRE,65.52,156,9
23378,Germany,65.52,168,3
21918,France,65.52,156,7
23494,France,65.45,11,4
22499,France,65.45,11,3
22125,USA,65.45,11,2
47590A,Norway,65.4,12,2
47590A,Finland,65.4,12,2
21432,Denmark,65.4,12,1
85184C,Belgium,65.4,36,3
48184,Spain,65.4,8,3
35004C,Australia,65.4,12,2
47590B,Singapore,65.4,12,1
47590B,Finland,65.4,12,2
22372,Netherlands,65.4,12,1
23284,Portugal,65.4,8,3
22121,Australia,65.4,12,1
47590B,Norway,65.4,12,2
47590A,United Arab Emirates,65.4,12,1
90179B,United Kingdom,65.31,11,9
22596,EIRE,65.28,72,5
72741,Austria,65.25,45,3
84899E,United Kingdom,65.18,46,20
47016,United Kingdom,65.1,31,5
21884,Germany,65.04,168,10
22336,EIRE,65.04,168,4
21892,Spain,65.0,52,5
22929,Spain,65.0,1,1
21718,France,65.0,52,5
22494,Switzerland,65.0,52,5
22929,Singapore,65.0,1,1
22929,EIRE,65.0,1,1
22929,Germany,65.0,1,1
23266,Spain,65.0,52,5
84601A,EIRE,64.9,22,3
21333,Greece,64.9,22,2
22742,Spain,64.9,22,4
22364,Portugal,64.9,22,3
21696,Germany,64.9,22,1
22271,Portugal,64.9,22,4
22743,Spain,64.9,22,4
48116,Channel Islands,64.8,8,3
21877,Channel Islands,64.8,48,4
21668,Switzerland,64.8,48,3
21877,France,64.8,48,4
21043,EIRE,64.65,27,3
21058,Germany,64.6,76,7
22502,Germany,64.6,12,3
21881,France,64.37,133,10
22433,France,64.35,33,5
22628,Israel,64.35,13,2
22139,United Arab Emirates,64.35,13,2
23355,France,64.35,13,3
84551,United Kingdom,64.35,39,8
90046,United Kingdom,64.35,13,7
84849B,Germany,64.22,38,3
22689,France,64.2,8,2
22692,Spain,64.2,8,4
20685,Finland,64.2,8,4
22364,Japan,64.15,25,2
17136A,United Kingdom,64.02,771,36
85035C,EIRE,64.0,32,2
22487,Belgium,63.85,7,3
21845,France,63.84,48,3
23253,Italy,63.8,4,1
79534,United Kingdom,63.8,116,18
20692,EIRE,63.75,15,3
23210,France,63.75,51,4
84617,United Kingdom,63.75,5,4
84582,United Kingdom,63.75,15,12
84415A,United Kingdom,63.75,21,5
85018A,United Kingdom,63.75,15,10
84796A,EIRE,63.75,5,3
85018B,United Kingdom,63.75,15,10
20791,United Kingdom,63.75,5,1
21125,Portugal,63.75,51,5
84815,EIRE,63.75,15,4
35973,United Kingdom,63.75,51,18
20702,France,63.75,15,4
23347,France,63.75,51,5
47502,Germany,63.75,5,2
90205A,United Kingdom,63.62,38,23
20749,Cyprus,63.6,8,3
20749,Belgium,63.6,8,4
84795B,EIRE,63.6,8,2
15058B,France,63.6,8,4
85068,Germany,63.6,8,4
48129,Channel Islands,63.6,8,3
84826,Germany,63.6,120,2
21527,Finland,63.6,8,2
22841,Germany,63.6,8,3
84462,EIRE,63.6,60,1
37450,Cyprus,63.6,24,2
21527,Belgium,63.6,8,3
85048,France,63.6,8,1
22783,Poland,63.6,8,1
20749,Portugal,63.6,8,4
90188,United Kingdom,63.59,25,22
48189,France,63.5,10,1
20905,United Kingdom,63.5,10,4
22845,Germany,63.5,10,5
90020,United Kingdom,63.48,5,3
84687,Germany,63.4,12,2
22123,Portugal,63.3,14,4
37491D,United Kingdom,63.28,26,13
22588,EIRE,63.24,24,4
ADJUST,Finland,63.24,1,1
22060,Germany,63.2,16,1
21275,EIRE,63.2,16,2
22188,EIRE,63.2,16,4
22722,Italy,63.2,16,3
22189,Cyprus,63.2,16,2
22705,EIRE,63.0,150,6
21578,Spain,63.0,28,6
21498,Switzerland,63.0,150,5
22708,Portugal,63.0,150,5
16161P,Belgium,63.0,150,5
20617,EIRE,63.0,30,2
21907,Channel Islands,63.0,30,3
22664,Japan,63.0,30,1
22745,Belgium,63.0,30,5
22145,Australia,63.0,30,2
84937,EIRE,63.0,30,3
21500,France,63.0,150,5
20619,EIRE,63.0,30,3
22378,Japan,63.0,30,1
21175,Cyprus,63.0,30,3
47592A,Germany,63.0,30,2
22899,Portugal,63.0,30,4
16156S,France,63.0,150,5
16161P,Switzerland,63.0,150,3
22747,EIRE,63.0,30,5
16237,EIRE,63.0,300,9
21498,Belgium,63.0,150,5
20754,Finland,63.0,30,5
22748,Italy,63.0,30,5
22379,Belgium,63.0,30,3
23231,Spain,63.0,150,6
22059,Austria,63.0,60,4
21497,EIRE,63.0,150,6
22745,Italy,63.0,30,5
21908,United Arab Emirates,63.0,30,3
85116,Iceland,63.0,30,3
22964,Norway,63.0,30,3
22710,France,63.0,150,5
22517,EIRE,63.0,30,5
22986,Germany,63.0,150,6
22381,Switzerland,63.0,30,3
21499,Portugal,63.0,150,5
22704,Switzerland,63.0,150,4
21579,France,63.0,28,5
84228,United Kingdom,62.95,116,42
20983,Portugal,62.9,74,6
21824,EIRE,62.88,96,5
47566,Belgium,62.85,13,3
22906,France,62.7,38,4
90214I,United Kingdom,62.7,64,29
21981,Finland,62.64,216,3
21967,Norway,62.64,216,5
21982,Norway,62.64,216,5
21980,Norway,62.64,216,5
79321,Spain,62.6,12,3
90160B,Germany,62.55,9,1
21657,Australia,62.55,9,1
90160A,Germany,62.55,9,1
90160D,Germany,62.55,9,1
20963,Hong Kong,62.5,50,3
23108,Spain,62.5,10,4
23427,France,62.5,5,3
46126A,Germany,62.5,50,3
21354,Germany,62.5,50,5
20961,Switzerland,62.5,50,4
23111,Germany,62.5,5,3
20963,Germany,62.5,50,5
84510A,Norway,62.5,50,3
21154,Norway,62.5,50,3
47559B,Poland,62.5,50,5
20963,Switzerland,62.5,50,4
21826,France,62.5,50,4
20961,Hong Kong,62.5,50,3
84510B,EIRE,62.5,50,4
23581,Finland,62.4,30,2
21930,Italy,62.4,30,2
23085,France,62.4,6,2
84378,Italy,62.4,48,3
23085,EIRE,62.4,6,2
23202,Switzerland,62.4,30,2
22434,Germany,62.4,32,4
20975,Austria,62.4,96,3
21156,Hong Kong,62.4,32,3
23026,EIRE,62.4,30,4
23201,Italy,62.4,30,2
21901,EIRE,62.4,96,3
22367,Hong Kong,62.4,32,3
23200,Switzerland,62.4,30,2
47591D,Switzerland,62.4,32,3
22367,Finland,62.4,32,4
85199L,Germany,62.4,96,6
22367,Norway,62.4,32,2
23552,Germany,62.4,30,4
20973,Spain,62.4,96,2
23199,Portugal,62.4,30,1
84380,Belgium,62.4,48,4
21086,Belgium,62.4,96,7
84529B,United Kingdom,62.35,13,5
22344,Netherlands,62.3,254,4
35607B,United Kingdom,62.3,312,17
22536,EIRE,62.16,148,5
85015,EIRE,62.1,78,4
21130,France,62.1,18,2
22357,Germany,62.0,16,2
35819P,United Kingdom,61.99,83,6
22668,Spain,61.95,21,4
72771B,United Kingdom,61.94,129,10
85015,France,61.8,60,4
20620,United Kingdom,61.76,15,14
84997D,Italy,61.6,16,2
37342,EIRE,61.52,56,4
21128,Germany,61.5,10,2
21524,Channel Islands,61.44,8,3
21988,Australia,61.44,96,1
35817B,United Kingdom,61.3,143,3
85049E,Spain,61.25,49,5
21648,Japan,61.25,49,2
20660,United Kingdom,61.25,49,27
22521,France,61.2,72,6
22352,Switzerland,61.2,24,3
21700,Switzerland,61.2,72,4
22353,USA,61.2,24,3
22945,Channel Islands,61.2,72,2
22583,France,61.2,24,3
21555,Germany,61.2,24,3
22300,Italy,61.2,24,3
85184C,Netherlands,61.2,24,1
22390,Norway,61.2,24,1
22302,Switzerland,61.2,24,2
84971S,EIRE,61.2,72,2
21587,Channel Islands,61.2,24,2
85184C,Japan,61.2,24,1
22593,Portugal,61.2,72,4
22366,France,61.2,8,2
22945,Switzerland,61.2,72,2
22697,Brazil,61.2,24,1
22350,France,61.2,24,4
22582,Portugal,61.2,24,4
21555,France,61.2,24,4
21677,Switzerland,61.2,72,2
22520,France,61.2,72,6
22393,Germany,61.2,24,4
21717,France,61.2,24,2
21988,Sweden,61.2,72,5
21586,France,61.2,24,1
21989,Channel Islands,61.2,72,4
72800C,France,61.2,24,3
20768,EIRE,61.2,24,4
22390,Germany,61.2,24,4
21715,Portugal,61.2,24,3
21788,Norway,61.2,72,2
84347,Czech Republic,61.2,24,1
22907,Belgium,61.2,72,5
22698,Brazil,61.2,24,1
22393,France,61.2,24,4
22418,Sweden,61.2,72,3
22699,Brazil,61.2,24,1
22520,Germany,61.2,72,6
22214,EIRE,61.2,24,3
21040,France,61.2,24,2
21094,Norway,61.2,72,1
85150,Portugal,61.2,24,2
84347,Korea,61.2,24,1
21535,Belgium,61.2,24,4
22359,Germany,61.2,24,1
21717,Spain,61.2,24,3
21059,EIRE,61.2,72,6
22418,Belgium,61.2,72,3
22172,Greece,61.2,8,1
22352,USA,61.2,24,3
21238,RSA,61.2,72,3
84012,France,61.2,24,2
22214,Cyprus,61.2,24,1
22363,Australia,61.2,24,1
21558,Canada,61.2,24,2
22358,Netherlands,61.2,24,1
22262,France,61.2,72,5
23311,Spain,61.2,24,3
22699,Greece,61.2,24,1
21789,Norway,61.2,72,2
22699,Israel,61.2,24,1
21589,Channel Islands,61.2,24,2
17090A,EIRE,61.2,72,2
21039,Italy,61.2,24,1
22353,Austria,61.2,24,1
21531,Italy,61.2,24,4
21715,Belgium,61.2,24,3
21555,Australia,61.2,24,2
21700,EIRE,61.2,72,4
22348,Austria,61.2,72,3
21989,Sweden,61.2,72,5
21989,EIRE,61.2,72,5
20767,EIRE,61.2,24,4
21175,Portugal,61.2,24,2
22483,Israel,61.2,24,1
22697,Israel,61.2,24,1
85185B,EIRE,61.2,24,1
85185D,EIRE,61.2,24,1
17107D,EIRE,61.2,24,4
21039,EIRE,61.2,24,2
22352,Italy,61.2,24,3
84970S,Australia,61.2,72,3
84970S,Channel Islands,61.2,72,5
22308,Denmark,61.2,24,1
22169,Denmark,61.2,8,1
22309,Denmark,61.2,24,1
21787,Denmark,61.2,72,3
22343,France,61.2,72,3
22922,Germany,61.2,72,4
22301,Italy,61.2,24,3
22361,Japan,61.2,24,1
22389,Germany,61.2,24,4
22758,Netherlands,61.16,148,4
21931,Switzerland,61.1,30,3
21928,Finland,61.1,30,2
85017B,EIRE,61.08,84,5
22588,France,61.03,23,4
35001G,Norway,61.02,18,1
22142,Germany,60.9,42,4
23035,France,60.9,42,3
72783,United Kingdom,60.9,29,7
22536,Germany,60.9,145,4
21655,Switzerland,60.84,36,2
84809A,France,60.84,36,1
84849A,EIRE,60.84,36,3
21381,Germany,60.84,36,3
21697,Germany,60.84,36,1
84660b,United Kingdom,60.8,8,7
90034,United Kingdom,60.67,6,6
85221,France,60.6,132,2
72819,EIRE,60.6,36,3
21928,Spain,60.58,31,4
85049H,Netherlands,60.48,144,1
22818,Germany,60.48,144,7
84568,EIRE,60.48,288,1
23004,Norway,60.48,144,4
84077,Canada,60.48,288,1
84598,EIRE,60.48,288,1
22544,Switzerland,60.48,144,5
23327,Australia,60.48,96,2
84598,Cyprus,60.48,288,1
21786,Germany,60.48,144,5
84568,Cyprus,60.48,288,1
21916,Channel Islands,60.48,144,6
84568,United Arab Emirates,60.48,288,1
84598,United Arab Emirates,60.48,288,1
21507,France,60.48,144,11
22029,EIRE,60.48,144,9
84613A,United Kingdom,60.45,13,7
84792,France,60.45,13,4
72818,EIRE,60.36,96,4
22449,Belgium,60.3,18,3
22451,Spain,60.3,18,1
90039B,United Kingdom,60.3,16,11
22448,France,60.3,18,2
22471,Cyprus,60.15,17,3
90059F,United Kingdom,60.07,36,25
85049G,France,60.0,48,4
22693,Portugal,60.0,48,2
85049A,Channel Islands,60.0,48,1
21121,Sweden,60.0,48,2
85049A,Switzerland,60.0,48,2
22128,Cyprus,60.0,48,3
22203,Hong Kong,60.0,16,2
21888,Switzerland,60.0,16,4
21648,France,60.0,48,2
21745,EIRE,60.0,16,4
21069,EIRE,60.0,48,4
22408,Netherlands,60.0,48,1
22508,Germany,60.0,16,4
22444,Germany,60.0,48,2
20674,EIRE,60.0,48,3
20676,EIRE,60.0,48,6
22619,Denmark,60.0,16,1
84596F,Unspecified,60.0,48,2
21124,Channel Islands,60.0,48,2
84799,Greece,60.0,48,1
21390,Greece,60.0,48,2
21124,United Arab Emirates,60.0,48,1
23266,Singapore,60.0,48,1
22563,EIRE,60.0,48,3
21791,Iceland,60.0,48,3
22299,Switzerland,60.0,48,2
22585,Japan,60.0,48,1
23292,Belgium,60.0,48,5
23181,Singapore,60.0,8,1
22269,France,60.0,48,5
22619,Norway,60.0,16,1
21810,Singapore,60.0,48,1
22294,Cyprus,60.0,48,1
85049C,Switzerland,60.0,48,2
23437,EIRE,60.0,48,1
23211,Singapore,60.0,48,1
23289,Belgium,60.0,48,4
23061,Netherlands,60.0,48,2
84596G,Unspecified,60.0,48,2
22288,EIRE,60.0,48,2
21232,Austria,60.0,48,3
21390,United Arab Emirates,60.0,48,2
22444,Portugal,60.0,48,2
84509A,Germany,60.0,16,3
23330,EIRE,60.0,48,4
22178,Spain,60.0,48,3
77081,EIRE,60.0,48,3
22109,EIRE,60.0,16,2
21672,Finland,60.0,48,3
21888,Netherlands,60.0,16,3
84596L,Unspecified,60.0,48,2
84905,Germany,60.0,48,2
23346,Belgium,60.0,48,4
20979,Italy,60.0,48,3
20871,Greece,60.0,48,2
22953,Australia,60.0,48,2
22128,Austria,60.0,48,1
23076,Hong Kong,60.0,48,2
22675,Spain,60.0,48,4
84836,Cyprus,60.0,48,1
85183A,Netherlands,60.0,48,1
20696,Germany,60.0,16,4
21121,Finland,60.0,48,2
22771,Channel Islands,60.0,48,2
84580,Portugal,60.0,16,2
85098B,Germany,60.0,16,4
22299,Netherlands,60.0,48,2
22349,Spain,60.0,16,2
20671,Unspecified,60.0,48,2
23564,EIRE,60.0,48,1
21122,Austria,60.0,48,2
22407,Netherlands,60.0,48,1
22585,Australia,60.0,48,2
23265,EIRE,60.0,48,4
21122,United Arab Emirates,60.0,48,1
21390,Cyprus,60.0,48,2
23265,Germany,60.0,48,4
23212,Singapore,60.0,48,1
23218,Singapore,60.0,48,1
21809,Singapore,60.0,48,1
22297,Cyprus,60.0,48,1
21889,Norway,60.0,48,3
21673,Finland,60.0,48,4
21232,Unspecified,60.0,48,3
23162,Iceland,60.0,16,2
84836,Germany,60.0,48,3
21671,Austria,60.0,48,3
23226,EIRE,60.0,48,2
23350,EIRE,60.0,48,3
23393,EIRE,60.0,16,3
23349,EIRE,60.0,48,4
22771,Norway,60.0,48,4
22975,Norway,60.0,48,1
84519A,Norway,60.0,48,1
84519B,Norway,60.0,48,1
21592,Norway,60.0,48,2
23480,Finland,60.0,16,2
23352,France,60.0,48,3
22092,Norway,60.0,48,4
23565,EIRE,60.0,48,1
84875A,United Kingdom,60.0,16,12
23480,Norway,60.0,16,2
21122,Finland,60.0,48,2
21870,Channel Islands,60.0,48,4
22673,Denmark,60.0,48,2
21692,Spain,60.0,16,2
21123,Channel Islands,60.0,48,2
22072,Cyprus,60.0,16,2
84799,EIRE,60.0,48,1
23076,Switzerland,60.0,48,2
23438,Germany,60.0,48,3
85049B,Switzerland,60.0,48,3
23402,EIRE,60.0,16,2
22726,Norway,60.0,16,4
35646,EIRE,60.0,48,2
22426,Germany,60.0,16,4
20977,Portugal,60.0,48,3
23438,EIRE,60.0,48,1
21664,Spain,60.0,16,2
23197,Switzerland,60.0,48,1
21356,EIRE,60.0,48,4
22801,Germany,60.0,16,3
16053,France,60.0,2000,1
20985,United Arab Emirates,60.0,48,4
22562,EIRE,60.0,48,4
22564,EIRE,60.0,48,3
21791,Norway,60.0,48,3
84877B,EIRE,60.0,48,2
37370,France,60.0,48,3
20654,EIRE,60.0,48,3
85131A,Cyprus,60.0,48,1
21892,Portugal,60.0,48,4
23076,Unspecified,60.0,48,2
22730,Switzerland,60.0,16,3
20676,Belgium,60.0,48,6
22409,Netherlands,60.0,48,1
21871,Canada,60.0,48,2
21445,Netherlands,60.0,48,1
85131A,Netherlands,60.0,48,3
23168,France,60.0,48,4
21643,EIRE,60.0,48,4
21123,Belgium,60.0,48,2
22966,Belgium,60.0,48,3
84509A,Belgium,60.0,16,4
22750,Japan,60.0,16,2
22751,Japan,60.0,16,2
21591,Channel Islands,60.0,48,2
23497,Australia,60.0,48,1
82613D,EIRE,60.0,48,4
23566,EIRE,60.0,48,1
37495,Norway,60.0,16,2
22749,Italy,60.0,16,2
22294,Germany,60.0,48,2
84597B,France,60.0,48,3
22673,EIRE,60.0,48,4
21746,United Arab Emirates,60.0,48,2
84509B,Spain,60.0,16,4
23076,Belgium,60.0,48,2
23196,Japan,60.0,48,1
21889,Belgium,60.0,48,4
22399,Switzerland,60.0,48,4
20979,Spain,60.0,48,3
20979,Japan,60.0,48,1
21358,Germany,60.0,48,3
84632,United Arab Emirates,59.95,1,1
84632,EIRE,59.95,1,1
48189,Germany,59.92,8,2
22503,Channel Islands,59.9,2,1
22504,EIRE,59.9,2,2
22838,France,59.8,4,2
22848,Denmark,59.8,4,1
22385,Austria,59.8,30,2
21931,Cyprus,59.8,30,3
21628,Channel Islands,59.8,4,2
21781,Lebanon,59.8,4,1
22509,Australia,59.8,4,1
21628,Unspecified,59.8,4,2
20712,Poland,59.8,30,3
22846,Lebanon,59.8,4,1
21931,Australia,59.8,30,3
23472,Cyprus,59.8,4,1
22386,Spain,59.8,30,3
21275,Greece,59.8,4,1
21627,EIRE,59.8,4,1
22770,Greece,59.8,4,1
22762,Norway,59.8,4,2
20713,Switzerland,59.8,30,2
22849,Austria,59.8,4,1
23458,EIRE,59.8,4,2
21929,Singapore,59.8,30,2
21627,Channel Islands,59.8,4,2
22846,Denmark,59.8,4,1
23293,Denmark,59.76,72,2
23353,EIRE,59.76,72,5
23432,EIRE,59.76,72,4
23319,EIRE,59.76,24,4
23319,Belgium,59.76,24,2
23629,United Kingdom,59.76,24,10
23144,EIRE,59.76,72,4
23155,France,59.76,72,4
84292B,United Kingdom,59.75,9,6
90021,United Kingdom,59.75,5,4
22635,Malta,59.7,6,2
79072,Germany,59.7,6,3
22061,Belgium,59.7,6,3
22796,Malta,59.7,6,2
21217,Channel Islands,59.7,6,3
22061,Unspecified,59.7,6,1
22622,Channel Islands,59.7,6,1
72760B,Germany,59.7,6,2
72760B,Finland,59.7,6,2
22829,Channel Islands,59.7,6,2
23173,Cyprus,59.7,6,2
22060,Belgium,59.7,6,2
37500,Switzerland,59.7,6,1
22618,Finland,59.7,6,2
22120,Finland,59.7,6,1
22622,Portugal,59.7,6,3
22501,Channel Islands,59.7,6,3
22180,Spain,59.7,6,4
22501,Switzerland,59.7,6,1
23316,EIRE,59.7,6,2
22634,Channel Islands,59.7,6,1
23315,Switzerland,59.7,6,1
23397,France,59.7,6,3
22618,Belgium,59.7,6,2
23317,Germany,59.7,6,3
22635,Channel Islands,59.7,6,1
22890,Bahrain,59.7,6,2
22501,Cyprus,59.7,6,2
90171,United Kingdom,59.65,47,27
22055,Cyprus,59.6,40,2
gift_0001_70,United Kingdom,59.57,1,1
21981,Netherlands,59.55,205,4
22356,Sweden,59.5,70,4
23204,Switzerland,59.5,70,3
84820,United Arab Emirates,59.5,10,1
22752,Spain,59.5,7,3
84917,EIRE,59.5,10,1
22356,Switzerland,59.5,70,3
44241C,United Kingdom,59.5,70,8
84916,Finland,59.5,10,1
21986,France,59.45,205,7
84880,Greece,59.4,12,1
85091,EIRE,59.4,12,1
23188,Japan,59.4,36,1
21682,Switzerland,59.4,12,2
20997,Germany,59.4,12,3
22138,Denmark,59.4,12,2
22759,Italy,59.4,36,3
22064,Switzerland,59.4,36,2
23057,Germany,59.4,12,1
23127,Norway,59.4,12,1
22476,Germany,59.4,12,3
22296,Cyprus,59.4,36,2
22469,Greece,59.4,36,3
22111,Portugal,59.4,12,3
21622,Channel Islands,59.4,12,2
22556,Finland,59.4,36,3
22471,Switzerland,59.4,12,1
23245,Hong Kong,59.4,12,1
23298,Norway,59.4,12,2
23300,Australia,59.4,36,2
22195,United Arab Emirates,59.4,36,3
22077,Belgium,59.4,36,3
22295,EIRE,59.4,36,2
23243,Finland,59.4,12,2
23355,Australia,59.4,12,1
22500,EIRE,59.4,12,3
85042,Spain,59.4,12,1
22372,EIRE,59.4,12,4
22914,Israel,59.4,12,1
20802,EIRE,59.4,36,3
21204,Germany,59.4,36,3
22720,Lebanon,59.4,12,1
22649,France,59.4,12,3
21539,Portugal,59.4,12,2
22553,Austria,59.4,36,2
84797B,Bahrain,59.4,12,1
22310,Australia,59.4,36,3
23298,Singapore,59.4,12,1
22554,Finland,59.4,36,3
22464,France,59.4,36,3
22376,Germany,59.4,12,3
21706,Italy,59.4,12,2
22341,Netherlands,59.4,36,2
21200,France,59.4,36,3
23184,EIRE,59.4,12,1
21832,Norway,59.4,36,2
23571,Norway,59.4,36,3
23329,EIRE,59.4,36,3
21533,Norway,59.4,12,2
21770,Cyprus,59.4,12,4
21707,Spain,59.4,12,1
22972,Switzerland,59.4,36,3
70006,Denmark,59.4,36,2
22505,Lithuania,59.4,12,1
22242,Sweden,59.4,36,3
23190,Belgium,59.4,36,3
35654,United Kingdom,59.4,12,5
23332,Italy,59.4,36,2
22906,Channel Islands,59.4,36,2
21709,France,59.4,12,3
23274,EIRE,59.4,36,3
23357,Portugal,59.4,12,2
21770,Belgium,59.4,12,3
22628,Finland,59.4,12,1
22555,Sweden,59.4,36,3
22430,Portugal,59.4,12,3
84880,Japan,59.4,12,1
23172,Germany,59.4,36,3
21705,Germany,59.4,36,3
22185,EIRE,59.4,36,2
21708,Germany,59.4,12,3
22555,Spain,59.4,36,3
23171,Germany,59.4,36,3
22242,Japan,59.4,36,1
21202,France,59.4,36,3
21710,Germany,59.4,12,2
23340,EIRE,59.4,36,2
37500,Norway,59.4,12,1
79320,Australia,59.4,12,1
23245,Cyprus,59.4,12,3
21246,Hong Kong,59.4,12,1
22111,United Arab Emirates,59.4,12,2
22112,United Arab Emirates,59.4,12,2
85130A,Netherlands,59.4,36,2
21707,Germany,59.4,12,3
21651,Germany,59.4,36,2
21363,Israel,59.4,12,1
22075,Switzerland,59.4,36,3
23243,Spain,59.4,12,4
22500,Greece,59.4,12,1
21328,Switzerland,59.4,36,2
85174,Korea,59.4,12,2
84948,Germany,59.4,36,3
21246,EIRE,59.4,12,2
47505,Sweden,59.4,12,1
84854,Germany,59.4,12,3
47566,Denmark,59.4,12,1
22505,Norway,59.4,12,1
47566,Finland,59.4,12,2
22469,Poland,59.4,36,3
23031,Germany,59.4,36,5
22068,Germany,59.4,36,3
22505,Finland,59.4,12,3
21533,Belgium,59.4,12,3
21622,Italy,59.4,12,1
22906,EIRE,59.4,36,3
84949,Germany,59.4,36,5
82581,Norway,59.4,108,3
22555,Austria,59.4,36,3
22136,Italy,59.4,36,2
22064,Italy,59.4,36,3
84797A,Bahrain,59.4,12,1
23029,EIRE,59.4,36,5
21485,United Arab Emirates,59.4,12,2
47566,Norway,59.4,12,2
23245,Israel,59.4,12,1
21706,Spain,59.4,12,1
22243,Belgium,59.4,36,3
21910,Spain,59.4,36,3
22914,Denmark,59.4,12,2
22195,Finland,59.4,36,3
22860,Germany,59.4,36,5
22507,Finland,59.4,12,2
22759,Channel Islands,59.4,36,3
84854,EIRE,59.4,12,3
22784,EIRE,59.4,12,4
21832,Belgium,59.4,36,3
35001B,United Kingdom,59.33,17,6
22231,Germany,59.28,48,4
84884A,EIRE,59.25,15,3
21986,Netherlands,59.16,204,3
90011B,United Kingdom,59.06,20,15
35909A,United Kingdom,59.0,20,5
21303,Cyprus,59.0,4,1
22452,Spain,59.0,20,4
21937,Australia,59.0,20,4
21738,EIRE,59.0,20,5
22668,Norway,59.0,20,3
17129C,United Kingdom,58.83,87,12
82582,France,58.8,28,3
21523,Cyprus,58.8,8,4
20751,Spain,58.8,28,3
23506,France,58.8,140,7
16014,Norway,58.8,140,3
22378,France,58.8,28,7
20992,EIRE,58.68,108,5
18097C,Cyprus,58.65,23,3
85023C,United Kingdom,58.65,23,12
81985A,United Kingdom,58.65,23,7
21260,Denmark,58.5,18,1
47594A,Germany,58.5,30,4
47594A,EIRE,58.5,30,3
20681,Portugal,58.5,18,2
22431,Australia,58.5,30,2
22131,France,58.5,30,4
22131,Portugal,58.5,30,2
20713,Australia,58.5,30,3
22131,Belgium,58.5,30,4
20682,Finland,58.5,18,3
22989,Poland,58.5,18,2
85099C,Spain,58.5,30,3
84625A,Iceland,58.5,54,3
22432,Belgium,58.5,30,5
85099B,Hong Kong,58.5,30,2
22438,EIRE,58.5,30,3
22385,Hong Kong,58.5,30,2
20681,Lithuania,58.5,18,3
20682,Portugal,58.5,18,2
22386,Hong Kong,58.5,30,2
22433,Switzerland,58.5,30,4
22438,Germany,58.5,70,3
21011,EIRE,58.44,120,3
90033,United Kingdom,58.43,23,19
21872,France,58.38,54,2
22094,EIRE,58.08,96,4
22616,Germany,58.08,192,6
35816B,United Kingdom,58.07,139,3
85144,Spain,58.0,8,3
22416,Norway,58.0,40,2
22469,Singapore,58.0,40,1
22650,Germany,58.0,40,4
84341B,Germany,57.96,108,4
23247,Spain,57.8,20,5
23050,EIRE,57.75,7,4
22754,France,57.74,86,7
35815P,United Kingdom,57.64,120,6
21429,Spain,57.6,32,4
16043,France,57.6,960,1
16033,EIRE,57.6,480,3
23213,Spain,57.5,46,3
21484,France,57.35,15,4
20704,Sweden,57.3,14,3
23366,USA,57.2,88,2
23014,Portugal,57.2,16,2
23368,Germany,57.2,88,5
22845,Spain,57.15,9,5
22345,Netherlands,57.14,266,4
84950,EIRE,57.0,84,6
72755C,EIRE,57.0,36,3
35821B,United Kingdom,57.0,150,3
22755,France,56.89,85,6
22025,Japan,56.88,156,3
22346,Singapore,56.88,96,2
22024,Japan,56.88,156,3
21519,Singapore,56.88,156,3
22035,Australia,56.88,156,3
22894,Belgium,56.8,6,3
ADJUST,France,56.73,1,1
16235,Germany,56.7,270,5
84932B,France,56.7,19,3
22277,Spain,56.7,27,3
84270,EIRE,56.7,270,9
22059,Italy,56.62,38,4
23198,France,56.55,39,4
22416,Spain,56.55,39,4
23133,France,56.4,8,1
21635,EIRE,56.25,15,3
20967,Spain,56.25,15,3
22354,Belgium,56.25,15,2
90212C,United Kingdom,56.25,15,7
21419,Lithuania,56.25,15,1
22270,Cyprus,56.25,15,3
23396,France,56.25,15,4
85080,United Kingdom,56.18,114,23
23380,Japan,56.16,144,1
22100,Netherlands,56.16,144,1
23154,France,56.16,27,3
21509,Denmark,56.16,144,5
20771,EIRE,56.1,22,4
21679,France,56.1,66,4
85023A,United Kingdom,56.1,22,10
22358,France,56.05,19,4
85071A,EIRE,56.05,19,4
22807,France,56.05,19,3
22755,EIRE,56.04,84,6
22753,EIRE,56.04,84,6
20800,United Kingdom,55.96,13,4
22637,Channel Islands,55.8,24,3
84031A,Switzerland,55.8,12,1
21175,United Arab Emirates,55.8,24,2
84031B,Italy,55.8,12,1
84792,Denmark,55.8,12,1
22837,Belgium,55.8,12,2
84913A,Germany,55.8,12,2
35004B,Australia,55.8,12,1
84997C,USA,55.7,14,2
21980,Japan,55.68,192,2
21985,United Arab Emirates,55.68,192,4
84077,Germany,55.68,192,4
84279P,Poland,55.68,16,2
21984,Norway,55.68,192,4
21980,Finland,55.68,192,3
84279P,Spain,55.68,16,2
21983,Norway,55.68,192,4
84077,Switzerland,55.68,192,4
22415,EIRE,55.65,7,4
22840,Spain,55.65,7,5
21528,France,55.6,8,2
90214T,United Kingdom,55.57,57,24
46115B,United Kingdom,55.48,292,23
22028,Germany,55.44,132,10
22028,France,55.44,132,10
21917,France,55.44,132,6
22715,EIRE,55.44,132,7
15058C,Netherlands,55.4,12,2
15058B,Switzerland,55.4,12,2
15058C,France,55.4,12,2
47503A,EIRE,55.32,108,5
22657,United Kingdom,55.25,65,8
22940,Spain,55.25,13,3
84559b,United Kingdom,55.23,33,26
22233,EIRE,55.2,72,3
22448,EIRE,55.2,24,2
84405A,EIRE,55.2,8,2
90141B,United Kingdom,55.18,11,9
21210,Switzerland,55.1,38,5
21159,EIRE,55.1,38,4
21017,EIRE,55.01,89,4
85151,United Kingdom,55.0,44,8
22481,EIRE,55.0,44,5
20669,Portugal,55.0,44,6
72798C,United Kingdom,54.76,29,16
21843,Finland,54.75,5,2
22609,France,54.72,288,3
22578,Germany,54.72,96,6
22396,EIRE,54.68,52,5
21087,France,54.6,84,4
84817,Spain,54.6,26,5
22412,EIRE,54.6,26,3
85215,Austria,54.6,84,3
21086,Channel Islands,54.6,84,6
85032B,Belgium,54.6,84,2
22664,EIRE,54.6,26,4
90142D,United Kingdom,54.59,11,5
90043,United Kingdom,54.51,10,6
85064,Germany,54.5,10,3
85034B,Spain,54.5,34,4
22474,Germany,54.45,11,4
22472,Belgium,54.45,11,4
22139,Israel,54.45,11,2
21755,Italy,54.45,9,2
22307,EIRE,54.42,42,3
90084,United Kingdom,54.4,64,9
21422,Singapore,54.4,64,2
21239,Austria,54.4,64,4
21291,EIRE,54.4,64,3
21238,Finland,54.4,64,5
22571,Spain,54.4,64,7
21240,Finland,54.4,64,5
20870,United Kingdom,54.3,30,8
21135,Netherlands,54.08,32,3
21243,Finland,54.08,32,4
21245,Austria,54.08,32,3
11001,Unspecified,54.08,32,2
21244,Finland,54.08,32,4
23177,EIRE,54.0,24,3
21110,Cyprus,54.0,8,2
21906,Australia,54.0,8,2
22795,France,54.0,8,2
23177,Germany,54.0,24,3
21579,Belgium,54.0,24,3
22842,Germany,54.0,8,4
22842,France,54.0,8,4
21906,Spain,54.0,8,2
84839,Germany,54.0,8,3
21580,Portugal,54.0,24,4
21906,Belgium,54.0,8,4
16259,EIRE,54.0,324,3
23176,Belgium,54.0,24,3
23193,EIRE,54.0,24,3
21109,Switzerland,54.0,8,1
22468,Belgium,54.0,8,2
22170,Germany,54.0,8,2
21115,Finland,54.0,8,2
21577,Australia,54.0,24,3
22842,Switzerland,54.0,8,2
22843,European Community,54.0,8,2
23194,EIRE,54.0,24,3
21906,Hong Kong,54.0,8,1
22468,Australia,54.0,8,2
22842,European Community,54.0,8,2
21084,France,54.0,168,8
22843,Switzerland,54.0,8,2
21906,Norway,54.0,8,2
21115,Germany,54.0,8,3
23240,Switzerland,53.95,13,3
21395,France,53.82,66,3
22533,Germany,53.76,128,3
84536A,EIRE,53.76,128,8
20716,France,53.75,43,5
21671,France,53.7,42,4
21055,Sweden,53.7,6,1
21656,Channel Islands,53.7,42,2
35400,Switzerland,53.7,6,2
23079,Germany,53.7,6,3
23079,EIRE,53.7,6,2
21055,Belgium,53.7,6,2
21054,Italy,53.7,6,1
21382,EIRE,53.7,54,2
21974,Portugal,53.65,37,4
37448,Belgium,53.64,36,2
21905,EIRE,53.64,48,3
37448,Switzerland,53.64,36,3
37448,EIRE,53.64,36,3
20679,Switzerland,53.55,9,1
21754,Portugal,53.55,9,2
21661,Germany,53.55,9,3
21756,Singapore,53.55,9,2
21755,Spain,53.55,9,1
20679,Belgium,53.55,9,2
23534,France,53.55,9,3
21756,Italy,53.55,9,2
15056N,Poland,53.55,9,2
85014D,Belgium,53.55,9,2
21837,Cyprus,53.55,9,2
23205,Portugal,53.55,63,4
22320,Austria,53.55,9,3
22320,Belgium,53.55,9,2
85014B,Lithuania,53.55,9,1
22320,Spain,53.55,9,2
15056N,Spain,53.55,9,2
21823,EIRE,53.52,72,4
21162,EIRE,53.52,72,4
22398,Switzerland,53.4,84,7
90037C,United Kingdom,53.33,21,13
23365,France,53.3,82,6
35964,Germany,53.28,84,2
84817,EIRE,53.28,84,4
47566B,Spain,53.25,11,3
23099,EIRE,53.2,8,4
37464,Germany,53.16,48,2
22224,Greece,53.1,18,2
22063,Spain,53.1,18,3
22697,Italy,53.1,18,3
22271,Switzerland,53.1,18,3
22317,France,53.1,18,3
21262,Greece,53.1,18,2
22697,Malta,53.1,18,2
21452,Portugal,53.1,18,2
22665,Switzerland,53.1,18,2
21548,EIRE,53.1,18,3
22665,Channel Islands,53.1,18,3
84086C,Germany,53.1,18,3
22804,Italy,53.1,18,3
22667,France,53.1,18,3
22361,France,53.1,18,3
21890,Portugal,53.1,18,3
22273,Austria,53.1,18,2
21612,Germany,53.1,18,3
22453,Spain,53.1,18,3
21365,Switzerland,53.1,18,2
22698,Malta,53.1,18,2
22699,Malta,53.1,18,2
22326,Finland,53.1,18,1
22083,Spain,53.1,18,3
22274,Austria,53.1,18,3
82494L,Portugal,53.1,18,3
90201B,Germany,53.1,18,1
22327,EIRE,53.1,18,3
22957,Belgium,53.1,18,3
22318,Finland,53.1,18,2
21733,Finland,53.1,18,2
22317,Finland,53.1,18,2
22085,EIRE,53.1,18,2
15044A,EIRE,53.1,18,3
22495,Portugal,53.1,18,3
47556B,Poland,53.1,18,2
21563,EIRE,53.1,18,3
22318,Greece,53.1,18,3
22698,Switzerland,53.1,18,3
22317,Switzerland,53.1,18,3
22314,European Community,53.1,18,2
84032A,Germany,53.1,18,3
22665,Portugal,53.1,18,3
22328,Spain,53.1,18,3
22413,Austria,53.1,18,2
22413,Channel Islands,53.1,18,3
21481,Spain,53.1,18,3
22957,Singapore,53.1,18,1
22667,Switzerland,53.1,18,2
22084,Singapore,53.1,18,1
90201A,Germany,53.1,18,1
21164,Finland,53.1,18,2
22358,Spain,53.1,18,3
21696,France,53.1,18,2
22666,Switzerland,53.1,18,3
22808,Germany,53.1,18,1
21564,EIRE,53.1,18,3
90201D,Germany,53.1,18,1
22698,Iceland,53.1,18,2
21890,Lithuania,53.1,18,1
22358,Switzerland,53.1,18,2
22910,Singapore,53.1,18,1
21564,Denmark,53.1,18,3
22413,Belgium,53.1,18,3
22697,Iceland,53.1,18,2
22742,Italy,53.1,18,2
21481,Austria,53.1,18,3
22318,Belgium,53.1,18,2
22273,Portugal,53.1,18,3
22810,EIRE,53.1,18,2
22811,France,53.1,18,1
21739,France,53.1,18,3
82494L,Channel Islands,53.1,18,3
21249,Norway,53.1,18,2
21829,Netherlands,52.92,252,4
84447,United Kingdom,52.87,46,18
21213,Belgium,52.8,96,3
21975,Channel Islands,52.8,96,4
84992,Iceland,52.8,96,4
21666,Channel Islands,52.8,96,1
22951,Norway,52.8,96,3
84992,Spain,52.8,96,4
22334,Spain,52.8,32,2
22333,Belgium,52.8,32,3
21431,EIRE,52.8,32,4
21212,Austria,52.8,96,3
22331,Spain,52.8,32,2
22417,Spain,52.8,96,4
21976,Italy,52.8,96,4
84991,Iceland,52.8,96,4
23307,Spain,52.8,96,4
84992,Finland,52.8,96,2
21976,USA,52.8,96,3
84950,Cyprus,52.8,96,1
21213,USA,52.8,96,3
90202B,United Kingdom,52.79,18,15
84660a,United Kingdom,52.7,7,5
23146,Iceland,52.64,16,3
21498,Channel Islands,52.5,125,5
21499,Spain,52.5,125,5
21497,Portugal,52.5,125,5
16156S,Germany,52.5,125,5
16161U,Portugal,52.5,125,4
22568,Cyprus,52.5,14,4
22381,Portugal,52.5,25,4
22381,Singapore,52.5,25,2
22045,Belgium,52.5,125,5
20764,EIRE,52.5,14,4
21888,Unspecified,52.5,14,3
23395,France,52.5,14,4
21218,Italy,52.5,14,3
22380,Hong Kong,52.5,25,1
22378,Finland,52.5,25,3
22379,Singapore,52.5,25,2
47341B,United Kingdom,52.5,36,13
84845C,United Kingdom,52.5,42,14
21619,EIRE,52.5,30,3
16161U,Switzerland,52.5,125,4
37370,EIRE,52.5,42,4
21500,Spain,52.5,125,5
22707,Germany,52.5,125,5
85049F,Spain,52.5,42,4
22750,Spain,52.5,14,4
22986,France,52.5,125,4
21430,Italy,52.5,14,3
84692,Channel Islands,52.5,125,5
21833,France,52.39,31,4
22816,Netherlands,52.26,145,2
84469,EIRE,52.25,15,2
22645,Norway,52.2,36,3
22231,Czech Republic,52.2,36,1
21816,EIRE,52.2,36,2
22142,France,52.2,36,3
72741,Cyprus,52.2,36,2
23034,Germany,52.2,36,3
84987,Finland,52.2,36,3
22961,Switzerland,52.2,36,3
22645,EIRE,52.2,36,3
23147,France,52.2,36,3
22979,Japan,52.2,36,1
22549,Switzerland,52.2,36,2
23497,France,52.2,36,1
21210,Italy,52.2,36,3
22961,Channel Islands,52.2,36,3
21972,Norway,52.2,36,2
21973,Channel Islands,52.2,36,3
21210,Israel,52.2,36,2
23498,Germany,52.2,36,3
22549,Finland,52.2,36,3
22650,EIRE,52.2,36,3
22646,Denmark,52.2,36,1
84988,Australia,52.2,36,3
21211,EIRE,52.2,36,3
22416,Belgium,52.2,36,3
22067,France,52.2,36,1
22695,EIRE,52.2,36,2
22949,Norway,52.2,36,2
22969,Belgium,52.2,36,3
21210,Unspecified,52.2,36,3
22644,Japan,52.2,36,1
22535,EIRE,52.08,124,4
23247,Belgium,52.02,18,2
23236,Finland,52.02,18,2
23489,Germany,52.02,18,3
22734,Austria,52.02,18,1
23247,Norway,52.02,18,2
23178,EIRE,52.02,18,2
23109,Singapore,52.02,18,1
23560,Germany,52.02,18,2
22989,Spain,52.0,16,3
22436,EIRE,52.0,80,4
84755,Cyprus,52.0,80,2
22436,Switzerland,52.0,80,2
23142,EIRE,52.0,5,3
16051,Denmark,51.96,866,1
47348A,United Kingdom,51.87,97,15
15039,Germany,51.85,61,4
20719,Portugal,51.85,61,6
22034,Netherlands,51.84,144,1
21790,Malta,51.84,72,1
37491A,United Kingdom,51.66,19,14
21890,Germany,51.65,17,3
37446,Cyprus,51.6,40,2
82483,Austria,51.6,8,3
47566,Israel,51.45,11,2
21108,Netherlands,51.39,45,2
22114,France,51.35,13,4
84951b,United Kingdom,51.26,10,5
84462,United Kingdom,51.26,40,13
20717,Spain,51.25,41,5
21447,EIRE,51.25,41,4
20729,Netherlands,51.25,41,2
22079,France,51.15,31,4
84050,France,51.15,31,5
20725,Unspecified,51.15,31,4
21508,Denmark,51.12,132,5
21507,Denmark,51.12,132,5
22984,EIRE,51.12,132,5
85036B,Italy,51.0,12,2
21893,EIRE,51.0,12,1
22196,Finland,51.0,60,5
23341,Switzerland,51.0,6,1
21537,Belgium,51.0,12,2
22627,Poland,51.0,6,3
79191B,Belgium,51.0,60,4
22193,Singapore,51.0,6,1
84815,Greece,51.0,12,1
21094,EIRE,51.0,60,5
22262,Australia,51.0,60,4
21735,Germany,51.0,4,2
22907,Switzerland,51.0,60,4
22760,Switzerland,51.0,4,1
20703,Portugal,51.0,12,3
22752,Channel Islands,51.0,6,2
21945,EIRE,51.0,60,4
85227,Spain,51.0,60,3
21533,Singapore,51.0,12,1
72807C,Italy,51.0,12,3
22651,EIRE,51.0,60,4
21428,Czech Republic,51.0,12,1
22779,Norway,51.0,12,3
22636,Spain,51.0,6,2
22485,Portugal,51.0,4,2
22941,Channel Islands,51.0,6,1
22282,Lebanon,51.0,4,1
20692,Germany,51.0,12,4
22215,Cyprus,51.0,6,2
21945,Germany,51.0,60,3
22594,Germany,51.0,60,5
22168,Lebanon,51.0,6,1
21131,Australia,51.0,12,1
84909A,Germany,51.0,4,1
84782C,EIRE,51.0,4,2
21411,Switzerland,51.0,12,1
40001,Unspecified,51.0,60,2
22282,Channel Islands,51.0,4,1
22942,Italy,51.0,6,2
10002,EIRE,51.0,60,5
21989,Switzerland,51.0,60,3
22637,Spain,51.0,20,2
21679,Germany,51.0,60,4
22132,EIRE,51.0,60,4
85066,Italy,51.0,4,2
22754,Germany,51.0,60,5
21679,EIRE,51.0,60,4
22613,Belgium,51.0,60,5
22437,Channel Islands,51.0,60,3
22636,Channel Islands,51.0,6,1
90185A,EIRE,51.0,12,2
90185B,EIRE,51.0,12,2
90185C,EIRE,51.0,12,2
72598,EIRE,51.0,60,3
85035B,Italy,51.0,12,3
22595,Switzerland,51.0,60,4
22110,Germany,51.0,20,4
21340,Germany,51.0,4,2
22960,Finland,51.0,12,2
84688,EIRE,51.0,12,2
22194,EIRE,51.0,6,3
79191C,Belgium,51.0,60,5
22423,Austria,51.0,4,2
20983,Belgium,51.0,60,5
22491,Germany,51.0,60,3
85121C,EIRE,51.0,6,2
22275,Germany,51.0,6,3
22624,Italy,51.0,6,2
72802A,Italy,51.0,12,2
22963,EIRE,51.0,60,5
85121C,France,51.0,6,1
22199,Spain,51.0,12,2
20670,France,51.0,300,1
20662,France,51.0,300,1
22780,Spain,51.0,12,2
84612B,United Kingdom,51.0,20,4
85066,Switzerland,51.0,4,1
21795,EIRE,51.0,4,4
21332,EIRE,51.0,4,1
22891,Spain,51.0,12,3
22636,Italy,51.0,6,2
84840,Germany,51.0,6,3
22197,Channel Islands,51.0,60,2
84507B,EIRE,51.0,20,3
21331,Spain,51.0,4,1
22605,Spain,51.0,4,1
21539,Channel Islands,51.0,12,1
22376,Belgium,51.0,12,3
23342,France,51.0,6,2
72807C,European Community,51.0,12,1
85036B,European Community,51.0,12,1
22636,Malta,51.0,6,2
84826,Spain,51.0,60,1
21725,Finland,51.0,60,2
85188A,EIRE,51.0,60,3
22187,Austria,51.0,12,2
85121B,EIRE,51.0,6,1
22215,Italy,51.0,6,3
22586,EIRE,51.0,60,3
21537,Finland,51.0,12,1
21428,Italy,51.0,12,2
21258,Belgium,51.0,4,3
22626,Cyprus,51.0,6,3
23341,EIRE,51.0,6,3
22215,Finland,51.0,6,2
84968F,France,51.0,4,1
21537,Italy,51.0,12,3
47502,Italy,51.0,4,1
85035B,Switzerland,51.0,12,2
22372,Switzerland,51.0,12,2
22945,Portugal,51.0,60,2
21132,Australia,51.0,12,1
21063,EIRE,51.0,60,5
22595,Italy,51.0,60,4
22193,Channel Islands,51.0,6,3
22485,Israel,51.0,4,1
22734,United Arab Emirates,51.0,20,1
84865,Lithuania,51.0,6,1
16202A,France,51.0,300,1
22262,Germany,51.0,60,3
22424,Cyprus,51.0,4,1
85121B,France,51.0,6,1
21060,EIRE,51.0,60,5
22851,Germany,51.0,60,4
22236,Norway,51.0,4,1
22201,Australia,51.0,12,3
22626,Channel Islands,51.0,6,3
21270,Spain,51.0,4,2
21537,France,51.0,12,3
21274,Greece,51.0,4,2
20724,Finland,51.0,60,5
22923,Germany,51.0,60,3
22597,France,51.0,60,4
84968F,Poland,51.0,4,2
22129,Germany,51.0,60,5
84826,United Arab Emirates,51.0,60,1
22792,EIRE,51.0,60,5
21878,Australia,51.0,60,1
22960,Belgium,51.0,12,2
22779,Australia,51.0,12,1
22941,Italy,51.0,6,2
21700,Hong Kong,51.0,60,1
21282,Switzerland,51.0,12,2
22485,Unspecified,51.0,4,2
85164B,Australia,51.0,6,1
84968A,France,51.0,4,1
22625,Spain,51.0,6,3
22376,Iceland,51.0,12,3
84968C,France,51.0,4,1
84691,France,51.0,60,5
22909,Channel Islands,51.0,60,3
84969,Finland,51.0,12,1
22780,Norway,51.0,12,3
22129,France,51.0,60,3
22374,Switzerland,51.0,12,2
84968b,United Kingdom,50.98,2,2
84968f,United Kingdom,50.98,2,2
37476,EIRE,50.94,6,1
90001C,United Kingdom,50.94,12,11
37476,Bahrain,50.94,6,1
37475,Belgium,50.94,6,1
22406,Germany,50.88,48,1
22855,Netherlands,50.88,48,1
22855,Cyprus,50.88,48,1
23008,Channel Islands,50.85,3,1
22846,Channel Islands,50.85,3,2
22846,Cyprus,50.85,3,2
85069,United Kingdom,50.85,3,1
23007,Channel Islands,50.85,3,1
22846,Italy,50.85,3,2
22847,Cyprus,50.85,3,2
22509,France,50.85,3,2
85035b,United Kingdom,50.82,6,6
22558,Finland,50.76,36,2
22367,Spain,50.7,26,4
84803B,United Kingdom,50.7,30,10
85124a,United Kingdom,50.6,10,9
37489A,United Kingdom,50.46,48,26
35962,Netherlands,50.4,24,2
21562,France,50.4,24,1
84992,Australia,50.4,120,1
22632,Portugal,50.4,24,2
22816,France,50.4,120,8
21647,EIRE,50.4,24,2
21157,Spain,50.4,24,2
22994,Norway,50.4,120,3
22545,EIRE,50.4,120,3
22902,Germany,50.4,24,2
22029,Belgium,50.4,120,10
22531,Belgium,50.4,120,4
21314,Spain,50.4,24,3
21903,Germany,50.4,24,2
23307,Norway,50.4,120,1
22149,Channel Islands,50.4,24,3
21907,United Arab Emirates,50.4,24,2
47599B,Italy,50.4,24,1
21215,Australia,50.4,120,1
22746,Belgium,50.4,24,4
22412,France,50.4,24,2
21194,Cyprus,50.4,24,1
22955,Spain,50.4,24,3
21268,USA,50.4,24,1
21415,Lithuania,50.4,24,2
85199S,Germany,50.4,120,3
22632,Italy,50.4,24,2
21653,Australia,50.4,24,1
72349B,EIRE,50.4,24,2
72083A,United Kingdom,50.4,24,7
82583,United Arab Emirates,50.4,24,2
22149,Belgium,50.4,24,1
20751,Belgium,50.4,24,2
21508,EIRE,50.4,120,10
21638,Channel Islands,50.4,24,2
22135,Germany,50.4,120,9
22515,EIRE,50.4,24,4
21749,United Arab Emirates,50.4,24,2
22964,Denmark,50.4,24,2
21285,Belgium,50.4,24,2
22152,EIRE,50.4,120,4
21907,Portugal,50.4,24,2
22834,Spain,50.4,24,2
23439,Italy,50.4,24,2
22956,Spain,50.4,24,3
22212,Belgium,50.4,24,3
22633,Germany,50.4,24,2
85152,Australia,50.4,24,2
21647,Channel Islands,50.4,24,1
21907,Germany,50.4,24,1
22965,Germany,50.4,24,3
82583,Poland,50.4,24,2
22899,Spain,50.4,24,4
21908,Australia,50.4,24,2
22518,EIRE,50.4,24,4
21908,Channel Islands,50.4,24,3
21750,Norway,50.4,24,1
22815,Germany,50.4,120,9
82567,United Arab Emirates,50.4,24,2
22544,Norway,50.4,120,5
22866,Italy,50.4,24,2
22866,Norway,50.4,24,2
85170C,France,50.4,24,1
22212,Greece,50.4,24,1
22529,EIRE,50.4,120,3
20798,Channel Islands,50.4,24,1
20751,Denmark,50.4,24,1
21195,Cyprus,50.4,24,1
22151,Channel Islands,50.4,120,4
23439,EIRE,50.4,24,2
22546,Germany,50.4,120,3
21638,Sweden,50.4,24,2
22867,Portugal,50.4,24,2
22190,Switzerland,50.4,24,2
22867,France,50.4,24,2
21908,Spain,50.4,24,2
82600,United Arab Emirates,50.4,24,2
21908,Belgium,50.4,24,2
22489,Norway,50.4,120,5
22532,France,50.4,120,3
82583,Portugal,50.4,24,2
22748,Belgium,50.4,24,4
22529,Germany,50.4,120,3
22547,Belgium,50.4,120,4
23309,Australia,50.4,120,1
47599A,Italy,50.4,24,1
21653,Germany,50.4,24,3
10135,EIRE,50.2,80,3
35810A,Spain,50.1,42,5
84755,Spain,50.05,77,7
22479,EIRE,50.0,40,3
20963,EIRE,50.0,40,4
23077,Hong Kong,50.0,40,2
21223,France,50.0,40,3
47559B,Iceland,50.0,40,4
22402,EIRE,50.0,40,4
23111,Spain,50.0,4,1
82613A,EIRE,50.0,40,3
23094,Channel Islands,50.0,4,1
23406,Germany,50.0,8,3
23020,Cyprus,50.0,4,1
23108,Poland,50.0,8,2
21114,Spain,50.0,40,5
23020,Switzerland,50.0,4,1
23500,France,50.0,40,2
23094,Cyprus,50.0,4,1
23401,EIRE,50.0,8,4
20718,Belgium,50.0,40,4
23291,Belgium,50.0,40,4
20960,Switzerland,50.0,40,2
23018,Germany,50.0,4,2
22734,USA,49.98,18,3
21163,EIRE,49.96,52,4
22833,EIRE,49.95,1,1
21759,EIRE,49.95,1,1
23084,Norway,49.92,24,2
23166,Switzerland,49.92,48,1
23157,Germany,49.92,24,2
23156,Switzerland,49.92,24,2
23154,Greece,49.92,24,2
23392,USA,49.92,24,1
23159,EIRE,49.92,24,2
23515,Germany,49.92,24,4
23022,EIRE,49.92,24,1
23348,EIRE,49.92,24,4
23158,EIRE,49.92,24,1
23154,Finland,49.92,24,2
23157,Channel Islands,49.92,24,1
23419,EIRE,49.92,24,2
23159,Greece,49.92,24,2
23159,Switzerland,49.92,24,2
23025,EIRE,49.92,24,4
22782,Channel Islands,49.9,2,1
22782,EIRE,49.9,2,1
22782,France,49.9,2,1
23101,EIRE,49.8,60,4
23075,EIRE,49.8,12,2
23239,Cyprus,49.8,12,2
23174,Belgium,49.8,12,3
23101,France,49.8,60,4
22567,Poland,49.8,36,3
23240,Austria,49.8,12,2
82552,United Arab Emirates,49.8,36,2
22114,Channel Islands,49.8,12,3
23126,Channel Islands,49.8,12,1
22947,Belgium,49.8,4,2
23240,Channel Islands,49.8,12,2
23174,Spain,49.8,12,4
23461,EIRE,49.8,12,3
23281,Belgium,49.8,60,5
23255,Austria,49.8,12,2
23256,Austria,49.8,12,2
21670,Switzerland,49.8,36,2
21671,Italy,49.8,36,2
23148,EIRE,49.8,60,3
84380,Norway,49.8,36,3
23128,Channel Islands,49.8,12,1
23254,Sweden,49.8,12,2
23237,Denmark,49.8,12,1
23254,EIRE,49.8,12,2
23432,Spain,49.8,60,2
23255,Sweden,49.8,12,2
23240,Italy,49.8,12,2
23131,Channel Islands,49.8,12,1
23127,Channel Islands,49.8,12,1
23388,Spain,49.8,12,3
23603,United Kingdom,49.8,20,14
21669,Spain,49.8,36,3
23390,Germany,49.8,12,3
23174,Singapore,49.8,12,1
23240,Poland,49.8,12,2
23155,EIRE,49.8,60,5
72129,United Kingdom,49.76,75,19
21217,Switzerland,49.75,5,3
21623,France,49.75,5,3
21344,Norway,49.75,5,1
21217,Finland,49.75,5,1
22120,Cyprus,49.75,5,2
22756,France,49.68,48,4
22074,Switzerland,49.68,48,3
22757,France,49.68,48,4
37462E,United Kingdom,49.64,110,30
90052,United Kingdom,49.58,7,5
20727,Switzerland,49.5,30,3
23080,Spain,49.5,6,2
20726,Denmark,49.5,30,2
22382,Norway,49.5,30,1
23206,Channel Islands,49.5,30,2
22329,Spain,49.5,30,3
22382,Italy,49.5,30,3
20778,EIRE,49.5,30,2
23681,Portugal,49.5,30,1
23049,Norway,49.5,6,1
20725,Italy,49.5,30,3
23054,Norway,49.5,6,1
23050,Norway,49.5,6,1
23052,Norway,49.5,6,1
23081,Spain,49.5,6,2
23054,EIRE,49.5,6,3
23583,EIRE,49.5,30,3
22662,Norway,49.5,30,1
23170,Spain,49.5,30,4
23127,EIRE,49.5,10,3
22382,Canada,49.5,30,1
23284,Channel Islands,49.5,6,2
22195,Spain,49.5,30,4
22383,Switzerland,49.5,30,3
23052,Spain,49.5,6,3
23051,Norway,49.5,6,1
22555,Unspecified,49.5,30,3
21934,France,49.5,30,3
22662,Channel Islands,49.5,30,3
35922,EIRE,49.5,10,2
21100,Germany,49.5,30,2
85206A,EIRE,49.5,30,4
22736,EIRE,49.5,30,3
23542,EIRE,49.5,6,2
23206,Portugal,49.5,30,1
22079,Channel Islands,49.5,30,2
85206A,Germany,49.5,30,4
23032,Germany,49.5,30,3
22383,Canada,49.5,30,1
23053,Finland,49.5,6,1
22990,Spain,49.5,10,3
23052,Israel,49.5,6,2
21770,Brazil,49.5,10,1
23051,France,49.5,6,3
23080,France,49.5,6,2
22906,Germany,49.5,30,3
20725,Austria,49.5,30,2
20725,Greece,49.5,30,3
23435,EIRE,49.5,30,2
21934,Italy,49.5,30,2
22310,Italy,49.5,30,2
23053,Norway,49.5,6,1
22547,Germany,49.44,144,3
22336,Germany,49.44,144,2
35910B,United Kingdom,49.37,23,7
22229,EIRE,49.32,84,6
51014L,Germany,49.32,84,5
46000S,Germany,49.3,34,4
84537B,United Kingdom,49.14,117,11
47590B,Switzerland,49.05,9,3
84029E,Denmark,49.0,12,2
84029G,Germany,49.0,12,3
22042,Germany,48.96,156,7
79030G,France,48.96,48,4
48194,Spain,48.9,6,3
48194,France,48.9,6,2
23284,Italy,48.9,6,2
22646,Austria,48.84,60,2
15036,France,48.84,60,3
23502,France,48.75,39,3
47559B,Spain,48.75,39,7
23504,France,48.75,39,6
22732,France,48.75,39,3
37477B,United Kingdom,48.75,13,11
22630,Brazil,48.75,25,2
35644,United Kingdom,48.75,25,9
21811,Switzerland,48.72,72,3
21967,Finland,48.72,168,2
21982,Finland,48.72,168,2
21981,EIRE,48.72,168,6
21811,EIRE,48.72,72,3
72225C,EIRE,48.72,168,4
21985,Finland,48.72,168,2
21983,Finland,48.72,168,2
47593B,EIRE,48.72,72,3
21397,Germany,48.72,72,3
37501,Spain,48.65,7,3
84375,Switzerland,48.6,24,2
21426,Netherlands,48.6,26,2
21930,France,48.49,24,4
21817,EIRE,48.48,96,4
84461,EIRE,48.45,19,3
18097A,United Kingdom,48.45,19,14
22589,Netherlands,48.45,19,2
84820,EIRE,48.34,22,3
23284,Cyprus,48.3,6,2
22688,Channel Islands,48.3,6,3
48188,Spain,48.3,6,3
22664,France,48.3,23,7
35603C,United Kingdom,48.3,83,25
90054,United Kingdom,48.11,19,19
21880,Spain,48.1,74,7
90083,United Kingdom,48.08,52,15
22692,Belgium,47.98,6,3
22588,Switzerland,47.94,18,3
21891,Unspecified,47.85,33,3
22555,Portugal,47.85,29,6
22082,Switzerland,47.85,29,4
20953,United Kingdom,47.85,29,8
22606,Italy,47.85,3,2
22622,Norway,47.8,4,1
22400,Australia,47.76,96,2
20750,Cyprus,47.7,6,2
22947,Spain,47.7,6,1
84674,Germany,47.7,30,2
21922,Cyprus,47.7,6,1
20750,Unspecified,47.7,6,2
20749,Unspecified,47.7,6,2
48129,Australia,47.7,6,2
21990,France,47.7,30,3
15058B,Finland,47.7,6,2
15058A,Norway,47.7,6,1
20750,Australia,47.7,6,3
22689,Finland,47.7,6,1
84600,Norway,47.7,6,2
15058A,Finland,47.7,6,2
20749,Australia,47.7,6,3
21991,Germany,47.7,30,3
48184,Portugal,47.7,6,3
21524,Finland,47.7,6,1
85136C,EIRE,47.7,6,3
21527,Austria,47.7,6,2
22415,France,47.7,6,5
85068,Channel Islands,47.7,6,2
21990,Belgium,47.7,30,3
22690,Norway,47.7,6,3
84608,United Kingdom,47.7,6,4
22947,Portugal,47.7,6,1
84795B,Cyprus,47.7,6,1
22320,Portugal,47.6,8,3
84622,Cyprus,47.6,8,2
21259,Portugal,47.6,8,2
84709B,EIRE,47.6,8,2
21239,Finland,47.6,56,4
84620,Cyprus,47.6,8,2
21662,Germany,47.6,8,3
21347,United Kingdom,47.6,8,4
21240,EIRE,47.6,56,4
22356,Spain,47.6,56,4
21238,EIRE,47.6,56,6
22623,Finland,47.55,9,3
22540,Netherlands,47.52,192,3
21014,EIRE,47.52,96,4
23160,Germany,47.5,38,3
84845D,United Kingdom,47.5,38,10
23264,Spain,47.5,38,3
21355,Germany,47.5,38,5
22733,Austria,47.5,38,2
22482,Germany,47.5,38,4
22480,Germany,47.5,38,4
22439,France,47.45,73,4
85081,United Kingdom,47.43,107,25
84378,Norway,47.4,36,2
21488,Belgium,47.4,12,2
22620,Norway,47.4,36,3
22567,Portugal,47.4,36,3
22722,Lebanon,47.4,12,1
47504H,Israel,47.4,60,1
85132B,Netherlands,47.4,12,1
22189,Switzerland,47.4,12,3
22567,Spain,47.4,36,3
22189,Spain,47.4,12,3
22722,Finland,47.4,12,2
21581,France,47.25,21,4
21576,EIRE,47.25,21,4
22426,Israel,47.2,16,1
22086,Spain,47.2,16,4
22362,Belgium,47.2,16,3
22669,Spain,47.2,16,4
22766,Portugal,47.2,16,2
84675,EIRE,47.2,16,3
84715,Sweden,47.2,16,1
22158,Switzerland,47.2,16,2
84715,Germany,47.2,16,2
22808,EIRE,47.2,16,3
20895,United Kingdom,47.2,16,4
35909B,United Kingdom,47.2,16,7
22162,Switzerland,47.2,16,2
84927D,France,47.16,438,2
90067B,United Kingdom,47.12,16,6
84227,United Kingdom,47.04,112,13
85034C,Spain,47.0,28,2
90181C,United Kingdom,46.93,5,5
22448,Netherlands,46.9,14,2
22446,Netherlands,46.9,14,3
84596f,United Kingdom,46.89,19,14
22630,Channel Islands,46.8,24,2
22148,France,46.8,24,2
22938,Spain,46.8,24,2
22659,Hong Kong,46.8,24,2
23376,Germany,46.8,120,1
21276,Germany,46.8,24,1
20988,United Kingdom,46.8,24,9
20886,West Indies,46.8,24,1
22659,Italy,46.8,24,2
20975,Belgium,46.8,72,3
22492,USA,46.8,72,2
22992,Belgium,46.8,24,2
23244,Denmark,46.8,24,2
47504K,Germany,46.8,24,2
23359,EIRE,46.8,24,2
22466,Portugal,46.8,24,2
21156,Sweden,46.8,24,2
84706D,EIRE,46.8,24,1
21665,EIRE,46.8,72,3
22466,Sweden,46.8,24,2
21491,Netherlands,46.8,24,1
85217,Austria,46.8,72,2
22659,Denmark,46.8,24,2
20974,EIRE,46.8,72,3
23493,Portugal,46.8,24,3
21987,Sweden,46.8,72,5
20886,EIRE,46.8,24,1
21264,France,46.8,24,1
47504K,Poland,46.8,24,2
22150,Portugal,46.8,24,4
23244,France,46.8,24,4
21880,Australia,46.8,72,1
47594B,Germany,46.8,24,4
21086,Norway,46.8,72,1
22244,Denmark,46.8,24,1
22631,Sweden,46.8,24,1
22367,Austria,46.8,24,3
22813,Switzerland,46.8,24,1
47591D,Italy,46.8,24,3
47591C,EIRE,46.8,24,3
22492,Italy,46.8,72,2
22812,Korea,46.8,24,1
21143,Singapore,46.8,24,1
47594B,EIRE,46.8,24,3
47591D,Finland,46.8,24,3
21491,United Arab Emirates,46.8,24,1
84375,Greece,46.8,24,1
22992,Iceland,46.8,24,2
84212,Germany,46.8,72,3
21156,Finland,46.8,24,3
23367,Germany,46.8,72,4
20973,Switzerland,46.8,72,3
72750A,EIRE,46.8,24,2
22492,Channel Islands,46.8,72,2
22492,Austria,46.8,72,2
22812,Lithuania,46.8,24,1
22466,Greece,46.8,24,2
22659,Spain,46.8,24,2
20689,Germany,46.8,24,1
22148,United Arab Emirates,46.8,24,2
23244,Belgium,46.8,24,3
21156,Austria,46.8,24,3
47504K,Switzerland,46.8,24,2
22812,Belgium,46.8,24,1
84932A,Greece,46.8,24,2
22938,Italy,46.8,24,2
47594B,Czech Republic,46.8,24,1
22244,Switzerland,46.8,24,2
21110,Poland,46.8,24,1
85132A,Australia,46.8,24,1
22631,Austria,46.8,24,1
22938,Portugal,46.8,24,2
21491,Germany,46.8,24,1
21265,Iceland,46.8,24,2
84706A,EIRE,46.8,24,1
22898,Belgium,46.8,24,3
22337,Germany,46.8,72,3
21110,France,46.8,24,1
22938,Singapore,46.8,24,1
84932D,Germany,46.8,24,3
21785,Netherlands,46.8,72,1
20975,USA,46.8,72,1
22812,Channel Islands,46.8,24,1
35599D,Switzerland,46.8,24,1
21146,France,46.8,24,2
84857B,United Kingdom,46.8,24,1
22938,Germany,46.8,24,2
16202C,EIRE,46.8,24,2
22218,France,46.75,11,4
21946,Netherlands,46.68,108,2
90001A,United Kingdom,46.6,11,10
47566,United Arab Emirates,46.5,10,1
84705F,United Kingdom,46.5,10,7
47566B,Germany,46.5,10,2
46000M,Unspecified,46.5,30,2
16050,United Kingdom,46.45,151,8
22055,Portugal,46.4,32,1
37446,EIRE,46.4,32,3
23266,France,46.25,37,4
21439,Netherlands,46.25,37,4
20985,Portugal,46.25,37,6
21358,EIRE,46.25,37,4
85196,EIRE,46.2,84,6
72024U,United Kingdom,46.2,220,11
47344B,United Kingdom,46.2,42,9
85040A,EIRE,46.2,28,3
82580,Germany,46.2,84,4
85132c,United Kingdom,46.1,4,4
21932,Australia,46.0,20,3
84472,EIRE,45.95,1,1
84619,France,45.95,1,1
84626,United Kingdom,45.95,1,1
84619,EIRE,45.95,1,1
84472,Channel Islands,45.95,1,1
21205,Germany,45.9,18,3
21108,Cyprus,45.9,18,2
22582,France,45.9,18,2
22584,Unspecified,45.9,18,2
22572,France,45.9,54,5
21559,Switzerland,45.9,18,3
21558,Switzerland,45.9,18,3
22301,Switzerland,45.9,18,2
22300,Malta,45.9,18,2
21039,Belgium,45.9,18,2
21561,Spain,45.9,18,3
21556,Portugal,45.9,18,2
22781,Spain,45.9,6,2
21531,Belgium,45.9,18,3
22584,Spain,45.9,18,3
22930,Czech Republic,45.9,18,1
21556,EIRE,45.9,18,3
84508B,EIRE,45.9,18,3
37482P,Spain,45.9,18,2
85205B,Germany,45.9,18,2
84931B,EIRE,45.9,18,3
22491,France,45.9,54,4
21561,Switzerland,45.9,18,3
22350,Italy,45.9,18,2
21108,Switzerland,45.9,18,2
21205,Switzerland,45.9,18,2
21108,Italy,45.9,18,2
85016,EIRE,45.9,18,3
22352,Sweden,45.9,18,2
20828,Spain,45.9,18,7
21559,USA,45.9,18,2
21531,Finland,45.9,18,2
22639,EIRE,45.9,18,3
84347,Portugal,45.9,18,2
22304,Germany,45.9,18,2
22781,Sweden,45.9,6,1
22574,France,45.9,54,5
22930,France,45.9,18,3
22350,Spain,45.9,18,3
22642,France,45.9,18,2
22637,Italy,45.9,18,3
22301,Malta,45.9,18,2
21039,Portugal,45.9,18,3
72800F,France,45.9,18,2
22584,France,45.9,18,2
48129,Italy,45.86,6,2
84821,France,45.84,72,5
35809a,United Kingdom,45.75,11,11
23254,Unspecified,45.65,11,3
35811A,Germany,45.6,36,3
84929,Netherlands,45.6,240,1
21084,Australia,45.6,240,1
20831,EIRE,45.6,36,3
35471D,EIRE,45.58,86,5
22989,Switzerland,45.5,14,3
21665,Channel Islands,45.5,70,1
21819,France,45.42,74,3
22027,Switzerland,45.36,108,6
22037,Switzerland,45.36,108,7
22135,France,45.36,108,5
21507,Switzerland,45.36,108,5
22983,EIRE,45.36,108,5
21801,EIRE,45.36,108,3
22037,EIRE,45.36,108,9
84493,France,45.36,567,1
21803,EIRE,45.36,108,3
22027,Denmark,45.36,108,7
21507,EIRE,45.36,108,9
22716,Switzerland,45.36,108,7
22232,France,45.28,48,4
16237,France,45.15,215,8
22059,EIRE,45.12,48,3
20704,Germany,45.1,18,3
22403,Germany,45.05,85,7
84997B,Bermuda,45.0,12,1
21774,Japan,45.0,36,1
23252,France,45.0,12,3
23082,Cyprus,45.0,12,1
84836,Switzerland,45.0,36,3
23229,Spain,45.0,12,2
23229,Belgium,45.0,12,2
21912,Belgium,45.0,12,3
22435,Switzerland,45.0,36,3
21231,United Arab Emirates,45.0,36,2
79067,Denmark,45.0,12,2
22508,Portugal,45.0,12,3
22511,Spain,45.0,12,3
21272,Greece,45.0,36,2
22619,Italy,45.0,12,2
22686,EIRE,45.0,36,2
21098,Channel Islands,45.0,36,3
21821,France,45.0,12,2
22435,Australia,45.0,36,2
21272,Israel,45.0,36,1
21354,Portugal,45.0,36,3
22982,Finland,45.0,36,3
22978,Finland,45.0,12,2
37370,Belgium,45.0,36,1
22805,Germany,45.0,36,3
21874,Spain,45.0,36,3
85049H,Spain,45.0,36,3
22978,Poland,45.0,12,2
22966,Portugal,45.0,36,3
22975,Belgium,45.0,36,3
21070,EIRE,45.0,36,4
21067,Germany,45.0,36,2
23160,EIRE,45.0,36,2
23423,Germany,45.0,12,2
21992,Switzerland,45.0,36,2
84569D,Norway,45.0,36,1
23162,Spain,45.0,12,2
35233,United Kingdom,45.0,12,10
84997A,Channel Islands,45.0,12,1
22982,Norway,45.0,36,3
21439,Switzerland,45.0,36,1
22978,Norway,45.0,12,2
22204,Germany,45.0,12,3
22749,Austria,45.0,12,2
23333,Italy,45.0,36,2
22217,EIRE,45.0,36,3
21437,Channel Islands,45.0,12,1
90013A,EIRE,45.0,12,2
85169D,France,45.0,36,3
21913,Switzerland,45.0,12,2
21668,France,45.0,36,3
21466,Spain,45.0,12,2
22619,Hong Kong,45.0,12,1
23083,Cyprus,45.0,12,1
47503E,EIRE,45.0,36,3
22960,Singapore,45.0,12,1
85178,Switzerland,45.0,36,2
22550,Australia,45.0,12,1
21618,EIRE,45.0,12,2
22128,Australia,45.0,36,2
23275,Germany,45.0,36,3
22773,Norway,45.0,36,3
21478,United Arab Emirates,45.0,12,1
22113,Italy,45.0,12,2
21808,Spain,45.0,12,1
22982,Germany,45.0,36,3
23267,Switzerland,45.0,36,2
22750,Italy,45.0,12,2
84509C,EIRE,45.0,12,3
16161C,United Kingdom,45.0,450,2
21010,France,45.0,36,2
22178,Greece,45.0,36,3
84685,Germany,45.0,12,2
22619,Sweden,45.0,12,1
15060B,Portugal,45.0,12,2
85049E,Belgium,45.0,36,3
47585A,Finland,45.0,12,1
22357,Austria,45.0,12,1
84279P,Finland,45.0,12,2
22975,Switzerland,45.0,36,3
23264,France,45.0,36,3
22254,Belgium,45.0,36,3
22569,Germany,45.0,12,2
21912,Switzerland,45.0,12,2
37370,Switzerland,45.0,36,2
21637,Switzerland,45.0,36,1
20674,RSA,45.0,36,1
84509A,Finland,45.0,12,1
22399,EIRE,45.0,36,3
47504G,EIRE,45.0,36,3
20971,Belgium,45.0,36,2
23333,EIRE,45.0,36,3
21637,Austria,45.0,36,1
21732,Netherlands,45.0,12,1
23480,Iceland,45.0,12,1
23358,Belgium,45.0,12,1
22511,Switzerland,45.0,12,1
84380,Italy,45.0,36,2
21218,Austria,45.0,12,2
21913,Belgium,45.0,12,3
22494,Denmark,45.0,36,2
85097B,Netherlands,45.0,12,1
21670,Austria,45.0,36,3
21071,EIRE,45.0,36,3
21808,Cyprus,45.0,12,1
84997B,Iceland,45.0,12,2
23351,Spain,45.0,36,2
23275,EIRE,45.0,36,3
21894,Germany,45.0,36,3
84997C,Italy,45.0,12,1
21231,Unspecified,45.0,36,3
71053,Switzerland,45.0,12,1
23328,Germany,45.0,12,1
21218,Hong Kong,45.0,12,2
21071,Spain,45.0,36,3
85183B,Germany,45.0,36,3
22619,Belgium,45.0,12,2
84997C,Iceland,45.0,12,2
23263,Germany,45.0,36,3
22966,Switzerland,45.0,36,2
22568,France,45.0,12,2
20696,Netherlands,45.0,12,1
84279B,Finland,45.0,12,3
84997B,Italy,45.0,12,2
79067,Netherlands,45.0,12,2
37495,Portugal,45.0,12,3
23100,Germany,45.0,36,3
22204,Australia,45.0,12,3
POST,Cyprus,45.0,3,3
21272,EIRE,45.0,36,3
21009,EIRE,45.0,36,2
22774,Iceland,45.0,36,3
84912B,EIRE,45.0,12,2
22619,Unspecified,45.0,12,3
22241,United Arab Emirates,45.0,36,3
22609,Germany,45.0,108,3
22619,Netherlands,45.0,12,2
23118,Channel Islands,45.0,6,2
85183A,EIRE,45.0,36,3
79067,Spain,45.0,12,1
22750,Austria,45.0,12,2
23382,Germany,45.0,12,2
84997D,Iceland,45.0,12,2
21747,Germany,45.0,36,3
22098,Belgium,45.0,36,3
85183B,EIRE,45.0,36,3
22729,Iceland,45.0,12,3
85049F,Switzerland,45.0,36,2
21868,Spain,45.0,36,2
72724,United Kingdom,45.0,36,11
85049G,Channel Islands,45.0,36,2
23480,Denmark,45.0,12,1
84997D,United Arab Emirates,45.0,12,1
22508,Switzerland,45.0,12,1
23299,Poland,45.0,12,1
20941,France,45.0,36,2
22128,France,45.0,36,1
22070,Unspecified,45.0,12,1
23358,Italy,45.0,12,1
23153,EIRE,45.0,12,3
84978,France,45.0,36,3
23061,EIRE,45.0,36,3
23168,Germany,45.0,36,3
22280,Germany,45.0,36,3
85183A,Norway,45.0,36,1
85183B,Norway,45.0,36,1
21915,Norway,45.0,36,3
21791,Hong Kong,45.0,36,2
22855,EIRE,45.0,36,2
21948,Germany,45.0,36,1
21068,Germany,45.0,36,3
23566,France,45.0,36,3
84978,Germany,45.0,36,2
23083,France,45.0,12,1
23229,Germany,45.0,12,2
22127,Channel Islands,45.0,36,1
22719,Germany,45.0,36,3
21912,Sweden,45.0,12,2
21993,Switzerland,45.0,36,2
85059,Germany,45.0,12,3
22550,Denmark,45.0,12,3
22253,France,45.0,36,3
22674,Spain,45.0,36,3
22128,Sweden,45.0,36,2
20692,Spain,45.0,12,1
21947,Singapore,45.0,36,2
21746,Switzerland,45.0,36,2
23358,Norway,45.0,24,2
84946,Cyprus,45.0,36,3
21875,France,45.0,36,3
22510,Switzerland,45.0,12,1
84997C,Bermuda,45.0,12,1
21947,EIRE,45.0,36,2
22073,Spain,45.0,12,1
22099,Sweden,45.0,36,1
21774,France,45.0,36,3
21888,Denmark,45.0,12,3
21430,Norway,45.0,12,1
22349,Italy,45.0,12,1
23267,France,45.0,36,3
22733,Spain,45.0,36,2
22349,Denmark,45.0,12,1
21821,Spain,45.0,12,1
84828,Spain,45.0,36,3
47593A,France,45.0,36,2
22592,Spain,45.0,12,2
22960,Lebanon,45.0,12,1
21447,Channel Islands,45.0,36,2
23306,Spain,44.95,31,4
22365,Sweden,44.94,6,1
22366,Channel Islands,44.94,6,2
23625,United Kingdom,44.91,9,4
21685,United Kingdom,44.85,3,2
22838,Italy,44.85,3,2
22762,Channel Islands,44.85,3,2
21659,EIRE,44.85,3,2
22762,EIRE,44.85,3,3
21752,Cyprus,44.85,3,1
22838,Spain,44.85,3,3
20803,Poland,44.82,54,3
23318,Unspecified,44.82,18,2
16218,France,44.8,480,4
90135,United Kingdom,44.75,9,3
21055,Cyprus,44.75,5,2
23542,Australia,44.7,6,1
23019,Australia,44.7,6,1
23543,Norway,44.7,6,1
23542,Norway,44.7,6,1
84402B,United Kingdom,44.61,51,4
22784,Spain,44.55,9,3
90197D,United Kingdom,44.55,9,4
23114,Denmark,44.55,9,1
22720,Cyprus,44.55,9,3
21706,Portugal,44.55,9,2
90161B,Germany,44.55,9,1
22325,Spain,44.55,9,1
22118,EIRE,44.55,9,2
22472,Italy,44.55,9,3
22939,Netherlands,44.55,9,3
22325,Switzerland,44.55,9,1
21709,Portugal,44.55,9,2
23114,EIRE,44.55,9,1
23115,Belgium,44.55,9,1
22223,EIRE,44.55,9,3
22474,Italy,44.55,9,3
21533,Finland,44.55,9,2
22617,Spain,44.55,9,2
22325,Australia,44.55,9,3
22222,Singapore,44.55,9,1
22507,Spain,44.55,9,3
23192,Portugal,44.55,27,4
22721,France,44.55,9,3
21584,Portugal,44.55,27,3
22784,Norway,44.55,9,3
23114,Belgium,44.55,9,1
22138,Lithuania,44.55,9,1
85232B,Austria,44.55,9,1
85232A,EIRE,44.55,9,3
23184,Spain,44.55,9,4
22784,Italy,44.55,9,2
21534,Germany,44.55,9,3
22139,Channel Islands,44.55,9,2
22325,Finland,44.55,9,1
22617,Canada,44.55,9,2
35241,Portugal,44.55,9,2
22325,Sweden,44.55,9,3
47505,Germany,44.55,9,3
22139,Netherlands,44.55,9,1
22913,Israel,44.55,9,1
72796B,United Kingdom,44.55,27,13
22912,France,44.55,9,2
84228,Australia,44.4,120,1
79066k,United Kingdom,44.37,27,17
21209,France,44.28,36,3
90011A,United Kingdom,44.28,15,15
22668,Israel,44.25,15,1
21932,Channel Islands,44.25,15,3
84586L,United Kingdom,44.25,15,9
22089,Spain,44.25,15,3
22668,Belgium,44.25,15,3
21933,Channel Islands,44.25,15,3
21936,Channel Islands,44.25,15,3
37502,Italy,44.25,15,2
21936,Italy,44.25,15,3
22668,Finland,44.25,15,2
22667,Spain,44.25,15,4
35085E,United Kingdom,44.25,39,9
22393,EIRE,44.22,66,5
22348,Netherlands,44.2,52,3
22601,Spain,44.2,52,4
90125E,United Kingdom,44.19,18,17
21982,Switzerland,44.16,144,3
79190A,Belgium,44.1,105,6
22149,USA,44.1,21,3
22149,France,44.1,21,4
22098,Norway,44.04,60,3
16045,Germany,44.0,900,8
22487,Switzerland,43.95,5,2
35815B,United Kingdom,43.94,95,3
22074,Germany,43.92,72,4
20996,EIRE,43.92,144,6
85032B,Germany,43.8,54,5
22605,Singapore,43.8,4,1
37352,United Kingdom,43.75,35,7
17014C,United Kingdom,43.75,97,2
21226,Germany,43.75,35,3
23242,France,43.68,21,5
21916,EIRE,43.68,104,5
71038,EIRE,43.6,8,2
70006,EIRE,43.5,42,2
23268,France,43.5,30,3
21161,France,43.5,30,3
23198,Spain,43.5,30,4
23033,Germany,43.5,30,4
79063C,United Kingdom,43.46,234,13
90042B,United Kingdom,43.35,17,6
22600,France,43.35,51,5
35822P,United Kingdom,43.32,114,1
21703,France,43.26,103,10
22150,Channel Islands,43.2,24,3
22900,Spain,43.1,14,2
22091,France,43.08,84,3
22944,France,43.08,84,2
22398,Netherlands,43.08,84,2
22097,EIRE,43.08,84,2
37503,Spain,43.0,4,2
37503,USA,43.0,4,1
37503,Germany,43.0,4,2
37503,Portugal,43.0,4,2
85141,Spain,43.0,4,3
22832,Germany,43.0,4,2
23038,United Kingdom,42.92,44,8
84993a,United Kingdom,42.71,51,30
21596,United Kingdom,42.64,10,9
20871,Bahrain,42.6,30,2
84406B,Austria,42.6,12,2
22280,Portugal,42.6,30,3
20724,Austria,42.5,50,2
22355,Sweden,42.5,50,4
20723,Japan,42.5,50,1
21063,Spain,42.5,50,5
21125,Spain,42.5,34,4
22752,Unspecified,42.5,5,2
20719,Iceland,42.5,50,5
22356,Finland,42.5,50,5
22852,France,42.5,10,2
22199,Cyprus,42.5,10,4
90024A,United Kingdom,42.5,5,4
22207,Italy,42.5,10,2
22627,Cyprus,42.5,5,3
20738,EIRE,42.5,50,2
22625,Cyprus,42.5,5,3
22624,Cyprus,42.5,5,3
23210,Spain,42.5,34,2
20723,Portugal,42.5,50,5
35810A,Finland,42.48,42,3
35953,Germany,42.44,100,3
21917,Germany,42.42,101,5
21287,EIRE,42.36,84,2
16238,France,42.21,201,8
22209,Spain,42.09,27,3
72771C,United Kingdom,42.08,54,6
46000S,EIRE,42.05,29,4
22620,Unspecified,42.05,29,3
20860,United Kingdom,42.0,20,11
23231,Switzerland,42.0,100,4
22379,Channel Islands,42.0,20,3
22985,Germany,42.0,100,2
22708,France,42.0,100,4
22377,Channel Islands,42.0,20,3
16161P,Spain,42.0,100,4
23004,Germany,42.0,100,5
16161P,Netherlands,42.0,100,3
22440,France,42.0,100,5
22046,Portugal,42.0,100,3
16156L,EIRE,42.0,100,4
16169E,France,42.0,100,4
16169E,EIRE,42.0,100,3
22045,Spain,42.0,100,4
22045,Netherlands,42.0,100,4
22380,Switzerland,42.0,20,2
16169C,Switzerland,42.0,100,1
21499,Switzerland,42.0,100,4
22965,Spain,42.0,20,3
22052,France,42.0,100,4
21500,Channel Islands,42.0,100,4
22959,EIRE,42.0,100,4
23546,EIRE,42.0,100,3
22078,Channel Islands,42.0,20,1
22532,EIRE,42.0,100,4
22441,Switzerland,42.0,20,2
22380,Singapore,42.0,20,1
22380,France,42.0,20,4
16014,Poland,42.0,100,5
21155,Netherlands,42.0,20,2
22057,EIRE,42.0,40,3
22078,Spain,42.0,20,2
22051,France,42.0,100,4
22040,Germany,42.0,100,4
21699,Denmark,41.88,84,2
22578,France,41.86,98,7
15060b,United Kingdom,41.81,5,5
84077,Hong Kong,41.76,144,1
84077,Denmark,41.76,144,3
21657,Spain,41.7,6,2
20704,France,41.7,6,3
22428,Cyprus,41.7,6,1
21625,Germany,41.7,6,2
90160C,Germany,41.7,6,1
22428,EIRE,41.7,6,1
37501,Finland,41.7,6,1
37501,Malta,41.7,6,2
22119,Italy,41.7,6,1
23356,France,41.65,7,3
21432,EIRE,41.65,7,2
84611B,United Kingdom,41.65,7,4
22132,Portugal,41.65,49,2
90060B,United Kingdom,41.65,7,5
23356,Channel Islands,41.65,7,2
21001,Germany,41.65,7,2
90060C,United Kingdom,41.65,7,3
90152C,United Kingdom,41.65,7,4
21754,Cyprus,41.65,7,3
20713,Portugal,41.6,20,2
23202,Channel Islands,41.6,20,2
23343,Channel Islands,41.6,20,2
85099C,Finland,41.6,20,1
22385,Switzerland,41.6,20,1
23201,Belgium,41.6,20,2
23199,Cyprus,41.6,20,2
20713,Finland,41.6,20,2
23201,Channel Islands,41.6,20,2
23440,United Kingdom,41.6,20,4
23203,Channel Islands,41.6,20,2
23085,Channel Islands,41.6,4,1
21929,Poland,41.6,20,2
23582,Finland,41.6,20,1
23200,Belgium,41.6,20,2
23344,Channel Islands,41.6,20,2
23344,Australia,41.6,20,2
22385,Finland,41.6,20,2
23075,France,41.5,10,1
23174,Cyprus,41.5,10,2
23012,Australia,41.4,12,1
23013,Australia,41.4,12,1
23014,Australia,41.4,12,1
22904,Channel Islands,41.3,14,2
90162A,United Kingdom,41.3,14,8
22831,Spain,41.3,14,3
22124,France,41.3,14,3
22453,Netherlands,41.3,14,2
22272,EIRE,41.3,14,3
22452,Netherlands,41.3,14,2
82494L,Cyprus,41.3,14,3
84773,Spain,41.3,14,3
85184B,United Kingdom,41.3,14,7
21739,EIRE,41.3,14,3
22211,France,41.26,26,3
23448,United Kingdom,41.25,25,3
84569C,Germany,41.25,33,3
22508,Italy,41.25,11,2
21327,Netherlands,41.25,25,2
22080,Switzerland,41.25,25,3
84997D,Cyprus,41.25,11,2
90152B,United Kingdom,41.21,7,6
90027C,United Kingdom,41.17,14,12
18096c,United Kingdom,41.14,8,6
22579,Spain,41.12,80,7
21669,France,41.1,30,2
22186,Spain,41.1,18,2
21011,Germany,41.04,108,2
21088,Netherlands,41.04,216,1
22818,Australia,41.04,108,3
21119,United Kingdom,41.01,3,3
23373,EIRE,41.0,50,2
23493,Switzerland,40.95,21,2
22660,Germany,40.95,5,2
35071,United Kingdom,40.94,38,6
22755,Denmark,40.8,48,2
79000,Belgium,40.8,48,4
22907,Channel Islands,40.8,48,3
21541,United Arab Emirates,40.8,48,2
21058,EIRE,40.8,48,4
84534B,Unspecified,40.8,48,2
22851,Switzerland,40.8,48,3
22418,Italy,40.8,48,1
21061,EIRE,40.8,48,4
22754,Denmark,40.8,48,2
22595,Cyprus,40.8,48,1
21544,Sweden,40.8,48,3
22389,Netherlands,40.8,48,1
84945,Australia,40.8,48,2
22962,Belgium,40.8,48,3
22857,France,40.8,48,3
22963,Norway,40.8,48,4
22602,Cyprus,40.8,48,1
84798C,United Kingdom,40.8,16,3
22260,EIRE,40.8,48,4
20981,Switzerland,40.8,48,3
22740,Hong Kong,40.8,48,1
20981,United Arab Emirates,40.8,48,2
85188B,United Arab Emirates,40.8,48,2
21715,Finland,40.8,16,2
22740,Italy,40.8,48,1
22908,Sweden,40.8,48,1
22741,Italy,40.8,48,1
22909,Norway,40.8,48,1
22322,France,40.8,48,3
44228,United Kingdom,40.8,48,3
21240,Israel,40.8,48,2
21789,Japan,40.8,48,2
21943,France,40.8,48,4
21787,Channel Islands,40.8,48,1
85227,Lithuania,40.8,48,1
21700,Greece,40.8,48,4
22594,Singapore,40.8,48,1
22651,Germany,40.8,48,4
22593,Singapore,40.8,48,1
21715,Norway,40.8,16,2
22597,Cyprus,40.8,48,1
22587,Norway,40.8,48,1
21238,Israel,40.8,48,2
21441,EIRE,40.8,48,4
22948,Portugal,40.8,48,1
21785,Denmark,40.8,48,2
21819,Singapore,40.8,48,1
22601,Singapore,40.8,48,1
22581,Singapore,40.8,48,1
22571,Singapore,40.8,48,1
21544,Denmark,40.8,48,2
20983,Japan,40.8,48,1
21061,Norway,40.8,48,1
21058,Norway,40.8,48,1
79000,Switzerland,40.8,48,2
21094,Finland,40.8,48,3
21790,Australia,40.8,48,3
85061W,Cyprus,40.8,48,1
21787,Belgium,40.8,48,2
22344,Spain,40.8,48,3
21789,Switzerland,40.8,48,1
21675,Switzerland,40.8,48,3
20981,Belgium,40.8,48,4
21716,Norway,40.8,16,2
72800E,EIRE,40.8,24,3
85189,United Arab Emirates,40.8,48,2
22418,Portugal,40.8,48,2
21239,Israel,40.8,48,2
21789,Austria,40.8,48,2
22321,Portugal,40.8,48,2
22576,Germany,40.8,48,3
21291,Germany,40.8,48,3
22321,EIRE,40.8,48,3
21062,France,40.8,48,3
22578,Singapore,40.8,48,1
21788,Austria,40.8,48,2
84520B,Germany,40.8,48,4
22600,Singapore,40.8,48,1
22740,Spain,40.8,48,1
21541,France,40.8,48,3
21680,Belgium,40.8,48,3
21544,United Arab Emirates,40.8,48,2
84761,EIRE,40.8,16,1
22132,Spain,40.8,48,3
22133,Spain,40.8,48,3
21787,France,40.8,48,2
22962,Norway,40.8,48,4
22613,Sweden,40.8,48,2
84970S,Cyprus,40.8,48,1
22741,Belgium,40.8,48,1
90167,Germany,40.8,48,1
21716,Switzerland,40.8,16,2
21946,France,40.8,48,4
21788,Switzerland,40.8,48,1
22348,Cyprus,40.8,48,2
85188B,EIRE,40.8,48,2
21677,EIRE,40.8,48,3
21988,Unspecified,40.8,48,2
84971S,Netherlands,40.8,48,1
21717,United Arab Emirates,40.8,16,2
21717,Australia,40.8,16,1
22245,Switzerland,40.8,48,3
20839,Poland,40.8,48,4
84534B,EIRE,40.8,48,4
22418,United Arab Emirates,40.8,48,2
84691,Germany,40.8,48,4
22418,Austria,40.8,48,2
22741,Greece,40.8,48,1
21239,EIRE,40.8,48,3
21716,Belgium,40.8,16,2
21094,Spain,40.8,48,4
21675,Germany,40.8,48,4
21715,Switzerland,40.8,16,2
22573,Germany,40.8,48,4
21724,Germany,40.8,48,4
22579,Singapore,40.8,48,1
85227,Sweden,40.8,48,2
21717,Austria,40.8,16,1
85017C,EIRE,40.8,48,2
22962,EIRE,40.8,48,4
21675,France,40.8,48,3
85084,EIRE,40.8,48,2
21080,Austria,40.8,48,4
22418,Australia,40.8,48,1
22574,Germany,40.8,48,4
90132,United Kingdom,40.72,8,8
21977,Unspecified,40.7,74,4
22568,Channel Islands,40.68,12,1
20969,Channel Islands,40.68,12,1
20970,Channel Islands,40.68,12,1
90037B,United Kingdom,40.57,16,8
21165,Italy,40.56,24,2
84879,Italy,40.56,24,2
21697,Spain,40.56,24,2
84800L,Germany,40.56,24,1
21245,Israel,40.56,24,1
84802B,EIRE,40.56,24,1
21381,Cyprus,40.56,24,1
21165,Singapore,40.56,24,2
21702,EIRE,40.56,24,1
21169,Italy,40.56,24,2
84849B,Poland,40.56,24,2
21655,Germany,40.56,24,2
21243,United Arab Emirates,40.56,24,1
21833,Unspecified,40.56,24,2
21284,Belgium,40.56,24,2
35809A,Denmark,40.56,24,1
21209,Switzerland,40.56,72,2
84975,EIRE,40.56,24,1
21169,Channel Islands,40.56,24,2
21165,Belgium,40.56,24,2
21243,Israel,40.56,24,1
21702,Spain,40.56,24,2
84800L,Spain,40.56,24,1
84849B,Cyprus,40.56,24,2
84849A,Switzerland,40.56,24,2
21165,United Arab Emirates,40.56,24,2
21699,Greece,40.56,24,1
21702,Greece,40.56,24,1
47013C,United Kingdom,40.52,147,28
22183,EIRE,40.5,6,2
21906,Channel Islands,40.5,6,2
21577,Portugal,40.5,18,3
22179,Belgium,40.5,6,1
21115,Spain,40.5,6,2
21578,Australia,40.5,18,2
22468,Sweden,40.5,6,1
22843,Germany,40.5,6,3
21578,Austria,40.5,18,3
22179,Channel Islands,40.5,6,1
20793,EIRE,40.5,6,1
21906,France,40.5,6,3
20816,Germany,40.5,6,1
21577,Spain,40.5,18,3
21577,Belgium,40.5,18,3
21906,Italy,40.5,6,1
21579,Portugal,40.5,18,3
21581,Australia,40.5,18,3
21906,Brazil,40.5,6,1
21578,Portugal,40.5,18,3
90136,United Kingdom,40.47,4,3
90152A,United Kingdom,40.34,7,7
22539,Norway,40.32,96,4
22154,Greece,40.32,96,2
21918,Belgium,40.32,96,4
22715,Spain,40.32,96,4
84670,France,40.32,96,4
22545,Germany,40.32,96,2
40016,France,40.32,96,3
23000,Germany,40.32,96,3
21880,Switzerland,40.32,96,3
22539,Germany,40.32,96,3
21506,Spain,40.32,96,5
84926D,Netherlands,40.32,96,1
22547,Norway,40.32,96,4
22539,EIRE,40.32,96,3
84247G,EIRE,40.32,96,6
22024,Germany,40.32,96,8
21268,Netherlands,40.32,96,1
47421,Germany,40.32,96,4
22531,Norway,40.32,96,4
22819,Germany,40.32,96,8
22540,Norway,40.32,96,4
22543,Norway,40.32,96,4
21918,Denmark,40.32,96,3
21802,Germany,40.32,96,2
47422,Hong Kong,40.32,96,2
22024,EIRE,40.32,96,8
21506,Germany,40.32,96,6
22153,EIRE,40.32,96,2
22535,France,40.32,96,3
22539,Switzerland,40.32,96,4
22025,EIRE,40.32,96,8
21882,Germany,40.32,96,6
22984,France,40.32,96,7
22258,Netherlands,40.32,96,1
22546,EIRE,40.32,96,3
22537,EIRE,40.32,96,3
21786,Norway,40.32,96,4
22546,France,40.32,96,3
22534,Denmark,40.32,96,2
22814,Germany,40.32,96,8
21930,Poland,40.3,20,2
20712,Portugal,40.3,20,2
85099B,Cyprus,40.3,20,2
85099B,Sweden,40.3,20,2
20713,Austria,40.3,20,2
20711,Switzerland,40.3,20,2
21929,Finland,40.3,20,2
72756,Norway,40.23,27,1
22449,Israel,40.2,12,1
85092,EIRE,40.2,12,2
22448,Switzerland,40.2,12,2
20615,France,40.2,32,3
22448,Spain,40.2,12,2
37468,United Kingdom,40.2,66,15
22446,Cyprus,40.2,12,2
22450,Switzerland,40.2,12,2
22450,Cyprus,40.2,12,2
22449,Finland,40.2,12,2
90059C,United Kingdom,40.13,24,21
82613C,EIRE,40.0,32,3
21289,Lithuania,40.0,32,2
20978,Austria,40.0,32,2
23296,USA,40.0,32,1
23290,Denmark,40.0,32,2
23086,France,40.0,32,1
21222,Netherlands,40.0,32,3
23296,Italy,40.0,32,3
20979,Finland,40.0,32,2
23369,Belgium,40.0,32,2
23289,Switzerland,40.0,32,1
23292,Israel,40.0,32,2
21124,Unspecified,40.0,32,3
23371,Belgium,40.0,32,2
20971,Portugal,40.0,32,3
20979,Switzerland,40.0,32,2
23289,Denmark,40.0,32,2
20979,Austria,40.0,32,2
23291,Israel,40.0,32,2
20979,United Arab Emirates,40.0,32,2
POST,Czech Republic,40.0,1,1
22525,France,40.0,32,3
23124,France,40.0,32,2
72755D,EIRE,40.0,32,2
22685,EIRE,40.0,32,3
20978,Denmark,40.0,32,1
20977,Finland,40.0,32,2
20674,Belgium,40.0,32,4
23372,Belgium,40.0,32,2
51014A,Germany,39.96,60,4
84816,Belgium,39.95,1,1
84078A,Switzerland,39.95,1,1
22803,Germany,39.95,1,1
84078A,Lebanon,39.95,1,1
22803,Greece,39.95,1,1
84078A,Poland,39.95,1,1
20785,Switzerland,39.95,1,1
22803,Netherlands,39.95,1,1
84625C,Switzerland,39.95,47,1
20994,United Kingdom,39.95,47,12
21764,EIRE,39.95,1,1
22783,Channel Islands,39.9,2,1
21414,Germany,39.9,19,2
21474,Germany,39.9,2,1
22380,Portugal,39.9,19,4
84819,Switzerland,39.87,11,2
47013A,United Kingdom,39.87,141,25
23167,Germany,39.84,48,3
23155,Spain,39.84,48,2
23271,Czech Republic,39.84,48,1
23225,Singapore,39.84,48,1
15036,Norway,39.84,48,1
23220,EIRE,39.84,48,4
22209,Germany,39.84,48,4
23182,EIRE,39.84,48,2
23167,Switzerland,39.84,48,1
23433,Spain,39.84,48,3
23353,Spain,39.84,48,6
23163,Spain,39.84,16,2
22796,Finland,39.8,4,1
22788,EIRE,39.8,4,2
22796,Poland,39.8,4,1
22968,Belgium,39.8,4,2
23173,Iceland,39.8,4,2
22221,Belgium,39.8,4,2
72760B,Portugal,39.8,4,2
22890,Germany,39.8,4,2
22060,Channel Islands,39.8,4,1
23173,Switzerland,39.8,4,2
22829,Cyprus,39.8,4,1
22768,Spain,39.8,4,2
22767,Cyprus,39.8,4,1
22501,Germany,39.8,4,2
22180,Hong Kong,39.8,4,1
22635,Finland,39.8,4,1
22776,Channel Islands,39.8,4,2
23173,Israel,39.8,4,1
79065A,United Kingdom,39.8,4,1
22220,Portugal,39.8,4,2
22061,Austria,39.8,4,2
22776,Spain,39.8,4,4
21623,Germany,39.8,4,1
22060,Unspecified,39.8,4,1
21784,Lebanon,39.8,4,1
22618,Italy,39.8,4,1
22776,Cyprus,39.8,4,1
22487,Channel Islands,39.8,4,2
37500,Channel Islands,39.8,4,2
72760B,Norway,39.8,4,2
22220,France,39.8,4,2
22607,Spain,39.8,4,1
37449,Bahrain,39.8,4,2
22622,Sweden,39.8,4,2
37449,Portugal,39.8,4,2
21623,Spain,39.8,4,2
23173,USA,39.8,4,1
22796,Spain,39.8,4,2
23317,Norway,39.8,4,2
22776,France,39.8,4,3
23173,Portugal,39.8,4,2
23471,Cyprus,39.8,4,1
22768,Malta,39.8,4,2
22767,Malta,39.8,4,2
37449,Germany,39.8,4,2
22894,Channel Islands,39.8,4,1
22788,Channel Islands,39.8,4,1
23315,Belgium,39.8,4,2
22763,Channel Islands,39.8,4,2
22635,Israel,39.8,4,1
22220,Channel Islands,39.8,4,1
23317,EIRE,39.8,4,1
22501,Belgium,39.8,4,2
22221,France,39.8,4,2
22618,Spain,39.8,4,2
37449,Malta,39.8,4,2
22180,Switzerland,39.8,4,2
22788,Lebanon,39.8,4,1
23407,Norway,39.8,4,2
72760B,Belgium,39.8,4,2
90135A,United Kingdom,39.77,8,3
20749,Channel Islands,39.75,5,2
15058A,Israel,39.75,5,2
22264,Germany,39.72,84,4
22211,Germany,39.72,36,3
ADJUST,Italy,39.67,1,1
23171,Israel,39.6,24,1
22555,Finland,39.6,24,2
21330,France,39.6,24,2
22500,Portugal,39.6,8,2
22067,Unspecified,39.6,24,2
84050,Channel Islands,39.6,24,4
85220,Greece,39.6,24,1
22759,Finland,39.6,24,2
21207,Sweden,39.6,24,2
85039A,France,39.6,24,2
22972,Spain,39.6,24,2
22980,Channel Islands,39.6,24,2
22561,Italy,39.6,24,2
22500,France,39.6,8,2
21208,Cyprus,39.6,24,1
47566,Austria,39.6,8,1
23037,Germany,39.6,24,2
21199,Finland,39.6,24,2
21203,France,39.6,24,1
21203,Germany,39.6,24,2
21832,Germany,39.6,24,2
21651,Channel Islands,39.6,24,2
84991,USA,39.6,72,2
22195,Switzerland,39.6,24,1
21215,Spain,39.6,72,3
22075,France,39.6,24,2
22939,Belgium,39.6,8,1
79030G,United Arab Emirates,39.6,24,1
23245,Malta,39.6,8,1
22465,Cyprus,39.6,24,2
21196,Australia,39.6,24,1
21328,EIRE,39.6,24,2
23243,Hong Kong,39.6,8,1
22906,Spain,39.6,24,2
23180,EIRE,39.6,8,2
23164,France,39.6,8,2
22507,Austria,39.6,8,2
22649,USA,39.6,8,1
22021,France,39.6,24,1
22505,Greece,39.6,8,1
21707,Australia,39.6,8,1
22198,Denmark,39.6,24,1
85206B,France,39.6,24,1
22649,Sweden,39.6,8,1
22333,Channel Islands,39.6,24,2
21186,EIRE,39.6,24,2
22295,Germany,39.6,24,1
21910,EIRE,39.6,24,2
84992,Channel Islands,39.6,72,3
23307,Finland,39.6,72,3
22649,Canada,39.6,8,1
84050,United Arab Emirates,39.6,24,2
21327,Germany,39.6,24,2
23569,Italy,39.6,8,1
22332,Austria,39.6,24,3
22551,Spain,39.6,24,2
22473,Germany,39.6,8,3
23170,Cyprus,39.6,24,2
23245,Portugal,39.6,8,2
21213,Channel Islands,39.6,72,3
23192,Canada,39.6,24,2
23164,Norway,39.6,8,1
22064,Unspecified,39.6,24,2
22505,Belgium,39.6,8,2
21622,Spain,39.6,8,2
23274,Germany,39.6,24,2
21911,United Arab Emirates,39.6,24,2
22649,Malta,39.6,8,1
85130A,Singapore,39.6,24,1
84992,Unspecified,39.6,72,3
70007,Germany,39.6,24,2
21710,Spain,39.6,8,2
23165,Germany,39.6,24,2
22417,Portugal,39.6,72,3
22208,Spain,39.6,24,2
22209,France,39.6,24,2
85206A,Czech Republic,39.6,24,1
22505,Czech Republic,39.6,8,1
23127,Germany,39.6,8,2
21976,Channel Islands,39.6,72,3
23180,Finland,39.6,8,2
22649,Poland,39.6,8,1
22939,Channel Islands,39.6,8,1
21216,Poland,39.6,8,2
21731,Channel Islands,39.6,24,2
23103,EIRE,39.6,24,1
22557,Italy,39.6,24,2
22243,Denmark,39.6,24,1
84595B,EIRE,39.6,24,1
23569,Norway,39.6,8,1
22076,EIRE,39.6,24,2
23355,Cyprus,39.6,8,1
21976,Iceland,39.6,72,3
22064,Spain,39.6,24,2
22952,Norway,39.6,72,2
23171,Cyprus,39.6,24,2
85174,Spain,39.6,8,1
22551,Lithuania,39.6,24,2
22329,Israel,39.6,24,2
22174,Germany,39.6,24,2
21329,France,39.6,24,2
22939,Switzerland,39.6,8,2
22505,Cyprus,39.6,8,2
22111,Italy,39.6,8,1
22507,Cyprus,39.6,8,2
21431,Portugal,39.6,24,2
22621,Switzerland,39.6,24,2
85206B,United Arab Emirates,39.6,24,2
22551,Canada,39.6,24,2
23126,Portugal,39.6,8,2
22556,Cyprus,39.6,24,2
47566B,Finland,39.6,8,1
21976,Finland,39.6,72,3
47566,Singapore,39.6,8,1
21706,Australia,39.6,8,1
23028,Germany,39.6,24,3
21832,United Arab Emirates,39.6,24,2
22551,Singapore,39.6,24,2
21976,Norway,39.6,72,3
21910,United Arab Emirates,39.6,24,2
22295,United Arab Emirates,39.6,24,1
22974,Germany,39.6,24,2
22649,Greece,39.6,8,1
22284,France,39.6,24,2
22174,Belgium,39.6,24,2
22342,Greece,39.6,24,2
22974,EIRE,39.6,24,2
22430,Spain,39.6,8,2
22555,Lithuania,39.6,24,2
22913,Spain,39.6,8,3
21710,France,39.6,8,2
22232,Australia,39.6,24,2
22951,Switzerland,39.6,72,3
22333,Singapore,39.6,24,1
22064,Sweden,39.6,24,2
21682,EIRE,39.6,8,2
22505,Portugal,39.6,8,2
23032,Finland,39.6,24,2
22069,Germany,39.6,24,2
21977,USA,39.6,72,2
21330,Switzerland,39.6,24,2
21206,Norway,39.6,24,1
22556,Lithuania,39.6,24,2
22557,United Arab Emirates,39.6,24,2
22649,Austria,39.6,8,1
85174,Portugal,39.6,8,2
23190,Canada,39.6,24,2
22067,Malta,39.6,24,2
23192,Spain,39.6,24,2
22077,Poland,39.6,24,2
22974,Portugal,39.6,24,2
21832,Switzerland,39.6,24,1
22951,Channel Islands,39.6,72,3
22854,Lebanon,39.6,8,1
21216,Switzerland,39.6,8,1
22553,Portugal,39.6,24,2
82578,Germany,39.6,72,3
22295,Channel Islands,39.6,24,2
23172,Cyprus,39.6,24,2
22021,United Arab Emirates,39.6,24,2
21976,Denmark,39.6,72,2
23172,Israel,39.6,24,1
23023,EIRE,39.6,24,2
21215,Germany,39.6,72,3
22332,EIRE,39.6,24,3
21622,Poland,39.6,8,2
21975,Norway,39.6,72,3
22242,Austria,39.6,24,2
79321,Italy,39.6,8,1
22465,Germany,39.6,24,2
21213,Portugal,39.6,72,3
21329,Switzerland,39.6,24,2
23249,France,39.6,24,2
23164,Spain,39.6,8,1
22860,EIRE,39.6,24,3
21209,Cyprus,39.6,24,1
85040A,France,39.6,24,2
22972,EIRE,39.6,24,2
22329,EIRE,39.6,24,2
22469,Finland,39.6,24,2
23355,Norway,39.6,8,1
21207,Belgium,39.6,24,2
22952,Spain,39.6,72,3
22500,Cyprus,39.6,8,2
22233,Netherlands,39.6,24,2
22943,France,39.6,8,4
23569,Belgium,39.6,8,2
22939,France,39.6,8,1
85062,Poland,39.6,24,1
21199,Australia,39.6,24,1
23424,Germany,39.6,8,2
23321,Germany,39.6,24,2
22077,Sweden,39.6,24,2
22139,Unspecified,39.6,8,2
21977,Denmark,39.6,72,2
22859,Switzerland,39.6,24,1
23245,Austria,39.6,8,2
22195,Hong Kong,39.6,24,2
22649,Cyprus,39.6,8,1
22068,Sweden,39.6,24,2
22430,Switzerland,39.6,8,2
23325,EIRE,39.6,24,2
23029,Germany,39.6,24,3
22980,Norway,39.6,24,2
21731,Portugal,39.6,24,1
22182,Switzerland,39.6,8,2
21197,Netherlands,39.6,24,1
22195,Italy,39.6,24,2
21975,Finland,39.6,72,2
22672,Switzerland,39.6,24,1
35963,United Kingdom,39.52,104,16
22114,USA,39.5,10,3
84884A,Switzerland,39.5,10,1
15058C,Germany,39.5,10,1
23146,France,39.48,12,2
21634,EIRE,39.36,48,2
22579,France,39.3,66,4
90214F,United Kingdom,39.23,47,30
72741,Italy,39.15,27,3
72741,France,39.15,27,3
72741,Germany,39.15,27,3
51014L,France,39.12,72,4
22219,EIRE,39.1,46,5
22411,Denmark,39.0,20,1
84406B,Israel,39.0,12,1
22918,Netherlands,39.0,60,1
23175,Belgium,39.0,12,3
85217,United Arab Emirates,39.0,60,1
22919,Netherlands,39.0,60,1
22131,Italy,39.0,20,4
22895,Switzerland,39.0,12,1
21283,Switzerland,39.0,12,1
22663,Channel Islands,39.0,20,2
21260,Italy,39.0,12,2
21035,Portugal,39.0,12,2
22853,Italy,39.0,12,2
22422,Bahrain,39.0,60,2
22385,Channel Islands,39.0,20,2
22385,Cyprus,39.0,20,2
22917,Netherlands,39.0,60,1
84827,EIRE,39.0,60,1
21218,Channel Islands,39.0,12,1
85099F,Singapore,39.0,20,1
22989,Channel Islands,39.0,12,1
20686,Lithuania,39.0,12,2
22921,Netherlands,39.0,60,1
23493,Italy,39.0,20,2
20712,Hong Kong,39.0,20,1
22853,Germany,39.0,12,2
21260,Germany,39.0,12,2
22936,Denmark,39.0,12,1
84827,Portugal,39.0,60,1
20682,Austria,39.0,12,2
22916,Netherlands,39.0,60,1
20681,Finland,39.0,12,2
20713,Italy,39.0,20,2
21260,Belgium,39.0,12,1
20681,United Arab Emirates,39.0,12,1
21260,Lebanon,39.0,12,1
85099F,Spain,39.0,20,2
20684,Singapore,39.0,12,1
22436,Channel Islands,39.0,60,3
21890,Unspecified,39.0,12,2
22663,Germany,39.0,20,2
20682,Italy,39.0,12,2
85199L,France,39.0,60,5
20711,Channel Islands,39.0,20,2
22438,Italy,39.0,20,1
21260,Cyprus,39.0,12,2
22989,USA,39.0,12,2
85099C,Austria,39.0,20,1
85099C,Australia,39.0,20,2
20711,Belgium,39.0,20,2
40018E,France,39.0,20,2
23493,Belgium,39.0,20,2
23175,Singapore,39.0,12,1
22920,Netherlands,39.0,60,1
22099,Switzerland,38.94,38,2
21136,Switzerland,38.87,23,3
82545A,United Kingdom,38.75,31,11
21220,Germany,38.75,31,4
21154,Portugal,38.75,31,4
47567b,United Kingdom,38.72,3,3
22403,France,38.72,64,8
21758,EIRE,38.7,6,2
20783,EIRE,38.43,7,2
22835,Germany,38.4,8,2
35957,EIRE,38.4,144,2
22835,Channel Islands,38.4,8,2
21250,Netherlands,38.35,13,2
21038,EIRE,38.35,13,2
85006,Germany,38.35,13,3
21188,Cyprus,38.35,13,2
84469,Germany,38.35,13,1
22666,Cyprus,38.35,13,3
21041,Netherlands,38.35,13,2
22117,France,38.35,13,3
90130D,United Kingdom,38.31,13,8
90027B,United Kingdom,38.28,13,10
20703,Sweden,38.25,9,2
21577,USA,38.25,17,3
21340,RSA,38.25,3,1
85066,France,38.25,3,2
20703,France,38.25,9,3
22485,Singapore,38.25,3,1
20702,Cyprus,38.25,9,2
21410,Greece,38.25,9,3
84837,Channel Islands,38.25,3,2
22376,France,38.25,9,3
22323,Belgium,38.25,15,2
21633,Portugal,38.25,3,1
21841,Switzerland,38.25,9,1
85065,Greece,38.25,3,1
21002,EIRE,38.25,9,1
22503,Poland,38.25,3,1
21411,Greece,38.25,9,3
84968F,EIRE,38.25,3,2
22503,Australia,38.25,3,1
84617,Norway,38.25,3,1
22218,Singapore,38.25,9,1
21411,Italy,38.25,9,2
21578,Finland,38.25,17,2
85071C,EIRE,38.25,15,3
85019C,Spain,38.25,9,2
22236,USA,38.25,3,1
21410,EIRE,38.25,9,3
23506,Germany,38.22,91,5
22093,United Arab Emirates,38.16,36,1
22719,Switzerland,38.16,36,1
21068,Australia,38.16,36,1
22610,Portugal,38.16,72,2
90001B,United Kingdom,38.12,9,8
90183C,United Kingdom,38.12,13,13
84625A,EIRE,38.1,30,2
21185,EIRE,38.1,6,2
20910,Bahrain,38.1,6,2
22845,Austria,38.1,6,3
85047,Switzerland,38.1,6,1
20901,EIRE,38.1,6,3
84625A,Switzerland,38.1,30,2
22845,France,38.1,6,3
84625C,Iceland,38.1,30,2
90182C,United Kingdom,38.04,13,12
22230,EIRE,38.04,108,3
20657,Netherlands,38.0,100,1
90177A,United Kingdom,37.99,13,13
22082,Spain,37.95,23,3
22163,Spain,37.92,48,2
37342,Finland,37.92,48,1
85067,Channel Islands,37.9,2,1
22519,France,37.8,18,3
22190,Italy,37.8,18,2
85113,EIRE,37.8,18,2
22516,France,37.8,18,3
21051,EIRE,37.8,18,2
21896,Poland,37.8,18,3
22449,Australia,37.8,12,2
85053,Norway,37.8,18,2
22747,Italy,37.8,18,3
16235,EIRE,37.8,180,3
84970L,Poland,37.8,36,3
79190B,Belgium,37.8,90,5
22746,Switzerland,37.8,18,3
84937,France,37.8,18,1
22899,Finland,37.8,18,3
22143,Singapore,37.8,18,1
21398,France,37.8,18,3
47599B,EIRE,37.8,18,3
21157,Switzerland,37.8,18,1
22965,Belgium,37.8,18,3
22515,France,37.8,18,3
21181,United Arab Emirates,37.8,18,2
22342,Poland,37.8,36,2
21426,Belgium,37.8,18,3
84801B,France,37.8,18,2
22964,Switzerland,37.8,18,2
22745,Switzerland,37.8,18,3
20754,Switzerland,37.8,18,2
22518,Germany,37.8,18,3
22145,Singapore,37.8,18,1
21864,France,37.8,18,2
22141,Portugal,37.8,18,2
20753,EIRE,37.8,18,3
47568,Germany,37.8,18,2
22514,France,37.8,18,3
22517,France,37.8,18,3
22747,Spain,37.8,18,3
72349B,Spain,37.8,18,3
22518,France,37.8,18,3
21908,Cyprus,37.8,18,2
22746,Italy,37.8,18,3
23323,Singapore,37.8,18,1
22144,Italy,37.8,18,2
84927E,EIRE,37.8,18,1
85152,Cyprus,37.8,18,2
22342,Netherlands,37.8,36,2
21391,Greece,37.8,18,3
21426,Finland,37.8,18,2
47518f,United Kingdom,37.75,9,9
37446,Germany,37.7,26,4
85115B,United Kingdom,37.62,6,2
90176B,United Kingdom,37.62,5,4
90039A,United Kingdom,37.61,10,5
84341B,EIRE,37.56,84,3
22577,Germany,37.56,60,4
20984,Germany,37.56,60,3
21114,France,37.5,30,3
23108,Unspecified,37.5,6,3
37112,United Kingdom,37.5,10,6
47559B,Belgium,37.5,30,2
22109,France,37.5,10,3
84279P,Portugal,37.5,10,3
21221,France,37.5,30,3
23071,EIRE,37.5,3,1
23558,Germany,37.5,3,1
20963,Denmark,37.5,30,1
21067,EIRE,37.5,30,3
23094,Germany,37.5,3,1
20961,United Arab Emirates,37.5,30,2
21221,Germany,37.5,30,3
21615,EIRE,37.5,18,2
23555,France,37.5,3,1
23056,Germany,37.5,6,1
20718,Italy,37.5,30,2
20718,Finland,37.5,30,3
21356,Spain,37.5,30,3
16225,France,37.5,30,3
22354,Cyprus,37.5,10,1
22510,EIRE,37.5,10,2
79067,EIRE,37.5,10,2
84997C,RSA,37.5,10,1
84997D,RSA,37.5,10,1
21232,Cyprus,37.5,30,2
84510A,Switzerland,37.5,30,1
23020,Germany,37.5,3,2
23072,EIRE,37.5,3,1
23470,EIRE,37.5,6,3
21224,Channel Islands,37.5,30,3
47559B,Norway,37.5,30,3
23393,France,37.5,10,3
21154,Hong Kong,37.5,30,3
79413,United Kingdom,37.5,30,9
23554,France,37.5,3,1
21114,Greece,37.5,30,3
20729,Spain,37.5,30,3
23183,Germany,37.5,10,2
21617,Switzerland,37.5,18,2
20765,EIRE,37.5,10,3
21027,Germany,37.5,30,3
21220,EIRE,37.5,30,3
23406,EIRE,37.5,6,3
84997B,RSA,37.5,10,1
20966,EIRE,37.5,30,3
84510A,Germany,37.5,30,3
20718,Spain,37.5,30,3
22550,Hong Kong,37.5,10,2
21912,Portugal,37.5,10,3
21068,EIRE,37.5,30,3
21616,EIRE,37.5,18,2
21224,Germany,37.5,30,3
21615,Switzerland,37.5,18,2
23055,Germany,37.5,6,1
20716,Spain,37.5,30,3
21219,EIRE,37.5,30,3
22478,Sweden,37.5,30,2
23104,EIRE,37.5,3,2
23168,Netherlands,37.44,36,1
23408,EIRE,37.44,18,3
23513,Germany,37.44,18,3
23559,EIRE,37.44,18,2
23377,France,37.44,96,4
16048,EIRE,37.44,192,5
21811,France,37.44,96,2
22066,Germany,37.44,96,2
47593B,Germany,37.44,96,2
23552,EIRE,37.44,18,2
23026,Channel Islands,37.44,18,2
35953,EIRE,37.44,96,2
23559,Norway,37.44,18,2
23256,Spain,37.35,9,3
23256,Unspecified,37.35,9,2
23240,Unspecified,37.35,9,2
23469,Spain,37.35,9,2
84509b,United Kingdom,37.3,5,4
84792,Cyprus,37.2,8,2
46000M,EIRE,37.2,24,2
46000M,Germany,37.2,24,1
84913B,Unspecified,37.2,8,1
21035,Finland,37.2,12,2
22895,Belgium,37.2,12,2
84913A,Finland,37.2,8,1
22835,Greece,37.2,8,2
84913B,EIRE,37.2,8,2
84913A,Poland,37.2,8,2
22621,Spain,37.2,24,2
84879,Unspecified,37.18,22,3
21108,Sweden,37.17,27,2
21108,France,37.17,27,2
22307,Malta,37.14,30,2
16162M,United Kingdom,36.96,88,13
72715,United Kingdom,36.96,88,13
21109,Portugal,36.9,14,2
22163,Sweden,36.66,30,2
35965,EIRE,36.66,30,2
22578,Spain,36.62,78,6
21755,Germany,36.6,6,2
22851,France,36.55,43,2
84226,United Kingdom,36.55,43,17
23187,EIRE,36.54,126,3
85071A,Australia,36.48,96,1
85071A,Switzerland,36.48,96,1
85071C,Australia,36.48,96,1
85071B,EIRE,36.48,96,1
21944,Netherlands,36.48,96,1
79328,EIRE,36.48,96,2
85071B,Australia,36.48,96,1
22065,France,36.36,28,3
22621,Unspecified,36.3,22,2
21358,Cyprus,36.25,29,3
84988,Portugal,36.25,25,3
23505,France,36.25,29,4
21162,France,36.25,25,2
84987,Switzerland,36.25,25,3
90128A,United Kingdom,36.22,22,11
21530,Spain,36.19,13,3
22066,Spain,36.12,60,2
22065,Malta,36.12,60,2
22065,Spain,36.12,60,2
85159B,Germany,36.1,14,2
22030,Japan,36.0,96,3
23194,Switzerland,36.0,16,2
23177,France,36.0,16,2
22419,Sweden,36.0,100,1
22342,EIRE,36.0,48,1
22027,Belgium,36.0,96,3
23176,Germany,36.0,16,2
23177,Iceland,36.0,16,2
23194,Germany,36.0,16,2
23193,Germany,36.0,16,2
21980,Portugal,36.0,120,6
21579,EIRE,36.0,16,3
23177,Belgium,36.0,16,2
22824,Germany,35.95,1,1
22824,Israel,35.95,1,1
22758,France,35.93,37,4
90031,United Kingdom,35.9,16,6
90037D,United Kingdom,35.87,14,8
82486,Switzerland,35.8,4,2
82486,Channel Islands,35.8,4,1
21630,Spain,35.8,4,1
21630,Channel Islands,35.8,4,2
84706F,EIRE,35.8,4,1
90184C,France,35.8,4,1
21055,Germany,35.8,4,2
45008C,Belgium,35.8,4,1
21054,Sweden,35.8,4,1
21055,Spain,35.8,4,1
21055,Switzerland,35.8,4,1
90184B,France,35.8,4,1
84706F,United Arab Emirates,35.8,4,1
21247,EIRE,35.76,24,2
37447,Austria,35.76,24,2
22057,Spain,35.76,24,2
37447,Switzerland,35.76,24,2
21247,France,35.76,24,2
37448,Austria,35.76,24,2
37447,Spain,35.76,24,2
37448,Norway,35.76,24,2
72811,EIRE,35.76,24,1
37447,Malta,35.76,24,2
21247,Spain,35.76,24,2
22059,France,35.76,24,2
84459A,Czech Republic,35.76,24,1
23175,Spain,35.75,11,3
21432,Hong Kong,35.7,6,1
21554,EIRE,35.7,6,2
84820,Channel Islands,35.7,6,2
21042,Switzerland,35.7,6,1
22419,Portugal,35.7,85,6
21700,Austria,35.7,42,2
84576,EIRE,35.7,6,1
22925,EIRE,35.7,6,3
21756,Germany,35.7,6,2
22320,Sweden,35.7,6,2
23356,Portugal,35.7,6,1
22580,Netherlands,35.7,6,1
85014C,Portugal,35.7,6,1
22601,Portugal,35.7,42,4
84709B,Germany,35.7,6,2
21742,EIRE,35.7,6,2
21754,Finland,35.7,6,1
22320,Italy,35.7,6,2
21042,Belgium,35.7,6,2
84637,EIRE,35.7,6,2
21259,Germany,35.7,6,3
22427,Portugal,35.7,6,2
17012D,EIRE,35.7,30,2
22121,France,35.7,6,2
21064,Switzerland,35.7,6,1
22498,Germany,35.7,6,2
85014A,Italy,35.7,6,2
85014A,Channel Islands,35.7,6,2
21907,France,35.7,17,4
22320,Australia,35.7,6,2
84709B,Lithuania,35.7,6,1
22926,EIRE,35.7,6,2
22390,Belgium,35.7,30,3
22907,USA,35.7,42,2
84637,Spain,35.7,6,2
21677,France,35.7,42,3
21661,Australia,35.7,6,1
84745B,United Kingdom,35.7,85,20
84533B,Germany,35.7,6,1
22600,Portugal,35.7,42,4
21754,Switzerland,35.7,6,1
47567B,Netherlands,35.7,6,1
17012B,EIRE,35.7,30,2
21755,France,35.7,6,2
22427,Cyprus,35.7,6,1
84347,France,35.7,14,1
23534,Channel Islands,35.7,6,2
37348,United Kingdom,35.7,14,7
21756,Cyprus,35.7,6,2
85014B,Netherlands,35.7,6,2
22602,Portugal,35.7,42,4
21064,Germany,35.7,6,2
21042,Italy,35.7,6,1
23356,Cyprus,35.7,6,1
22427,Greece,35.7,6,2
47567B,Austria,35.7,6,1
23494,Cyprus,35.7,6,2
21754,Lebanon,35.7,6,1
21756,Lebanon,35.7,6,1
47567B,Iceland,35.7,6,1
85014D,Finland,35.7,6,1
21001,EIRE,35.7,6,1
22346,Germany,35.64,60,4
22754,EIRE,35.64,60,4
85017B,Spain,35.64,48,4
85017B,Germany,35.52,60,4
21242,Portugal,35.49,21,2
21733,Germany,35.4,12,2
22957,Australia,35.4,12,2
21253,Czech Republic,35.4,12,1
20914,Denmark,35.4,12,1
37450,EIRE,35.4,12,2
21188,Germany,35.4,12,1
84247N,Greece,35.4,12,1
22496,Australia,35.4,12,2
22224,United Arab Emirates,35.4,12,1
21844,Italy,35.4,12,1
85089,EIRE,35.4,12,1
20661,Germany,35.4,12,2
22957,Switzerland,35.4,12,2
22742,Switzerland,35.4,12,2
22122,France,35.4,12,1
22699,Singapore,35.4,12,2
22697,Norway,35.4,12,1
84625D,France,35.4,12,1
22063,Unspecified,35.4,12,1
22742,Austria,35.4,12,2
22413,Singapore,35.4,12,2
37494A,EIRE,35.4,12,2
47556B,Portugal,35.4,12,1
22904,Switzerland,35.4,12,1
22904,Greece,35.4,12,1
20665,Norway,35.4,12,1
22804,Finland,35.4,12,2
22175,Finland,35.4,12,2
22176,Finland,35.4,12,2
22483,Finland,35.4,12,2
84674,EIRE,35.4,12,2
85087,Finland,35.4,12,1
21251,France,35.4,12,2
22457,Belgium,35.4,12,2
22453,Austria,35.4,12,2
21482,Denmark,35.4,12,2
84086C,France,35.4,12,2
85185D,Lithuania,35.4,12,1
35914,EIRE,35.4,24,2
21107,Belgium,35.4,12,2
22137,Hong Kong,35.4,12,2
21481,Italy,35.4,12,1
21563,Norway,35.4,12,1
21164,Cyprus,35.4,12,2
21733,France,35.4,12,2
82615,Sweden,35.4,12,1
35648,Lithuania,35.4,12,1
79071B,United Arab Emirates,35.4,12,1
22807,Belgium,35.4,12,2
84032B,Switzerland,35.4,12,1
22122,Germany,35.4,12,1
37502,Bahrain,35.4,12,1
22831,Netherlands,35.4,12,2
82616B,Sweden,35.4,12,1
22457,Spain,35.4,12,2
84032A,Switzerland,35.4,12,1
21251,Sweden,35.4,12,2
90162B,EIRE,35.4,12,2
22271,Austria,35.4,12,1
21452,Sweden,35.4,12,2
22483,Norway,35.4,12,1
21549,EIRE,35.4,12,2
85006,Portugal,35.4,12,2
21845,United Arab Emirates,35.4,12,1
21164,United Arab Emirates,35.4,12,1
22698,Norway,35.4,12,1
22273,Switzerland,35.4,12,2
22137,EIRE,35.4,12,2
22090,Cyprus,35.4,12,2
21249,Spain,35.4,12,2
22272,Belgium,35.4,12,2
84625C,Germany,35.4,12,1
22810,Austria,35.4,12,2
21251,Finland,35.4,12,1
22903,Switzerland,35.4,12,1
22957,Lebanon,35.4,12,1
71403,Switzerland,35.4,12,1
21333,Channel Islands,35.4,12,1
85087,Germany,35.4,12,1
22806,Germany,35.4,12,2
21898,Australia,35.4,12,1
21324,Greece,35.4,12,2
21106,EIRE,35.4,12,2
22666,Denmark,35.4,12,2
22452,Portugal,35.4,12,2
21991,EIRE,35.4,12,1
35832,Italy,35.4,12,1
84032A,Spain,35.4,12,2
21696,Spain,35.4,12,2
85184D,EIRE,35.4,12,2
22224,Cyprus,35.4,12,2
22364,EIRE,35.4,12,2
20665,EIRE,35.4,12,2
22445,Finland,35.4,12,2
23322,Finland,35.4,12,1
21352,Finland,35.4,12,1
22360,EIRE,35.4,12,2
22742,Belgium,35.4,12,2
22967,Germany,35.4,12,2
21380,Cyprus,35.4,12,1
22364,Germany,35.4,12,2
21564,Belgium,35.4,12,2
21251,Norway,35.4,12,2
90201B,France,35.4,12,2
22967,France,35.4,12,2
21547,Spain,35.4,12,2
21106,Portugal,35.4,12,2
15044C,EIRE,35.4,12,2
15044D,Spain,35.4,12,2
84675,Germany,35.4,12,2
22453,European Community,35.4,12,2
22697,Singapore,35.4,12,2
20665,Portugal,35.4,12,2
22457,Israel,35.4,12,1
85184D,Sweden,35.4,12,2
22809,Italy,35.4,12,2
22457,Channel Islands,35.4,12,2
21563,Belgium,35.4,12,2
84592,Portugal,35.4,12,2
71279,Germany,35.4,12,2
21844,Belgium,35.4,12,2
22445,Austria,35.4,12,2
22311,Germany,35.4,12,2
21250,Denmark,35.4,12,1
22666,Austria,35.4,12,2
22667,Austria,35.4,12,2
20998,EIRE,35.4,12,2
21844,Unspecified,35.4,12,2
22090,Singapore,35.4,12,1
22313,Spain,35.4,12,2
22090,USA,35.4,12,2
20663,Spain,35.4,12,2
35832,Greece,35.4,12,1
22122,Greece,35.4,12,1
21111,Cyprus,35.4,12,1
22224,Portugal,35.4,12,1
85184C,Italy,35.4,12,1
22457,Italy,35.4,12,2
35600D,Germany,35.4,12,1
22807,Norway,35.4,12,2
21112,Cyprus,35.4,12,1
22700,Spain,35.4,12,2
21482,Spain,35.4,12,2
21041,Iceland,35.4,12,2
22666,Channel Islands,35.4,12,1
20932,Switzerland,35.4,12,1
84086C,Switzerland,35.4,12,1
22810,Italy,35.4,12,2
22910,Finland,35.4,12,1
21696,EIRE,35.4,12,1
21688,Italy,35.4,12,1
22312,European Community,35.4,12,2
22452,European Community,35.4,12,2
21188,Switzerland,35.4,12,1
21261,EIRE,35.4,12,2
15044B,Switzerland,35.4,12,1
90201D,EIRE,35.4,12,2
90201A,EIRE,35.4,12,2
21733,United Arab Emirates,35.4,12,2
22697,Belgium,35.4,12,2
22117,Portugal,35.4,12,2
15044A,Switzerland,35.4,12,1
22452,Switzerland,35.4,12,2
22274,Portugal,35.4,12,2
84032A,Italy,35.4,12,1
20661,Spain,35.4,12,1
20665,Austria,35.4,12,2
85123A,United Arab Emirates,35.4,12,2
71403,Germany,35.4,12,2
22483,Austria,35.4,12,2
37450,Bahrain,35.4,12,2
22328,Israel,35.4,12,1
22452,Austria,35.4,12,2
20894,EIRE,35.4,12,2
21744,Channel Islands,35.4,12,1
22358,Israel,35.4,12,1
20998,Finland,35.4,12,1
22967,Channel Islands,35.4,12,1
84086C,Belgium,35.4,12,2
22445,Belgium,35.4,12,2
22967,Australia,35.4,12,2
21845,Germany,35.4,12,1
22701,Norway,35.4,12,2
90201C,Germany,35.4,12,1
35832,Netherlands,35.4,12,1
21564,Norway,35.4,12,1
21106,Austria,35.4,12,1
90177D,EIRE,35.4,12,2
21482,Austria,35.4,12,2
22457,Singapore,35.4,12,2
22272,Italy,35.4,12,2
20931,Switzerland,35.4,12,1
22807,Germany,35.4,12,2
15044C,Switzerland,35.4,12,1
22905,Switzerland,35.4,12,1
90162C,EIRE,35.4,12,2
21557,EIRE,35.4,12,2
15044B,Spain,35.4,12,2
85185B,Germany,35.4,12,2
21693,Italy,35.4,12,1
21557,France,35.4,12,2
21733,Belgium,35.4,12,2
21688,EIRE,35.4,12,2
21251,Spain,35.4,12,2
22089,Germany,35.4,12,2
23512,France,35.36,17,3
85184c,United Kingdom,35.35,6,6
90011C,United Kingdom,35.33,12,7
79063D,United Kingdom,35.33,190,12
21506,Switzerland,35.28,84,5
22714,EIRE,35.28,84,4
22816,Germany,35.28,84,6
22134,Germany,35.28,84,7
22034,EIRE,35.28,84,6
21506,France,35.28,84,7
22915,Germany,35.28,84,5
16236,EIRE,35.28,168,5
22984,Germany,35.28,84,6
84817,France,35.28,36,2
22026,Switzerland,35.28,84,5
82484,Italy,35.25,5,2
90141E,United Kingdom,35.21,7,4
35810B,EIRE,35.16,24,2
22431,Austria,35.1,18,2
22307,Italy,35.1,18,3
23244,EIRE,35.1,18,3
22431,Belgium,35.1,18,3
22446,EIRE,35.1,18,2
47594A,Switzerland,35.1,18,2
22150,Spain,35.1,18,3
22991,Spain,35.1,18,2
84510e,United Kingdom,35.09,14,6
82613b,United Kingdom,35.04,14,11
21284,EIRE,35.04,48,3
21990,EIRE,35.0,28,3
22548,France,35.0,28,4
22297,Spain,35.0,28,2
20658,Netherlands,35.0,28,4
22494,Spain,35.0,28,4
22576,Spain,34.85,41,3
DCGS0058,United Kingdom,34.82,42,30
23497,Italy,34.8,24,2
22231,Japan,34.8,24,1
21211,Unspecified,34.8,24,2
21972,France,34.8,24,2
21972,EIRE,34.8,24,2
21214,France,34.8,24,1
84926A,EIRE,34.8,120,5
21210,Singapore,34.8,24,1
22144,Channel Islands,34.8,18,2
22416,Portugal,34.8,24,2
84988,Italy,34.8,24,1
23306,Portugal,34.8,24,2
22141,Channel Islands,34.8,18,2
22416,France,34.8,24,2
21214,USA,34.8,24,1
22969,Singapore,34.8,24,1
21973,Unspecified,34.8,24,2
22293,Greece,34.8,24,1
22969,Sweden,34.8,24,2
23268,EIRE,34.8,24,2
22147,Lithuania,34.8,24,1
22292,France,34.8,24,1
23269,France,34.8,24,2
21982,Germany,34.8,120,3
22949,Switzerland,34.8,24,2
84987,Norway,34.8,24,1
21972,Sweden,34.8,24,2
21814,EIRE,34.8,24,1
23269,EIRE,34.8,24,2
22416,USA,34.8,24,1
21974,Switzerland,34.8,24,2
84985A,France,34.8,24,2
22949,Spain,34.8,24,2
22961,Austria,34.8,24,2
21210,Norway,34.8,24,1
22969,Italy,34.8,24,2
21972,Italy,34.8,24,2
22646,Switzerland,34.8,24,2
22950,United Arab Emirates,34.8,24,1
21974,Cyprus,34.8,24,2
21974,Unspecified,34.8,24,2
22291,France,34.8,24,1
22620,Denmark,34.8,24,2
37446,Switzerland,34.8,24,2
21172,Austria,34.8,24,2
22949,Belgium,34.8,24,2
22969,Finland,34.8,24,2
21172,Channel Islands,34.8,24,2
23147,Germany,34.8,24,2
22142,Italy,34.8,24,2
21874,Switzerland,34.8,24,2
21815,Lithuania,34.8,24,1
22293,Netherlands,34.8,24,1
21171,Iceland,34.8,24,2
22549,Norway,34.8,24,1
84985A,Australia,34.8,24,1
21248,Germany,34.8,24,2
21974,Sweden,34.8,24,2
22644,Greece,34.8,24,2
22949,Portugal,34.8,24,2
85218,Greece,34.8,24,1
22291,Netherlands,34.8,24,1
22646,Norway,34.8,24,2
22650,Portugal,34.8,24,2
21823,Greece,34.8,24,2
22644,Switzerland,34.8,24,2
22293,France,34.8,24,1
23306,Israel,34.8,24,1
21214,Australia,34.8,24,1
22293,EIRE,34.8,24,1
23498,EIRE,34.8,24,1
22969,Israel,34.8,24,1
22066,Portugal,34.8,24,1
22291,Cyprus,34.8,24,1
22416,Channel Islands,34.8,24,2
22644,Austria,34.8,24,2
23147,Switzerland,34.8,24,2
22142,Spain,34.8,24,2
23138,EIRE,34.8,24,2
21656,EIRE,34.8,24,4
23196,Spain,34.8,24,2
84806A,EIRE,34.8,24,1
22549,Portugal,34.8,24,1
21874,Germany,34.8,24,2
21214,Spain,34.8,24,2
22558,Belgium,34.8,24,2
21210,Belgium,34.8,24,2
84985B,USA,34.8,24,1
21172,Singapore,34.8,24,1
22620,Belgium,34.8,24,2
22650,Norway,34.8,24,1
21248,Norway,34.8,24,2
21973,EIRE,34.8,24,2
22981,EIRE,34.8,24,2
21974,Norway,34.8,24,1
21814,Lithuania,34.8,24,1
21824,Greece,34.8,24,2
21816,Lithuania,34.8,24,1
84868B,United Kingdom,34.75,5,4
37482p,United Kingdom,34.7,2,2
23247,Cyprus,34.68,12,1
23234,Norway,34.68,12,1
23426,Channel Islands,34.68,12,1
23521,Spain,34.68,12,1
22734,Sweden,34.68,12,1
23236,Denmark,34.68,12,1
23236,Norway,34.68,12,2
22400,Switzerland,34.68,36,3
23247,Switzerland,34.68,12,1
22396,Switzerland,34.68,36,3
23234,EIRE,34.68,12,2
23178,Switzerland,34.68,12,2
23561,Germany,34.68,12,1
23235,Belgium,34.68,12,1
23562,Germany,34.68,12,1
23109,Finland,34.68,12,1
23426,EIRE,34.68,12,2
23517,France,34.68,12,2
23517,Germany,34.68,12,2
22402,Spain,34.68,36,3
23320,United Arab Emirates,34.68,12,1
23235,Sweden,34.68,12,2
23426,Portugal,34.68,12,1
23179,Portugal,34.68,12,2
23236,Switzerland,34.68,12,2
23178,Portugal,34.68,12,2
23234,Channel Islands,34.68,12,1
23179,EIRE,34.68,12,2
23235,Denmark,34.68,12,1
23109,Portugal,34.68,12,2
23178,France,34.68,12,2
22990,France,34.65,7,4
90081B,United Kingdom,34.65,7,3
22473,Italy,34.65,7,2
22139,USA,34.65,7,2
22914,France,34.65,7,2
22278,Netherlands,34.65,7,2
21216,Spain,34.65,7,4
35955,United Kingdom,34.62,135,5
85094,EIRE,34.56,72,2
71101E,EIRE,34.56,48,1
22596,France,34.56,48,3
51008,Germany,34.5,10,1
23110,Channel Islands,34.5,6,2
51008,Unspecified,34.5,10,1
23110,Denmark,34.5,6,1
44242B,Germany,34.48,32,2
85199S,France,34.44,82,4
21818,EIRE,34.44,60,3
21090,Germany,34.44,60,4
21817,Germany,34.44,60,3
21642,EIRE,34.32,72,3
84818,Germany,34.26,30,2
84970L,Norway,34.2,36,3
23145,EIRE,34.2,36,3
21386,EIRE,34.08,96,5
22171,Norway,34.0,4,1
22371,Belgium,34.0,8,2
21428,Cyprus,34.0,8,2
22357,Spain,34.0,8,2
22356,Singapore,34.0,40,1
85035C,European Community,34.0,8,1
22625,Portugal,34.0,4,2
22942,France,34.0,4,1
22201,Finland,34.0,8,1
21238,Belgium,34.0,40,5
22374,Denmark,34.0,8,2
22168,Belgium,34.0,4,2
22215,Belgium,34.0,4,2
72807B,Malta,34.0,8,2
22168,Spain,34.0,4,2
22207,Germany,34.0,8,2
22941,Greece,34.0,4,1
21269,Italy,34.0,4,1
72807C,Malta,34.0,8,2
22437,Belgium,34.0,40,2
22852,Italy,34.0,8,2
22199,Australia,34.0,8,2
10125,Norway,34.0,40,1
22375,Switzerland,34.0,8,1
22661,Norway,34.0,40,2
21239,Switzerland,34.0,40,4
22852,Germany,34.0,8,2
15039,Cyprus,34.0,40,2
22779,France,34.0,8,1
22844,Austria,34.0,4,2
22940,Portugal,34.0,8,1
23288,France,34.0,40,4
22199,Belgium,34.0,8,2
90198A,EIRE,34.0,8,2
21238,Switzerland,34.0,40,3
10125,EIRE,34.0,40,2
22199,Unspecified,34.0,8,2
22169,Lebanon,34.0,4,1
22215,Channel Islands,34.0,4,1
20719,Austria,34.0,40,2
20734,Germany,34.0,40,2
22487,Greece,34.0,4,1
44265,United Kingdom,34.0,8,4
22625,Poland,34.0,4,2
22780,Cyprus,34.0,8,2
22799,Cyprus,34.0,4,1
20734,France,34.0,40,4
22375,Belgium,34.0,8,2
84934,Portugal,34.0,40,1
22371,Norway,34.0,8,2
21484,Belgium,34.0,8,1
84029G,Channel Islands,34.0,8,2
23342,Germany,34.0,4,2
22942,Switzerland,34.0,4,2
20719,Finland,34.0,40,3
22940,Belgium,34.0,8,2
85035C,Italy,34.0,8,2
22625,Switzerland,34.0,4,2
22624,Switzerland,34.0,4,2
20738,Germany,34.0,40,2
22779,Cyprus,34.0,8,2
22187,Channel Islands,34.0,8,1
22201,Unspecified,34.0,8,2
22780,EIRE,34.0,8,2
22184,Spain,34.0,4,2
21621,Belgium,34.0,4,1
84934,France,34.0,40,1
22497,Portugal,34.0,8,2
22625,Israel,34.0,4,1
85121B,Sweden,34.0,4,2
23205,France,34.0,40,4
21428,Finland,34.0,8,1
20724,Singapore,34.0,40,1
23341,France,34.0,4,2
22661,Switzerland,34.0,40,3
22200,France,34.0,8,2
22372,Iceland,34.0,8,2
22844,Norway,34.0,4,1
21537,Portugal,34.0,8,2
85035A,Italy,34.0,8,2
22275,Channel Islands,34.0,4,1
22207,Unspecified,34.0,8,2
21241,EIRE,34.0,40,2
22627,Israel,34.0,4,1
85034C,Italy,34.0,8,2
84030E,Finland,34.0,8,1
22437,Sweden,34.0,40,2
22852,Switzerland,34.0,8,2
72807A,Malta,34.0,8,2
85034A,Italy,34.0,8,2
81952V,Germany,34.0,40,4
72803A,Italy,34.0,8,2
20702,Portugal,34.0,8,4
22752,Italy,34.0,4,1
22844,Germany,34.0,4,2
22626,Switzerland,34.0,4,1
22661,Spain,34.0,40,4
22376,Switzerland,34.0,8,1
22844,France,34.0,4,2
22184,United Arab Emirates,34.0,4,1
22191,Finland,34.0,4,2
21120,United Kingdom,33.96,2,2
72817,Switzerland,33.96,36,2
35599B,Spain,33.96,4,1
72529W,Switzerland,33.92,16,1
21303,Channel Islands,33.9,2,1
46775D,Austria,33.9,2,1
22509,Spain,33.9,2,2
84797A,Germany,33.9,2,1
22946,Belgium,33.9,2,1
21667,Singapore,33.9,2,1
22848,France,33.9,2,2
22849,Norway,33.9,2,1
21667,Germany,33.9,2,2
85063,Channel Islands,33.9,2,1
84352,Switzerland,33.9,2,2
22947,Hong Kong,33.9,2,1
46775D,EIRE,33.9,2,1
22847,Channel Islands,33.9,2,1
23007,Unspecified,33.9,2,2
23010,Italy,33.9,2,2
21674,Germany,33.9,2,1
22849,Cyprus,33.9,2,1
22946,Italy,33.9,2,1
84797B,Germany,33.9,2,1
22846,Finland,33.9,2,1
46775E,EIRE,33.9,2,1
85035a,United Kingdom,33.88,4,4
22338,Australia,33.84,120,2
23415,EIRE,33.84,48,3
22227,France,33.8,52,1
84535B,Spain,33.8,52,5
21577,EIRE,33.75,15,3
21906,Cyprus,33.75,5,2
22619,Portugal,33.75,9,3
21109,Italy,33.75,5,2
90066A,United Kingdom,33.75,5,2
20970,Cyprus,33.75,9,3
22170,France,33.75,5,2
20969,Cyprus,33.75,9,3
21810,EIRE,33.72,60,2
21809,EIRE,33.72,60,2
85093,EIRE,33.72,60,2
47593B,France,33.72,60,2
22441,Italy,33.6,16,2
84375,Netherlands,33.6,16,3
22078,France,33.6,16,3
23508,France,33.6,80,4
21314,Channel Islands,33.6,16,2
22440,EIRE,33.6,80,4
23507,France,33.6,80,4
22144,France,33.6,16,4
85175,EIRE,33.6,80,4
22633,France,33.6,16,2
84596F,Norway,33.6,80,3
72753A,EIRE,33.6,16,1
21314,Norway,33.6,16,2
21181,France,33.6,16,3
47591b,United Kingdom,33.6,8,4
72753C,EIRE,33.6,16,1
21212,Unspecified,33.55,61,3
22336,Singapore,33.46,118,2
85132A,France,33.35,13,2
85132C,Portugal,33.35,13,2
84707B,EIRE,33.35,13,2
23486,Channel Islands,33.3,2,1
16202B,Lithuania,33.3,6,1
23511,France,33.28,16,2
23354,Portugal,33.2,40,3
23389,EIRE,33.2,8,2
23129,Singapore,33.2,8,1
23254,Austria,33.2,8,1
23021,Italy,33.2,8,1
23048,EIRE,33.2,8,2
23131,Singapore,33.2,8,1
23130,Channel Islands,33.2,8,1
23293,USA,33.2,40,2
23238,Portugal,33.2,8,3
23389,Norway,33.2,8,1
84997A,USA,33.2,8,1
23129,Channel Islands,33.2,8,1
23254,Singapore,33.2,8,2
23255,Finland,33.2,8,2
23075,Switzerland,33.2,8,1
23174,Malta,33.2,8,1
23445,Spain,33.2,40,2
23391,Germany,33.2,8,2
23239,Portugal,33.2,8,3
23255,Singapore,33.2,8,2
23390,EIRE,33.2,8,2
23141,Spain,33.2,8,2
23254,Hong Kong,33.2,8,1
84997B,USA,33.2,8,1
23254,Finland,33.2,8,2
21588,Unspecified,33.15,13,2
84456,United Kingdom,33.15,37,16
22638,France,33.15,13,2
85079,United Kingdom,33.1,24,10
22736,Switzerland,33.0,20,2
23052,Poland,33.0,4,2
22382,Denmark,33.0,20,1
21147,EIRE,33.0,30,2
23468,France,33.0,4,1
23053,Israel,33.0,4,1
22652,Israel,33.0,20,1
20856,EIRE,33.0,20,2
22080,Italy,33.0,20,2
22652,Channel Islands,33.0,20,2
22739,Spain,33.0,20,2
22739,United Arab Emirates,33.0,20,1
22384,Austria,33.0,20,1
21933,Israel,33.0,20,1
78124,Portugal,33.0,12,2
23066,Germany,33.0,4,1
20725,Sweden,33.0,20,2
22652,Cyprus,33.0,20,2
82482,Finland,33.0,12,2
23541,France,33.0,4,1
20726,Sweden,33.0,20,2
22739,Channel Islands,33.0,20,2
23015,EIRE,33.0,4,2
82482,Norway,33.0,12,2
23209,USA,33.0,20,1
23081,Channel Islands,33.0,4,2
23283,Channel Islands,33.0,4,2
21100,Netherlands,33.0,20,2
23541,EIRE,33.0,4,2
23206,Sweden,33.0,20,1
21584,Canada,33.0,20,1
20856,Switzerland,33.0,20,2
23465,France,33.0,4,1
22736,USA,33.0,20,2
22738,USA,33.0,20,2
21934,EIRE,33.0,20,2
21935,Channel Islands,33.0,20,2
22082,Channel Islands,33.0,20,1
21935,Austria,33.0,20,2
22080,Spain,33.0,20,2
85226A,France,33.0,60,4
85032A,Germany,33.0,24,3
23052,Austria,33.0,4,1
23054,Austria,33.0,4,1
21584,Denmark,33.0,20,1
23080,Sweden,33.0,4,1
23081,Sweden,33.0,4,1
22692,Portugal,33.0,4,2
23206,Denmark,33.0,20,2
21584,Norway,33.0,20,1
23050,Israel,33.0,4,1
23209,Channel Islands,33.0,20,2
23466,France,33.0,4,1
22081,Channel Islands,33.0,20,1
23492,EIRE,33.0,4,2
48185,Italy,33.0,4,1
21935,Belgium,33.0,20,2
22080,Channel Islands,33.0,20,1
23019,Norway,33.0,4,1
22652,Poland,33.0,20,2
20727,RSA,33.0,20,1
23054,Switzerland,33.0,4,1
20781,EIRE,32.94,6,1
20780,EIRE,32.94,6,1
23146,Spain,32.9,10,2
82551,EIRE,32.9,26,3
47504H,Germany,32.88,24,2
47566,Cyprus,32.85,7,3
22114,Austria,32.8,8,2
23374,Germany,32.8,40,3
23375,Germany,32.8,40,4
23375,Portugal,32.8,40,2
22114,Netherlands,32.8,8,2
22403,Australia,32.76,84,1
22402,Australia,32.76,84,1
22115,France,32.71,25,4
21839,EIRE,32.7,6,2
47590B,Austria,32.7,6,1
21375,Channel Islands,32.7,6,1
47590B,Belgium,32.7,6,2
47590A,Korea,32.7,6,1
47590A,Singapore,32.7,6,1
47590A,Belgium,32.7,6,2
47590B,Korea,32.7,6,1
35004C,Switzerland,32.7,6,1
47590B,RSA,32.7,6,2
47589,Spain,32.7,6,1
84596b,United Kingdom,32.63,13,10
23428,Norway,32.6,4,2
23430,Norway,32.6,4,2
23429,Norway,32.6,4,2
DCGS0003,United Kingdom,32.59,13,13
35809A,Finland,32.52,30,2
23175,Cyprus,32.5,10,2
85049G,Portugal,32.5,26,3
21892,Switzerland,32.5,26,3
23263,Spain,32.5,26,3
21591,France,32.5,26,3
22409,Italy,32.5,26,3
22252,Italy,32.5,26,2
21397,France,32.5,26,3
22772,Netherlands,32.5,26,2
82613c,United Kingdom,32.48,13,12
22326,USA,32.45,11,3
21744,Spain,32.45,11,2
22809,Spain,32.45,11,4
23283,Belgium,32.4,4,2
48187,Spain,32.4,4,2
21670,Channel Islands,32.4,24,2
21673,Channel Islands,32.4,24,2
21891,Italy,32.4,24,2
84378,Belgium,32.4,24,2
82551,United Arab Emirates,32.4,24,2
48194,Italy,32.4,4,2
22691,Spain,32.4,4,2
22366,Spain,32.4,4,2
22692,France,32.4,4,2
21673,Belgium,32.4,24,2
37489B,United Kingdom,32.37,39,18
90214V,United Kingdom,32.33,41,27
21062,Spain,32.3,38,4
21059,Spain,32.3,38,4
90214O,United Kingdom,32.27,37,19
85141,EIRE,32.25,3,1
37503,Italy,32.25,3,1
22113,Austria,32.0,8,2
21479,Denmark,32.0,8,2
23253,France,31.9,2,1
23253,Malta,31.9,2,1
21359,EIRE,31.9,2,1
84824,Channel Islands,31.9,2,1
22660,Channel Islands,31.8,4,1
85135B,EIRE,31.8,4,2
84600,EIRE,31.8,4,2
22365,Denmark,31.8,4,2
21523,Lebanon,31.8,4,1
15058A,France,31.8,4,2
22692,Netherlands,31.8,4,2
82482,France,31.8,12,3
22283,Italy,31.8,4,1
22783,Greece,31.8,4,1
48184,Finland,31.8,4,1
15058A,Germany,31.8,4,2
22442,Germany,31.8,4,2
20749,Austria,31.8,4,1
20750,Greece,31.8,4,2
22443,Spain,31.8,4,2
85048,Switzerland,31.8,4,2
21923,EIRE,31.8,4,2
22443,Unspecified,31.8,4,1
22690,Netherlands,31.8,4,2
22841,European Community,31.8,4,2
22690,Spain,31.8,4,2
22443,Germany,31.8,4,2
21924,EIRE,31.8,4,2
84795D,EIRE,31.8,4,2
48129,Portugal,31.8,4,2
15058B,Israel,31.8,4,1
22366,Austria,31.8,4,1
21765,Switzerland,31.8,4,1
85048,Poland,31.8,4,1
20749,Italy,31.8,4,2
84795D,Finland,31.8,4,1
22365,Channel Islands,31.8,4,2
15058C,EIRE,31.8,4,1
21527,Spain,31.8,4,1
22283,Channel Islands,31.8,4,1
84631,Spain,31.8,4,2
21765,Lithuania,31.8,4,1
85136A,EIRE,31.8,4,2
84712B,EIRE,31.8,4,2
22442,Austria,31.8,4,1
84292,EIRE,31.8,4,1
22840,European Community,31.8,4,2
22660,Italy,31.8,4,1
90059B,United Kingdom,31.75,19,17
85047,France,31.75,5,1
21488,Unspecified,31.6,8,2
22188,Cyprus,31.6,8,2
21488,Spain,31.6,8,1
84029E,Norway,31.6,8,1
22778,Switzerland,31.6,8,2
22723,Lebanon,31.6,8,1
22189,Portugal,31.6,8,2
22778,Spain,31.6,8,2
23092,Germany,31.6,4,2
22114,Belgium,31.6,8,1
22723,Israel,31.6,8,1
22188,Switzerland,31.6,8,2
23013,Germany,31.6,8,2
22778,Cyprus,31.6,8,1
22722,Japan,31.6,8,1
22778,EIRE,31.6,8,2
22188,Poland,31.6,8,2
22723,Finland,31.6,8,1
21488,Norway,31.6,8,1
22189,Greece,31.6,8,1
22778,Germany,31.6,8,1
20892,EIRE,31.6,8,1
23014,Belgium,31.6,8,2
21488,France,31.6,8,3
21275,Germany,31.6,8,1
22189,Belgium,31.6,8,2
22722,Norway,31.6,8,2
21794,Hong Kong,31.6,8,1
23281,France,31.54,38,3
22531,Netherlands,31.5,75,4
22378,Belgium,31.5,15,2
85113,Sweden,31.5,15,1
21908,Germany,31.5,15,2
22708,Germany,31.5,75,3
16169K,Australia,31.5,75,3
22040,Belgium,31.5,75,2
23230,Spain,31.5,75,3
21181,Cyprus,31.5,15,3
16161U,Denmark,31.5,75,3
22704,Denmark,31.5,75,3
21495,Netherlands,31.5,75,3
23232,France,31.5,75,3
21498,Netherlands,31.5,75,2
16169P,Germany,31.5,75,3
16156L,France,31.5,75,3
23546,Spain,31.5,75,3
22709,Germany,31.5,75,3
16169N,Germany,31.5,75,3
16169P,France,31.5,75,3
23550,Germany,31.5,75,3
16169K,Germany,31.5,75,3
16161U,Belgium,31.5,75,3
22212,Spain,31.5,15,5
21497,Spain,31.5,75,3
22045,Portugal,31.5,75,2
22959,Germany,31.5,75,3
20751,Portugal,31.5,15,2
22046,Spain,31.5,75,3
22052,EIRE,31.5,75,3
22038,EIRE,31.5,75,3
22381,Belgium,31.5,15,3
22985,Channel Islands,31.5,75,3
23545,Belgium,31.5,75,2
22704,Netherlands,31.5,75,2
23546,Germany,31.5,75,3
22381,Australia,31.5,15,3
22378,Portugal,31.5,15,3
21503,EIRE,31.5,75,3
22046,Switzerland,31.5,75,3
22378,EIRE,31.5,15,3
22708,Spain,31.5,75,3
21498,Italy,31.5,75,3
23230,Germany,31.5,75,3
23233,France,31.5,75,3
21499,France,31.5,75,3
22647,EIRE,31.44,48,2
22469,Spain,31.35,19,5
21100,EIRE,31.35,19,2
16259,Germany,31.32,216,2
22097,Spain,31.25,25,3
22548,Portugal,31.25,25,3
21932,France,31.25,15,2
23091,France,31.25,5,1
23350,Germany,31.25,25,3
21933,France,31.25,15,2
23275,Switzerland,31.25,25,2
21086,Sweden,31.2,48,3
84932A,EIRE,31.2,16,2
20976,EIRE,31.2,48,1
22319,Denmark,31.2,48,1
84673B,EIRE,31.2,48,2
84750A,Cyprus,31.2,16,1
47591D,Sweden,31.2,16,2
21156,Canada,31.2,16,1
20990,EIRE,31.2,16,2
84212,Italy,31.2,48,1
21156,Singapore,31.2,16,1
21086,EIRE,31.2,48,4
84535B,France,31.2,48,3
22920,EIRE,31.2,48,4
47591D,USA,31.2,16,2
72750C,EIRE,31.2,16,2
47591D,Poland,31.2,16,2
23367,EIRE,31.2,48,3
85078,Italy,31.2,48,2
84932B,Germany,31.2,16,2
23576,Germany,31.2,16,2
23579,Germany,31.2,16,2
21383,Portugal,31.2,48,1
84755,Czech Republic,31.2,48,1
22227,Cyprus,31.2,48,1
22367,Australia,31.2,16,2
22439,EIRE,31.2,48,2
21086,Finland,31.2,48,3
22319,EIRE,31.2,48,3
21195,Switzerland,31.2,48,1
22434,Austria,31.2,16,2
22820,EIRE,31.2,48,4
23580,Germany,31.2,16,2
21987,Channel Islands,31.2,48,3
84755,Germany,31.2,48,3
78034B,United Kingdom,31.2,16,11
47591D,Greece,31.2,16,2
79051A,Spain,31.2,48,3
84932C,Netherlands,31.2,16,1
85217,Germany,31.2,48,4
21429,Finland,31.2,16,2
20974,Austria,31.2,48,2
22917,EIRE,31.2,48,4
22367,Singapore,31.2,16,1
22337,EIRE,31.2,48,2
22439,Channel Islands,31.2,48,2
21086,Spain,31.2,48,4
22434,Belgium,31.2,16,1
22161,Netherlands,31.2,48,2
22319,Switzerland,31.2,48,2
20991,EIRE,31.2,48,2
22367,Canada,31.2,16,2
21987,Unspecified,31.2,48,2
47591D,Spain,31.2,16,3
22265,France,31.2,48,2
21383,United Arab Emirates,31.2,48,2
84932A,Netherlands,31.2,16,2
22265,EIRE,31.2,48,2
22918,EIRE,31.2,48,4
47591D,Bermuda,31.2,16,1
23632,United Kingdom,31.2,15,10
84535B,Unspecified,31.2,48,2
47591D,Belgium,31.2,16,2
22575,Austria,31.2,16,2
84745A,United Kingdom,31.08,74,19
85199S,Spain,31.08,74,4
46000M,Cyprus,31.0,20,2
21507,Japan,30.96,84,2
22028,Japan,30.96,84,2
48184,Poland,30.88,4,2
48138,United Arab Emirates,30.88,4,2
37489D,United Kingdom,30.81,47,22
23004,France,30.66,73,4
21561,Bermuda,30.6,12,1
71459,Channel Islands,30.6,36,2
85177,France,30.6,36,2
21720,Norway,30.6,36,1
21842,Denmark,30.6,12,1
21080,Finland,30.6,36,2
72800F,Unspecified,30.6,12,1
21943,Germany,30.6,36,2
22565,France,30.6,36,3
22577,Netherlands,30.6,36,2
21061,France,30.6,36,2
21989,Belgium,30.6,36,3
21286,France,30.6,12,1
20982,Germany,30.6,36,3
21558,Austria,30.6,12,2
22491,Italy,30.6,36,2
79191C,Switzerland,30.6,36,2
22930,Belgium,30.6,12,2
21286,Portugal,30.6,12,1
21201,Channel Islands,30.6,12,1
22594,France,30.6,36,3
22931,Denmark,30.6,12,1
22962,Spain,30.6,36,3
72598,Denmark,30.6,36,1
22219,Germany,30.6,36,2
84461,Germany,30.6,12,2
21205,France,30.6,12,2
22566,EIRE,30.6,36,2
22970,Germany,30.6,12,2
22971,Germany,30.6,12,2
22923,Spain,30.6,36,2
21544,Germany,30.6,36,3
21535,Italy,30.6,12,2
84970S,Finland,30.6,36,2
21094,Sweden,30.6,36,2
22309,Australia,30.6,12,2
21588,Italy,30.6,12,1
21201,Switzerland,30.6,12,1
21175,Spain,30.6,12,1
21080,Italy,30.6,36,2
17012F,EIRE,30.6,12,1
85016,Australia,30.6,12,1
21205,EIRE,30.6,12,2
84012,Australia,30.6,12,1
22651,Singapore,30.6,36,1
22132,Italy,30.6,36,3
22594,Portugal,30.6,36,3
22609,Austria,30.6,36,1
22639,Channel Islands,30.6,12,2
22571,Poland,30.6,36,1
21094,Singapore,30.6,36,1
21700,Channel Islands,30.6,36,1
17181,EIRE,30.6,36,1
22348,Norway,30.6,36,2
22593,France,30.6,36,3
22909,Finland,30.6,36,2
17091B,EIRE,30.6,36,1
22583,Sweden,30.6,12,2
23399,EIRE,30.6,36,3
22587,EIRE,30.6,36,3
22595,Israel,30.6,36,1
84931B,France,30.6,12,2
85231B,Finland,30.6,36,3
18096C,Cyprus,30.6,12,2
72800C,EIRE,30.6,12,2
22309,Spain,30.6,12,2
22303,Italy,30.6,12,2
84012,Belgium,30.6,12,1
22350,Denmark,30.6,12,1
20981,Spain,30.6,36,1
21077,EIRE,30.6,36,2
21078,Greece,30.6,36,2
20770,Spain,30.6,12,1
23311,France,30.6,12,2
21944,EIRE,30.6,36,2
84678,France,30.6,12,2
21588,France,30.6,12,1
20769,EIRE,30.6,12,2
22600,Belgium,30.6,36,2
22643,France,30.6,12,1
21558,Spain,30.6,12,2
85016,Japan,30.6,12,2
22781,Israel,30.6,4,1
84584,EIRE,30.6,12,2
22640,Channel Islands,30.6,12,2
22604,Channel Islands,30.6,12,2
22348,Portugal,30.6,36,3
22276,France,30.6,12,1
22930,Channel Islands,30.6,12,2
62094B,Spain,30.6,12,2
22962,Channel Islands,30.6,36,3
85176,Switzerland,30.6,36,2
22565,Hong Kong,30.6,36,1
21721,Germany,30.6,36,3
22584,Greece,30.6,12,2
21080,Sweden,30.6,36,2
21719,Switzerland,30.6,36,3
22129,Switzerland,30.6,36,2
22352,Spain,30.6,12,2
72819,Germany,30.6,12,2
22321,Netherlands,30.6,36,3
85194L,Cyprus,30.6,36,1
22593,Italy,30.6,36,2
22594,Italy,30.6,36,2
22572,Poland,30.6,36,1
85015,Finland,30.6,12,1
22603,Sweden,30.6,36,2
22577,Channel Islands,30.6,36,1
22937,Channel Islands,30.6,12,1
22130,USA,30.6,36,1
21586,Singapore,30.6,12,1
22467,Italy,30.6,12,1
21039,Finland,30.6,12,2
22467,Austria,30.6,12,2
21371,Switzerland,30.6,12,1
84907,Cyprus,30.6,4,1
37482P,Germany,30.6,12,2
85017A,Netherlands,30.6,36,2
84520D,EIRE,30.6,36,3
21535,Cyprus,30.6,12,2
22353,Switzerland,30.6,12,1
22301,USA,30.6,12,2
22467,Australia,30.6,12,2
85205B,Spain,30.6,12,1
47597,EIRE,30.6,12,1
20723,Italy,30.6,36,3
21542,United Arab Emirates,30.6,36,3
21059,France,30.6,36,2
21719,Norway,30.6,36,1
22601,Belgium,30.6,36,2
22603,Belgium,30.6,36,2
82482,Israel,30.6,12,1
21988,Belgium,30.6,36,3
21062,Germany,30.6,36,3
72780,EIRE,30.6,36,2
22639,France,30.6,12,1
22937,Italy,30.6,12,2
22781,Poland,30.6,4,2
90101,EIRE,30.6,12,2
22304,Portugal,30.6,12,2
22588,Lebanon,30.6,12,1
84347,Sweden,30.6,12,1
84584,Netherlands,30.6,12,1
22651,Switzerland,30.6,36,1
20699,EIRE,30.6,12,2
22594,Switzerland,30.6,36,2
21559,Canada,30.6,12,2
22584,Denmark,30.6,12,1
22390,Spain,30.6,12,2
22755,Belgium,30.6,36,3
22262,EIRE,30.6,36,2
21094,Austria,30.6,36,3
22303,Channel Islands,30.6,12,1
22589,Switzerland,30.6,12,2
22576,France,30.6,36,3
22603,Spain,30.6,36,2
22754,Belgium,30.6,36,3
22572,Austria,30.6,36,3
22348,Belgium,30.6,36,3
21556,Australia,30.6,12,1
22219,Israel,30.6,36,1
21320,Norway,30.6,12,1
21724,Norway,30.6,36,1
21675,EIRE,30.6,36,3
21320,Germany,30.6,12,2
21389,Netherlands,30.6,36,2
21719,Germany,30.6,36,3
22129,USA,30.6,36,1
22572,Spain,30.6,36,5
10002,Australia,30.6,36,2
21082,Germany,30.6,36,3
21723,Germany,30.6,36,2
21278,EIRE,30.6,12,2
22353,Bermuda,30.6,12,1
21040,Switzerland,30.6,12,1
21942,EIRE,30.6,36,2
22602,Sweden,30.6,36,2
22245,Australia,30.6,36,3
85150,Greece,30.6,12,2
22181,Spain,30.6,36,2
21058,Belgium,30.6,36,3
22930,Germany,30.6,12,2
22261,EIRE,30.6,36,3
21091,Germany,30.6,36,3
21589,Unspecified,30.6,12,1
20983,Italy,30.6,36,3
72819,Switzerland,30.6,12,1
84508C,EIRE,30.6,12,2
21076,France,30.6,36,2
21286,Belgium,30.6,12,1
21455,EIRE,30.6,36,3
22641,EIRE,30.6,12,2
22216,Israel,30.6,36,1
85015,Japan,30.6,12,2
22300,Switzerland,30.6,12,1
22584,Portugal,30.6,12,2
22197,Belgium,30.6,36,1
22305,France,30.6,12,1
23311,Australia,30.6,12,1
21588,Channel Islands,30.6,12,1
21535,Channel Islands,30.6,12,2
21559,Hong Kong,30.6,12,1
22930,Sweden,30.6,12,2
22523,France,30.6,36,3
22467,Unspecified,30.6,12,2
22522,France,30.6,36,3
22640,France,30.6,12,1
21279,EIRE,30.6,12,2
21679,Switzerland,30.6,36,2
23287,Switzerland,30.6,36,4
84931A,Germany,30.6,12,2
21790,France,30.6,36,3
22389,EIRE,30.6,12,1
21844,Channel Islands,30.6,12,1
22909,Austria,30.6,36,3
22467,Spain,30.6,12,2
84584,Greece,30.6,12,2
22584,Sweden,30.6,12,2
21726,Finland,30.6,36,2
22571,Austria,30.6,36,3
22565,Belgium,30.6,36,2
22352,Hong Kong,30.6,12,2
23311,Switzerland,30.6,12,1
22130,Greece,30.6,36,1
84559A,EIRE,30.6,36,3
22276,United Arab Emirates,30.6,12,1
22400,Netherlands,30.58,74,2
21919,United Kingdom,30.47,6,5
22475,Germany,30.45,11,2
16218,EIRE,30.4,240,3
35810A,Poland,30.36,36,2
21175,Germany,30.3,14,2
84993B,EIRE,30.24,72,2
21830,EIRE,30.24,72,3
22983,Switzerland,30.24,72,3
22915,Switzerland,30.24,72,5
21703,Germany,30.24,72,6
22029,Spain,30.24,72,5
22712,Belgium,30.24,72,6
23000,Norway,30.24,72,3
22714,France,30.24,72,5
22543,Belgium,30.24,72,2
21918,Switzerland,30.24,72,3
23002,Norway,30.24,72,3
22541,EIRE,30.24,72,3
22489,Spain,30.24,72,3
23334,Spain,30.24,48,1
21786,Spain,30.24,72,3
22716,EIRE,30.24,72,6
22541,France,30.24,72,2
22983,Spain,30.24,72,4
22531,Switzerland,30.24,72,3
22152,Spain,30.24,72,3
22029,Austria,30.24,72,6
16258A,EIRE,30.24,72,2
23327,Channel Islands,30.24,48,1
23326,Channel Islands,30.24,48,1
47503A,Israel,30.24,72,1
21917,Denmark,30.24,72,3
22028,Spain,30.24,72,5
21802,EIRE,30.24,72,2
21807,EIRE,30.24,72,2
22984,Finland,30.24,72,2
21802,France,30.24,72,2
72586,Netherlands,30.24,72,1
22151,Cyprus,30.24,72,1
22540,EIRE,30.24,72,2
22025,France,30.24,72,6
23326,France,30.24,48,1
22032,Germany,30.24,72,5
47422,Germany,30.24,72,3
22544,EIRE,30.24,72,2
22533,Channel Islands,30.24,72,2
22543,France,30.24,72,2
84228,EIRE,30.24,72,2
21967,Switzerland,30.24,96,3
23326,Germany,30.24,48,1
23310,Germany,30.24,72,1
21806,EIRE,30.24,72,2
22893,Spain,30.24,72,2
90025F,United Kingdom,30.23,8,8
18010,United Kingdom,30.16,64,9
35810A,EIRE,30.12,36,2
37491B,United Kingdom,30.08,14,8
22953,Unspecified,30.0,24,1
22405,Belgium,30.0,24,2
22252,Belgium,30.0,24,2
84744,Finland,30.0,24,1
21123,Portugal,30.0,24,1
21416,EIRE,30.0,8,1
40003,Unspecified,30.0,24,1
21925,Germany,30.0,24,2
21069,Germany,30.0,24,1
22558,USA,30.0,24,2
21494,Switzerland,30.0,24,2
22347,Spain,30.0,24,2
84279B,Belgium,30.0,8,2
22670,Israel,30.0,24,1
15060B,Malta,30.0,8,2
21355,United Arab Emirates,30.0,24,2
85183B,Australia,30.0,24,1
21876,Australia,30.0,24,1
21868,Poland,30.0,24,2
85019B,Belgium,30.0,24,1
23100,Switzerland,30.0,24,2
23228,Netherlands,30.0,24,1
22757,Belgium,30.0,24,2
21689,Switzerland,30.0,8,1
23210,Portugal,30.0,24,1
21718,Finland,30.0,24,1
84581,Lithuania,30.0,8,1
21430,Switzerland,30.0,8,2
22773,Germany,30.0,24,2
84828,USA,30.0,24,1
21354,Singapore,30.0,24,1
22675,Switzerland,30.0,24,1
90057,Netherlands,30.0,24,1
23275,Denmark,30.0,24,1
85049D,Spain,30.0,24,2
23263,Greece,30.0,24,1
22693,Germany,30.0,24,1
35971,EIRE,30.0,24,1
23291,EIRE,30.0,24,3
21871,Spain,30.0,24,2
85200,United Arab Emirates,30.0,24,2
22426,Switzerland,30.0,8,2
21620,EIRE,30.0,24,2
84947,Germany,30.0,24,1
21912,Netherlands,30.0,8,2
23250,Switzerland,30.0,24,2
23395,Channel Islands,30.0,8,2
21892,Netherlands,30.0,24,2
22409,EIRE,30.0,24,2
85049E,Austria,30.0,24,2
22092,Spain,30.0,24,2
22254,Australia,30.0,24,1
35921,EIRE,30.0,24,2
22550,Switzerland,30.0,8,2
85049C,Austria,30.0,24,2
22513,Bahrain,30.0,8,1
22560,Unspecified,30.0,24,1
21122,Unspecified,30.0,24,1
20677,Spain,30.0,24,3
84912A,Switzerland,30.0,8,2
21098,Switzerland,30.0,24,1
23346,Switzerland,30.0,24,2
15060B,Norway,30.0,8,1
22775,Iceland,30.0,24,2
84279B,Cyprus,30.0,8,1
22670,Switzerland,30.0,24,2
22993,Italy,30.0,24,2
22550,Iceland,30.0,8,1
20694,Norway,30.0,8,1
22444,West Indies,30.0,24,1
22757,Spain,30.0,24,2
22254,Austria,30.0,24,1
22772,Germany,30.0,24,2
20867,Israel,30.0,24,1
21354,EIRE,30.0,24,2
22993,Brazil,30.0,24,1
22494,Portugal,30.0,24,2
21486,Germany,30.0,8,1
22494,EIRE,30.0,24,2
85031C,Singapore,30.0,24,1
22993,Norway,30.0,24,2
21430,Greece,30.0,8,2
84380,Sweden,30.0,24,2
22977,Belgium,30.0,24,2
22299,Channel Islands,30.0,24,1
84870B,Spain,30.0,8,2
23263,Channel Islands,30.0,24,2
20867,Switzerland,30.0,24,1
22805,France,30.0,24,2
21390,Channel Islands,30.0,24,1
20677,Belgium,30.0,24,3
85049C,Channel Islands,30.0,24,2
22791,France,30.0,24,2
23076,Sweden,30.0,24,1
22100,Norway,30.0,24,2
85169D,Germany,30.0,24,2
84947,France,30.0,24,2
84946,France,30.0,24,2
84870C,Spain,30.0,8,2
22398,Channel Islands,30.0,24,2
22399,Denmark,30.0,24,2
85169A,Portugal,30.0,24,2
22730,Norway,30.0,8,2
21913,Channel Islands,30.0,8,1
21123,Germany,30.0,24,1
23211,Portugal,30.0,24,1
84997D,Thailand,30.0,8,1
21123,Thailand,30.0,24,1
84836,Greece,30.0,24,2
85049B,France,30.0,24,2
85049H,Cyprus,30.0,24,2
21126,Australia,30.0,24,1
22203,Finland,30.0,8,2
20818,Bahrain,30.0,24,1
22564,Spain,30.0,24,2
20696,France,30.0,8,2
22570,Belgium,30.0,8,1
84578,EIRE,30.0,8,2
21232,Belgium,30.0,24,2
84509B,Finland,30.0,8,1
84876C,United Kingdom,30.0,8,5
84509C,France,30.0,8,1
21440,Germany,30.0,24,2
21875,Austria,30.0,24,1
21791,Spain,30.0,24,2
20707,Greece,30.0,24,1
21873,Germany,30.0,24,2
20888,EIRE,30.0,24,1
21913,Bermuda,30.0,8,1
22460,Germany,30.0,24,2
22559,Austria,30.0,24,1
37370,Greece,30.0,24,2
20696,EIRE,30.0,8,2
85166B,Unspecified,30.0,8,1
22127,Germany,30.0,24,2
21121,Italy,30.0,24,1
84580,Germany,30.0,8,2
20986,Switzerland,30.0,24,1
22800,Belgium,30.0,8,2
37495,Bahrain,30.0,8,1
84029G,Italy,30.0,8,1
22726,Israel,30.0,8,1
22791,Italy,30.0,24,2
22270,France,30.0,8,1
23212,France,30.0,24,2
85049C,Spain,30.0,24,2
85019B,Israel,30.0,24,1
22569,France,30.0,8,2
23393,Spain,30.0,8,1
21494,Belgium,30.0,24,2
84509C,Germany,30.0,8,2
23275,France,30.0,24,2
84519B,Australia,30.0,24,1
84519A,Australia,30.0,24,1
84877A,Unspecified,30.0,24,1
21872,Portugal,30.0,24,2
22771,Iceland,30.0,24,2
20696,Portugal,30.0,8,1
22953,Switzerland,30.0,24,1
23226,Netherlands,30.0,24,1
22444,Italy,30.0,24,1
84569D,Portugal,30.0,24,1
21231,Spain,30.0,24,2
23352,Spain,30.0,24,1
85035A,Netherlands,30.0,24,1
23564,Germany,30.0,24,2
23227,Netherlands,30.0,24,1
23564,France,30.0,24,2
23275,Portugal,30.0,24,1
47504E,Portugal,30.0,24,1
21889,RSA,30.0,24,2
21913,Spain,30.0,8,1
21912,Channel Islands,30.0,8,1
21232,Netherlands,30.0,24,2
84597C,Germany,30.0,24,2
21592,Channel Islands,30.0,24,1
84912B,Spain,30.0,8,2
23251,France,30.0,24,2
21620,Denmark,30.0,24,1
21126,Belgium,30.0,24,2
22675,Netherlands,30.0,24,1
84580,France,30.0,8,2
22204,Finland,30.0,8,1
22294,Greece,30.0,24,1
21668,Norway,30.0,24,2
22805,Norway,30.0,24,2
23382,Belgium,30.0,8,1
23291,Denmark,30.0,24,2
23160,Norway,30.0,24,1
47504E,EIRE,30.0,24,2
23503,Channel Islands,30.0,24,1
21447,Sweden,30.0,24,2
22772,Norway,30.0,24,2
21272,Cyprus,30.0,24,2
22993,Sweden,30.0,24,2
22757,Switzerland,30.0,24,2
21669,Finland,30.0,24,1
22107,Spain,30.0,8,2
23289,Israel,30.0,24,1
18094C,EIRE,30.0,24,2
21122,Switzerland,30.0,24,1
21374,Germany,30.0,16,2
22178,Channel Islands,30.0,24,1
82613A,Unspecified,30.0,24,2
23251,Germany,30.0,24,2
23078,Unspecified,30.0,24,1
20866,Israel,30.0,24,1
22257,EIRE,30.0,24,1
23078,Belgium,30.0,24,1
20972,Italy,30.0,24,2
21668,Finland,30.0,24,1
21125,Belgium,30.0,24,2
23476,Germany,30.0,24,2
85034B,EIRE,30.0,24,1
22674,Denmark,30.0,24,1
23350,Spain,30.0,24,1
22399,Portugal,30.0,24,2
22299,Cyprus,30.0,24,1
22686,Poland,30.0,24,2
22560,United Arab Emirates,30.0,24,1
21117,EIRE,30.0,24,2
21421,Singapore,30.0,24,1
21692,EIRE,30.0,8,1
21871,Channel Islands,30.0,24,2
21374,Korea,30.0,24,1
21010,Singapore,30.0,24,1
37495,Belgium,30.0,8,2
20677,United Arab Emirates,30.0,24,1
35953,Australia,30.0,24,1
22299,Belgium,30.0,24,1
22725,Spain,30.0,8,2
22316,Germany,30.0,24,2
21875,Switzerland,30.0,24,2
20677,Israel,30.0,24,1
21447,Netherlands,30.0,24,1
21355,Portugal,30.0,24,2
21718,Belgium,30.0,24,2
20677,Finland,30.0,24,2
21648,Switzerland,30.0,24,1
85060,EIRE,30.0,24,2
22289,Greece,30.0,24,1
22288,Greece,30.0,24,1
21117,Netherlands,30.0,24,1
22856,EIRE,30.0,24,2
22856,France,30.0,24,2
23076,Austria,30.0,24,1
20674,Austria,30.0,24,2
85049C,France,30.0,24,2
23136,EIRE,30.0,8,2
23496,EIRE,30.0,24,2
23168,Norway,30.0,24,2
84279P,Switzerland,30.0,8,2
20655,Spain,30.0,24,2
21439,USA,30.0,24,2
20971,USA,30.0,24,3
21232,Sweden,30.0,24,2
22297,France,30.0,24,1
21356,Singapore,30.0,24,2
22203,Unspecified,30.0,8,2
84828,Austria,30.0,24,1
21231,France,30.0,24,2
21439,EIRE,30.0,24,2
21390,EIRE,30.0,24,1
21486,Switzerland,30.0,8,1
85097B,France,30.0,8,1
20675,Belgium,30.0,24,3
22202,United Arab Emirates,30.0,8,2
23112,Channel Islands,30.0,4,2
22892,Belgium,30.0,24,2
23166,Germany,30.0,24,2
85111,Italy,30.0,24,2
20674,Israel,30.0,24,1
20676,Israel,30.0,24,1
84279P,Israel,30.0,8,1
22444,Channel Islands,30.0,24,1
23227,EIRE,30.0,24,1
22407,EIRE,30.0,24,2
23226,Germany,30.0,24,1
23328,France,30.0,8,2
22775,Germany,30.0,24,2
85183A,Germany,30.0,24,2
23266,Channel Islands,30.0,24,2
21990,Switzerland,30.0,24,1
21775,Germany,30.0,24,2
23078,USA,30.0,24,1
22444,Austria,30.0,24,1
21124,Thailand,30.0,24,1
84580,Lithuania,30.0,8,1
20764,Belgium,30.0,8,2
21430,Sweden,30.0,8,2
21746,Spain,30.0,24,2
84978,Italy,30.0,24,2
23210,Austria,30.0,24,1
23382,Portugal,30.0,8,1
21591,Spain,30.0,24,1
37495,Sweden,30.0,8,2
21670,Norway,30.0,24,2
23228,Malta,30.0,24,1
23267,Denmark,30.0,24,1
23292,Denmark,30.0,24,2
22550,Sweden,30.0,8,1
21122,Italy,30.0,24,1
84877D,Canada,30.0,24,1
22294,Poland,30.0,24,1
22098,Spain,30.0,24,2
22772,Iceland,30.0,24,2
22773,Iceland,30.0,24,2
21232,Canada,30.0,24,2
35951,Germany,30.0,24,1
22892,Spain,30.0,24,2
23252,Australia,30.0,8,1
22751,Austria,30.0,8,1
22993,Cyprus,30.0,24,1
23211,Israel,30.0,24,1
21745,Australia,30.0,8,2
23210,Israel,30.0,24,1
22805,Iceland,30.0,24,2
23250,Germany,30.0,24,2
85034C,EIRE,30.0,24,1
22729,Australia,30.0,8,2
22693,Austria,30.0,24,1
20762,EIRE,30.0,8,2
22203,Belgium,30.0,8,2
84875B,EIRE,30.0,24,1
85049A,France,30.0,24,2
85031A,Netherlands,30.0,24,1
21668,Austria,30.0,24,2
21471,France,30.0,8,3
21669,Austria,30.0,24,2
20819,Bahrain,30.0,24,1
23382,Sweden,30.0,8,1
22108,EIRE,30.0,8,2
23438,Portugal,30.0,24,1
23402,Germany,30.0,8,1
22494,Iceland,30.0,24,2
21673,Austria,30.0,24,2
35953,Malta,30.0,24,1
22294,Italy,30.0,24,1
23291,Switzerland,30.0,24,1
22801,Norway,30.0,8,2
23100,Singapore,30.0,24,1
21791,Singapore,30.0,24,2
21912,Hong Kong,30.0,8,2
21590,EIRE,30.0,24,1
22444,United Arab Emirates,30.0,24,1
21791,USA,30.0,24,1
47593A,Italy,30.0,24,1
84912B,Germany,30.0,8,1
23565,France,30.0,24,2
47563B,United Kingdom,30.0,8,6
84029G,Australia,30.0,8,1
23210,Switzerland,30.0,24,1
22560,Italy,30.0,24,1
85059,Norway,30.0,8,1
22550,Portugal,30.0,8,2
21122,Norway,30.0,24,1
22494,United Arab Emirates,30.0,24,2
21877,Portugal,30.0,24,2
47367B,Finland,30.0,8,1
21774,Germany,30.0,24,2
85055,Cyprus,30.0,8,1
22202,Cyprus,30.0,8,2
22254,Poland,30.0,24,1
84789,EIRE,30.0,8,1
21846,EIRE,30.0,24,1
23078,Italy,30.0,24,1
21849,EIRE,30.0,24,1
22508,Spain,30.0,8,2
21137,Austria,30.0,8,1
22693,Bahrain,30.0,24,1
21826,EIRE,30.0,24,2
21125,Italy,30.0,24,1
21126,Italy,30.0,24,1
20660,Spain,30.0,24,2
22091,Spain,30.0,24,2
20658,Spain,30.0,24,2
22511,EIRE,30.0,8,2
85169B,France,30.0,24,2
22612,Australia,30.0,8,2
21648,Netherlands,30.0,24,1
22409,Belgium,30.0,24,2
21846,Canada,30.0,24,1
20652,France,30.0,24,2
22073,Belgium,30.0,8,2
22251,Greece,30.0,24,1
21926,Poland,30.0,24,2
84870B,France,30.0,8,2
84870C,France,30.0,8,2
22409,Lithuania,30.0,24,2
22073,Unspecified,30.0,8,2
23216,France,30.0,24,2
20675,Israel,30.0,24,1
22988,Switzerland,30.0,24,2
22204,Unspecified,30.0,8,2
21648,Belgium,30.0,24,1
84876B,Switzerland,30.0,24,1
22128,Portugal,30.0,24,2
21745,Cyprus,30.0,8,2
84870C,Sweden,30.0,8,1
22127,Australia,30.0,24,1
20967,EIRE,30.0,8,1
21915,Italy,30.0,24,2
21894,Australia,30.0,24,1
21868,Australia,30.0,24,1
22977,EIRE,30.0,24,2
22513,Germany,30.0,8,2
84920,Germany,30.0,8,2
23166,Poland,30.0,24,2
21358,Portugal,30.0,24,2
22513,Portugal,30.0,8,2
22510,Channel Islands,30.0,8,2
22756,Germany,30.0,24,2
84836,Finland,30.0,24,1
85184C,Portugal,30.0,24,1
23210,Belgium,30.0,24,1
23210,Cyprus,30.0,24,1
85019B,EIRE,30.0,24,1
23226,Malta,30.0,24,1
84920,France,30.0,8,2
20672,Germany,30.0,24,2
22756,EIRE,30.0,24,2
22563,Spain,30.0,24,2
22771,Germany,30.0,24,2
20676,Spain,30.0,24,3
21877,Canada,30.0,24,1
23264,Channel Islands,30.0,24,2
21889,Unspecified,30.0,24,3
84877B,Canada,30.0,24,1
22405,Portugal,30.0,24,2
85034C,Malta,30.0,24,1
21123,Unspecified,30.0,24,1
21809,Greece,30.0,24,2
23226,Italy,30.0,24,1
82613B,Unspecified,30.0,24,2
84596B,Unspecified,30.0,24,2
20972,Czech Republic,30.0,24,1
23566,Germany,30.0,24,2
23265,Channel Islands,30.0,24,2
23328,Hong Kong,30.0,8,1
20972,Belgium,30.0,24,1
85019B,Portugal,30.0,24,1
23290,Israel,30.0,24,1
23263,Italy,30.0,24,2
21121,Unspecified,30.0,24,1
21287,Italy,30.0,24,2
84581,Germany,30.0,8,2
20956,Italy,30.0,24,2
84509B,Cyprus,30.0,8,1
23160,Spain,30.0,24,1
23210,European Community,30.0,24,1
21124,Italy,30.0,24,1
21791,Finland,30.0,24,2
23503,Germany,30.0,24,1
84870B,Sweden,30.0,8,1
21122,Thailand,30.0,24,1
22294,France,30.0,24,1
20871,Germany,30.0,24,1
23211,European Community,30.0,24,1
21648,Cyprus,30.0,24,1
22297,Italy,30.0,24,1
22757,Germany,30.0,24,2
20847,Norway,30.0,8,2
84509A,Spain,30.0,8,2
22693,Belgium,30.0,24,1
21466,France,30.0,8,2
22203,Australia,30.0,8,2
20866,Germany,30.0,24,2
23345,EIRE,30.0,24,2
21672,Austria,30.0,24,2
84279P,Cyprus,30.0,8,1
84828,Belgium,30.0,24,2
21791,Denmark,30.0,24,2
21369,Korea,30.0,24,1
20986,EIRE,30.0,24,2
21067,Netherlands,30.0,24,1
21948,France,30.0,24,2
90057,EIRE,30.0,24,1
21396,France,30.0,24,2
21424,Poland,30.0,24,1
22444,Unspecified,30.0,24,1
21948,EIRE,30.0,24,1
37495,Malta,30.0,8,2
22953,Germany,30.0,24,2
84596E,Unspecified,30.0,24,2
22444,Belgium,30.0,24,1
20969,Lithuania,30.0,8,1
23228,Germany,30.0,24,1
22294,Singapore,30.0,24,1
21592,Singapore,30.0,24,1
21869,EIRE,30.0,24,2
21124,Finland,30.0,24,1
84805B,Netherlands,30.0,24,1
22494,Belgium,30.0,24,2
21358,Singapore,30.0,24,2
20971,Italy,30.0,24,2
90176E,United Kingdom,29.98,4,3
22691,EIRE,29.96,4,1
48189,Italy,29.96,4,1
48197,Germany,29.96,4,1
48197,Netherlands,29.96,4,2
48189,Switzerland,29.96,4,1
48189,Channel Islands,29.96,4,2
37489C,United Kingdom,29.96,29,14
48197,Channel Islands,29.96,4,2
22414,Italy,29.96,4,1
21761,Channel Islands,29.95,1,1
22504,Australia,29.95,1,1
21763,Germany,29.95,1,1
21763,EIRE,29.95,1,1
21761,EIRE,29.95,1,1
21767,United Kingdom,29.95,1,1
21763,Switzerland,29.95,1,1
21752,EIRE,29.9,2,1
20747,EIRE,29.9,2,1
22605,RSA,29.9,2,1
21659,Channel Islands,29.9,2,1
22839,Cyprus,29.9,2,1
22770,Norway,29.9,2,1
23458,Spain,29.9,2,1
21476,EIRE,29.9,2,1
22765,Channel Islands,29.9,2,1
21627,France,29.9,2,1
22770,Channel Islands,29.9,2,1
23472,France,29.9,2,1
21627,Spain,29.9,2,1
22770,Switzerland,29.9,2,1
21628,France,29.9,2,1
23472,EIRE,29.9,2,1
20747,Netherlands,29.9,2,1
21476,Channel Islands,29.9,2,1
21879,Spain,29.9,46,7
22838,European Community,29.9,2,1
21752,Unspecified,29.9,2,1
22335,France,29.9,46,2
23472,Finland,29.9,2,1
23458,Finland,29.9,2,1
22838,Cyprus,29.9,2,1
22839,Italy,29.9,2,1
23318,Switzerland,29.88,12,1
23101,Germany,29.88,36,3
23433,EIRE,29.88,36,3
23431,EIRE,29.88,36,3
23090,EIRE,29.88,36,2
23432,Germany,29.88,36,3
23148,Germany,29.88,36,3
20836,Poland,29.88,36,3
23433,Israel,29.88,36,1
23101,Switzerland,29.88,36,3
23319,Spain,29.88,12,1
23425,Germany,29.88,12,2
23319,Switzerland,29.88,12,1
23282,EIRE,29.88,36,3
78056,United Kingdom,29.85,3,2
84933B,France,29.85,3,1
22120,Sweden,29.85,3,1
37476,Canada,29.85,3,1
85132A,Germany,29.85,3,1
84933A,France,29.85,3,1
84933C,France,29.85,3,1
85132B,Germany,29.85,3,1
23414,Cyprus,29.85,3,1
22120,Norway,29.85,3,1
22635,Spain,29.85,3,2
22177,EIRE,29.85,3,2
23316,France,29.85,3,2
22487,Italy,29.85,3,2
22487,France,29.85,3,2
22776,Italy,29.85,3,3
22351,United Kingdom,29.81,15,3
84985a,United Kingdom,29.8,10,8
51014A,Spain,29.76,48,4
22390,EIRE,29.76,32,3
23119,Hong Kong,29.76,48,1
40005B,United Kingdom,29.75,35,15
22571,Portugal,29.75,35,4
22375,France,29.75,7,3
22654,Portugal,29.75,5,2
22580,Portugal,29.75,5,2
85008,France,29.7,6,2
23404,Finland,29.7,6,1
21812,Singapore,29.7,6,1
22472,Denmark,29.7,6,2
21207,EIRE,29.7,18,2
21812,France,29.7,6,1
21246,Unspecified,29.7,6,1
22102,EIRE,29.7,18,3
21246,Cyprus,29.7,6,1
85008,EIRE,29.7,6,2
22721,Italy,29.7,6,1
20803,EIRE,29.7,18,3
22617,Israel,29.7,6,1
21485,Hong Kong,29.7,6,1
23411,France,29.7,6,1
21533,Portugal,29.7,6,2
23404,Norway,29.7,6,1
23298,RSA,29.7,6,1
79030A,France,29.7,18,2
22914,Switzerland,29.7,6,2
22021,Germany,29.7,18,3
85206A,Australia,29.7,18,2
35241,Spain,29.7,6,2
21485,Italy,29.7,6,1
21534,United Arab Emirates,29.7,6,1
22720,European Community,29.7,6,1
22325,Belgium,29.7,6,1
23530,Norway,29.7,6,1
21485,Norway,29.7,6,1
21203,EIRE,29.7,18,2
35241,Belgium,29.7,6,2
21812,EIRE,29.7,6,1
22914,Cyprus,29.7,6,2
22912,Israel,29.7,6,1
23114,Germany,29.7,6,2
85187,Greece,29.7,18,2
21246,Greece,29.7,6,1
22617,Bermuda,29.7,6,1
22329,Austria,29.7,18,1
90192,EIRE,29.7,6,2
22185,France,29.7,18,2
22471,Spain,29.7,6,2
22913,France,29.7,6,1
22859,EIRE,29.7,18,2
21846,Switzerland,29.7,6,1
23171,Spain,29.7,18,3
23113,Switzerland,29.7,6,1
23404,Germany,29.7,6,1
84050,Spain,29.7,18,3
22111,Malta,29.7,6,2
22611,Austria,29.7,6,2
22138,Sweden,29.7,6,2
22138,Canada,29.7,6,1
23321,Switzerland,29.7,18,3
23530,EIRE,29.7,6,1
23530,Germany,29.7,6,1
21730,Germany,29.7,6,1
21851,EIRE,29.7,6,1
22471,Belgium,29.7,6,2
22623,Australia,29.7,6,2
23530,Cyprus,29.7,6,1
21116,Channel Islands,29.7,6,2
22074,Spain,29.7,18,2
22223,Spain,29.7,6,2
22139,Greece,29.7,6,1
21246,Italy,29.7,6,1
22111,Greece,29.7,6,2
21363,Channel Islands,29.7,6,1
21812,Switzerland,29.7,6,1
22222,Cyprus,29.7,6,1
23313,Unspecified,29.7,6,1
21533,Austria,29.7,6,2
22138,Cyprus,29.7,6,2
90161C,Germany,29.7,6,1
90161D,Germany,29.7,6,1
22721,Cyprus,29.7,6,2
23404,Cyprus,29.7,6,1
85114B,Australia,29.7,18,2
85232D,Belgium,29.7,6,2
22472,Spain,29.7,6,2
23404,Spain,29.7,6,1
22474,Australia,29.7,6,1
21246,Finland,29.7,6,1
21539,Australia,29.7,6,2
22425,Finland,29.7,6,1
23028,Singapore,29.7,18,1
21116,Greece,29.7,6,2
22278,Unspecified,29.7,6,1
22861,France,29.7,18,2
21329,Spain,29.7,18,2
22278,Bahrain,29.7,6,1
23413,Norway,29.7,6,1
22112,Channel Islands,29.7,6,2
85174,EIRE,29.7,6,2
21812,Greece,29.7,6,1
22859,Belgium,29.7,18,3
23113,EIRE,29.7,6,1
22721,Israel,29.7,6,1
22476,Spain,29.7,6,2
21813,Greece,29.7,6,1
22472,Australia,29.7,6,2
22858,EIRE,29.7,18,3
22471,Italy,29.7,6,3
22914,Norway,29.7,6,2
22611,USA,29.7,6,1
21533,Cyprus,29.7,6,2
22474,Spain,29.7,6,2
22222,Channel Islands,29.7,6,1
22138,Israel,29.7,6,1
21328,Spain,29.7,18,2
23537,Cyprus,29.7,6,1
22112,Unspecified,29.7,6,2
85232D,Iceland,29.7,6,2
21485,Channel Islands,29.7,6,2
21246,Portugal,29.7,6,1
21539,Unspecified,29.7,6,2
21812,Unspecified,29.7,6,1
85232B,Cyprus,29.7,6,2
22111,Cyprus,29.7,6,2
22476,Cyprus,29.7,6,2
22617,Hong Kong,29.7,6,1
85114B,Spain,29.7,18,2
21770,Poland,29.7,6,2
23029,Singapore,29.7,18,1
22138,Channel Islands,29.7,6,1
21485,Austria,29.7,6,2
21770,Norway,29.7,6,3
22617,Denmark,29.7,6,2
21206,EIRE,29.7,18,2
22138,Greece,29.7,6,1
22456,Germany,29.7,6,1
22122,USA,29.5,10,1
22158,France,29.5,10,2
84676,EIRE,29.5,10,2
22699,Portugal,29.5,10,2
21932,Greece,29.5,10,2
21033,Channel Islands,29.5,10,1
22359,Belgium,29.5,10,2
22173,Cyprus,29.5,10,2
79302M,EIRE,29.5,10,2
22766,France,29.5,10,2
82011B,Switzerland,29.5,10,1
22669,Sweden,29.5,10,2
22483,Spain,29.5,10,3
22311,France,29.5,10,2
22363,Belgium,29.5,10,2
82011C,EIRE,29.5,10,1
22361,Belgium,29.5,10,2
35598A,United Kingdom,29.5,10,3
90162A,EIRE,29.5,10,2
21033,EIRE,29.5,10,1
22669,Finland,29.5,10,2
21033,Germany,29.5,10,1
90027A,United Kingdom,29.48,10,7
21373,EIRE,29.4,36,2
22379,Portugal,29.4,14,3
84927F,France,29.4,14,4
21524,Belgium,29.4,4,2
21524,Cyprus,29.4,4,2
22340,Netherlands,29.16,36,2
22340,France,29.16,36,2
21977,Portugal,29.15,53,4
23214,France,29.12,14,2
20712,Israel,29.12,14,2
23241,Spain,29.12,14,3
17011A,Norway,29.1,97,1
21115,Portugal,29.1,10,2
23254,Spain,29.05,7,3
22099,Belgium,29.04,48,2
22093,EIRE,29.04,48,2
22098,Switzerland,29.04,48,2
23197,Portugal,29.0,20,4
22897,Belgium,29.0,20,2
21160,EIRE,29.0,20,2
22147,USA,29.0,20,3
46776f,United Kingdom,28.91,7,1
20982,France,28.9,34,2
21166,Brazil,28.86,14,2
22043,EIRE,28.8,108,5
21429,Sweden,28.8,16,2
20716,Germany,28.75,23,3
23369,France,28.75,23,3
84849B,Italy,28.73,17,2
44089C,United Kingdom,28.56,68,18
84804B,Netherlands,28.44,36,1
21530,EIRE,28.44,36,2
82613D,Switzerland,28.4,36,3
82613B,Switzerland,28.4,36,3
82613D,Germany,28.4,36,3
22232,EIRE,28.32,48,2
85116,EIRE,28.2,30,2
22097,Japan,28.08,72,1
22944,Sweden,28.08,72,1
23551,EIRE,28.08,72,2
23380,Germany,28.08,72,3
35964,EIRE,28.08,72,2
23379,Switzerland,28.08,72,2
22944,Switzerland,28.08,72,1
85205B,EIRE,28.05,11,2
70007,France,28.05,17,2
21291,Japan,28.05,33,3
21097,United Kingdom,28.05,33,8
20964,United Kingdom,28.05,11,4
22602,France,28.05,33,3
21880,Belgium,27.96,60,4
84927E,France,27.96,198,2
85180B,Cyprus,27.9,6,1
84613A,France,27.9,6,2
84031A,United Arab Emirates,27.9,6,1
84031B,Denmark,27.9,6,2
84031B,United Arab Emirates,27.9,6,1
22117,Germany,27.9,18,2
84856S,Japan,27.9,6,1
84031A,Denmark,27.9,6,2
21980,Belgium,27.84,96,3
23187,Spain,27.84,96,2
22615,Japan,27.84,96,1
21982,Denmark,27.84,96,3
84077,Unspecified,27.84,96,2
21981,Belgium,27.84,96,4
ADJUST,Nigeria,27.82,1,1
84658,Cyprus,27.8,4,1
84638,Spain,27.8,4,2
20705,Sweden,27.8,4,1
20704,EIRE,27.8,4,1
84918,Cyprus,27.8,4,1
21528,Germany,27.8,4,2
84919,Cyprus,27.8,4,1
20704,Australia,27.8,4,1
84356,Cyprus,27.8,4,1
21128,Channel Islands,27.8,4,1
84469,France,27.8,4,1
23540,Germany,27.8,4,1
84658,Germany,27.8,4,1
84658,France,27.8,4,1
90053,United Kingdom,27.78,11,11
20972,Channel Islands,27.72,24,2
17091F,United Kingdom,27.71,19,8
22605,Portugal,27.7,2,2
22605,Sweden,27.7,2,2
35809A,EIRE,27.69,15,2
84782C,Singapore,27.65,7,1
22722,USA,27.65,7,1
21562,Germany,27.6,18,2
22279,EIRE,27.6,18,2
22113,United Arab Emirates,27.6,8,1
21484,Lithuania,27.6,8,1
35611B,United Kingdom,27.52,14,3
21976,Unspecified,27.5,50,3
20966,Cyprus,27.5,22,2
23503,France,27.5,22,2
21222,Germany,27.5,22,3
21035,Switzerland,27.45,9,3
20782,EIRE,27.45,5,1
23613,United Kingdom,27.39,11,6
23637,United Kingdom,27.39,11,9
17109A,EIRE,27.36,72,1
17109B,EIRE,27.36,72,1
17109D,EIRE,27.36,72,1
17091A,EIRE,27.36,72,1
22578,Sweden,27.36,48,3
22609,EIRE,27.36,144,4
17091J,Greece,27.36,72,2
22577,Sweden,27.36,48,3
35818B,Sweden,27.36,72,1
22608,France,27.36,144,4
20984,France,27.36,48,2
35967,EIRE,27.36,72,4
20754,Portugal,27.3,13,4
22745,Unspecified,27.3,13,2
20618,Spain,27.3,13,3
20989,EIRE,27.3,14,2
82599,France,27.3,13,2
22746,Unspecified,27.3,13,2
85216,Austria,27.3,42,2
22150,Unspecified,27.3,14,4
22629,Portugal,27.3,14,3
20751,France,27.3,13,2
21264,Netherlands,27.3,14,1
22748,Unspecified,27.3,13,2
20934,EIRE,27.25,5,2
22250,Czech Republic,27.2,32,1
22574,Spain,27.2,32,3
21240,Switzerland,27.2,32,4
22600,Australia,27.2,32,2
22576,Australia,27.2,32,2
23285,EIRE,27.2,32,4
22249,France,27.2,32,1
23286,Switzerland,27.2,32,3
21291,Lithuania,27.2,32,2
21241,Austria,27.2,32,3
22248,Netherlands,27.2,32,2
22250,EIRE,27.2,32,1
23286,EIRE,27.2,32,3
22124,Germany,27.18,18,2
22496,Portugal,27.18,18,2
84867b,United Kingdom,27.14,2,1
84819,Finland,27.12,8,1
23157,France,27.04,13,2
11001,Norway,27.04,16,1
21242,USA,27.04,16,1
21243,USA,27.04,16,1
21243,Portugal,27.04,16,1
84879,Norway,27.04,16,2
21244,United Arab Emirates,27.04,16,1
21242,Canada,27.04,16,1
21243,Canada,27.04,16,1
21136,Italy,27.04,16,1
85119,EIRE,27.04,16,2
21245,Belgium,27.04,16,2
21136,Portugal,27.04,16,1
11001,France,27.04,16,1
11001,Portugal,27.04,16,1
21243,Italy,27.04,16,2
21245,United Arab Emirates,27.04,16,1
21244,Belgium,27.04,16,2
11001,Belgium,27.04,16,1
21242,United Arab Emirates,27.04,16,1
21244,Canada,27.04,16,1
23084,Unspecified,27.04,13,2
90187A,United Kingdom,27.04,8,7
21245,Hong Kong,27.04,16,1
11001,Spain,27.04,16,1
21244,Italy,27.04,16,2
21243,Belgium,27.04,16,2
11001,United Arab Emirates,27.04,16,1
11001,Austria,27.04,16,1
21245,USA,27.04,16,1
11001,Switzerland,27.04,16,1
84529C,Germany,27.0,4,1
21110,Spain,27.0,4,2
22785,France,27.0,4,2
22468,Finland,27.0,4,1
21349,Netherlands,27.0,4,1
21364,EIRE,27.0,4,2
21577,Canada,27.0,12,1
79323GR,Channel Islands,27.0,4,1
22179,Cyprus,27.0,4,1
79323LP,Channel Islands,27.0,4,1
22179,Unspecified,27.0,4,1
21579,Spain,27.0,12,2
21578,Iceland,27.0,12,2
22170,Cyprus,27.0,4,1
21576,Belgium,27.0,12,2
21906,Netherlands,27.0,4,2
21115,Austria,27.0,4,1
21349,Greece,27.0,4,1
21115,Greece,27.0,4,2
21576,Spain,27.0,12,2
21115,Channel Islands,27.0,4,2
79323W,Channel Islands,27.0,4,1
17013D,Norway,27.0,90,1
21577,Switzerland,27.0,12,1
79323P,Channel Islands,27.0,4,1
21577,Channel Islands,27.0,12,2
79323B,Spain,27.0,4,1
21110,Germany,27.0,4,2
22170,Norway,27.0,4,1
21110,Portugal,27.0,4,2
22170,Poland,27.0,4,1
22842,Spain,27.0,4,2
22785,Spain,27.0,4,2
84839,Greece,27.0,4,1
48195,France,27.0,4,1
84251J,United Kingdom,26.96,50,16
22830,EIRE,26.95,1,1
84536A,Finland,26.88,64,2
84536A,Germany,26.88,64,4
21056,Australia,26.85,3,1
21054,Portugal,26.85,3,3
84706A,USA,26.85,3,1
84706B,USA,26.85,3,1
22447,Netherlands,26.8,8,2
17014E,Norway,26.7,89,1
23271,Channel Islands,26.56,32,1
23271,Portugal,26.56,32,1
47556B,France,26.55,9,2
22666,France,26.55,9,3
22273,Spain,26.55,9,4
21613,EIRE,26.55,9,2
21106,Cyprus,26.55,9,2
21164,Italy,26.55,9,2
22666,Spain,26.55,9,3
90025E,United Kingdom,26.5,7,7
84992,Austria,26.4,48,2
22331,Austria,26.4,16,2
22334,Austria,26.4,16,2
21975,Austria,26.4,48,2
72816,Germany,26.4,24,2
22417,Hong Kong,26.4,48,2
22242,Italy,26.4,16,2
22333,Austria,26.4,16,2
22331,Iceland,26.4,16,1
22332,Belgium,26.4,16,1
47591A,Germany,26.4,16,1
21975,Iceland,26.4,48,2
21977,Austria,26.4,48,2
21134,Cyprus,26.4,16,1
23297,Belgium,26.4,16,1
21975,Switzerland,26.4,48,2
21215,Belgium,26.4,48,1
47591A,France,26.4,16,1
47591B,EIRE,26.4,16,2
23308,Denmark,26.4,48,2
23297,Switzerland,26.4,16,1
23297,Austria,26.4,16,1
23297,Iceland,26.4,16,1
21976,Austria,26.4,48,2
84989A,France,26.4,48,2
22332,Channel Islands,26.4,16,1
84989A,EIRE,26.4,48,2
23308,Norway,26.4,48,2
21212,Israel,26.4,48,2
22417,USA,26.4,48,2
17014D,Norway,26.4,88,1
85226A,Lithuania,26.4,48,1
47591B,Germany,26.4,16,2
22333,Spain,26.4,16,1
22417,Canada,26.4,48,2
84992,USA,26.4,48,2
84686,EIRE,26.4,16,1
21975,Canada,26.4,48,2
22333,Sweden,26.4,16,2
23308,Iceland,26.4,48,2
23297,Denmark,26.4,16,1
21431,Belgium,26.4,16,1
22469,France,26.4,16,3
22055,Spain,26.4,16,2
84991,Switzerland,26.4,48,2
21213,Italy,26.4,48,2
21429,Norway,26.4,16,1
23297,Norway,26.4,16,1
23172,Spain,26.4,16,3
21212,Hong Kong,26.4,48,2
22055,Switzerland,26.4,16,1
22232,Belgium,26.4,16,2
85226C,EIRE,26.4,48,1
21134,France,26.4,16,1
21215,Sweden,26.4,48,2
84929,Italy,26.4,48,2
84050,Italy,26.4,16,3
22333,Italy,26.4,16,2
22952,Belgium,26.4,48,2
21977,Italy,26.4,48,2
23307,Channel Islands,26.4,48,2
84992,Denmark,26.4,48,1
22331,Denmark,26.4,16,2
22417,Iceland,26.4,48,2
22573,France,26.35,31,4
22173,Finland,26.32,8,1
84997C,Thailand,26.25,7,1
22749,Cyprus,26.25,7,4
22550,Spain,26.25,7,2
22477,Germany,26.25,21,3
84580,Cyprus,26.25,7,4
85183B,France,26.25,15,2
21469,France,26.25,7,2
90214Y,United Kingdom,26.19,69,11
23636,United Kingdom,26.19,9,7
90182A,United Kingdom,26.16,9,9
72741,Unspecified,26.1,18,1
46000S,Unspecified,26.1,18,1
72741,Channel Islands,26.1,18,1
21656,Germany,26.1,18,2
23033,EIRE,26.1,18,2
10124A,United Kingdom,26.04,62,19
85164b,United Kingdom,26.04,1,1
84406B,Channel Islands,26.0,8,1
23175,Iceland,26.0,8,2
71477,Germany,26.0,8,1
22436,Denmark,26.0,40,1
84406B,Cyprus,26.0,8,1
22439,Unspecified,26.0,40,1
71477,Spain,26.0,8,2
84406B,Italy,26.0,8,1
21090,EIRE,25.95,63,4
22028,Denmark,25.92,72,1
21518,Singapore,25.92,72,1
72140F,Portugal,25.92,72,1
22035,Denmark,25.92,72,1
22026,Netherlands,25.92,72,1
16048,France,25.92,96,4
21520,Singapore,25.92,72,1
22718,Japan,25.92,72,1
22023,Germany,25.92,72,1
22817,Netherlands,25.92,72,1
15036,Greece,25.8,36,2
21360,Germany,25.75,5,2
16169P,EIRE,25.75,75,3
84663A,Germany,25.75,13,2
22614,Switzerland,25.68,72,3
21981,Spain,25.68,72,3
90041,United Kingdom,25.67,7,6
20954,United Kingdom,25.59,3,3
17107D,Spain,25.5,10,2
72802B,Switzerland,25.5,6,1
22429,Cyprus,25.5,6,3
84796B,Belgium,25.5,2,1
22282,Belgium,25.5,2,1
22642,Unspecified,25.5,10,1
84617,Unspecified,25.5,2,1
20693,EIRE,25.5,6,2
22960,Sweden,25.5,6,1
85066,Germany,25.5,2,1
20723,Spain,25.5,30,3
90148,EIRE,25.5,2,1
22485,Sweden,25.5,2,1
20702,Bermuda,25.5,6,1
22485,Germany,25.5,2,1
20695,Australia,25.5,6,1
22424,Norway,25.5,2,1
22218,Australia,25.5,6,1
84969,Switzerland,25.5,6,1
22526,RSA,25.5,2,1
85163A,Italy,25.5,2,2
21270,EIRE,25.5,2,2
21000,Israel,25.5,6,1
72802A,West Indies,25.5,6,1
84969,United Arab Emirates,25.5,6,1
22423,Bahrain,25.5,2,1
22218,Channel Islands,25.5,6,1
20734,EIRE,25.5,30,2
21408,France,25.5,6,2
84782B,EIRE,25.5,2,1
21411,Israel,25.5,6,1
85036C,Switzerland,25.5,6,1
22218,Belgium,25.5,6,2
35001G,EIRE,25.5,6,1
21304,Channel Islands,25.5,2,1
84796B,Switzerland,25.5,2,1
84969,Unspecified,25.5,6,1
22960,RSA,25.5,6,1
22485,Norway,25.5,2,1
85163B,Canada,25.5,2,1
21735,Norway,25.5,2,1
84968E,Norway,25.5,2,1
21633,France,25.5,2,1
22236,United Arab Emirates,25.5,2,1
21258,Portugal,25.5,2,1
84819,Spain,25.5,6,2
85066,RSA,25.5,2,1
21841,Greece,25.5,6,2
20702,Australia,25.5,6,2
21361,Belgium,25.5,2,2
22236,Switzerland,25.5,2,1
21000,Belgium,25.5,6,1
84969,Bahrain,25.5,6,1
22485,Italy,25.5,2,1
22862,Spain,25.5,6,3
22960,Hong Kong,25.5,6,1
85066,Finland,25.5,2,1
21331,EIRE,25.5,2,1
21258,France,25.5,2,1
21002,Portugal,25.5,6,1
47581B,EIRE,25.5,2,1
22172,Italy,25.5,3,1
22625,Italy,25.5,3,2
21408,Germany,25.5,6,2
22165,United Arab Emirates,25.5,2,1
22357,Israel,25.5,6,1
22218,Cyprus,25.5,6,2
22960,Malta,25.5,6,1
21340,Portugal,25.5,2,2
84969,Belgium,25.5,6,1
21300,Greece,25.5,2,1
21000,Portugal,25.5,6,1
84313A,Australia,25.5,6,1
84688,Cyprus,25.5,6,1
20702,Hong Kong,25.5,6,1
84969,Germany,25.5,6,1
84968B,Sweden,25.5,2,1
21679,Spain,25.5,30,3
21621,Spain,25.5,3,1
84968A,Poland,25.5,2,1
84968C,Poland,25.5,2,1
22236,Finland,25.5,2,1
22282,Italy,25.5,2,1
22356,Australia,25.5,30,3
21407,Greece,25.5,6,2
22661,Israel,25.5,30,2
72807C,Spain,25.5,6,2
85066,Greece,25.5,2,1
22218,Portugal,25.5,6,2
22486,EIRE,25.5,2,1
72802B,West Indies,25.5,6,1
21258,Unspecified,25.5,2,1
84819,France,25.5,6,2
22236,Italy,25.5,2,1
84944,Sweden,25.5,6,1
84969,Thailand,25.5,6,1
22423,RSA,25.5,2,1
21361,Germany,25.5,2,2
23204,Portugal,25.5,30,2
84968C,Finland,25.5,2,1
22485,Greece,25.5,2,1
72802A,Switzerland,25.5,6,1
20692,Australia,25.5,6,1
84030E,France,25.5,6,2
72802C,Switzerland,25.5,6,1
35001G,Cyprus,25.5,6,1
21000,Germany,25.5,6,1
85066,Belgium,25.5,2,1
21796,EIRE,25.5,2,2
21841,EIRE,25.5,6,2
22960,Cyprus,25.5,6,1
84405A,France,25.5,2,2
47502,Thailand,25.5,2,1
22625,Unspecified,25.5,3,2
84969,Poland,25.5,6,1
72802C,Bahrain,25.5,6,1
21361,Italy,25.5,2,1
22282,France,25.5,2,1
20748,Malta,25.5,2,1
21632,France,25.5,2,1
84313B,Australia,25.5,6,1
21632,EIRE,25.5,2,2
21410,Germany,25.5,6,2
20703,Cyprus,25.5,6,2
85036B,Switzerland,25.5,6,1
20702,Sweden,25.5,6,2
84688,Channel Islands,25.5,6,1
22424,United Arab Emirates,25.5,2,1
84815,Poland,25.5,6,1
72802A,Bahrain,25.5,6,1
20703,Bermuda,25.5,6,1
21340,United Arab Emirates,25.5,2,1
22960,European Community,25.5,6,1
90142A,United Kingdom,25.45,5,4
71496A,EIRE,25.44,48,1
DCGS0070,United Kingdom,25.44,2,2
85035c,United Kingdom,25.41,3,3
85036b,United Kingdom,25.41,3,3
10133,Canada,25.4,40,2
22845,Unspecified,25.4,4,1
22845,Belgium,25.4,4,1
20902,Bahrain,25.4,4,2
84803A,EIRE,25.35,15,2
47594A,France,25.35,13,3
47594B,France,25.35,13,3
47552A,United Kingdom,25.35,13,12
21165,France,25.35,15,4
22812,Spain,25.35,13,2
21326,France,25.35,39,4
22244,Spain,25.35,13,2
35597D,United Kingdom,25.28,58,8
90055,United Kingdom,25.28,10,10
21594,United Kingdom,25.27,6,6
47599A,Iceland,25.2,12,1
20617,France,25.2,12,2
21907,Greece,25.2,12,1
22633,United Arab Emirates,25.2,12,1
21647,Sweden,25.2,12,1
82599,Norway,25.2,12,1
47599B,Finland,25.2,12,1
21285,Finland,25.2,12,1
82567,Portugal,25.2,12,1
85152,Portugal,25.2,12,1
22519,Germany,25.2,12,2
21051,Germany,25.2,12,2
22632,Canada,25.2,12,1
22412,Norway,25.2,12,1
22866,Channel Islands,25.2,12,1
21638,Belgium,25.2,12,1
22633,Austria,25.2,12,1
21427,Germany,25.2,12,1
22955,Austria,25.2,12,2
21907,Austria,25.2,12,1
21509,Switzerland,25.2,60,3
47503A,Germany,25.2,60,3
72351B,France,25.2,12,1
84898F,Lithuania,25.2,12,1
22817,Germany,25.2,60,5
72800E,Malta,25.2,12,1
21749,Germany,25.2,12,2
85152,Germany,25.2,12,1
35809A,Spain,25.2,12,2
20751,Greece,25.2,12,1
82583,Spain,25.2,12,2
22144,Austria,25.2,12,2
20751,Channel Islands,25.2,12,1
21398,Portugal,25.2,12,1
22149,United Arab Emirates,25.2,12,1
21399,Spain,25.2,12,1
82567,France,25.2,12,2
85113,France,25.2,12,1
22037,Spain,25.2,60,4
82582,Singapore,25.2,12,1
22518,Austria,25.2,12,1
22702,Germany,25.2,12,2
21051,Thailand,25.2,12,1
20863,EIRE,25.2,12,1
85152,Sweden,25.2,12,1
21536,EIRE,25.2,12,2
21903,Singapore,25.2,12,1
22834,France,25.2,12,1
22915,Belgium,25.2,60,4
20615,Norway,25.2,12,1
47568,Cyprus,25.2,12,2
20798,EIRE,25.2,12,2
21907,Spain,25.2,12,1
20751,Cyprus,25.2,12,1
84375,Austria,25.2,12,1
22149,Spain,25.2,12,2
22279,Spain,25.2,12,2
21908,Finland,25.2,12,1
47568,Spain,25.2,12,2
22027,Spain,25.2,60,5
85053,France,25.2,12,1
72351A,Greece,25.2,12,1
22956,Sweden,25.2,12,1
20865,EIRE,25.2,12,1
22865,Italy,25.2,12,1
22865,Poland,25.2,12,1
22149,Unspecified,25.2,12,1
22902,Italy,25.2,12,1
22867,Greece,25.2,12,1
22515,Germany,25.2,12,1
21285,Germany,25.2,12,1
22440,Germany,25.2,60,3
21907,Cyprus,25.2,12,1
21903,Norway,25.2,12,1
23509,France,25.2,60,3
72781,Unspecified,25.2,12,1
22042,EIRE,25.2,60,4
82600,Singapore,25.2,12,1
21531,Channel Islands,25.2,12,1
22141,Spain,25.2,12,2
23439,Channel Islands,25.2,12,1
21907,Unspecified,25.2,12,1
21426,France,25.2,12,2
21908,Austria,25.2,12,1
22514,Portugal,25.2,12,2
21191,Germany,25.2,12,1
47599B,Spain,25.2,12,2
21903,United Arab Emirates,25.2,12,1
21865,France,25.2,12,2
21181,Brazil,25.2,12,1
22955,Sweden,25.2,12,1
85053,Cyprus,25.2,12,2
16014,Germany,25.2,60,3
22134,EIRE,25.2,60,5
85088,EIRE,25.2,12,1
21904,EIRE,25.2,12,1
22519,Austria,25.2,12,1
82597,Malta,25.2,12,1
22747,Belgium,25.2,12,2
82583,Norway,25.2,12,1
85038,Germany,25.2,12,2
21903,Australia,25.2,12,1
22955,Germany,25.2,12,2
22983,France,25.2,60,4
22633,Sweden,25.2,12,1
21907,Singapore,25.2,12,1
22902,Switzerland,25.2,12,1
84375,RSA,25.2,12,1
20754,Channel Islands,25.2,12,1
82600,Cyprus,25.2,12,1
21414,Lithuania,25.2,12,1
21647,Switzerland,25.2,12,1
82600,Belgium,25.2,12,1
21012,France,25.2,12,3
16235,Channel Islands,25.2,120,2
82600,Lebanon,25.2,12,1
23507,EIRE,25.2,60,3
85088,Germany,25.2,12,1
23510,Germany,25.2,60,3
22101,EIRE,25.2,12,2
22746,Sweden,25.2,12,2
22748,Switzerland,25.2,12,2
21155,Switzerland,25.2,12,2
22867,Italy,25.2,12,1
20752,Germany,25.2,12,2
22277,Lithuania,25.2,12,1
22714,Switzerland,25.2,60,3
21638,Norway,25.2,12,1
85152,Austria,25.2,12,1
21520,Norway,25.2,60,5
22865,Channel Islands,25.2,12,1
47599A,Portugal,25.2,12,2
23439,Portugal,25.2,12,1
82583,France,25.2,12,3
85170D,France,25.2,12,2
85170C,Germany,25.2,12,1
22713,France,25.2,60,4
82600,Channel Islands,25.2,12,1
22902,Belgium,25.2,12,1
84375,Sweden,25.2,12,1
21426,Norway,25.2,12,1
22632,Belgium,25.2,12,1
22865,Belgium,25.2,12,1
21175,Sweden,25.2,12,1
47599B,United Arab Emirates,25.2,12,1
82600,Switzerland,25.2,12,1
35809B,EIRE,25.2,12,1
22421,EIRE,25.2,60,2
22965,Norway,25.2,12,2
23323,EIRE,25.2,12,2
22867,Sweden,25.2,12,1
22536,Norway,25.2,60,1
85222,France,25.2,12,1
22212,United Arab Emirates,25.2,12,1
82582,Spain,25.2,12,2
82582,Unspecified,25.2,12,1
20617,Netherlands,25.2,12,2
72351A,France,25.2,12,1
23439,France,25.2,12,1
22212,Israel,25.2,12,1
22212,Iceland,25.2,12,2
85038,Denmark,25.2,12,1
47599B,Switzerland,25.2,12,1
82599,Channel Islands,25.2,12,1
21864,Norway,25.2,12,1
21157,France,25.2,12,2
22747,Switzerland,25.2,12,2
22745,Sweden,25.2,12,2
20862,EIRE,25.2,12,1
47568,Poland,25.2,12,2
22818,Spain,25.2,60,2
22965,Denmark,25.2,12,1
22702,Belgium,25.2,12,2
82599,United Arab Emirates,25.2,12,1
22712,Germany,25.2,60,5
22866,Poland,25.2,12,1
21653,France,25.2,12,1
20799,Cyprus,25.2,12,1
22956,Channel Islands,25.2,12,2
21908,Unspecified,25.2,12,1
72783,Switzerland,25.2,12,1
85038,Italy,25.2,12,2
47592A,Lithuania,25.2,12,1
22702,Spain,25.2,12,2
47599B,Austria,25.2,12,2
21647,Belgium,25.2,12,1
72801g,United Kingdom,25.1,10,3
51014L,Spain,25.08,36,3
85049H,EIRE,25.08,36,2
22645,Spain,25.04,18,4
20846,Cyprus,25.0,20,1
23071,France,25.0,2,1
23500,Cyprus,25.0,20,1
20716,Portugal,25.0,20,1
20717,Australia,25.0,20,2
84917,Poland,25.0,20,1
23501,Italy,25.0,20,1
84660A,Germany,25.0,20,1
21892,Unspecified,25.0,20,2
23077,USA,25.0,20,1
22681,Denmark,25.0,20,1
22678,EIRE,25.0,20,2
22677,EIRE,25.0,20,2
20966,Iceland,25.0,20,2
21114,Canada,25.0,20,1
22524,France,25.0,20,2
22524,Portugal,25.0,20,2
22676,EIRE,25.0,20,2
22676,Denmark,25.0,20,1
22510,Germany,25.0,12,2
22681,EIRE,25.0,20,2
22682,Netherlands,25.0,20,1
22678,Denmark,25.0,20,1
22677,Denmark,25.0,20,1
23078,Cyprus,25.0,20,1
20718,Poland,25.0,20,2
23072,France,25.0,2,1
21231,Cyprus,25.0,20,2
23485,Switzerland,25.0,1,1
23314,France,25.0,2,1
84660C,Germany,25.0,20,1
22682,EIRE,25.0,20,2
20717,France,25.0,20,2
22731,Channel Islands,25.0,20,1
21219,Denmark,25.0,20,1
23065,Germany,25.0,2,1
20966,Germany,25.0,20,2
23501,Spain,25.0,20,1
23400,EIRE,25.0,4,2
22680,Denmark,25.0,20,1
22684,EIRE,25.0,20,2
22733,Channel Islands,25.0,20,1
21114,Switzerland,25.0,20,2
22477,Cyprus,25.0,20,2
23073,Norway,25.0,2,1
10135,Canada,25.0,20,1
23108,Italy,25.0,4,2
23111,Belgium,25.0,2,1
22679,EIRE,25.0,20,2
23111,European Community,25.0,2,1
23020,Spain,25.0,2,1
23017,Channel Islands,25.0,2,1
21026,Netherlands,25.0,20,1
21154,Finland,25.0,20,2
22685,Denmark,25.0,20,1
20718,Channel Islands,25.0,20,2
20961,Germany,25.0,20,2
20963,Belgium,25.0,20,2
22683,Denmark,25.0,20,1
22683,EIRE,25.0,20,2
23400,Norway,25.0,4,1
22682,Denmark,25.0,20,1
21224,EIRE,25.0,20,2
23459,Germany,25.0,2,1
22676,Netherlands,25.0,20,1
22677,Netherlands,25.0,20,1
23077,Cyprus,25.0,20,1
22684,Denmark,25.0,20,1
23104,Germany,25.0,2,1
23485,Germany,25.0,1,1
23500,EIRE,25.0,20,1
20729,Australia,25.0,20,1
23073,Germany,25.0,2,2
23485,France,25.0,1,1
21222,France,25.0,20,2
84660B,Germany,25.0,20,1
35591T,United Kingdom,25.0,20,11
21025,Germany,25.0,20,2
22477,Greece,25.0,20,1
22732,Channel Islands,25.0,20,1
22679,Denmark,25.0,20,1
84510A,France,25.0,20,2
22680,EIRE,25.0,20,2
23020,Channel Islands,25.0,2,1
23500,Germany,25.0,20,1
21222,EIRE,25.0,20,2
23077,Spain,25.0,20,1
23421,Cyprus,24.96,12,1
23324,Australia,24.96,12,1
23156,Belgium,24.96,12,1
23420,Iceland,24.96,12,1
23157,Canada,24.96,12,1
23159,Finland,24.96,12,1
23154,Belgium,24.96,12,1
23337,Channel Islands,24.96,12,2
23157,Portugal,24.96,12,1
23159,Poland,24.96,12,1
23060,EIRE,24.96,12,1
23158,Switzerland,24.96,12,1
23214,EIRE,24.96,12,1
23027,Norway,24.96,12,1
23511,Spain,24.96,12,2
23420,Cyprus,24.96,12,1
23214,Norway,24.96,12,1
23159,Canada,24.96,12,1
23241,Finland,24.96,12,2
23392,France,24.96,12,2
23336,Channel Islands,24.96,12,2
23156,Greece,24.96,12,1
23422,EIRE,24.96,12,1
23242,Finland,24.96,12,2
23241,Denmark,24.96,12,1
23422,Germany,24.96,12,1
23215,Norway,24.96,12,1
23159,USA,24.96,12,1
23513,USA,24.96,12,2
23421,Iceland,24.96,12,1
23514,Switzerland,24.96,12,2
21174,France,24.96,12,1
23324,France,24.96,12,1
23084,Spain,24.96,12,2
23158,Canada,24.96,12,1
23154,Denmark,24.96,12,1
23159,Unspecified,24.96,12,1
23348,France,24.96,12,2
23418,Portugal,24.96,12,1
23156,Italy,24.96,12,1
23581,Spain,24.96,12,2
23154,Italy,24.96,12,1
23511,EIRE,24.96,12,2
23422,Cyprus,24.96,12,1
23511,Germany,24.96,12,2
23154,Poland,24.96,12,1
23559,Italy,24.96,12,2
23515,Switzerland,24.96,12,2
23154,EIRE,24.96,12,1
23156,EIRE,24.96,12,1
23421,Germany,24.96,12,1
23514,EIRE,24.96,12,2
23512,EIRE,24.96,12,2
23159,Austria,24.96,12,1
23242,Spain,24.96,12,1
23084,Switzerland,24.96,12,2
23559,Denmark,24.96,12,1
23419,Germany,24.96,12,1
23422,Iceland,24.96,12,1
23335,Channel Islands,24.96,12,2
23514,Germany,24.96,12,2
23418,Norway,24.96,12,1
23156,USA,24.96,12,1
22761,Channel Islands,24.95,1,1
22761,Poland,24.95,1,1
22761,Finland,24.95,1,1
22782,Norway,24.95,1,1
23239,European Community,24.9,6,1
23240,United Arab Emirates,24.9,6,1
23389,Portugal,24.9,6,2
23469,RSA,24.9,6,1
23239,Unspecified,24.9,6,1
23237,Unspecified,24.9,6,1
23237,Spain,24.9,6,1
23237,Cyprus,24.9,6,1
23238,Poland,24.9,6,1
23044,EIRE,24.9,6,1
23238,Finland,24.9,6,1
23169,RSA,24.9,6,1
23240,Cyprus,24.9,6,1
23174,Switzerland,24.9,6,1
23469,EIRE,24.9,6,1
23238,Spain,24.9,6,1
23240,Sweden,24.9,6,1
23169,Switzerland,24.9,6,1
23150,EIRE,24.9,10,2
23431,Switzerland,24.9,30,2
23620,United Kingdom,24.9,10,7
23239,Norway,24.9,6,1
23238,Cyprus,24.9,6,1
23240,RSA,24.9,6,1
23067,EIRE,24.9,6,1
23238,United Arab Emirates,24.9,6,1
23045,EIRE,24.9,6,1
23237,EIRE,24.9,6,1
23390,Portugal,24.9,6,2
23169,Spain,24.9,6,1
85034a,United Kingdom,24.87,3,3
84661A,EIRE,24.78,18,2
23569,Portugal,24.75,5,2
23188,Cyprus,24.75,15,2
22425,Cyprus,24.75,5,2
22990,USA,24.75,5,1
22456,Spain,24.75,5,2
22112,Germany,24.75,5,3
48173C,France,24.75,3,2
23313,Sweden,24.75,5,1
23313,Germany,24.75,5,1
22081,France,24.75,15,2
23117,France,24.75,5,2
22721,Portugal,24.75,5,2
35922,Spain,24.75,5,1
22914,Spain,24.75,5,3
23126,Cyprus,24.75,5,2
84550,United Kingdom,24.75,15,5
22198,Spain,24.75,15,1
23313,Spain,24.75,5,1
23127,Spain,24.75,5,2
22471,France,24.75,5,3
23127,Unspecified,24.75,5,2
22736,Portugal,24.75,15,2
23313,Belgium,24.75,5,1
22382,Spain,24.75,15,3
21707,Portugal,24.75,5,2
35922,Germany,24.75,5,1
35922,Malta,24.75,5,1
22425,France,24.75,5,2
23543,Germany,24.75,3,1
85127,Germany,24.75,5,1
23283,France,24.75,3,2
21084,Germany,24.72,72,4
23366,France,24.7,38,3
35633B,United Kingdom,24.7,130,12
22391,EIRE,24.66,30,2
22348,Italy,24.65,29,2
35596,United Kingdom,24.65,29,4
22574,Portugal,24.65,29,3
23374,France,24.6,30,2
84820,Germany,24.54,18,2
21824,Spain,24.52,52,2
75011,EIRE,24.48,16,2
21523,France,24.45,3,2
22306,Switzerland,24.42,18,2
22307,Germany,24.42,18,2
22306,EIRE,24.42,18,2
22307,Spain,24.42,18,2
22306,Malta,24.42,18,2
21984,France,24.36,84,3
35471D,Germany,24.36,36,2
21179,Singapore,24.36,36,2
22403,Switzerland,24.36,36,3
21819,EIRE,24.24,48,2
21819,Spain,24.24,48,2
22044,Germany,24.24,84,4
37494a,United Kingdom,24.16,4,3
16238,Germany,24.15,115,5
85094,Germany,24.12,60,2
85212,EIRE,24.12,60,2
84077,Norway,24.0,96,2
23702,United Kingdom,24.0,3,2
90030C,Germany,24.0,24,1
90030B,Germany,24.0,24,1
90031,Germany,24.0,24,1
90030A,Germany,24.0,24,1
22622,Israel,23.9,2,1
22622,Italy,23.9,2,1
22622,Poland,23.9,2,1
48111,Spain,23.85,3,2
48138,Spain,23.85,3,2
48185,Cyprus,23.85,3,2
21777,Italy,23.85,3,2
90036E,Belgium,23.85,3,1
22443,Portugal,23.85,3,2
35651,West Indies,23.85,3,1
22841,France,23.85,3,2
22840,Unspecified,23.85,3,2
20992,France,23.81,41,3
22502,Channel Islands,23.8,4,1
23494,Portugal,23.8,4,1
22281,Germany,23.8,4,1
22925,Germany,23.8,4,1
35637A,Germany,23.8,4,1
21001,Spain,23.8,4,1
23535,Cyprus,23.8,4,1
23526,Channel Islands,23.8,4,1
21064,Belgium,23.8,4,1
22926,Greece,23.8,4,1
84910A,Cyprus,23.8,4,1
21755,Switzerland,23.8,4,2
22786,Germany,23.8,4,2
21432,Sweden,23.8,4,1
84533B,Belgium,23.8,4,1
22502,Cyprus,23.8,4,1
84665,Switzerland,23.8,4,1
21463,Unspecified,23.8,4,1
21624,EIRE,23.8,4,2
23535,Channel Islands,23.8,4,1
20983,Unspecified,23.8,28,4
22600,Spain,23.8,28,2
22948,Germany,23.8,28,2
23534,Germany,23.8,4,1
21432,Portugal,23.8,4,2
21463,Cyprus,23.8,4,1
23526,Cyprus,23.8,4,1
84620,France,23.8,4,1
23526,EIRE,23.8,4,1
21259,Unspecified,23.8,4,2
22927,Greece,23.8,4,1
22654,Singapore,23.8,4,1
22925,Greece,23.8,4,1
21463,France,23.8,4,2
23536,Channel Islands,23.8,4,1
22909,Spain,23.8,28,4
21553,EIRE,23.8,4,2
21552,EIRE,23.8,4,2
21065,France,23.8,4,1
20689,Italy,23.8,4,1
22928,France,23.8,4,1
84614A,Italy,23.8,4,2
22281,Netherlands,23.8,4,2
84665,Canada,23.8,4,1
22928,EIRE,23.8,4,2
23535,Germany,23.8,4,1
84657,Cyprus,23.8,4,1
21432,Austria,23.8,4,2
23535,EIRE,23.8,4,1
23535,Singapore,23.8,4,1
23536,Cyprus,23.8,4,1
82483,Channel Islands,23.8,4,1
79302m,United Kingdom,23.77,4,4
90128D,United Kingdom,23.75,14,8
70007,Denmark,23.7,30,1
23014,Norway,23.7,6,1
23434,Germany,23.7,30,3
21359,Singapore,23.7,6,1
47556b,United Kingdom,23.64,4,4
90011E,United Kingdom,23.61,8,8
22173,Austria,23.6,8,1
21333,Bahrain,23.6,8,1
22173,Channel Islands,23.6,8,1
22274,Cyprus,23.6,8,3
22158,West Indies,23.6,8,1
22863,Norway,23.6,8,1
21563,Italy,23.6,8,2
22863,Poland,23.6,8,1
22173,United Arab Emirates,23.6,8,1
22766,Malta,23.6,8,1
84563B,Belgium,23.6,8,1
22798,Switzerland,23.6,8,1
22766,Germany,23.6,8,1
84563A,Spain,23.6,8,1
84715,Netherlands,23.6,8,1
37444C,Spain,23.6,8,2
84563A,Belgium,23.6,8,1
22863,France,23.6,8,1
22454,Spain,23.6,8,2
84715,EIRE,23.6,8,1
22158,Austria,23.6,8,1
22453,France,23.6,8,2
22766,Cyprus,23.6,8,1
22863,Spain,23.6,8,1
22173,Norway,23.6,8,1
22798,France,23.6,8,1
22117,EIRE,23.6,8,2
22162,Greece,23.6,8,1
20665,Israel,23.6,8,1
22863,Channel Islands,23.6,8,1
22863,Switzerland,23.6,8,1
45013,Greece,23.6,8,1
22766,Greece,23.6,8,1
84596F,Belgium,23.52,56,3
85040b,United Kingdom,23.52,7,3
16236,France,23.52,112,4
22597,Spain,23.43,75,2
22150,Italy,23.4,12,1
20886,Canada,23.4,12,1
85032C,Germany,23.4,36,3
21166,Germany,23.4,12,1
22659,Norway,23.4,12,1
22148,Portugal,23.4,12,1
21085,Germany,23.4,36,3
22629,United Arab Emirates,23.4,12,1
22630,United Arab Emirates,23.4,12,1
21263,EIRE,23.4,12,1
21264,EIRE,23.4,12,1
22223,Italy,23.4,12,1
22631,Hong Kong,23.4,12,1
21263,Germany,23.4,12,1
23304,USA,23.4,12,1
22631,Finland,23.4,12,1
23305,USA,23.4,12,1
84631,EIRE,23.4,12,1
22146,EIRE,23.4,12,1
22431,Israel,23.4,12,1
22324,Netherlands,23.4,12,1
22433,Italy,23.4,12,1
21879,EIRE,23.4,36,2
16212,EIRE,23.4,36,1
21883,Belgium,23.4,36,3
85159A,Denmark,23.4,12,1
22631,Italy,23.4,12,1
21652,Germany,23.4,12,1
84857C,EIRE,23.4,12,1
21264,Germany,23.4,12,1
22492,Korea,23.4,36,1
22131,Hong Kong,23.4,12,1
21209,Germany,23.4,60,4
21491,Australia,23.4,12,1
84356,France,23.4,12,1
84869,EIRE,23.4,12,1
22938,Channel Islands,23.4,12,1
22466,Norway,23.4,12,1
85159B,Switzerland,23.4,12,1
22323,Spain,23.4,12,1
21882,Switzerland,23.4,36,2
21987,Italy,23.4,36,2
22631,Canada,23.4,12,1
35599B,Denmark,23.4,12,1
22813,Austria,23.4,12,1
47504H,Switzerland,23.4,12,1
85159A,Canada,23.4,12,1
35637A,Norway,23.4,12,1
22630,Cyprus,23.4,12,1
22492,Hong Kong,23.4,36,1
22938,United Arab Emirates,23.4,12,1
22324,Switzerland,23.4,12,1
85132B,EIRE,23.4,12,1
22432,Sweden,23.4,12,1
22244,Malta,23.4,12,1
85132A,Hong Kong,23.4,12,1
22812,Portugal,23.4,12,1
22492,Denmark,23.4,36,1
22938,Switzerland,23.4,12,1
21626,Poland,23.4,12,1
22629,Cyprus,23.4,12,1
21491,Switzerland,23.4,12,1
22492,Norway,23.4,36,1
16202C,Greece,23.4,12,1
22659,EIRE,23.4,12,1
22244,Greece,23.4,12,1
22148,Switzerland,23.4,12,1
21652,Channel Islands,23.4,12,1
21652,Australia,23.4,12,1
22244,Iceland,23.4,12,1
22433,Belgium,23.4,12,2
22466,United Arab Emirates,23.4,12,1
23360,Finland,23.4,12,1
22938,Norway,23.4,12,1
85159B,Norway,23.4,12,1
22466,Channel Islands,23.4,12,1
22077,Finland,23.4,12,1
22123,Switzerland,23.4,12,1
22630,Canada,23.4,12,1
22659,Cyprus,23.4,12,1
85217,EIRE,23.4,36,3
21194,EIRE,23.4,36,1
22246,Germany,23.4,12,1
22186,Italy,23.4,12,1
35599B,Switzerland,23.4,12,1
22991,Austria,23.4,12,1
85033G,Channel Islands,23.4,12,1
22323,Germany,23.4,12,1
84522,Germany,23.4,12,1
20886,Greece,23.4,12,1
21194,Germany,23.4,36,3
22148,Channel Islands,23.4,12,1
23089,Norway,23.4,12,1
22631,Unspecified,23.4,12,1
22244,Israel,23.4,12,1
22813,Denmark,23.4,12,1
22992,Italy,23.4,12,1
21166,Austria,23.4,12,1
22630,Sweden,23.4,12,1
22244,Channel Islands,23.4,12,1
62018,Germany,23.4,12,2
47594B,Spain,23.4,12,2
22146,United Arab Emirates,23.4,12,2
22492,United Arab Emirates,23.4,36,1
22813,Italy,23.4,12,1
21086,Austria,23.4,36,3
37330,Italy,23.4,12,1
21652,Cyprus,23.4,12,1
72754B,EIRE,23.4,36,1
21395,Switzerland,23.4,60,2
22629,Brazil,23.4,12,1
23493,Spain,23.4,12,2
22432,Austria,23.4,12,1
22659,United Arab Emirates,23.4,12,1
22631,Israel,23.4,12,1
21987,Belgium,23.4,36,3
84859C,Germany,23.4,12,1
21174,Australia,23.4,12,1
22186,Germany,23.4,12,1
22324,France,23.4,12,1
22466,Belgium,23.4,12,1
47504K,Belgium,23.4,12,1
22431,Italy,23.4,12,1
22306,Italy,23.4,12,2
22466,Cyprus,23.4,12,1
85159A,Switzerland,23.4,12,1
22659,Channel Islands,23.4,12,1
22148,Cyprus,23.4,12,1
85159B,France,23.4,12,1
23303,USA,23.4,12,1
22422,Germany,23.4,36,3
22422,Portugal,23.4,36,2
22630,Finland,23.4,12,1
21174,United Arab Emirates,23.4,12,1
85132C,European Community,23.4,12,1
22629,Hong Kong,23.4,12,1
85159B,Canada,23.4,12,1
22991,Cyprus,23.4,12,1
16212,Netherlands,23.4,36,1
22422,France,23.4,36,2
22244,Czech Republic,23.4,12,1
22466,Unspecified,23.4,12,1
22820,Denmark,23.4,36,2
22492,Spain,23.4,36,1
85033S,Channel Islands,23.4,12,1
22812,Austria,23.4,12,1
22992,Canada,23.4,12,1
21491,USA,23.4,12,1
22630,Hong Kong,23.4,12,1
85132C,Belgium,23.4,12,1
22938,USA,23.4,12,1
35910A,Germany,23.4,12,2
23623,United Kingdom,23.28,8,6
47566B,Cyprus,23.25,5,1
37446,Spain,23.2,16,2
21973,Norway,23.2,16,1
23147,Spain,23.2,16,2
23107,France,23.12,8,1
23107,Germany,23.12,8,1
21427,France,23.1,11,2
23447,United Kingdom,23.1,14,3
85204,EIRE,23.04,192,1
47518F,Germany,23.04,72,2
79321,Portugal,23.0,4,1
23110,France,23.0,4,2
84818,Spain,22.95,9,4
20964,Germany,22.95,9,2
21385,France,22.95,27,3
21108,Channel Islands,22.95,9,1
22459,France,22.95,9,2
21108,Malta,22.95,9,1
90095,United Kingdom,22.91,8,3
21931,Spain,22.88,11,2
23515,France,22.88,11,2
72122,EIRE,22.8,24,2
84970L,France,22.8,24,2
84970L,Belgium,22.8,24,2
23145,Germany,22.8,24,2
21829,Switzerland,22.68,108,2
20685,Unspecified,22.65,3,2
22232,Sweden,22.64,24,2
79051A,EIRE,22.56,48,2
90025C,United Kingdom,22.56,6,6
85225,United Kingdom,22.5,19,11
23299,Spain,22.5,6,1
71053,Spain,22.5,6,2
23252,Germany,22.5,6,2
21637,Unspecified,22.5,18,1
22071,Malta,22.5,6,1
22349,Channel Islands,22.5,6,1
21808,Greece,22.5,6,1
22732,Finland,22.5,18,1
21912,Unspecified,22.5,6,2
23082,Belgium,22.5,6,1
90072,EIRE,22.5,6,1
23299,Cyprus,22.5,6,1
21471,Channel Islands,22.5,6,1
21617,EIRE,22.5,6,1
23516,Switzerland,22.5,6,1
23183,Switzerland,22.5,6,1
90039D,EIRE,22.5,6,1
82011B,EIRE,22.5,6,3
23520,Germany,22.5,6,1
20972,USA,22.5,18,2
23528,RSA,22.5,6,1
23409,Spain,22.5,6,1
22978,Italy,22.5,6,1
21467,Korea,22.5,6,1
84952A,EIRE,22.5,6,1
22731,Finland,22.5,18,1
23083,Australia,22.5,6,1
21615,Portugal,22.5,6,1
21218,Greece,22.5,6,1
21472,France,22.5,6,1
22978,Singapore,22.5,6,1
84952B,Spain,22.5,6,1
22570,Spain,22.5,6,1
23423,Italy,22.5,6,1
21430,Spain,22.5,6,3
21616,Switzerland,22.5,6,1
85183B,Lithuania,22.5,6,1
85183A,Lithuania,22.5,6,1
22749,Spain,22.5,6,2
22127,USA,22.5,18,1
22349,Lebanon,22.5,6,1
23423,Poland,22.5,6,1
23519,Finland,22.5,6,1
90189B,United Kingdom,22.5,3,2
90039B,EIRE,22.5,6,1
21618,Germany,22.5,6,1
23299,Switzerland,22.5,6,1
21619,Switzerland,22.5,6,1
22733,Finland,22.5,18,1
84997B,United Arab Emirates,22.5,6,1
21470,Korea,22.5,6,1
72814,France,22.5,6,2
21472,Germany,22.5,6,1
21470,Singapore,22.5,6,1
22071,Unspecified,22.5,6,1
21637,Norway,22.5,18,1
22569,Spain,22.5,6,1
23229,Hong Kong,22.5,6,1
21470,Spain,22.5,6,1
21218,Malta,22.5,6,1
21618,Spain,22.5,6,1
84997A,Sweden,22.5,6,1
85096,Greece,22.5,6,1
22569,Cyprus,22.5,6,2
22203,Cyprus,22.5,6,3
21620,Switzerland,22.5,6,1
23528,Cyprus,22.5,6,1
21467,Channel Islands,22.5,6,1
21468,Channel Islands,22.5,6,1
84997A,Thailand,22.5,6,1
21465,Singapore,22.5,6,1
21472,Spain,22.5,6,1
23082,Italy,22.5,6,1
22071,Spain,22.5,6,1
23516,Germany,22.5,6,1
22070,Austria,22.5,6,1
21820,Netherlands,22.5,6,1
84997C,United Arab Emirates,22.5,6,1
23519,Switzerland,22.5,6,1
23358,Germany,22.5,6,1
23520,Switzerland,22.5,6,1
22856,Germany,22.5,18,1
23516,USA,22.5,6,1
22732,Spain,22.5,18,1
22508,Israel,22.5,6,1
21471,Korea,22.5,6,1
22070,United Arab Emirates,22.5,6,1
22252,Germany,22.5,18,2
85183A,Hong Kong,22.5,6,1
21467,Cyprus,22.5,6,1
84997A,RSA,22.5,6,1
22751,Spain,22.5,6,2
22071,Austria,22.5,6,1
21467,Netherlands,22.5,6,1
21619,Portugal,22.5,6,1
21820,Greece,22.5,6,1
84805A,France,22.5,6,1
84997C,Cyprus,22.5,6,1
23183,Finland,22.5,6,1
84880,Norway,22.5,3,1
23229,USA,22.5,6,1
23423,Cyprus,22.5,6,1
23529,Cyprus,22.5,6,1
85183B,Hong Kong,22.5,6,1
23229,Singapore,22.5,6,1
23519,Belgium,22.5,6,1
23490,France,22.5,6,1
22732,Austria,22.5,18,1
21804,EIRE,22.5,6,1
21690,Germany,22.5,6,1
84595E,Greece,22.5,6,1
21637,EIRE,22.5,18,1
22731,Spain,22.5,18,1
37477C,United Kingdom,22.5,6,1
21379,Switzerland,22.5,18,1
22070,Belgium,22.5,6,1
23524,EIRE,22.5,6,1
21619,Germany,22.5,6,1
21467,Belgium,22.5,6,1
21218,Sweden,22.5,6,1
84847,Germany,22.5,6,1
22732,Switzerland,22.5,18,1
22071,United Arab Emirates,22.5,6,1
21472,Channel Islands,22.5,6,1
22751,Cyprus,22.5,6,2
23640,United Kingdom,22.41,9,8
23645,United Kingdom,22.41,9,4
90214Z,United Kingdom,22.34,32,19
23119,Unspecified,22.32,36,1
84929,EIRE,22.32,72,3
84929,Germany,22.32,72,3
23119,EIRE,22.32,36,2
23119,France,22.32,36,3
21060,Spain,22.1,26,3
21905,France,22.08,18,2
20780,Switzerland,21.96,4,1
21277,Cyprus,21.95,1,1
21277,Poland,21.95,1,1
22994,Portugal,21.84,52,3
22533,EIRE,21.84,52,3
22995,Portugal,21.84,52,3
90126C,United Kingdom,21.82,9,4
47589,EIRE,21.8,4,1
21376,Switzerland,21.8,4,1
85064,Italy,21.8,4,2
85064,Channel Islands,21.8,4,1
21317,Spain,21.8,4,2
84226,EIRE,21.76,34,1
21391,EIRE,21.6,18,2
22900,USA,21.55,7,2
84762C,EIRE,21.5,2,1
84762B,EIRE,21.5,2,1
37503,Austria,21.5,2,1
35652,United Kingdom,21.5,18,2
22832,Austria,21.5,2,1
22832,Israel,21.5,2,1
22832,Italy,21.5,2,1
37503,Thailand,21.5,2,1
37503,Malta,21.5,2,1
22832,EIRE,21.5,2,1
90141D,United Kingdom,21.48,4,4
21983,France,21.46,74,3
23321,Spain,21.45,13,2
22384,Japan,21.45,13,2
21186,France,21.45,13,2
22076,France,21.45,13,2
23446,United Kingdom,21.45,13,2
22195,Portugal,21.45,13,2
84387A,United Kingdom,21.45,11,1
22556,Unspecified,21.45,13,2
22411,Cyprus,21.45,11,2
21200,Cyprus,21.45,13,2
21832,Netherlands,21.45,13,2
22329,Portugal,21.45,13,2
84519B,EIRE,21.45,9,2
22243,Spain,21.45,13,2
20886,Unspecified,21.45,11,3
22557,Cyprus,21.45,13,2
21153,Austria,21.3,2,1
47570,France,21.3,2,1
47570,Germany,21.3,2,1
21153,Portugal,21.3,2,1
47570B,Switzerland,21.3,2,1
47570B,Greece,21.3,2,1
21153,Italy,21.3,2,1
21841,Cyprus,21.25,5,2
21644,France,21.25,17,2
22200,Israel,21.25,5,2
22200,Cyprus,21.25,5,2
21387,United Kingdom,21.25,25,4
22907,Spain,21.25,25,3
20981,Unspecified,21.25,25,3
22196,Germany,21.25,25,3
22497,Cyprus,21.25,5,2
21494,France,21.25,17,2
22565,Cyprus,21.25,25,2
22566,Cyprus,21.25,25,2
22229,United Arab Emirates,21.25,25,3
44092C,United Kingdom,21.25,25,12
22201,Israel,21.25,5,2
21495,Bermuda,21.0,50,1
21499,Belgium,21.0,50,2
22380,Bermuda,21.0,10,1
22050,Spain,21.0,50,2
22986,Belgium,21.0,50,2
22377,Israel,21.0,10,1
16156S,Finland,21.0,50,2
21498,Austria,21.0,50,2
21503,Spain,21.0,50,2
22050,Netherlands,21.0,50,2
22707,Unspecified,21.0,50,2
22051,Unspecified,21.0,50,2
22964,Spain,21.0,10,2
22050,Unspecified,21.0,50,2
35924,Cyprus,21.0,10,1
22711,Denmark,21.0,50,2
22664,Belgium,21.0,10,2
35603B,United Kingdom,21.0,50,2
16156S,Italy,21.0,50,2
23231,Channel Islands,21.0,50,2
16169N,France,21.0,50,2
23231,Belgium,21.0,50,2
16169M,Germany,21.0,50,2
21500,Finland,21.0,50,2
22045,Bermuda,21.0,50,1
23231,Netherlands,21.0,50,1
23546,Netherlands,21.0,50,1
23546,Belgium,21.0,50,1
23545,Portugal,21.0,50,2
21499,Austria,21.0,50,2
16161P,Israel,21.0,50,2
23549,Germany,21.0,50,2
23547,Germany,21.0,50,2
16161U,France,21.0,50,2
84692,Sweden,21.0,50,2
23230,Channel Islands,21.0,50,2
22377,Belgium,21.0,10,1
22711,France,21.0,50,2
21499,Channel Islands,21.0,50,2
22378,Channel Islands,21.0,10,2
22277,USA,21.0,10,1
22381,Sweden,21.0,10,2
23545,EIRE,21.0,50,2
23545,France,21.0,50,2
22705,Switzerland,21.0,50,2
16156S,Bermuda,21.0,50,1
22377,Sweden,21.0,10,2
22078,United Arab Emirates,21.0,10,1
22709,Netherlands,21.0,50,2
23546,Portugal,21.0,50,2
22710,Germany,21.0,50,2
22144,Portugal,21.0,10,2
22959,USA,21.0,50,2
21500,Switzerland,21.0,50,2
16161U,Spain,21.0,50,2
23231,Portugal,21.0,50,2
16169M,Belgium,21.0,50,2
22704,Belgium,21.0,50,2
22381,Spain,21.0,10,2
16161P,Italy,21.0,50,2
22078,Switzerland,21.0,10,1
22046,Belgium,21.0,50,2
22381,Bermuda,21.0,10,1
22709,Unspecified,21.0,50,2
23546,France,21.0,50,2
23231,EIRE,21.0,50,2
22038,Germany,21.0,50,2
22047,Germany,21.0,50,2
21495,EIRE,21.0,50,2
21500,Bermuda,21.0,50,1
22529,France,21.0,50,3
21495,France,21.0,50,2
22380,Sweden,21.0,10,2
16169C,Germany,21.0,50,2
22711,Switzerland,21.0,50,2
22078,Japan,21.0,10,1
16169N,Australia,21.0,50,1
21497,Channel Islands,21.0,50,2
23232,Channel Islands,21.0,50,2
23230,France,21.0,50,2
22051,Germany,21.0,50,2
22040,EIRE,21.0,50,2
22045,Denmark,21.0,50,2
21500,Belgium,21.0,50,2
22986,EIRE,21.0,50,2
16169F,Germany,21.0,50,2
35001W,Belgium,20.94,6,1
21981,Denmark,20.88,72,2
21983,Channel Islands,20.88,72,2
22614,Belgium,20.88,72,3
16219,EIRE,20.88,168,6
21306,Italy,20.88,72,1
22579,Czech Republic,20.88,72,1
21981,Sweden,20.88,72,2
22616,Finland,20.88,72,1
22598,Finland,20.88,72,1
22578,Czech Republic,20.88,72,1
21015,EIRE,20.88,72,3
21980,Switzerland,20.88,72,2
21983,Germany,20.88,72,2
22599,Spain,20.88,72,1
21984,Channel Islands,20.88,72,2
22597,Finland,20.88,72,1
21967,Channel Islands,20.88,72,2
22598,Spain,20.88,72,1
37448,Italy,20.86,14,2
21625,Austria,20.85,3,1
21625,Australia,20.85,3,1
21625,Switzerland,20.85,3,1
23531,Germany,20.85,3,1
23531,EIRE,20.85,3,1
22119,Australia,20.85,3,1
37501,Belgium,20.85,3,1
37501,Cyprus,20.85,3,1
22119,Spain,20.85,3,1
21528,Cyprus,20.85,3,2
37501,Thailand,20.85,3,1
22119,Germany,20.85,3,1
37501,Italy,20.85,3,1
21625,Italy,20.85,3,1
23531,Cyprus,20.85,3,1
84755,Channel Islands,20.8,32,2
21930,Finland,20.8,10,1
23201,Spain,20.8,10,1
22411,Finland,20.8,10,1
84755,Greece,20.8,32,2
23582,Channel Islands,20.8,10,1
21883,Spain,20.8,32,6
22386,Israel,20.8,10,1
20712,Sweden,20.8,10,1
20713,Sweden,20.8,10,1
23201,Cyprus,20.8,10,1
22411,RSA,20.8,10,1
23366,Germany,20.8,32,2
23581,EIRE,20.8,10,1
23199,Israel,20.8,10,1
23199,Austria,20.8,10,1
21929,Austria,20.8,10,1
23199,Australia,20.8,10,1
23203,RSA,20.8,10,1
23513,France,20.8,10,1
23142,Austria,20.8,2,1
23365,Japan,20.8,32,1
23203,Italy,20.8,10,1
23202,Cyprus,20.8,10,1
23201,Switzerland,20.8,10,1
23344,USA,20.8,10,1
21033,Italy,20.8,10,1
85099C,Cyprus,20.8,10,1
23201,Norway,20.8,10,1
23582,EIRE,20.8,10,1
85099B,USA,20.8,10,1
23344,Belgium,20.8,10,1
23199,Norway,20.8,10,1
23200,Israel,20.8,10,1
23203,Israel,20.8,10,1
21928,France,20.8,10,1
23142,Italy,20.8,2,2
21033,Norway,20.8,10,1
20713,Channel Islands,20.8,10,1
23200,Australia,20.8,10,1
23200,Channel Islands,20.8,10,1
23343,Portugal,20.8,10,1
23203,Switzerland,20.8,10,1
85099F,Cyprus,20.8,10,1
23201,RSA,20.8,10,1
21928,Singapore,20.8,10,1
23582,Italy,20.8,10,1
23343,Finland,20.8,10,1
23514,France,20.8,10,1
22663,Finland,20.8,10,1
21930,Channel Islands,20.8,10,1
22411,Israel,20.8,10,1
23201,Sweden,20.8,10,1
23199,Sweden,20.8,10,1
23368,EIRE,20.8,32,2
23143,EIRE,20.8,2,1
23200,Cyprus,20.8,10,1
84535B,Belgium,20.8,32,2
23200,Spain,20.8,10,1
85099B,RSA,20.8,10,1
85099B,Italy,20.8,10,1
23344,Switzerland,20.8,10,1
23581,Channel Islands,20.8,10,1
23255,Spain,20.75,5,2
23254,Portugal,20.75,5,1
21529,Portugal,20.7,6,1
21529,France,20.7,6,1
21130,Belgium,20.7,6,1
21130,Unspecified,20.7,6,1
21130,Channel Islands,20.7,6,1
DCGS0072,United Kingdom,20.68,4,3
22361,Portugal,20.65,7,2
22326,Portugal,20.65,7,2
22934,France,20.65,7,2
22273,Cyprus,20.65,7,2
21380,Unspecified,20.65,7,2
22933,France,20.65,7,2
22362,Spain,20.65,7,2
22271,Cyprus,20.65,7,2
22272,Cyprus,20.65,7,2
22496,France,20.65,7,2
22360,Spain,20.65,7,2
85123A,Unspecified,20.65,7,1
84247C,Germany,20.65,7,2
22086,USA,20.65,7,2
22361,Spain,20.65,7,2
20914,Israel,20.65,7,2
46776a,United Kingdom,20.65,5,1
22754,Spain,20.61,25,3
22465,Spain,20.59,13,2
44091C,United Kingdom,20.58,37,16
22999,Germany,20.58,49,3
16044,United Kingdom,20.58,49,2
22532,Germany,20.58,49,3
10002R,United Kingdom,20.57,4,3
84867A,United Kingdom,20.52,2,2
22610,Germany,20.52,108,2
22608,EIRE,20.52,108,3
85017B,Denmark,20.4,24,1
22948,Denmark,20.4,24,1
22600,United Arab Emirates,20.4,24,1
21788,Portugal,20.4,24,1
21717,Italy,20.4,8,1
79000,Cyprus,20.4,24,1
84945,Greece,20.4,24,1
21279,Spain,20.4,8,2
84832,France,20.4,24,2
21789,Unspecified,20.4,24,1
23287,Norway,20.4,24,2
21639,Channel Islands,20.4,24,1
21988,Italy,20.4,24,2
21091,Belgium,20.4,24,2
22576,United Arab Emirates,20.4,24,1
22578,Channel Islands,20.4,24,2
21684,Greece,20.4,24,2
21818,Greece,20.4,24,2
22945,Greece,20.4,24,1
21678,Australia,20.4,24,1
21989,Spain,20.4,24,2
22578,United Arab Emirates,20.4,24,1
84625A,France,20.4,24,1
21790,Cyprus,20.4,24,2
21790,Spain,20.4,24,2
22857,EIRE,20.4,24,2
84625B,EIRE,20.4,24,1
22348,Finland,20.4,24,2
85017C,Spain,20.4,24,2
21454,EIRE,20.4,24,2
21788,France,20.4,24,1
22343,Spain,20.4,24,1
22228,United Arab Emirates,20.4,24,2
85176,Belgium,20.4,24,2
22491,Norway,20.4,24,1
22322,EIRE,20.4,24,2
22565,EIRE,20.4,24,2
84691,Cyprus,20.4,24,2
21371,Korea,20.4,24,1
21684,Switzerland,20.4,24,2
22197,Sweden,20.4,24,2
22230,Netherlands,20.4,24,2
21384,Greece,20.4,24,1
85188A,Greece,20.4,24,1
21715,Hong Kong,20.4,8,1
23398,EIRE,20.4,24,2
21640,Japan,20.4,24,1
47580,Italy,20.4,8,2
85213,Greece,20.4,24,1
20983,Switzerland,20.4,24,2
84971S,Sweden,20.4,24,1
22572,Sweden,20.4,24,2
84832,Sweden,20.4,24,2
22418,Norway,20.4,24,1
85061W,Switzerland,20.4,24,1
22522,Cyprus,20.4,24,2
71459,Greece,20.4,24,2
85017A,Denmark,20.4,24,1
22260,Germany,20.4,24,2
22576,Channel Islands,20.4,24,1
21239,Belgium,20.4,24,3
22344,Israel,20.4,24,1
22264,Poland,20.4,24,1
21389,EIRE,20.4,24,2
85231B,EIRE,20.4,24,2
21785,Germany,20.4,24,1
22181,EIRE,20.4,24,2
23398,France,20.4,24,1
85032B,EIRE,20.4,18,2
21788,Sweden,20.4,24,1
21789,Bahrain,20.4,24,1
22458,France,20.4,8,1
84971S,France,20.4,24,1
21704,Germany,20.4,24,2
21989,Unspecified,20.4,24,2
22597,Netherlands,20.4,24,1
22230,Japan,20.4,24,1
22523,Cyprus,20.4,24,2
84559B,EIRE,20.4,24,2
22255,Belgium,20.4,24,2
21988,Denmark,20.4,24,1
22157,EIRE,20.4,24,1
22601,Italy,20.4,24,2
85231G,EIRE,20.4,24,2
21091,Switzerland,20.4,24,1
79000,Greece,20.4,24,1
21240,Belgium,20.4,24,3
85017A,France,20.4,24,2
51014A,Unspecified,20.4,24,1
84012,Cyprus,20.4,24,1
22851,Belgium,20.4,24,2
21700,Belgium,20.4,24,2
84625C,EIRE,20.4,24,1
22322,Poland,20.4,24,1
22586,Belgium,20.4,24,1
84971S,Brazil,20.4,24,1
21700,Spain,20.4,24,2
22613,Spain,20.4,24,2
22603,France,20.4,24,2
20982,Norway,20.4,24,1
84761,Netherlands,20.4,8,1
21988,EIRE,20.4,24,2
84945,Belgium,20.4,24,2
22255,Austria,20.4,24,1
21541,Netherlands,20.4,24,2
22262,Spain,20.4,24,1
21700,Bermuda,20.4,24,1
21787,Spain,20.4,24,1
21716,Hong Kong,20.4,8,1
22245,France,20.4,24,2
51014L,Unspecified,20.4,24,1
22922,Greece,20.4,24,2
21700,Netherlands,20.4,24,2
21684,Cyprus,20.4,24,1
22571,Sweden,20.4,24,2
84684,Bahrain,20.4,8,1
21373,Korea,20.4,24,1
22651,Italy,20.4,24,1
22909,Portugal,20.4,24,2
22597,Switzerland,20.4,24,2
21372,Iceland,20.4,24,1
71459,Unspecified,20.4,24,1
22602,Switzerland,20.4,24,3
22573,United Arab Emirates,20.4,24,1
23286,Israel,20.4,24,1
21989,Austria,20.4,24,2
22574,United Arab Emirates,20.4,24,1
21059,Netherlands,20.4,24,2
21788,Hong Kong,20.4,24,1
22264,EIRE,20.4,24,1
21641,EIRE,20.4,24,1
84832,Norway,20.4,24,2
22579,United Arab Emirates,20.4,24,1
22637,Belgium,20.4,8,2
21442,Spain,20.4,24,2
22520,Portugal,20.4,24,2
22129,Australia,20.4,24,1
85017A,EIRE,20.4,24,1
22190,Germany,20.4,24,1
84832,Poland,20.4,24,2
22576,Belgium,20.4,24,2
22945,Spain,20.4,24,1
22963,USA,20.4,24,1
21060,Belgium,20.4,24,1
21063,Belgium,20.4,24,1
23287,EIRE,20.4,24,2
22909,Korea,20.4,24,1
23288,EIRE,20.4,24,3
21788,Italy,20.4,24,1
22602,United Arab Emirates,20.4,24,1
22418,Canada,20.4,24,1
85017B,Sweden,20.4,24,2
22577,United Arab Emirates,20.4,24,1
21716,Finland,20.4,8,1
85227,Austria,20.4,24,1
21725,Australia,20.4,24,1
21878,Singapore,20.4,24,2
21059,Belgium,20.4,24,2
85227,Switzerland,20.4,24,2
84684,Cyprus,20.4,8,1
35961,Greece,20.4,24,1
22755,Germany,20.4,24,2
21241,Israel,20.4,24,1
72128,EIRE,20.4,24,2
22573,Channel Islands,20.4,24,1
79172D,United Kingdom,20.4,24,4
85017A,Spain,20.4,24,2
21542,Switzerland,20.4,24,2
22922,Finland,20.4,24,1
22922,Italy,20.4,24,2
22923,Italy,20.4,24,2
22228,Germany,20.4,24,2
22255,Poland,20.4,24,1
22908,Channel Islands,20.4,24,1
85231E,Germany,20.4,24,2
20982,United Arab Emirates,20.4,24,2
21641,Japan,20.4,24,1
85213,France,20.4,24,1
85177,Switzerland,20.4,24,1
85061W,Germany,20.4,24,1
21078,Finland,20.4,24,1
85018D,Belgium,20.4,24,1
84971S,Greece,20.4,24,1
51014C,Cyprus,20.4,24,1
22587,Czech Republic,20.4,24,1
22459,Portugal,20.4,8,1
90167,EIRE,20.4,24,1
21241,Finland,20.4,24,2
22962,Poland,20.4,24,2
22309,France,20.4,8,2
84945,France,20.4,24,2
20981,Sweden,20.4,24,2
21789,Italy,20.4,24,1
22130,Lithuania,20.4,24,1
17012B,France,20.4,24,1
23286,Norway,20.4,24,2
22491,Belgium,20.4,24,2
21715,Spain,20.4,8,1
22596,United Arab Emirates,20.4,24,1
22753,Belgium,20.4,24,2
22346,Israel,20.4,24,1
22197,Israel,20.4,24,1
21716,Israel,20.4,8,1
84625A,Israel,20.4,24,1
85017C,Denmark,20.4,24,1
22587,Belgium,20.4,24,1
21789,Hong Kong,20.4,24,1
22216,Czech Republic,20.4,24,1
22571,European Community,20.4,24,1
84832,Switzerland,20.4,24,2
23285,Switzerland,20.4,24,1
21989,Italy,20.4,24,2
22924,Switzerland,20.4,24,2
21642,United Arab Emirates,20.4,24,1
21944,Spain,20.4,24,2
51014C,Unspecified,20.4,24,1
21544,Switzerland,20.4,24,2
21059,Germany,20.4,24,2
17012A,France,20.4,24,1
22599,Netherlands,20.4,24,1
37467,EIRE,20.4,24,2
21062,Sweden,20.4,24,1
22181,Channel Islands,20.4,24,2
79000,Norway,20.4,24,1
21385,Cyprus,20.4,24,1
21717,Belgium,20.4,8,1
21062,EIRE,20.4,24,2
79191C,USA,20.4,24,1
21454,United Arab Emirates,20.4,24,2
35809A,Poland,20.4,24,1
21063,France,20.4,24,1
21441,Spain,20.4,24,2
21989,Denmark,20.4,24,1
22520,Cyprus,20.4,24,2
85061W,EIRE,20.4,24,1
21789,Portugal,20.4,24,1
21092,EIRE,20.4,24,2
21640,EIRE,20.4,24,1
22491,United Arab Emirates,20.4,24,1
21239,Portugal,20.4,24,2
85017C,Germany,20.4,24,2
21788,Unspecified,20.4,24,1
22595,Portugal,20.4,24,2
84945,Norway,20.4,24,1
21058,Spain,20.4,24,2
22130,Channel Islands,20.4,24,1
22601,United Arab Emirates,20.4,24,1
21788,Bahrain,20.4,24,1
20981,Italy,20.4,24,2
22197,Netherlands,20.4,24,2
35958,EIRE,20.4,24,1
21385,Greece,20.4,24,1
22909,United Arab Emirates,20.4,24,1
22522,Portugal,20.4,24,2
85032D,Germany,20.4,18,2
22604,France,20.4,8,3
22245,Israel,20.4,24,1
21426,Poland,20.4,24,1
84821,Finland,20.4,24,1
84625A,Spain,20.4,24,1
21723,France,20.4,24,1
22321,Poland,20.4,24,1
22572,European Community,20.4,24,1
84534B,Germany,20.4,24,2
20981,Norway,20.4,24,1
22581,Austria,20.4,24,2
84452,EIRE,20.4,24,2
20982,Belgium,20.4,24,2
22230,France,20.4,24,2
22264,Austria,20.4,24,1
21716,Spain,20.4,8,1
21725,Germany,20.4,24,2
21704,Spain,20.4,24,2
21640,Germany,20.4,24,1
35961,Singapore,20.4,24,1
22132,Switzerland,20.4,24,1
22263,EIRE,20.4,24,1
22922,EIRE,20.4,24,2
37340,Bahrain,20.4,24,1
84970S,Greece,20.4,24,1
22595,Sweden,20.4,24,2
84625B,Spain,20.4,24,1
21700,Norway,20.4,24,2
22598,Netherlands,20.4,24,1
22613,Norway,20.4,24,1
21092,Germany,20.4,24,2
84970S,Switzerland,20.4,24,2
22601,Austria,20.4,24,2
22596,Netherlands,20.4,24,1
22945,Norway,20.4,24,2
22521,Cyprus,20.4,24,2
21789,France,20.4,24,1
85032A,France,20.4,18,2
22345,Israel,20.4,24,1
23287,Israel,20.4,24,1
23288,Israel,20.4,24,1
21715,Israel,20.4,8,1
84625C,Israel,20.4,24,1
35911A,EIRE,20.4,24,2
21721,Australia,20.4,24,1
21720,Australia,20.4,24,1
22418,Iceland,20.4,24,1
22907,Poland,20.4,24,1
22963,United Arab Emirates,20.4,24,1
22255,Sweden,20.4,24,1
22923,EIRE,20.4,24,2
21788,Japan,20.4,24,1
22230,Germany,20.4,24,2
17012D,Switzerland,20.4,24,1
21679,Australia,20.4,24,1
22566,Belgium,20.4,24,1
21789,Sweden,20.4,24,1
22522,Germany,20.4,24,2
51014C,Iceland,20.4,24,2
22963,Channel Islands,20.4,24,2
22603,United Arab Emirates,20.4,24,1
22581,United Arab Emirates,20.4,24,1
20840,Australia,20.4,24,1
22571,Greece,20.4,24,2
22962,USA,20.4,24,1
20760,EIRE,20.4,24,1
85213,Finland,20.4,24,1
85232a,United Kingdom,20.34,2,2
23198,Portugal,20.3,14,2
22147,Germany,20.3,14,2
21133,EIRE,20.28,12,1
21169,Germany,20.28,12,1
21169,Portugal,20.28,12,1
84849A,Poland,20.28,12,1
21833,Finland,20.28,12,1
21381,Greece,20.28,12,1
84975,United Arab Emirates,20.28,12,1
90116,Japan,20.28,12,1
21381,Switzerland,20.28,12,1
21284,Italy,20.28,12,1
84849B,Finland,20.28,12,1
84849B,Hong Kong,20.28,12,1
21833,Germany,20.28,12,1
62095B,France,20.28,12,1
21697,Greece,20.28,12,1
21381,Belgium,20.28,12,1
84849A,Canada,20.28,12,1
90126A,Japan,20.28,12,1
62095B,Japan,20.28,12,1
84849D,Australia,20.28,12,1
35970,Italy,20.28,12,1
21655,France,20.28,12,1
21381,Korea,20.28,12,1
35970,Poland,20.28,12,1
21165,Cyprus,20.28,12,1
21381,Sweden,20.28,12,1
21833,Belgium,20.28,12,1
84976,EIRE,20.28,12,2
21165,Lebanon,20.28,12,1
84803B,France,20.28,12,1
84849B,Netherlands,20.28,12,1
84849D,Netherlands,20.28,12,1
84849D,Spain,20.28,12,1
21165,Israel,20.28,12,1
84849A,Israel,20.28,12,1
90126C,Japan,20.28,12,1
21165,Australia,20.28,12,1
35970,Portugal,20.28,12,1
21697,EIRE,20.28,12,1
84849B,Belgium,20.28,12,1
22795,Portugal,20.25,3,2
22183,United Arab Emirates,20.25,3,1
21109,Cyprus,20.25,3,1
23234,Spain,20.23,7,2
23236,Spain,20.23,7,2
72817,Spain,20.21,25,2
22027,Austria,20.16,48,4
21786,Channel Islands,20.16,48,1
21830,Germany,20.16,48,2
22489,Switzerland,20.16,48,2
22539,Denmark,20.16,48,2
22533,Denmark,20.16,48,1
22714,Germany,20.16,48,4
23006,Portugal,20.16,48,1
22718,Germany,20.16,48,4
16011,Germany,20.16,96,3
22489,Australia,20.16,48,1
22716,Norway,20.16,48,4
22817,France,20.16,48,4
22538,Channel Islands,20.16,48,1
22033,Germany,20.16,48,3
22547,Sweden,20.16,48,2
23005,France,20.16,48,2
84536B,Unspecified,20.16,48,2
22815,Switzerland,20.16,48,2
22024,Switzerland,20.16,48,2
84670,Germany,20.16,48,2
22153,Israel,20.16,48,1
22547,France,20.16,48,1
22534,Austria,20.16,48,1
22035,France,20.16,48,4
22153,Austria,20.16,48,1
22545,Sweden,20.16,48,1
21881,Switzerland,20.16,48,2
21703,Singapore,20.16,48,1
22030,Spain,20.16,48,4
22154,Austria,20.16,48,1
22537,Belgium,20.16,48,2
23000,Portugal,20.16,48,1
22151,Portugal,20.16,48,1
22420,Germany,20.16,48,4
40016,Germany,20.16,48,2
84596B,Norway,20.16,48,3
22154,Cyprus,20.16,48,1
22532,Channel Islands,20.16,48,1
22537,Switzerland,20.16,48,2
21508,Germany,20.16,48,4
22533,USA,20.16,48,1
22915,Spain,20.16,48,2
22042,France,20.16,48,4
21199,Portugal,20.16,48,1
22818,Norway,20.16,48,1
22712,Switzerland,20.16,48,2
22999,EIRE,20.16,48,2
85186C,Greece,20.16,48,2
22543,Channel Islands,20.16,48,1
85186C,United Arab Emirates,20.16,48,2
22540,Switzerland,20.16,48,2
22153,Cyprus,20.16,48,1
22533,France,20.16,48,1
22025,Switzerland,20.16,48,2
21703,Denmark,20.16,48,2
22155,Germany,20.16,48,1
22530,Austria,20.16,48,1
22535,Channel Islands,20.16,48,1
22529,Channel Islands,20.16,48,1
40016,EIRE,20.16,48,2
22151,Belgium,20.16,48,2
22533,Belgium,20.16,48,1
22530,Denmark,20.16,48,1
22816,Switzerland,20.16,48,4
85202,EIRE,20.16,48,1
22537,Denmark,20.16,48,1
85175,Germany,20.16,48,2
85175,Korea,20.16,48,1
22815,France,20.16,48,4
22536,France,20.16,48,1
22154,EIRE,20.16,48,1
22814,Norway,20.16,48,4
22151,Spain,20.16,48,1
85186A,Greece,20.16,48,2
22153,France,20.16,48,1
21506,Portugal,20.16,48,3
22712,Finland,20.16,48,4
22152,Portugal,20.16,48,1
22817,Switzerland,20.16,48,2
22155,Spain,20.16,48,1
22718,Switzerland,20.16,48,2
35957,Spain,20.16,48,1
22538,Sweden,20.16,48,1
22915,France,20.16,48,3
21509,EIRE,20.16,48,4
35954,Spain,20.16,48,1
22712,EIRE,20.16,48,4
22717,Switzerland,20.16,48,2
21786,Italy,20.16,48,2
22996,Portugal,20.16,48,1
21506,Norway,20.16,48,4
23004,Belgium,20.16,48,2
22028,Switzerland,20.16,48,2
16052,EIRE,20.16,48,2
23121,EIRE,20.16,48,2
85186C,EIRE,20.16,48,2
20668,France,20.16,168,2
84670,Lithuania,20.16,48,2
16256B,Germany,20.16,48,2
22541,Channel Islands,20.16,48,1
22421,Portugal,20.16,48,3
22539,Channel Islands,20.16,48,1
22489,Denmark,20.16,48,2
21916,Switzerland,20.16,48,2
22540,Portugal,20.16,48,2
21198,Portugal,20.16,48,1
21508,Switzerland,20.16,48,2
22998,France,20.16,48,2
16012,EIRE,20.16,96,2
20975,Portugal,20.15,31,3
22451,Israel,20.1,6,1
22447,Cyprus,20.1,6,1
22446,Finland,20.1,6,1
22447,European Community,20.1,6,1
22451,Switzerland,20.1,6,1
22446,France,20.1,6,1
22449,Cyprus,20.1,6,1
22450,Finland,20.1,6,1
22449,European Community,20.1,6,1
22446,Portugal,20.1,6,1
22448,Cyprus,20.1,6,1
22447,Switzerland,20.1,6,1
22450,Denmark,20.1,6,1
22448,European Community,20.1,6,1
22451,Cyprus,20.1,6,1
22449,Portugal,20.1,6,1
22448,Portugal,20.1,6,1
22449,Canada,20.1,6,1
22449,Sweden,20.1,6,1
22446,European Community,20.1,6,1
22449,USA,20.1,6,1
22450,Israel,20.1,6,1
22446,Switzerland,20.1,6,1
22451,Denmark,20.1,6,1
22450,Belgium,20.1,6,1
85092,Spain,20.1,6,1
22447,EIRE,20.1,6,1
22449,Denmark,20.1,6,1
23371,Switzerland,20.0,16,1
21445,EIRE,20.0,16,2
20675,Finland,20.0,16,2
23371,Austria,20.0,16,1
20674,USA,20.0,16,1
20676,USA,20.0,16,1
23086,EIRE,20.0,16,1
82613B,EIRE,20.0,16,1
21289,Netherlands,20.0,16,1
20675,Italy,20.0,16,2
20979,Canada,20.0,16,1
23086,Germany,20.0,16,1
20979,Sweden,20.0,16,1
84596E,EIRE,20.0,16,1
20977,Austria,20.0,16,1
23087,Germany,20.0,16,1
22406,France,20.0,16,2
23372,USA,20.0,16,1
23370,France,20.0,16,1
23370,Germany,20.0,16,1
21289,Spain,20.0,16,1
20676,Finland,20.0,16,2
84596G,Switzerland,20.0,16,1
84596J,Switzerland,20.0,16,1
20978,Belgium,20.0,16,1
20979,Hong Kong,20.0,16,1
20675,USA,20.0,16,1
23290,EIRE,20.0,16,2
23371,Cyprus,20.0,16,1
23505,Germany,20.0,16,1
37464,Spain,20.0,16,2
20979,Norway,20.0,16,1
20977,Spain,20.0,16,1
20977,Lithuania,20.0,16,1
23291,Norway,20.0,16,2
23371,Unspecified,20.0,16,1
23369,Unspecified,20.0,16,1
23372,Switzerland,20.0,16,1
23296,Switzerland,20.0,16,2
23369,Germany,20.0,16,1
23088,EIRE,20.0,16,1
23371,Germany,20.0,16,1
20677,Italy,20.0,16,2
20674,United Arab Emirates,20.0,16,1
23370,Channel Islands,20.0,16,1
23372,Austria,20.0,16,1
20978,Canada,20.0,16,1
23296,Israel,20.0,16,1
23289,Norway,20.0,16,2
84596B,Channel Islands,20.0,16,2
20676,United Arab Emirates,20.0,16,1
20675,Spain,20.0,16,2
20977,Italy,20.0,16,1
21866,France,20.0,16,2
20977,Denmark,20.0,16,1
20676,Unspecified,20.0,16,2
21289,Germany,20.0,16,1
20669,France,20.0,16,2
23289,EIRE,20.0,16,2
20977,Hong Kong,20.0,16,1
20978,Hong Kong,20.0,16,1
23370,Cyprus,20.0,16,1
23372,Cyprus,20.0,16,1
20977,Norway,20.0,16,1
20677,USA,20.0,16,1
20675,United Arab Emirates,20.0,16,1
21289,Portugal,20.0,16,1
23292,EIRE,20.0,16,2
23290,Austria,20.0,16,2
23088,Norway,20.0,16,1
84536a,United Kingdom,19.97,25,12
23462,Germany,19.95,1,1
21737,Greece,19.95,1,1
22802,Netherlands,19.95,1,1
23462,Belgium,19.95,1,1
90082C,United Kingdom,19.93,3,3
23280,Germany,19.92,24,2
23068,Netherlands,19.92,8,1
23221,France,19.92,24,2
23433,France,19.92,24,2
23431,Germany,19.92,24,1
23431,Portugal,19.92,24,2
23293,Italy,19.92,24,2
23182,Cyprus,19.92,24,1
23601,United Kingdom,19.92,8,4
35810A,Italy,19.92,24,2
23163,Norway,19.92,8,1
23068,Channel Islands,19.92,8,1
23432,Portugal,19.92,24,2
23353,Italy,19.92,24,1
23294,USA,19.92,24,1
90127A,United Kingdom,19.92,14,2
23224,EIRE,19.92,24,2
23101,Denmark,19.92,24,1
23282,Israel,19.92,24,1
23433,Denmark,19.92,24,1
23155,Greece,19.92,24,2
23144,Channel Islands,19.92,24,1
23294,Sweden,19.92,24,1
23225,Channel Islands,19.92,24,1
23155,Italy,19.92,24,1
23433,Australia,19.92,24,1
23090,Switzerland,19.92,24,2
23353,Austria,19.92,24,2
23295,Italy,19.92,24,2
23281,EIRE,19.92,24,2
23280,Israel,19.92,24,1
22208,Germany,19.92,24,2
23293,Belgium,19.92,24,2
23148,Spain,19.92,24,1
23182,Singapore,19.92,24,1
23163,Switzerland,19.92,8,1
23102,Switzerland,19.92,24,2
23221,Channel Islands,19.92,24,1
23616,United Kingdom,19.92,8,7
23475,France,19.92,24,2
23221,Belgium,19.92,24,2
23353,Belgium,19.92,24,2
35648,EIRE,19.92,24,1
23148,Switzerland,19.92,24,2
23144,Germany,19.92,24,2
23295,USA,19.92,24,1
23220,Switzerland,19.92,24,1
35809A,France,19.92,24,2
23068,France,19.92,8,1
23068,EIRE,19.92,8,1
23646,United Kingdom,19.92,8,5
23431,Spain,19.92,24,1
23281,Denmark,19.92,24,2
23144,France,19.92,24,2
22221,Unspecified,19.9,2,1
22167,Norway,19.9,2,1
22635,Denmark,19.9,2,1
22634,Finland,19.9,2,1
21623,Italy,19.9,2,1
22776,Switzerland,19.9,2,1
22060,Austria,19.9,2,1
23315,Norway,19.9,2,1
22634,Denmark,19.9,2,1
84711A,Belgium,19.9,2,1
22634,Malta,19.9,2,1
21217,Greece,19.9,2,2
22220,Finland,19.9,2,1
22607,Switzerland,19.9,2,1
23407,Switzerland,19.9,2,1
23487,Belgium,19.9,2,2
23460,EIRE,19.9,2,1
22487,Spain,19.9,2,2
23397,Cyprus,19.9,2,1
23173,Austria,19.9,2,1
84711A,Spain,19.9,2,1
37500,Cyprus,19.9,2,1
23397,Spain,19.9,2,1
23316,Australia,19.9,2,1
22829,Netherlands,19.9,2,1
23487,Netherlands,19.9,2,1
22763,Germany,19.9,2,1
22796,Italy,19.9,2,1
22177,Channel Islands,19.9,2,1
21681,Greece,19.9,2,1
22768,Switzerland,19.9,2,1
37500,Austria,19.9,2,1
22501,Italy,19.9,2,1
22894,Norway,19.9,2,1
84707B,France,19.9,2,1
23316,Spain,19.9,2,1
22635,Canada,19.9,2,1
22634,Canada,19.9,2,1
22890,Italy,19.9,2,1
85168B,Canada,19.9,2,1
23407,Belgium,19.9,2,1
23460,Italy,19.9,2,1
72760B,RSA,19.9,2,1
22487,Australia,19.9,2,1
84707A,Norway,19.9,2,1
22634,Sweden,19.9,2,1
22635,Sweden,19.9,2,1
22768,Greece,19.9,2,1
23397,Channel Islands,19.9,2,1
22968,Austria,19.9,2,1
84711A,Switzerland,19.9,2,1
22220,Unspecified,19.9,2,1
22894,Switzerland,19.9,2,1
23407,Germany,19.9,2,1
22061,Malta,19.9,2,1
37449,France,19.9,2,1
22618,Australia,19.9,2,1
21623,Belgium,19.9,2,1
22767,Italy,19.9,2,1
23315,Cyprus,19.9,2,1
22221,Italy,19.9,2,1
23173,Canada,19.9,2,1
85132B,Spain,19.9,2,2
37500,Malta,19.9,2,1
23463,France,19.9,2,1
22634,Spain,19.9,2,1
22788,Greece,19.9,2,1
84707A,Switzerland,19.9,2,1
22890,Austria,19.9,2,1
84711B,Switzerland,19.9,2,1
22890,Cyprus,19.9,2,1
37500,Thailand,19.9,2,1
22618,Bermuda,19.9,2,1
22220,Switzerland,19.9,2,1
23397,Portugal,19.9,2,1
22796,Switzerland,19.9,2,1
23317,Portugal,19.9,2,1
21217,Italy,19.9,2,2
37475,Unspecified,19.9,2,1
21623,Australia,19.9,2,1
22767,Portugal,19.9,2,1
22768,Portugal,19.9,2,1
22768,France,19.9,2,1
23316,RSA,19.9,2,1
23407,RSA,19.9,2,1
21623,Switzerland,19.9,2,1
22894,Spain,19.9,2,1
22061,Portugal,19.9,2,1
22763,Spain,19.9,2,1
21623,Austria,19.9,2,1
22220,Greece,19.9,2,1
22622,Finland,19.9,2,1
22829,France,19.9,2,1
22618,Unspecified,19.9,2,1
72760B,Unspecified,19.9,2,1
21784,Malta,19.9,2,1
22796,Greece,19.9,2,1
22180,Israel,19.9,2,1
22209,Poland,19.8,12,1
22112,France,19.8,4,2
22488,Channel Islands,19.8,12,1
90170,France,19.8,12,1
21911,Cyprus,19.8,12,1
22329,Unspecified,19.8,12,1
21318,Norway,19.8,12,1
22551,Channel Islands,19.8,12,1
21651,Greece,19.8,12,1
21682,Greece,19.8,4,1
22488,Greece,19.8,12,1
79321,Greece,19.8,4,1
21186,Germany,19.8,12,1
21707,Greece,19.8,4,1
21190,EIRE,19.8,12,1
22759,Denmark,19.8,12,1
22074,RSA,19.8,12,1
21190,France,19.8,12,1
85040A,Belgium,19.8,12,1
85206A,Switzerland,19.8,12,2
85211,Greece,19.8,12,1
22076,RSA,19.8,12,1
23128,Portugal,19.8,4,1
21328,Canada,19.8,12,1
20777,EIRE,19.8,12,2
85040A,Bahrain,19.8,12,1
21731,Unspecified,19.8,12,1
23192,Norway,19.8,12,1
23571,Portugal,19.8,12,1
23272,EIRE,19.8,12,1
22505,Channel Islands,19.8,4,1
22430,Malta,19.8,4,1
90170,Germany,19.8,12,1
22118,France,19.8,4,2
22557,Canada,19.8,12,1
22557,Sweden,19.8,12,1
22551,United Arab Emirates,19.8,12,1
23165,Poland,19.8,12,1
85045,France,19.8,4,1
22341,Greece,19.8,12,1
23191,Cyprus,19.8,12,1
23128,EIRE,19.8,4,1
23301,Unspecified,19.8,12,1
21204,France,19.8,12,1
23301,Belgium,19.8,12,1
22464,Italy,19.8,12,1
21197,France,19.8,12,1
22507,United Arab Emirates,19.8,4,1
22430,Italy,19.8,4,1
22939,Spain,19.8,4,1
21202,Australia,19.8,12,1
22295,Portugal,19.8,12,1
90170,EIRE,19.8,12,1
21832,France,19.8,12,1
23245,RSA,19.8,4,1
23245,Finland,19.8,4,1
22493,Germany,19.8,12,1
79321,Channel Islands,19.8,4,1
22430,Finland,19.8,4,1
84546,Lithuania,19.8,12,1
22067,Spain,19.8,12,1
22507,Switzerland,19.8,4,1
23184,Finland,19.8,4,1
22342,Sweden,19.8,12,1
84050,Switzerland,19.8,12,1
70006,Portugal,19.8,12,1
23191,Belgium,19.8,12,1
23171,Iceland,19.8,12,1
22464,Finland,19.8,12,1
22182,Finland,19.8,4,1
23170,Iceland,19.8,12,1
22972,Belgium,19.8,12,1
85114C,Switzerland,19.8,12,1
22430,Norway,19.8,4,1
23128,France,19.8,4,1
23482,Norway,19.8,12,1
23172,Norway,19.8,12,1
23660,France,19.8,12,1
23357,Norway,19.8,4,1
22067,Belgium,19.8,12,1
22561,Denmark,19.8,12,1
21645,Belgium,19.8,12,1
85174,Austria,19.8,4,1
23357,Denmark,19.8,4,1
70006,France,19.8,12,1
22174,Italy,19.8,12,1
47480,Netherlands,19.8,12,1
84657,Germany,19.8,12,1
23301,Cyprus,19.8,12,1
85062,Greece,19.8,12,1
85226A,Austria,19.8,36,2
22628,Portugal,19.8,4,1
21708,Malta,19.8,4,1
22077,Unspecified,19.8,12,1
23028,Switzerland,19.8,12,1
47566B,Belgium,19.8,4,1
23357,Italy,19.8,4,1
22554,Canada,19.8,12,1
22672,Poland,19.8,12,1
22242,Hong Kong,19.8,12,1
85039A,EIRE,19.8,12,1
84854,Unspecified,19.8,4,1
22077,Japan,19.8,12,1
23405,EIRE,19.8,4,1
79337,Italy,19.8,12,2
22558,Singapore,19.8,12,1
23172,Malta,19.8,12,1
23243,Malta,19.8,4,1
84570B,United Kingdom,19.8,4,2
21190,Germany,19.8,12,1
22295,France,19.8,12,1
70007,Italy,19.8,12,1
23300,Austria,19.8,12,1
23028,Austria,19.8,12,1
22759,Poland,19.8,12,1
23272,Germany,19.8,12,1
23424,Cyprus,19.8,4,1
22469,Australia,19.8,12,1
85214,EIRE,19.8,12,1
22652,Austria,19.8,12,1
23300,Channel Islands,19.8,12,1
22671,Germany,19.8,12,1
22210,Poland,19.8,12,1
21708,EIRE,19.8,4,1
22557,Finland,19.8,12,1
22621,Italy,19.8,12,1
21911,Greece,19.8,12,1
21706,Malta,19.8,4,1
21207,Norway,19.8,12,1
22555,Singapore,19.8,12,1
22556,Singapore,19.8,12,1
22198,Singapore,19.8,12,1
22553,Lebanon,19.8,12,1
21731,Austria,19.8,12,1
22464,Germany,19.8,12,1
22313,EIRE,19.8,4,1
22067,Austria,19.8,12,1
22296,Greece,19.8,12,1
22555,Saudi Arabia,19.8,12,1
22556,Saudi Arabia,19.8,12,1
22859,Portugal,19.8,12,2
23357,Germany,19.8,4,1
79030G,Spain,19.8,12,1
22974,Spain,19.8,12,1
22671,Poland,19.8,12,1
22174,EIRE,19.8,12,1
22195,Netherlands,19.8,12,1
23571,Finland,19.8,12,1
22136,Bermuda,19.8,12,1
21730,West Indies,19.8,4,1
21199,France,19.8,12,1
23249,Switzerland,19.8,12,1
22557,Poland,19.8,12,1
21200,EIRE,19.8,12,1
85025C,EIRE,19.8,12,1
22064,Bahrain,19.8,12,1
84050,Bahrain,19.8,12,2
82578,Spain,19.8,36,3
35969,EIRE,19.8,12,1
21206,United Arab Emirates,19.8,12,1
23301,Austria,19.8,12,1
21708,Portugal,19.8,4,1
22974,Belgium,19.8,12,1
22621,Norway,19.8,12,1
79030G,Belgium,19.8,12,2
22077,Israel,19.8,12,1
84595E,EIRE,19.8,12,1
23355,Unspecified,19.8,4,1
20796,Germany,19.8,12,1
21327,France,19.8,12,1
23032,Channel Islands,19.8,12,2
23184,Canada,19.8,4,1
85114C,Spain,19.8,12,1
22561,Canada,19.8,12,1
23126,Belgium,19.8,4,1
23325,Australia,19.8,12,1
21378,Switzerland,19.8,12,1
22278,USA,19.8,4,1
22672,Germany,19.8,12,1
23165,USA,19.8,12,1
22464,Portugal,19.8,12,1
85130A,EIRE,19.8,12,1
85041,Channel Islands,19.8,12,1
85040A,Channel Islands,19.8,12,1
22561,Sweden,19.8,12,1
35969,Sweden,19.8,12,1
22553,Belgium,19.8,12,1
23031,Switzerland,19.8,12,1
21206,Switzerland,19.8,12,1
85206A,Spain,19.8,12,2
23245,USA,19.8,4,1
22067,Switzerland,19.8,12,1
85024B,EIRE,19.8,12,1
23029,Switzerland,19.8,12,1
23032,Switzerland,19.8,12,1
23355,Spain,19.8,4,1
85114C,Cyprus,19.8,12,1
23273,Channel Islands,19.8,12,1
21207,RSA,19.8,12,1
23031,Austria,19.8,12,1
22075,RSA,19.8,12,1
22064,Belgium,19.8,12,1
23029,Austria,19.8,12,1
21709,Germany,19.8,4,1
22208,Bahrain,19.8,12,1
23126,Unspecified,19.8,4,1
22243,Italy,19.8,12,1
21199,EIRE,19.8,12,1
22287,France,19.8,12,1
23032,Austria,19.8,12,1
23172,Canada,19.8,12,1
23172,France,19.8,12,1
79030A,Poland,19.8,12,1
79321,Belgium,19.8,4,1
22555,Canada,19.8,12,1
22556,Canada,19.8,12,1
23127,Portugal,19.8,4,1
22077,United Arab Emirates,19.8,12,1
84708B,Bahrain,19.8,4,1
22465,United Arab Emirates,19.8,12,1
22854,France,19.8,4,1
22554,Poland,19.8,12,1
23243,France,19.8,4,1
23249,Australia,19.8,12,1
23301,Channel Islands,19.8,12,1
21187,Channel Islands,19.8,12,1
22136,Bahrain,19.8,12,1
23190,Spain,19.8,12,1
22195,Belgium,19.8,12,1
21196,Netherlands,19.8,12,1
23089,Switzerland,19.8,12,1
21200,Sweden,19.8,12,1
23089,Channel Islands,19.8,12,1
22464,Sweden,19.8,12,1
22243,Hong Kong,19.8,12,1
22488,Portugal,19.8,12,1
22505,Singapore,19.8,4,1
23300,France,19.8,12,1
22198,Unspecified,19.8,12,1
21319,Norway,19.8,12,1
47480,Norway,19.8,12,1
22136,Portugal,19.8,12,1
22076,Belgium,19.8,12,1
47480,Italy,19.8,12,1
23029,Norway,19.8,12,1
21327,Spain,19.8,12,1
22671,Channel Islands,19.8,12,1
21731,Hong Kong,19.8,12,1
70006,Greece,19.8,12,1
23126,France,19.8,4,1
85114B,Switzerland,19.8,12,1
22243,Israel,19.8,12,1
22553,Saudi Arabia,19.8,12,1
23273,Italy,19.8,12,1
22296,Finland,19.8,12,1
21318,Belgium,19.8,12,1
22980,Sweden,19.8,12,1
22672,Spain,19.8,12,1
85114C,EIRE,19.8,12,1
22076,Spain,19.8,12,1
85174,Germany,19.8,4,1
22430,Cyprus,19.8,4,1
21651,Singapore,19.8,12,1
21207,Austria,19.8,12,1
21705,Unspecified,19.8,12,1
23569,Switzerland,19.8,4,1
23180,Switzerland,19.8,4,1
23096,Finland,19.8,12,1
21196,EIRE,19.8,12,1
84949,Poland,19.8,12,1
22185,Spain,19.8,12,1
37333,Germany,19.8,4,1
22243,Austria,19.8,12,1
21911,Poland,19.8,12,1
22476,Switzerland,19.8,4,1
79030G,Germany,19.8,12,2
22329,Italy,19.8,12,1
79321,Germany,19.8,4,1
22471,EIRE,19.8,4,1
21911,Finland,19.8,12,1
70006,Switzerland,19.8,12,1
23170,Canada,19.8,12,1
21682,Germany,19.8,4,1
22243,Australia,19.8,12,1
21204,United Arab Emirates,19.8,12,1
22174,Netherlands,19.8,12,1
23171,Canada,19.8,12,1
21196,France,19.8,12,1
22980,France,19.8,12,1
21327,Belgium,19.8,12,1
22505,Canada,19.8,4,1
23332,Channel Islands,19.8,12,1
22341,France,19.8,12,1
23127,Belgium,19.8,4,1
23249,Poland,19.8,12,1
22469,Portugal,19.8,12,1
22551,USA,19.8,12,1
22974,USA,19.8,12,1
22064,Canada,19.8,12,1
23029,Finland,19.8,12,1
22474,Channel Islands,19.8,4,1
22475,Channel Islands,19.8,4,1
21207,Switzerland,19.8,12,1
21199,Netherlands,19.8,12,1
22069,EIRE,19.8,12,1
22242,Belgium,19.8,12,1
22488,Germany,19.8,12,1
85039A,Switzerland,19.8,12,1
22652,Sweden,19.8,12,1
22505,Sweden,19.8,4,1
35651,Germany,19.8,12,1
23164,Greece,19.8,4,1
22233,Greece,19.8,12,1
22973,Switzerland,19.8,12,1
22136,France,19.8,12,1
22555,Cyprus,19.8,12,1
22233,Australia,19.8,12,1
23321,Italy,19.8,12,1
22759,Spain,19.8,12,1
22621,Iceland,19.8,12,1
23321,Poland,19.8,12,1
23302,Switzerland,19.8,12,1
85206A,France,19.8,12,2
21216,Austria,19.8,4,1
23571,Austria,19.8,12,1
23243,European Community,19.8,4,1
85220,EIRE,19.8,12,1
22329,RSA,19.8,12,1
22077,Denmark,19.8,12,1
22553,Canada,19.8,12,1
85114A,Australia,19.8,12,1
23128,Austria,19.8,4,1
22209,Bahrain,19.8,12,1
84944,Germany,19.8,12,1
22242,Cyprus,19.8,12,1
22341,EIRE,19.8,12,1
23031,Finland,19.8,12,1
85226A,Germany,19.8,36,3
23188,Poland,19.8,12,1
21707,EIRE,19.8,4,1
22561,Cyprus,19.8,12,1
21207,Channel Islands,19.8,12,1
23298,Cyprus,19.8,4,2
85062,Germany,19.8,12,1
22341,Sweden,19.8,12,1
21199,Belgium,19.8,12,1
21196,Germany,19.8,12,1
22554,United Arab Emirates,19.8,12,1
22621,Austria,19.8,12,1
23245,Unspecified,19.8,4,1
22329,Hong Kong,19.8,12,1
23164,Switzerland,19.8,4,1
21910,Greece,19.8,12,1
22074,Japan,19.8,12,1
21705,Belgium,19.8,12,1
22329,Denmark,19.8,12,1
23032,Norway,19.8,12,1
22488,Sweden,19.8,12,1
21711,Malta,19.8,4,1
85040B,West Indies,19.8,12,1
22628,Channel Islands,19.8,4,1
21204,Australia,19.8,12,1
21832,Iceland,19.8,12,1
70007,Unspecified,19.8,12,1
23273,Finland,19.8,12,1
21622,Canada,19.8,4,1
23321,Finland,19.8,12,1
23096,Norway,19.8,12,1
22507,Singapore,19.8,4,1
35651,EIRE,19.8,12,1
22329,Finland,19.8,12,1
22469,Germany,19.8,12,1
37492B,EIRE,19.8,12,1
23031,Norway,19.8,12,1
22861,EIRE,19.8,12,1
22493,Australia,19.8,12,1
22208,Poland,19.8,12,1
22242,Channel Islands,19.8,12,1
21645,Germany,19.8,12,1
21197,Belgium,19.8,12,1
21645,Sweden,19.8,12,1
47480,EIRE,19.8,12,1
22198,Greece,19.8,12,1
22672,Greece,19.8,12,1
22069,Italy,19.8,12,1
22064,Norway,19.8,12,1
21622,Finland,19.8,4,1
22174,Channel Islands,19.8,12,1
21770,Denmark,19.8,4,2
23172,Iceland,19.8,12,1
22854,Channel Islands,19.8,4,1
22233,Cyprus,19.8,12,1
21711,France,19.8,4,1
22285,Portugal,19.8,12,1
22472,Channel Islands,19.8,4,1
22488,Brazil,19.8,12,1
22720,USA,19.8,4,2
22198,Channel Islands,19.8,12,1
22329,Sweden,19.8,12,1
21731,USA,19.8,12,1
70006,Netherlands,19.8,12,1
85025B,EIRE,19.8,12,1
21190,Cyprus,19.8,12,1
22285,EIRE,19.8,12,1
22296,France,19.8,12,1
70007,Switzerland,19.8,12,1
22939,Canada,19.8,4,1
85025B,Canada,19.8,12,1
21832,Bahrain,19.8,12,1
22242,Australia,19.8,12,1
47480,Germany,19.8,12,1
23191,Canada,19.8,12,1
22182,United Arab Emirates,19.8,4,1
22672,Israel,19.8,12,1
21622,Norway,19.8,4,1
22242,Greece,19.8,12,1
23170,Malta,19.8,12,1
23171,Malta,19.8,12,1
23243,Israel,19.8,4,1
23171,Norway,19.8,12,1
22952,Unspecified,19.8,36,1
21189,EIRE,19.8,12,1
23245,United Arab Emirates,19.8,4,1
22076,United Arab Emirates,19.8,12,1
47480,Portugal,19.8,12,1
23028,Norway,19.8,12,1
22759,Greece,19.8,12,1
23301,France,19.8,12,1
23243,Greece,19.8,4,1
22551,Finland,19.8,12,1
22488,Finland,19.8,12,1
23424,France,19.8,4,1
23302,Cyprus,19.8,12,1
21707,Malta,19.8,4,1
47566,RSA,19.8,4,1
82578,Finland,19.8,36,3
23089,Germany,19.8,12,1
23028,Finland,19.8,12,1
22211,Denmark,19.8,12,1
35969,Switzerland,19.8,12,1
22973,Unspecified,19.8,12,1
85040A,Sweden,19.8,12,1
22973,Spain,19.8,12,1
70006,Unspecified,19.8,12,1
21207,Spain,19.8,12,1
21173,Australia,19.8,12,1
22493,Belgium,19.8,12,1
22759,Switzerland,19.8,12,1
22980,Denmark,19.8,12,1
22561,Iceland,19.8,12,1
22553,Poland,19.8,12,1
23243,Austria,19.8,4,1
22195,Norway,19.8,12,1
22980,Poland,19.8,12,1
21645,West Indies,19.8,12,1
22464,Channel Islands,19.8,12,1
21622,Malta,19.8,4,1
23172,Switzerland,19.8,12,1
47566B,Sweden,19.8,4,1
20773,EIRE,19.8,12,2
21197,Unspecified,19.8,12,1
23249,Germany,19.8,12,1
21645,EIRE,19.8,12,1
21710,Malta,19.8,4,1
84708B,Malta,19.8,4,1
22628,Unspecified,19.8,4,1
21196,Norway,19.8,12,1
23274,Channel Islands,19.8,12,1
22286,Greece,19.8,12,1
85196,Spain,19.8,36,1
23126,Italy,19.8,4,1
20726,United Arab Emirates,19.8,12,2
23405,Spain,19.8,4,1
23128,Belgium,19.8,4,1
22064,Malta,19.8,12,1
22553,Denmark,19.8,12,1
22554,Unspecified,19.8,12,1
79320,Spain,19.8,4,1
23355,Denmark,19.8,4,1
84854,Portugal,19.8,4,1
22557,Unspecified,19.8,12,1
23569,Unspecified,19.8,4,1
23571,Unspecified,19.8,12,1
21711,EIRE,19.8,4,1
21710,Finland,19.8,4,1
22077,Thailand,19.8,12,1
22561,Switzerland,19.8,12,1
22505,Italy,19.8,4,1
22296,Germany,19.8,12,1
21198,EIRE,19.8,12,1
23116,France,19.8,4,2
23661,Spain,19.8,12,1
85040A,Korea,19.8,12,1
23170,Italy,19.8,12,1
22557,Lebanon,19.8,12,1
22858,Portugal,19.8,12,2
21187,EIRE,19.8,12,1
22295,Cyprus,19.8,12,1
22972,USA,19.8,12,1
23243,Switzerland,19.8,4,1
21706,Netherlands,19.8,4,1
70006,Belgium,19.8,12,1
22557,Lithuania,19.8,12,1
21189,France,19.8,12,1
23660,Belgium,19.8,12,1
21682,Norway,19.8,4,1
23415,Switzerland,19.8,12,1
22064,Finland,19.8,12,1
23660,Spain,19.8,12,1
37488A,United Kingdom,19.77,31,5
22114,United Arab Emirates,19.75,5,2
22722,France,19.75,5,2
22723,Portugal,19.75,5,2
23467,EIRE,19.74,6,1
37487B,United Kingdom,19.72,68,2
22402,Portugal,19.68,24,2
22398,Spain,19.68,24,2
22396,Denmark,19.68,24,2
22402,Switzerland,19.68,24,2
22321,Israel,19.55,23,1
21260,Brazil,19.5,6,1
20686,Channel Islands,19.5,6,1
22663,Australia,19.5,10,1
21890,Poland,19.5,6,1
20682,Spain,19.5,6,1
21930,Norway,19.5,10,1
22900,Belgium,19.5,6,1
22989,Japan,19.5,6,1
23303,Belgium,19.5,10,1
21929,Cyprus,19.5,10,1
22853,Norway,19.5,6,1
22989,Unspecified,19.5,6,1
20686,Switzerland,19.5,6,1
22653,Unspecified,19.5,10,1
20682,Netherlands,19.5,6,1
85099B,Greece,19.5,10,1
20990,Germany,19.5,10,1
20686,Austria,19.5,6,1
22936,Germany,19.5,6,1
20681,Sweden,19.5,6,1
22936,Sweden,19.5,6,1
20681,Denmark,19.5,6,1
21928,Cyprus,19.5,10,1
22385,Bermuda,19.5,10,1
22386,Bermuda,19.5,10,1
20681,Hong Kong,19.5,6,1
21035,Malta,19.5,6,1
22989,Israel,19.5,6,1
85099F,Sweden,19.5,10,1
21383,EIRE,19.5,30,3
22411,West Indies,19.5,10,1
22653,Switzerland,19.5,10,1
22653,Channel Islands,19.5,10,1
20711,Denmark,19.5,10,1
21035,Hong Kong,19.5,6,1
21931,Channel Islands,19.5,10,1
22853,France,19.5,6,1
22386,Cyprus,19.5,10,1
22438,Austria,19.5,10,1
20684,Portugal,19.5,6,1
21035,Channel Islands,19.5,6,1
20684,Sweden,19.5,6,1
20681,Switzerland,19.5,6,1
22411,Spain,19.5,10,1
85099C,Belgium,19.5,10,1
21890,Spain,19.5,6,1
22935,Sweden,19.5,6,1
20712,Iceland,19.5,10,1
21035,Israel,19.5,6,1
22989,Hong Kong,19.5,6,1
22989,Italy,19.5,6,1
22853,Unspecified,19.5,6,1
22853,Cyprus,19.5,6,1
23493,Austria,19.5,10,1
22591,France,19.5,6,1
22900,Hong Kong,19.5,6,1
22989,Finland,19.5,6,1
20682,Sweden,19.5,6,1
21260,Greece,19.5,6,1
22663,Denmark,19.5,10,1
85099F,Greece,19.5,10,1
21260,Israel,19.5,6,1
22895,Hong Kong,19.5,6,1
20680,United Kingdom,19.5,6,5
20711,Bermuda,19.5,10,1
20682,Canada,19.5,6,1
22895,Norway,19.5,6,1
21260,Channel Islands,19.5,6,1
23493,Cyprus,19.5,10,1
85099F,Australia,19.5,10,1
22411,Switzerland,19.5,10,1
21260,United Arab Emirates,19.5,6,1
22653,Germany,19.5,10,1
23304,Belgium,19.5,10,1
23305,Belgium,19.5,10,1
22895,Italy,19.5,6,1
22989,Portugal,19.5,6,1
22591,Italy,19.5,6,1
85099C,Greece,19.5,10,1
22438,France,19.5,10,1
22411,Greece,19.5,10,1
22396,Belgium,19.44,48,3
79062D,United Kingdom,19.4,52,4
82484,Sweden,19.35,3,1
82484,Greece,19.35,3,1
82484,Lebanon,19.35,3,1
79030D,Canada,19.26,30,2
22644,Spain,19.24,14,3
21365,France,19.2,8,2
81950V,United Kingdom,19.09,33,12
22306,France,19.08,18,2
21185,Cyprus,19.05,3,1
21144,France,19.0,50,2
72817,Germany,18.96,24,1
23302,Portugal,18.96,24,1
21822,France,18.96,24,2
85130C,EIRE,18.96,24,1
23058,EIRE,18.96,24,2
72817,Finland,18.96,24,1
37342,France,18.96,24,1
85130B,Germany,18.96,24,1
37342,Spain,18.96,24,1
72817,Austria,18.96,24,1
85130B,EIRE,18.96,24,1
47504K,Israel,18.96,24,1
22163,Germany,18.96,24,1
85161,Germany,18.95,1,1
85067,Germany,18.95,1,1
85161,Spain,18.95,1,1
84414B,United Arab Emirates,18.95,1,1
84596B,France,18.9,45,5
85124A,Denmark,18.9,9,1
16237,Switzerland,18.9,90,2
22099,Germany,18.9,22,2
79190A,France,18.9,45,3
84596F,France,18.9,45,5
79190B,France,18.9,45,3
22579,Portugal,18.9,42,4
22232,Norway,18.88,32,1
22232,Israel,18.88,32,1
22645,Portugal,18.85,13,2
23147,Netherlands,18.85,13,2
21816,Netherlands,18.85,13,2
21814,Netherlands,18.85,13,2
20932,France,18.75,5,1
84030B,United Kingdom,18.75,5,3
23091,Channel Islands,18.75,3,1
21467,France,18.75,5,2
20967,Cyprus,18.75,5,2
23056,EIRE,18.75,3,1
21355,Spain,18.75,15,2
47341A,United Kingdom,18.75,7,5
23382,Spain,18.75,5,2
22071,Cyprus,18.75,5,1
22204,Israel,18.75,5,2
21993,Spain,18.75,15,2
21226,France,18.75,15,1
22203,Israel,18.75,5,2
22070,Cyprus,18.75,5,1
22801,France,18.75,5,2
21395,Norway,18.72,48,1
22066,Switzerland,18.72,48,1
47593B,Belgium,18.72,48,1
21158,Norway,18.72,48,2
21179,Australia,18.72,48,1
35953,Spain,18.72,48,1
23551,Germany,18.72,48,2
21394,EIRE,18.72,48,1
23377,Switzerland,18.72,48,2
21824,Poland,18.72,48,1
22065,Poland,18.72,48,1
22398,Japan,18.72,48,1
21398,Finland,18.72,48,1
21294,Israel,18.72,48,1
21394,Norway,18.72,48,1
20992,Germany,18.72,48,1
23381,France,18.72,48,2
23378,EIRE,18.72,48,2
22066,Cyprus,18.72,48,1
21399,Finland,18.72,48,1
35953,Poland,18.72,48,1
22402,Japan,18.72,48,1
47593B,Finland,18.72,48,1
22066,EIRE,18.72,48,1
21159,Norway,18.72,48,2
21294,Hong Kong,18.72,48,1
21811,Germany,18.72,48,1
79030G,EIRE,18.72,48,1
21395,Spain,18.72,48,1
23551,Switzerland,18.72,48,2
84531B,Germany,18.72,24,3
22065,Netherlands,18.72,48,1
47021G,Unspecified,18.72,48,1
47593B,Canada,18.72,48,1
23380,Switzerland,18.72,48,2
21294,EIRE,18.72,48,1
21399,EIRE,18.72,48,1
21162,Norway,18.72,48,2
21394,Spain,18.72,48,1
22437,Unspecified,18.7,22,3
90025D,United Kingdom,18.69,5,5
22567,Italy,18.65,13,2
21984,Portugal,18.6,60,3
84984A,France,18.6,4,1
22835,Korea,18.6,4,1
84792,Greece,18.6,4,1
84913A,Channel Islands,18.6,4,1
46000M,Norway,18.6,12,1
84792,United Arab Emirates,18.6,4,1
84984B,France,18.6,4,1
84913B,Germany,18.6,4,1
84913B,France,18.6,4,1
37492A,France,18.6,4,1
22837,Austria,18.6,4,1
84913B,Poland,18.6,4,1
84913B,Italy,18.6,4,1
84732B,United Kingdom,18.48,28,6
82613B,Germany,18.4,28,2
82613B,France,18.4,28,2
35815P,EIRE,18.24,48,1
35819B,EIRE,18.24,48,2
35968,EIRE,18.24,48,3
21007,Spain,18.24,48,1
35611B,Spain,18.24,48,1
22336,Switzerland,18.24,96,1
79337,EIRE,18.24,48,1
35969,Singapore,18.24,48,1
35818P,EIRE,18.24,48,2
85118,EIRE,18.24,48,1
85118,Korea,18.24,48,1
35969,Australia,18.24,48,1
79336,EIRE,18.24,48,1
22339,Germany,18.24,96,1
35816P,Greece,18.24,48,1
21144,Germany,18.24,48,4
22338,Germany,18.24,96,1
22384,Cyprus,18.15,11,2
72796A,United Kingdom,18.15,11,6
84311,United Kingdom,18.15,11,1
23583,Spain,18.15,11,2
23103,Israel,18.15,11,1
72140F,United Kingdom,18.06,43,9
23176,Norway,18.0,8,1
23177,Singapore,18.0,8,1
23177,Portugal,18.0,8,1
23177,Sweden,18.0,8,1
23193,Switzerland,18.0,8,1
23177,Canada,18.0,8,1
21636,EIRE,18.0,24,2
23176,Canada,18.0,8,1
23177,Italy,18.0,8,1
23176,Sweden,18.0,8,1
23194,Cyprus,18.0,8,1
23176,Singapore,18.0,8,1
23194,Portugal,18.0,8,1
23177,Switzerland,18.0,8,1
23193,Sweden,18.0,8,1
23176,Cyprus,18.0,8,1
23194,Sweden,18.0,8,1
23193,Portugal,18.0,8,1
15036,Lithuania,18.0,24,1
15036,Spain,18.0,24,1
21373,Czech Republic,18.0,24,1
23193,France,18.0,8,1
23193,Canada,18.0,8,1
21580,Spain,18.0,8,3
23177,Cyprus,18.0,8,1
23193,Italy,18.0,8,1
23194,Italy,18.0,8,1
23176,Switzerland,18.0,8,1
90175A,Netherlands,17.9,2,1
21056,Switzerland,17.9,2,1
21054,Switzerland,17.9,2,1
21056,Austria,17.9,2,1
35400,Greece,17.9,2,1
21054,Cyprus,17.9,2,2
21055,Portugal,17.9,2,2
84706D,Italy,17.9,2,1
23079,Spain,17.9,2,1
45008C,Netherlands,17.9,2,1
21054,Germany,17.9,2,1
23079,Unspecified,17.9,2,2
45008C,Unspecified,17.9,2,1
90181A,EIRE,17.9,2,2
21055,Austria,17.9,2,1
35400,Sweden,17.9,2,1
90184A,EIRE,17.9,2,1
45008C,Australia,17.9,2,1
23079,Australia,17.9,2,1
35400,France,17.9,2,1
21630,EIRE,17.9,2,1
82486,Italy,17.9,2,1
90075,EIRE,17.9,2,1
22059,Spain,17.88,12,1
84459B,Greece,17.88,12,1
37448,Spain,17.88,12,1
21247,Germany,17.88,12,1
84459B,Switzerland,17.88,12,1
22059,Belgium,17.88,12,1
37448,Bahrain,17.88,12,1
37448,United Arab Emirates,17.88,12,1
37448,Greece,17.88,12,1
22057,Switzerland,17.88,12,1
22059,Switzerland,17.88,12,1
35824C,Greece,17.88,12,1
37447,Belgium,17.88,12,1
37447,Bahrain,17.88,12,1
22056,Austria,17.88,12,1
22057,Malta,17.88,12,1
37448,Malta,17.88,12,1
21247,Greece,17.88,12,1
37448,Finland,17.88,12,1
22059,Malta,17.88,12,1
84986b,United Kingdom,17.88,6,5
22058,EIRE,17.88,12,1
37447,Finland,17.88,12,1
22058,Germany,17.88,12,1
22059,Sweden,17.88,12,1
37448,USA,17.88,12,1
21001,Belgium,17.85,3,1
21042,Austria,17.85,3,1
84637,Malta,17.85,3,1
21756,France,17.85,3,1
84614C,United Kingdom,17.85,3,1
84637,Finland,17.85,3,1
21624,Italy,17.85,3,1
22623,Spain,17.85,3,1
15056P,Switzerland,17.85,3,1
22121,Poland,17.85,3,1
22580,Belgium,17.85,3,1
23534,Norway,17.85,3,1
22499,Sweden,17.85,3,1
21755,Israel,17.85,3,1
22600,Switzerland,17.85,21,3
22623,Belgium,17.85,3,1
84856L,Channel Islands,17.85,3,1
21127,Channel Islands,17.85,3,1
22427,Norway,17.85,3,1
85014D,Switzerland,17.85,3,1
21043,Korea,17.85,3,1
21754,Sweden,17.85,3,1
21756,Portugal,17.85,3,1
22320,Thailand,17.85,3,1
18097B,United Kingdom,17.85,7,4
21837,EIRE,17.85,3,1
21755,Cyprus,17.85,3,1
20679,Cyprus,17.85,3,1
85014D,Cyprus,17.85,3,1
85014B,Malta,17.85,3,1
22320,Hong Kong,17.85,3,1
22320,Denmark,17.85,3,1
47580,USA,17.85,7,2
85014C,Germany,17.85,3,1
72800E,Portugal,17.85,7,2
85014A,Malta,17.85,3,1
21754,RSA,17.85,3,1
20679,Netherlands,17.85,3,1
84663A,Greece,17.85,3,1
22654,Spain,17.85,3,1
84893,Cyprus,17.85,3,1
15056N,Italy,17.85,3,1
15056BL,Australia,17.85,3,1
21754,Norway,17.85,3,1
84689,EIRE,17.85,3,1
47567B,Thailand,17.85,3,1
15056N,Brazil,17.85,3,1
22427,France,17.85,3,1
84663A,Australia,17.85,3,1
22498,France,17.85,3,1
84856L,Belgium,17.85,3,1
22498,Sweden,17.85,3,1
84880,Cyprus,17.85,3,1
85014A,Finland,17.85,3,1
22931,Germany,17.85,7,2
20769,France,17.85,7,2
15056N,Finland,17.85,3,1
21259,France,17.85,3,2
21001,Israel,17.85,3,1
21624,France,17.85,3,1
23494,Italy,17.85,3,1
23356,Denmark,17.85,3,1
23494,Norway,17.85,3,1
21624,Germany,17.85,3,1
20679,Spain,17.85,3,1
22623,Greece,17.85,3,1
85014D,Portugal,17.85,3,1
20689,EIRE,17.85,3,1
23534,Spain,17.85,3,1
22499,Switzerland,17.85,3,1
90070,Germany,17.85,3,1
84689,Cyprus,17.85,3,1
22427,Spain,17.85,3,1
82483,Cyprus,17.85,3,1
20679,Portugal,17.85,3,1
15056BL,Finland,17.85,3,1
15056BL,Brazil,17.85,3,1
21756,Israel,17.85,3,1
21754,Israel,17.85,3,1
23534,Cyprus,17.85,3,1
21755,Sweden,17.85,3,1
22320,Cyprus,17.85,3,1
20679,Finland,17.85,3,1
15056N,Netherlands,17.85,3,1
20689,Norway,17.85,3,1
15056BL,Portugal,17.85,3,1
71050,United Kingdom,17.85,51,8
23494,Spain,17.85,3,1
21755,RSA,17.85,3,1
15056P,Brazil,17.85,3,1
20679,Brazil,17.85,3,1
84843,Spain,17.85,3,2
84663A,Canada,17.85,3,1
21001,Portugal,17.85,3,1
84637,Greece,17.85,3,1
84689,Greece,17.85,3,1
47567B,Switzerland,17.85,3,1
21238,Portugal,17.85,21,2
22498,Channel Islands,17.85,3,1
21043,Spain,17.85,3,1
23356,Spain,17.85,3,1
22580,Canada,17.85,3,1
85014D,Malta,17.85,3,1
15056P,Italy,17.85,3,1
84929,Greece,17.76,48,2
90162B,Portugal,17.7,6,1
21107,Unspecified,17.7,6,1
21288,Switzerland,17.7,6,1
23597,Sweden,17.7,6,1
22665,Austria,17.7,6,1
22452,Denmark,17.7,6,1
21249,Austria,17.7,6,1
22454,Austria,17.7,6,1
22457,European Community,17.7,6,1
22116,Portugal,17.7,6,1
22115,Malta,17.7,6,1
20914,Italy,17.7,6,1
22698,Singapore,17.7,6,1
22666,Singapore,17.7,6,1
22910,Spain,17.7,6,1
82616B,EIRE,17.7,6,1
22116,Germany,17.7,6,1
84247E,Malta,17.7,6,1
23598,Germany,17.7,6,1
84032B,Australia,17.7,6,1
22085,RSA,17.7,6,1
82494L,Norway,17.7,6,1
22359,Channel Islands,17.7,6,1
22700,Finland,17.7,6,1
22163,Netherlands,17.7,6,1
22445,Sweden,17.7,6,1
21164,Netherlands,17.7,6,1
21380,United Arab Emirates,17.7,6,1
22317,Portugal,17.7,6,1
22088,RSA,17.7,6,1
21890,RSA,17.7,6,1
22063,Belgium,17.7,6,1
90190C,EIRE,17.7,6,1
22117,Belgium,17.7,6,1
22666,USA,17.7,6,1
22483,Poland,17.7,6,1
21164,Belgium,17.7,6,1
85054,Poland,17.7,6,1
22700,Italy,17.7,6,1
35599D,Italy,17.7,6,1
22363,Germany,17.7,6,1
22363,Saudi Arabia,17.7,6,1
22361,Saudi Arabia,17.7,6,1
21733,Portugal,17.7,6,1
37502,Spain,17.7,6,1
21288,Austria,17.7,6,1
22328,Finland,17.7,6,1
22272,Austria,17.7,6,1
21333,Cyprus,17.7,6,1
21990,Thailand,17.7,6,1
84429A,France,17.7,6,1
21382,Spain,17.7,6,1
85089,France,17.7,6,1
22496,United Arab Emirates,17.7,6,1
84086C,Portugal,17.7,6,1
22176,Hong Kong,17.7,6,1
85087,Hong Kong,17.7,6,1
84625B,France,17.7,6,1
22743,Sweden,17.7,6,1
22312,Poland,17.7,6,1
20897,Bahrain,17.7,6,1
20898,EIRE,17.7,6,1
84032B,United Arab Emirates,17.7,6,1
84032A,United Arab Emirates,17.7,6,1
21324,Cyprus,17.7,6,1
20661,EIRE,17.7,6,1
84625A,Korea,17.7,6,1
82494L,Italy,17.7,6,1
20666,Thailand,17.7,6,1
22224,Switzerland,17.7,6,1
22363,France,17.7,6,1
21261,Channel Islands,17.7,6,1
21744,Hong Kong,17.7,6,1
85087,Malta,17.7,6,1
84429A,EIRE,17.7,6,1
22318,Canada,17.7,6,1
22317,Sweden,17.7,6,1
85123A,Malta,17.7,6,1
21890,Italy,17.7,6,1
22358,Italy,17.7,6,1
84086C,EIRE,17.7,6,1
20665,Finland,17.7,6,1
22863,Italy,17.7,6,1
21530,United Arab Emirates,17.7,6,1
35598B,Portugal,17.7,6,1
84676,Germany,17.7,6,1
22274,Belgium,17.7,6,1
35653,Netherlands,17.7,6,1
22090,Israel,17.7,6,1
21111,Finland,17.7,6,1
22274,Spain,17.7,6,1
23322,Germany,17.7,6,1
21609,Korea,17.7,6,1
22318,Thailand,17.7,6,1
90210A,EIRE,17.7,6,1
22176,Poland,17.7,6,1
35598B,EIRE,17.7,6,1
22175,Norway,17.7,6,1
22176,Norway,17.7,6,1
90202B,EIRE,17.7,6,1
90177A,EIRE,17.7,6,1
72799E,Malta,17.7,6,1
85089,Sweden,17.7,6,1
85054,Norway,17.7,6,1
22273,Belgium,17.7,6,1
22083,Switzerland,17.7,6,1
22495,Norway,17.7,6,1
90129F,Japan,17.7,6,1
15044D,Channel Islands,17.7,6,1
22900,Cyprus,17.7,6,1
84429A,Germany,17.7,6,1
22699,Canada,17.7,6,1
82494L,Finland,17.7,6,1
20898,France,17.7,6,1
21611,Germany,17.7,6,1
22318,Sweden,17.7,6,1
22087,Spain,17.7,6,1
21107,Spain,17.7,6,1
21324,Spain,17.7,6,1
21106,Malta,17.7,6,1
22666,Sweden,17.7,6,1
35598B,Korea,17.7,6,1
20665,Italy,17.7,6,1
22364,Italy,17.7,6,1
22831,Lebanon,17.7,6,1
21380,Switzerland,17.7,6,1
22744,Sweden,17.7,6,1
22116,France,17.7,6,1
21111,Italy,17.7,6,1
22453,Switzerland,17.7,6,1
22164,Germany,17.7,6,1
22327,Italy,17.7,6,1
22470,Poland,17.7,6,1
22904,Lebanon,17.7,6,1
22743,Italy,17.7,6,1
22744,Italy,17.7,6,1
22117,Austria,17.7,6,1
84086C,Norway,17.7,6,1
21613,Korea,17.7,6,1
21350,EIRE,17.7,6,1
22665,Cyprus,17.7,6,1
22085,USA,17.7,6,1
20665,Thailand,17.7,6,1
21548,Malta,17.7,6,1
22667,Finland,17.7,6,1
23322,Poland,17.7,6,1
85184D,Thailand,17.7,6,1
22087,Channel Islands,17.7,6,1
22699,Italy,17.7,6,1
21350,Singapore,17.7,6,1
22454,Belgium,17.7,6,1
85006,EIRE,17.7,6,1
22667,Poland,17.7,6,1
85006,Sweden,17.7,6,1
22700,Germany,17.7,6,1
22088,Sweden,17.7,6,1
85123A,Korea,17.7,6,1
84625C,Korea,17.7,6,1
21336,Spain,17.7,6,1
22666,Finland,17.7,6,1
72799E,Portugal,17.7,6,1
20940,France,17.7,6,1
21610,EIRE,17.7,6,1
21111,Portugal,17.7,6,1
21112,Portugal,17.7,6,1
22900,Channel Islands,17.7,6,1
22911,Channel Islands,17.7,6,1
22117,Channel Islands,17.7,6,1
21688,Channel Islands,17.7,6,1
22452,Sweden,17.7,6,1
21993,Thailand,17.7,6,1
22163,Greece,17.7,6,1
22186,Greece,17.7,6,1
22086,Switzerland,17.7,6,1
22457,Greece,17.7,6,1
21610,Germany,17.7,6,1
21107,Austria,17.7,6,1
21288,Netherlands,17.7,6,1
22667,Denmark,17.7,6,1
22495,Sweden,17.7,6,1
22311,Spain,17.7,6,1
22496,Cyprus,17.7,6,1
22359,Spain,17.7,6,1
85185B,Austria,17.7,6,1
22311,European Community,17.7,6,1
21452,Denmark,17.7,6,1
21733,Malta,17.7,6,1
21743,Spain,17.7,6,1
22063,Switzerland,17.7,6,1
22359,Cyprus,17.7,6,1
35599D,Korea,17.7,6,1
22453,Cyprus,17.7,6,1
21372,Australia,17.7,6,1
21041,Malta,17.7,6,1
22831,Greece,17.7,6,1
85054,Portugal,17.7,6,1
22224,Spain,17.7,6,1
22084,Cyprus,17.7,6,1
90168,France,17.7,6,1
37494A,Poland,17.7,6,1
22363,Italy,17.7,6,1
85123A,Sweden,17.7,6,1
21251,Hong Kong,17.7,6,1
22137,France,17.7,6,1
22361,Norway,17.7,6,1
22274,Switzerland,17.7,6,1
21164,Channel Islands,17.7,6,1
22454,Cyprus,17.7,6,1
21107,Greece,17.7,6,1
22413,Finland,17.7,6,1
35653,Greece,17.7,6,1
22361,Italy,17.7,6,1
21035,Italy,17.7,6,1
22364,France,17.7,6,1
21253,Switzerland,17.7,6,1
22831,Switzerland,17.7,6,1
37502,Channel Islands,17.7,6,1
21425,France,17.7,6,1
15044C,Canada,17.7,6,1
21688,Switzerland,17.7,6,1
22453,Belgium,17.7,6,1
20998,Cyprus,17.7,6,1
21739,Iceland,17.7,6,1
21741,Iceland,17.7,6,1
85123A,Canada,17.7,6,1
21111,Canada,17.7,6,1
21106,Canada,17.7,6,1
21112,Canada,17.7,6,1
22810,Switzerland,17.7,6,1
22665,Unspecified,17.7,6,1
22312,Germany,17.7,6,1
15044A,Canada,17.7,6,1
21111,France,17.7,6,1
22137,Germany,17.7,6,1
22700,EIRE,17.7,6,1
22697,Canada,17.7,6,1
22271,Unspecified,17.7,6,1
22904,European Community,17.7,6,1
37450,Finland,17.7,6,1
22063,Austria,17.7,6,1
21683,Germany,17.7,6,1
22445,Poland,17.7,6,1
22085,Germany,17.7,6,1
15044C,France,17.7,6,1
84247E,Germany,17.7,6,1
90168,EIRE,17.7,6,1
90177E,EIRE,17.7,6,1
90182C,EIRE,17.7,6,1
90201B,EIRE,17.7,6,1
22176,France,17.7,6,1
22806,EIRE,17.7,6,1
21936,Israel,17.7,6,1
22904,Belgium,17.7,6,1
22470,Sweden,17.7,6,1
22360,USA,17.7,6,1
20662,Thailand,17.7,6,1
21348,Germany,17.7,6,1
21380,Belgium,17.7,6,1
22666,RSA,17.7,6,1
22361,Finland,17.7,6,1
22088,USA,17.7,6,1
21557,Switzerland,17.7,6,1
85184C,Switzerland,17.7,6,1
22668,Cyprus,17.7,6,2
21547,Lithuania,17.7,6,1
21106,Germany,17.7,6,1
22445,Israel,17.7,6,1
21164,Malta,17.7,6,1
21107,Malta,17.7,6,1
21111,Bahrain,17.7,6,1
21683,Cyprus,17.7,6,1
22328,Cyprus,17.7,6,1
22362,France,17.7,6,1
90202D,Germany,17.7,6,1
47369A,Unspecified,17.7,6,1
22413,Australia,17.7,6,1
21261,Korea,17.7,6,1
21897,Australia,17.7,6,1
22450,Australia,17.7,6,1
22088,Spain,17.7,6,1
79302M,Cyprus,17.7,6,1
21693,Canada,17.7,6,1
21035,Iceland,17.7,6,1
21250,RSA,17.7,6,1
15044D,Canada,17.7,6,1
21693,France,17.7,6,1
22083,Canada,17.7,6,1
22483,Belgium,17.7,6,1
71279,EIRE,17.7,6,1
21557,Finland,17.7,6,1
84791,EIRE,17.7,6,1
84032B,Germany,17.7,6,1
37502,Malta,17.7,6,1
20840,Cyprus,17.7,6,1
22084,USA,17.7,6,1
18098C,Greece,17.7,6,1
20661,Switzerland,17.7,6,1
21693,Germany,17.7,6,1
21111,Unspecified,17.7,6,1
21111,Netherlands,17.7,6,1
84773,Cyprus,17.7,6,1
22327,Lebanon,17.7,6,1
21557,Norway,17.7,6,1
21452,Austria,17.7,6,1
22317,Austria,17.7,6,1
72799F,Portugal,17.7,6,1
21547,Portugal,17.7,6,1
22806,Spain,17.7,6,1
22744,Channel Islands,17.7,6,1
22361,Channel Islands,17.7,6,1
84558A,Portugal,17.7,6,1
22175,Spain,17.7,6,1
22326,United Arab Emirates,17.7,6,1
22809,Switzerland,17.7,6,1
22454,Sweden,17.7,6,1
22496,Sweden,17.7,6,1
22413,Greece,17.7,6,1
22698,Greece,17.7,6,1
22453,Portugal,17.7,6,1
22186,Poland,17.7,6,1
84675,Spain,17.7,6,1
16207B,France,17.7,6,1
21106,Bahrain,17.7,6,1
21733,Austria,17.7,6,1
22087,RSA,17.7,6,1
22084,France,17.7,6,1
21740,EIRE,17.7,6,1
22272,Sweden,17.7,6,1
22934,Channel Islands,17.7,6,1
22904,Portugal,17.7,6,1
21452,Channel Islands,17.7,6,1
84674,Austria,17.7,6,1
22967,Belgium,17.7,6,1
82616C,Germany,17.7,6,1
22699,Austria,17.7,6,1
22831,Norway,17.7,6,1
90129A,Japan,17.7,6,1
21733,Channel Islands,17.7,6,1
22090,Canada,17.7,6,1
21452,Greece,17.7,6,1
22117,Finland,17.7,6,1
22744,Austria,17.7,6,1
22697,Bahrain,17.7,6,1
84592,France,17.7,6,1
21890,Netherlands,17.7,6,1
22089,Finland,17.7,6,1
22326,Greece,17.7,6,1
22175,Belgium,17.7,6,1
84676,Switzerland,17.7,6,1
22358,Cyprus,17.7,6,1
22495,Cyprus,17.7,6,1
84791,France,17.7,6,1
20914,Cyprus,17.7,6,1
21564,Sweden,17.7,6,1
22483,Cyprus,17.7,6,1
20666,Switzerland,17.7,6,1
90210D,EIRE,17.7,6,1
20906,EIRE,17.7,6,1
22933,Belgium,17.7,6,1
15044C,Spain,17.7,6,1
21611,Switzerland,17.7,6,1
22326,Channel Islands,17.7,6,1
84625D,Switzerland,17.7,6,1
21041,Switzerland,17.7,6,1
21164,Norway,17.7,6,1
21251,Switzerland,17.7,6,1
22457,Norway,17.7,6,1
21262,Korea,17.7,6,1
84625D,Iceland,17.7,6,1
84247K,Germany,17.7,6,1
21452,Australia,17.7,6,1
22809,Austria,17.7,6,1
37450,Austria,17.7,6,1
21695,EIRE,17.7,6,1
22314,Spain,17.7,6,1
82494L,Lebanon,17.7,6,1
84247N,Germany,17.7,6,1
15044B,Greece,17.7,6,1
21348,Netherlands,17.7,6,1
21106,Belgium,17.7,6,1
90177C,EIRE,17.7,6,1
90183A,EIRE,17.7,6,1
22362,Germany,17.7,6,1
22454,Portugal,17.7,6,1
21380,Korea,17.7,6,1
90190B,EIRE,17.7,6,1
22452,Belgium,17.7,6,1
15044D,France,17.7,6,1
90202D,EIRE,17.7,6,1
84674,Switzerland,17.7,6,1
22452,Cyprus,17.7,6,1
20914,Unspecified,17.7,6,1
22272,Portugal,17.7,6,1
15044B,Channel Islands,17.7,6,1
22062,Austria,17.7,6,1
21992,Thailand,17.7,6,1
21481,Lithuania,17.7,6,1
22665,Sweden,17.7,6,1
85184D,Belgium,17.7,6,1
22362,Saudi Arabia,17.7,6,1
21288,Sweden,17.7,6,1
22317,Israel,17.7,6,1
22090,RSA,17.7,6,1
22326,Unspecified,17.7,6,1
22317,Belgium,17.7,6,1
21380,RSA,17.7,6,1
22062,Unspecified,17.7,6,1
22831,France,17.7,6,1
22137,Austria,17.7,6,1
21252,Greece,17.7,6,1
20839,Brazil,17.7,6,1
22088,Channel Islands,17.7,6,1
35598B,Spain,17.7,6,1
22700,Channel Islands,17.7,6,1
15044A,Greece,17.7,6,1
21683,Greece,17.7,6,1
21744,Greece,17.7,6,1
22175,Greece,17.7,6,1
22176,Greece,17.7,6,1
85184C,Sweden,17.7,6,1
22358,Greece,17.7,6,1
22364,Greece,17.7,6,1
22483,Greece,17.7,6,1
22863,Greece,17.7,6,1
22326,Japan,17.7,6,1
21261,Poland,17.7,6,1
22090,Denmark,17.7,6,1
21844,United Arab Emirates,17.7,6,1
22495,United Arab Emirates,17.7,6,1
22483,Channel Islands,17.7,6,1
22665,Italy,17.7,6,1
22413,Spain,17.7,6,1
22363,Spain,17.7,6,1
21614,Netherlands,17.7,6,1
22317,Cyprus,17.7,6,1
21380,Norway,17.7,6,1
22087,Sweden,17.7,6,1
22957,Finland,17.7,6,1
22318,Cyprus,17.7,6,1
22933,Channel Islands,17.7,6,1
22413,Unspecified,17.7,6,1
21250,Germany,17.7,6,1
22934,Spain,17.7,6,1
22697,Austria,17.7,6,1
20665,Australia,17.7,6,1
22327,Greece,17.7,6,1
20665,Iceland,17.7,6,1
21288,Poland,17.7,6,1
21112,Channel Islands,17.7,6,1
22317,Spain,17.7,6,1
21547,Malta,17.7,6,1
22699,Bahrain,17.7,6,1
22698,Bahrain,17.7,6,1
20914,Greece,17.7,6,1
22087,USA,17.7,6,1
22701,Italy,17.7,6,1
21694,Switzerland,17.7,6,1
21741,France,17.7,6,1
21380,Finland,17.7,6,1
22831,Germany,17.7,6,1
22413,Cyprus,17.7,6,1
21251,Belgium,17.7,6,1
21549,Spain,17.7,6,1
21548,Spain,17.7,6,1
21348,Austria,17.7,6,1
21844,Austria,17.7,6,1
22327,Austria,17.7,6,1
84676,Spain,17.7,6,1
21035,Spain,17.7,6,1
90210B,EIRE,17.7,6,1
21107,Canada,17.7,6,1
90162A,Portugal,17.7,6,1
85054,Greece,17.7,6,1
85071B,Greece,17.7,6,1
21612,Switzerland,17.7,6,1
22083,RSA,17.7,6,1
21249,Hong Kong,17.7,6,1
21035,Unspecified,17.7,6,1
22910,Canada,17.7,6,1
22454,Denmark,17.7,6,1
21482,United Arab Emirates,17.7,6,1
22362,Italy,17.7,6,1
22453,Denmark,17.7,6,1
21890,Australia,17.7,6,1
21564,Italy,17.7,6,1
18098C,Lithuania,17.7,6,1
20914,United Arab Emirates,17.7,6,1
20898,Netherlands,17.7,6,1
22743,Belgium,17.7,6,1
20897,Germany,17.7,6,1
85184C,Thailand,17.7,6,1
20998,Malta,17.7,6,1
15044C,Channel Islands,17.7,6,1
22742,Malta,17.7,6,1
22327,United Arab Emirates,17.7,6,1
20661,Belgium,17.7,6,1
37450,Belgium,17.7,6,1
21614,Belgium,17.7,6,1
21695,Malta,17.7,6,1
23598,Belgium,17.7,6,1
21288,Italy,17.7,6,1
21481,United Arab Emirates,17.7,6,1
47351B,Germany,17.7,6,1
85184D,Switzerland,17.7,6,1
22327,Channel Islands,17.7,6,1
90202A,EIRE,17.7,6,1
90202C,EIRE,17.7,6,1
72799F,Malta,17.7,6,1
90201C,EIRE,17.7,6,1
20936,EIRE,17.7,6,1
22811,EIRE,17.7,6,1
22804,Channel Islands,17.7,6,1
22698,Belgium,17.7,6,1
20998,Hong Kong,17.7,6,1
21324,Germany,17.7,6,1
20665,Switzerland,17.7,6,1
22811,Korea,17.7,6,1
22328,United Arab Emirates,17.7,6,1
15044A,Channel Islands,17.7,6,1
22810,Germany,17.7,6,1
22496,Denmark,17.7,6,1
21890,Switzerland,17.7,6,1
22666,Unspecified,17.7,6,1
22115,Australia,17.7,6,1
21380,Poland,17.7,6,1
22089,Sweden,17.7,6,1
23597,Spain,17.7,6,1
22313,Austria,17.7,6,1
22312,Austria,17.7,6,1
22933,Australia,17.7,6,1
85123A,Australia,17.7,6,1
22903,Germany,17.7,6,1
90201C,France,17.7,6,1
21545,Lithuania,17.7,6,1
20662,Switzerland,17.7,6,1
84086C,Netherlands,17.7,6,1
20897,France,17.7,6,1
22967,Switzerland,17.7,6,1
84674,Belgium,17.7,6,1
21452,Spain,17.7,6,1
22445,Spain,17.7,6,1
90076,United Kingdom,17.7,6,6
22470,Switzerland,17.7,6,1
84536A,France,17.64,42,3
16236,Germany,17.64,84,3
21268,Australia,17.64,42,3
16051,United Kingdom,17.61,39,2
72801e,United Kingdom,17.57,7,4
23452,Spain,17.55,9,3
40018E,USA,17.55,9,2
90182B,United Kingdom,17.53,6,6
22771,Netherlands,17.5,14,2
21828,France,17.5,14,2
16225,West Indies,17.5,14,1
22775,Netherlands,17.5,14,2
20961,Spain,17.5,14,2
22098,EIRE,17.5,14,2
21993,Portugal,17.5,14,2
85049C,Portugal,17.5,14,2
23265,Spain,17.5,14,2
23350,Portugal,17.5,14,2
20972,Cyprus,17.5,14,2
22480,France,17.5,14,2
22773,Netherlands,17.5,14,2
22338,France,17.5,34,2
23627,United Kingdom,17.43,7,2
23139,EIRE,17.4,12,1
21668,USA,17.4,12,1
21171,Cyprus,17.4,12,1
21654,Spain,17.4,12,1
22549,Spain,17.4,12,1
84987,Italy,17.4,12,1
21974,Channel Islands,17.4,12,1
84378,Denmark,17.4,12,1
22645,Finland,17.4,12,1
21172,Belgium,17.4,12,1
21815,Greece,17.4,12,1
21825,Greece,17.4,12,1
22142,EIRE,17.4,12,1
23198,Austria,17.4,12,1
21162,Greece,17.4,12,1
21972,Portugal,17.4,12,1
22949,Australia,17.4,12,1
22969,Saudi Arabia,17.4,12,1
22231,Cyprus,17.4,12,1
22981,Belgium,17.4,12,1
22650,Switzerland,17.4,12,1
84985A,EIRE,17.4,12,1
23269,Germany,17.4,12,1
23497,Denmark,17.4,12,1
22066,Austria,17.4,12,1
22549,Cyprus,17.4,12,1
22416,EIRE,17.4,12,1
23147,Malta,17.4,12,1
82551,Norway,17.4,12,1
22147,Spain,17.4,12,1
22961,European Community,17.4,12,1
22646,Bahrain,17.4,12,1
22950,Unspecified,17.4,12,1
22961,Unspecified,17.4,12,1
21172,Netherlands,17.4,12,1
21974,United Arab Emirates,17.4,12,1
22979,Switzerland,17.4,12,1
22950,Spain,17.4,12,1
21671,USA,17.4,12,1
21669,USA,17.4,12,1
84985A,Sweden,17.4,12,1
21973,Belgium,17.4,12,1
22620,Canada,17.4,12,1
22621,Sweden,17.4,12,1
82552,Switzerland,17.4,12,1
22961,Cyprus,17.4,12,1
22147,Belgium,17.4,12,1
22650,Greece,17.4,12,1
84986B,Portugal,17.4,12,1
22645,Canada,17.4,12,1
46000S,Cyprus,17.4,12,2
22330,France,17.4,12,1
23306,Finland,17.4,12,1
84988,USA,17.4,12,1
22969,Hong Kong,17.4,12,1
22650,Belgium,17.4,12,1
22231,Greece,17.4,12,1
22549,Austria,17.4,12,1
22147,United Arab Emirates,17.4,12,1
23270,Portugal,17.4,12,1
21973,Austria,17.4,12,1
23198,Belgium,17.4,12,1
21161,Portugal,17.4,12,1
22065,Italy,17.4,12,1
22549,Channel Islands,17.4,12,1
21210,RSA,17.4,12,1
21210,Denmark,17.4,12,1
22231,Switzerland,17.4,12,1
22979,Spain,17.4,12,1
22645,Germany,17.4,12,1
21158,Germany,17.4,12,1
21891,Greece,17.4,12,1
21815,Unspecified,17.4,12,1
84988,Thailand,17.4,12,1
23270,EIRE,17.4,12,1
22147,Switzerland,17.4,12,1
23138,Austria,17.4,12,1
22961,Greece,17.4,12,1
82552,Lebanon,17.4,12,1
84986B,EIRE,17.4,12,1
82551,Germany,17.4,12,1
22231,Australia,17.4,12,1
84988,Singapore,17.4,12,1
22620,RSA,17.4,12,1
22969,Malta,17.4,12,1
22961,Israel,17.4,12,1
23269,Malta,17.4,12,1
23268,Malta,17.4,12,1
22981,Switzerland,17.4,12,1
22620,Poland,17.4,12,1
21891,Switzerland,17.4,12,1
23034,Norway,17.4,12,1
23270,France,17.4,12,1
84380,Denmark,17.4,12,1
22147,RSA,17.4,12,1
84987,Cyprus,17.4,12,1
21162,Portugal,17.4,12,1
21891,Poland,17.4,12,1
22979,Sweden,17.4,12,1
23034,Australia,17.4,12,1
23270,Spain,17.4,12,1
23270,European Community,17.4,12,1
23268,Switzerland,17.4,12,1
23306,Austria,17.4,12,1
23497,Belgium,17.4,12,1
23497,Spain,17.4,12,1
22981,Norway,17.4,12,1
21210,Austria,17.4,12,1
22330,Spain,17.4,12,1
84988,Unspecified,17.4,12,1
22950,Finland,17.4,12,1
22065,Channel Islands,17.4,12,1
22646,Finland,17.4,12,1
21248,Portugal,17.4,12,1
84760S,Greece,17.4,12,1
84986B,Netherlands,17.4,12,1
22231,Italy,17.4,12,1
84988,Cyprus,17.4,12,1
22961,Finland,17.4,12,1
84987,Belgium,17.4,12,1
22981,Finland,17.4,12,1
84988,Belgium,17.4,12,1
22969,Greece,17.4,12,1
82551,Lebanon,17.4,12,1
21214,Channel Islands,17.4,12,1
22979,Singapore,17.4,12,1
21248,EIRE,17.4,12,1
22645,Bahrain,17.4,12,1
22949,EIRE,17.4,12,1
21825,EIRE,17.4,12,1
21171,Norway,17.4,12,1
22650,Sweden,17.4,12,1
23268,Australia,17.4,12,1
21973,Denmark,17.4,12,1
23268,Channel Islands,17.4,12,1
22979,France,17.4,12,1
22142,Austria,17.4,12,1
22949,USA,17.4,12,1
21974,USA,17.4,12,1
21973,Italy,17.4,12,1
21162,Sweden,17.4,12,1
23197,Austria,17.4,12,1
21163,Germany,17.4,12,1
23196,Belgium,17.4,12,1
23497,Austria,17.4,12,1
21891,USA,17.4,12,1
21214,Netherlands,17.4,12,1
21211,Portugal,17.4,12,1
21974,Finland,17.4,12,1
22647,Germany,17.4,12,1
82552,Finland,17.4,12,1
22231,France,17.4,12,1
21972,Belgium,17.4,12,1
84985A,Unspecified,17.4,12,1
84985A,Spain,17.4,12,1
21159,Germany,17.4,12,1
23497,Iceland,17.4,12,1
21172,Portugal,17.4,12,1
21214,Unspecified,17.4,12,1
21210,Cyprus,17.4,12,1
23270,Switzerland,17.4,12,1
22645,Switzerland,17.4,12,1
23268,European Community,17.4,12,1
84760S,Netherlands,17.4,12,1
22142,Belgium,17.4,12,1
23147,Iceland,17.4,12,1
84985B,Portugal,17.4,12,1
22231,Sweden,17.4,12,1
22949,Italy,17.4,12,1
21974,Italy,17.4,12,1
23198,Italy,17.4,12,1
22979,Finland,17.4,12,1
21973,Portugal,17.4,12,1
22567,Israel,17.4,12,1
23270,Channel Islands,17.4,12,1
21172,France,17.4,12,1
23306,Belgium,17.4,12,1
82551,Switzerland,17.4,12,1
22647,Portugal,17.4,12,1
23035,Channel Islands,17.4,12,1
84986B,Australia,17.4,12,1
21211,USA,17.4,12,1
21974,Denmark,17.4,12,1
22066,Italy,17.4,12,1
22961,USA,17.4,12,1
22961,Singapore,17.4,12,1
90077,United Kingdom,17.36,6,6
37482b,United Kingdom,17.35,1,1
23236,Italy,17.34,6,1
23178,Spain,17.34,6,1
23426,Austria,17.34,6,1
23234,Finland,17.34,6,1
23517,Switzerland,17.34,6,1
23426,Belgium,17.34,6,1
23518,Switzerland,17.34,6,1
23517,Belgium,17.34,6,1
23179,Switzerland,17.34,6,1
23109,Australia,17.34,6,1
23562,France,17.34,6,1
23189,Portugal,17.34,6,1
23455,Portugal,17.34,6,1
23247,Austria,17.34,6,1
23236,Portugal,17.34,6,1
23234,France,17.34,6,1
23426,Cyprus,17.34,6,1
23247,Italy,17.34,6,1
23235,EIRE,17.34,6,1
23455,Spain,17.34,6,1
23560,Finland,17.34,6,1
23178,Finland,17.34,6,1
23179,Brazil,17.34,6,1
23178,Brazil,17.34,6,1
23562,Belgium,17.34,6,1
23236,Cyprus,17.34,6,1
22588,Belgium,17.34,6,1
23517,EIRE,17.34,6,1
23518,Denmark,17.34,6,1
23234,Belgium,17.34,6,1
23236,Austria,17.34,6,1
23518,USA,17.34,6,1
23236,Channel Islands,17.34,6,1
22589,Belgium,17.34,6,1
23518,Germany,17.34,6,1
23247,France,17.34,6,1
23247,Portugal,17.34,6,1
DCGS0066N,United Kingdom,17.3,2,2
35015,Spain,17.28,288,2
20668,EIRE,17.28,144,4
23040,Germany,17.25,3,1
23040,France,17.25,3,1
23132,Portugal,17.25,3,1
23132,Spain,17.25,3,1
23040,Australia,17.25,3,1
23040,Belgium,17.25,3,1
22093,Germany,17.16,44,2
22579,Sweden,17.16,36,2
DCGS0068,United Kingdom,17.12,2,2
84796b,United Kingdom,17.12,2,2
17014F,Norway,17.1,57,1
22844,Unspecified,17.0,2,1
22172,France,17.0,2,1
22626,Malta,17.0,2,1
84313B,Italy,17.0,4,2
22215,Unspecified,17.0,2,1
72807C,Norway,17.0,4,1
21537,Unspecified,17.0,4,1
81952B,Germany,17.0,20,2
22194,Norway,17.0,2,1
21621,RSA,17.0,2,1
22862,Greece,17.0,4,1
22357,Unspecified,17.0,4,1
22779,Hong Kong,17.0,4,1
22372,USA,17.0,4,1
22862,Channel Islands,17.0,4,1
21132,Canada,17.0,4,1
15039,Switzerland,17.0,20,1
22376,Denmark,17.0,4,1
21132,EIRE,17.0,4,1
22844,Cyprus,17.0,2,1
22194,Finland,17.0,2,1
72803A,Switzerland,17.0,4,1
72807A,Switzerland,17.0,4,1
21131,Channel Islands,17.0,4,1
84030E,Channel Islands,17.0,4,1
22626,Italy,17.0,2,1
85034B,Malta,17.0,4,1
85035C,Spain,17.0,4,1
90120B,Belgium,17.0,4,1
22372,Canada,17.0,4,1
90024B,Belgium,17.0,2,1
22779,Finland,17.0,4,1
85034C,Switzerland,17.0,4,1
85034A,Switzerland,17.0,4,1
85035A,Switzerland,17.0,4,1
22624,Canada,17.0,2,1
22437,Lithuania,17.0,20,1
21428,Unspecified,17.0,4,1
22357,Belgium,17.0,4,1
22192,Cyprus,17.0,2,1
22636,Belgium,17.0,2,1
22844,Lebanon,17.0,2,1
22193,Portugal,17.0,2,1
22357,Cyprus,17.0,4,1
22752,Austria,17.0,2,1
23341,Channel Islands,17.0,2,1
22636,Cyprus,17.0,2,1
21131,Greece,17.0,4,1
84686,Cyprus,17.0,4,1
22626,Sweden,17.0,2,1
22624,Malta,17.0,2,1
22625,Malta,17.0,2,1
85035A,Spain,17.0,4,1
21479,Greece,17.0,4,1
22752,Cyprus,17.0,2,1
21428,Channel Islands,17.0,4,1
21428,Austria,17.0,4,1
85035A,Bahrain,17.0,4,1
21269,EIRE,17.0,2,1
21131,Belgium,17.0,4,1
22844,Greece,17.0,2,1
21269,Germany,17.0,2,1
72807A,Bahrain,17.0,4,1
85035B,Malta,17.0,4,1
21537,Switzerland,17.0,4,1
23204,Spain,17.0,20,2
21428,Greece,17.0,4,1
22114,Japan,17.0,4,1
22357,Greece,17.0,4,1
85035C,Switzerland,17.0,4,1
90023,EIRE,17.0,4,2
90063A,EIRE,17.0,2,1
22752,Belgium,17.0,2,1
72807A,Cyprus,17.0,4,1
22169,Belgium,17.0,2,1
85121C,Germany,17.0,2,1
22626,Canada,17.0,2,1
84969,Spain,17.0,4,1
22372,Norway,17.0,4,1
22275,France,17.0,2,1
22200,Unspecified,17.0,4,1
72803A,Bahrain,17.0,4,1
85121C,Sweden,17.0,2,1
22169,Cyprus,17.0,2,1
85121B,Cyprus,17.0,2,1
22627,Sweden,17.0,2,1
22168,Channel Islands,17.0,2,1
22215,United Arab Emirates,17.0,2,1
22201,France,17.0,4,1
22799,Belgium,17.0,2,1
22215,Switzerland,17.0,2,1
72807C,Germany,17.0,4,1
22627,Canada,17.0,2,1
84030E,Belgium,17.0,4,1
22799,Spain,17.0,2,1
23341,Spain,17.0,2,1
22184,Singapore,17.0,2,1
21484,Portugal,17.0,4,1
72807B,Germany,17.0,4,1
21000,Spain,17.0,4,1
22941,Spain,17.0,2,1
22624,RSA,17.0,2,1
22625,RSA,17.0,2,1
22437,Australia,17.0,20,1
22372,Brazil,17.0,4,1
20733,EIRE,17.0,20,2
22168,Italy,17.0,2,1
22852,Cyprus,17.0,4,1
22191,Portugal,17.0,2,1
23342,Portugal,17.0,2,1
82081,Portugal,17.0,2,1
22376,Netherlands,17.0,4,1
22171,Spain,17.0,2,1
22625,Austria,17.0,2,1
22171,Cyprus,17.0,2,1
85121C,Cyprus,17.0,2,1
22355,Israel,17.0,20,1
22852,Belgium,17.0,4,1
22172,Austria,17.0,2,1
21269,Cyprus,17.0,2,1
85035C,Malta,17.0,4,1
84944,West Indies,17.0,4,1
22626,Spain,17.0,2,1
47578A,France,17.0,20,2
85167B,Spain,17.0,4,1
90198B,EIRE,17.0,4,1
22187,Greece,17.0,4,1
21428,Poland,17.0,4,1
21132,Greece,17.0,4,1
22636,Denmark,17.0,2,1
21000,USA,17.0,4,1
84865,Bahrain,17.0,2,1
22168,Finland,17.0,2,1
72807B,Cyprus,17.0,4,1
22357,Italy,17.0,4,1
84457,Portugal,17.0,20,1
22437,Denmark,17.0,20,1
22194,Spain,17.0,2,1
22752,Sweden,17.0,2,1
22429,Finland,17.0,4,1
85035A,EIRE,17.0,4,1
22437,Finland,17.0,20,1
22627,Unspecified,17.0,2,1
22942,Australia,17.0,2,1
72807A,Germany,17.0,4,1
22607,Germany,17.0,2,1
22429,Norway,17.0,4,1
22799,Germany,17.0,2,1
21464,Unspecified,17.0,4,1
22437,Italy,17.0,20,1
22374,Spain,17.0,4,1
90024D,EIRE,17.0,2,1
22752,Portugal,17.0,2,1
22105,Spain,17.0,4,1
22199,USA,17.0,4,1
72807B,Spain,17.0,4,1
22624,Austria,17.0,2,1
21895,Australia,17.0,4,1
22497,Italy,17.0,4,1
20703,Spain,17.0,4,2
22184,Greece,17.0,2,1
22168,France,17.0,2,1
22862,Italy,17.0,4,1
72807A,Italy,17.0,4,1
84944,Malta,17.0,4,1
22193,Spain,17.0,2,1
85034A,Finland,17.0,4,1
22193,European Community,17.0,2,1
22105,Greece,17.0,4,1
22191,Poland,17.0,2,1
22626,Austria,17.0,2,1
85035A,Malta,17.0,4,1
22275,Switzerland,17.0,2,1
22636,Canada,17.0,2,1
22940,Greece,17.0,4,1
21132,Belgium,17.0,4,1
22192,Sweden,17.0,2,1
22194,Switzerland,17.0,2,1
22199,Italy,17.0,4,1
22942,Belgium,17.0,2,1
22624,Spain,17.0,2,1
22357,Portugal,17.0,4,1
85034B,Switzerland,17.0,4,1
23342,Italy,17.0,2,1
72807C,Switzerland,17.0,4,1
72807B,Switzerland,17.0,4,1
22172,Cyprus,17.0,2,1
10125,Switzerland,17.0,20,1
84051,France,17.0,20,2
21428,Sweden,17.0,4,1
21061,Spain,17.0,20,2
23288,Switzerland,17.0,20,2
85035B,Spain,17.0,4,1
84030E,Malta,17.0,4,1
22371,Sweden,17.0,4,1
22171,Israel,17.0,2,1
21544,Spain,17.0,20,2
35645,France,17.0,4,1
22372,Belgium,17.0,4,1
22779,Switzerland,17.0,4,1
22636,Sweden,17.0,2,1
22780,Hong Kong,17.0,4,1
90024B,EIRE,17.0,2,1
84840,Italy,17.0,2,1
21269,Switzerland,17.0,2,1
85034B,Greece,17.0,4,1
85036A,Switzerland,17.0,4,1
22941,Finland,17.0,2,1
22169,Norway,17.0,2,1
23342,Finland,17.0,2,1
90026A,EIRE,17.0,2,1
22194,Australia,17.0,2,1
22193,Cyprus,17.0,2,1
22207,Cyprus,17.0,4,1
23341,Norway,17.0,2,1
84993b,United Kingdom,16.99,20,13
35599B,France,16.98,2,1
22846,Israel,16.95,1,1
22371,Cyprus,16.95,3,2
22847,Portugal,16.95,1,1
22509,Japan,16.95,1,1
84797A,EIRE,16.95,1,1
23009,Belgium,16.95,1,1
85063,Belgium,16.95,1,1
22848,USA,16.95,1,1
22849,Italy,16.95,1,1
22846,Unspecified,16.95,1,1
23008,Cyprus,16.95,1,1
46775D,Netherlands,16.95,1,1
23008,Unspecified,16.95,1,1
85063,Greece,16.95,1,1
22847,Poland,16.95,1,1
85063,Italy,16.95,1,1
84352,Italy,16.95,1,1
22374,Cyprus,16.95,3,2
22797,Germany,16.95,1,1
22846,Sweden,16.95,1,1
46775D,France,16.95,1,1
22847,Israel,16.95,1,1
23009,Italy,16.95,1,1
22797,Finland,16.95,1,1
22848,Israel,16.95,1,1
46775A,France,16.95,1,1
84352,France,16.95,1,1
22372,Cyprus,16.95,3,2
23008,Italy,16.95,1,1
84352,Portugal,16.95,1,1
72803b,United Kingdom,16.94,2,2
22577,Spain,16.91,39,5
72805,United Kingdom,16.9,10,3
90126A,United Kingdom,16.86,8,5
47591c,United Kingdom,16.84,4,3
22440,Denmark,16.8,40,1
15034,Norway,16.8,120,2
85195,Cyprus,16.8,8,1
72753A,Greece,16.8,8,1
44089A,United Kingdom,16.8,40,13
17013F,Norway,16.8,56,1
22441,Malta,16.8,8,1
72753B,EIRE,16.8,8,1
72753D,EIRE,16.8,8,1
22441,Germany,16.8,8,1
21314,Switzerland,16.8,8,1
21511,United Kingdom,16.8,40,2
72785A,United Kingdom,16.8,8,4
21713,Spain,16.8,8,1
23506,Iceland,16.8,40,2
22441,Unspecified,16.8,8,1
22441,Cyprus,16.8,8,1
20829,Germany,16.8,8,1
21713,Korea,16.8,8,1
23510,France,16.8,40,2
22955,Portugal,16.8,8,1
84327A,EIRE,16.8,8,2
22441,Netherlands,16.8,8,1
23508,Iceland,16.8,40,2
21314,Germany,16.8,8,1
22441,Austria,16.8,8,1
21314,Singapore,16.8,8,1
21314,France,16.8,8,1
84596B,Belgium,16.8,40,2
23644,United Kingdom,16.65,5,5
23486,Spain,16.65,1,1
84031b,United Kingdom,16.63,1,1
84031a,United Kingdom,16.63,1,1
84450A,United Kingdom,16.62,34,4
23045,Unspecified,16.6,4,1
84997D,Portugal,16.6,4,1
23048,Norway,16.6,4,1
23390,Cyprus,16.6,4,1
23388,EIRE,16.6,4,1
84997D,Singapore,16.6,4,1
23129,Portugal,16.6,4,1
23391,Australia,16.6,4,1
84997C,Singapore,16.6,4,1
23075,Germany,16.6,4,1
84997C,Portugal,16.6,4,1
23254,Channel Islands,16.6,4,1
23255,Unspecified,16.6,4,1
23254,Greece,16.6,4,1
23048,Germany,16.6,4,1
23391,Cyprus,16.6,4,1
23390,Greece,16.6,4,1
23256,Greece,16.6,4,1
23174,Iceland,16.6,4,1
23048,France,16.6,4,1
23390,Austria,16.6,4,1
23390,Switzerland,16.6,4,1
23021,France,16.6,4,1
23140,Austria,16.6,4,1
23445,Sweden,16.6,20,1
23048,Portugal,16.6,4,1
23388,Norway,16.6,4,1
23021,Germany,16.6,4,1
23445,Portugal,16.6,20,1
23389,RSA,16.6,4,1
84997D,Malta,16.6,4,1
23174,Israel,16.6,4,1
23256,Channel Islands,16.6,4,1
23021,EIRE,16.6,4,1
23391,Belgium,16.6,4,1
23254,USA,16.6,4,1
23312,Portugal,16.6,4,1
23129,Switzerland,16.6,4,1
23255,Norway,16.6,4,1
23312,France,16.6,4,1
23021,Cyprus,16.6,4,1
23129,Australia,16.6,4,1
23174,Norway,16.6,4,1
23256,Finland,16.6,4,1
23048,Spain,16.6,4,1
23389,Austria,16.6,4,1
23070,EIRE,16.6,4,1
23075,Channel Islands,16.6,4,1
23390,Norway,16.6,4,1
23389,Greece,16.6,4,1
23255,Malta,16.6,4,1
23256,Malta,16.6,4,1
23130,Italy,16.6,4,1
23129,Austria,16.6,4,1
23254,Norway,16.6,4,1
23174,Portugal,16.6,4,1
23174,USA,16.6,4,1
23174,Canada,16.6,4,1
23391,Hong Kong,16.6,4,1
23256,Singapore,16.6,4,1
23256,USA,16.6,4,1
23255,USA,16.6,4,1
23256,EIRE,16.6,4,1
23312,Italy,16.6,4,1
23254,Malta,16.6,4,1
23445,Switzerland,16.6,20,1
84997D,Unspecified,16.6,4,1
85036a,United Kingdom,16.58,2,1
21402,EIRE,16.56,108,4
22737,Channel Islands,16.5,10,1
23053,Switzerland,16.5,2,1
23181,France,16.5,2,1
20727,Greece,16.5,10,1
20728,Bermuda,16.5,10,1
22384,Bermuda,16.5,10,1
22383,Bermuda,16.5,10,1
20727,United Arab Emirates,16.5,10,1
22951,USA,16.5,30,2
22384,Lebanon,16.5,10,1
22081,Italy,16.5,10,1
22736,Austria,16.5,10,1
22738,Austria,16.5,10,1
21933,Spain,16.5,10,1
21932,Israel,16.5,10,1
23080,Unspecified,16.5,2,1
23081,Unspecified,16.5,2,1
21429,Cyprus,16.5,10,2
23054,Poland,16.5,2,1
23284,Spain,16.5,2,1
21524,USA,16.5,2,1
23053,Australia,16.5,2,1
21100,Switzerland,16.5,10,1
20726,Poland,16.5,10,1
23052,Brazil,16.5,2,1
22384,Unspecified,16.5,10,1
23543,Belgium,16.5,2,1
23209,Italy,16.5,10,1
23681,Germany,16.5,10,1
22737,Switzerland,16.5,10,1
23208,Canada,16.5,10,1
23049,Brazil,16.5,2,1
23050,Brazil,16.5,2,1
22662,Canada,16.5,10,1
23053,Austria,16.5,2,1
23054,Brazil,16.5,2,1
23583,Italy,16.5,10,1
22737,Australia,16.5,10,1
85114A,France,16.5,10,1
23050,Finland,16.5,2,1
23332,France,16.5,10,2
20726,Finland,16.5,10,1
23209,Denmark,16.5,10,1
23209,RSA,16.5,10,1
23207,Denmark,16.5,10,1
22736,Channel Islands,16.5,10,1
22382,Brazil,16.5,10,1
23051,Cyprus,16.5,2,1
20728,Cyprus,16.5,10,1
22652,Switzerland,16.5,10,1
78124,Germany,16.5,6,1
22735,France,16.5,10,1
23542,Cyprus,16.5,2,1
20854,Portugal,16.5,10,1
21935,Finland,16.5,10,1
21934,Spain,16.5,10,1
22079,Italy,16.5,10,1
48188,Portugal,16.5,2,1
21934,Lithuania,16.5,10,1
20727,Bermuda,16.5,10,1
23053,Cyprus,16.5,2,1
48185,Spain,16.5,2,1
23051,Australia,16.5,2,1
22660,Spain,16.5,2,1
22739,Austria,16.5,10,1
20728,Greece,16.5,10,1
20726,Canada,16.5,10,1
23681,Italy,16.5,10,1
21932,Spain,16.5,10,1
22652,Belgium,16.5,10,1
23206,Cyprus,16.5,10,1
23133,Spain,16.5,2,1
23053,Spain,16.5,2,1
22662,Italy,16.5,10,1
22383,United Arab Emirates,16.5,10,1
48194,Belgium,16.5,2,1
20728,United Arab Emirates,16.5,10,1
22652,Unspecified,16.5,10,1
22652,Lebanon,16.5,10,1
23015,France,16.5,2,1
20854,Thailand,16.5,10,1
78124,EIRE,16.5,6,1
23103,France,16.5,10,2
23207,Canada,16.5,10,1
22735,Korea,16.5,10,1
20727,Belgium,16.5,10,1
20727,Lebanon,16.5,10,1
21100,Belgium,16.5,10,1
23181,Finland,16.5,2,1
22739,Switzerland,16.5,10,1
22384,United Arab Emirates,16.5,10,1
23080,Switzerland,16.5,2,1
22662,Brazil,16.5,10,1
21935,Switzerland,16.5,10,1
21431,Cyprus,16.5,10,3
48185,France,16.5,2,1
22690,Portugal,16.5,2,1
84033,Channel Islands,16.5,10,1
23134,Germany,16.5,2,1
84033,Switzerland,16.5,10,1
22382,Bermuda,16.5,10,1
23208,Channel Islands,16.5,10,1
22692,Norway,16.5,2,1
23542,Germany,16.5,2,1
48185,USA,16.5,2,1
22737,USA,16.5,10,1
23081,RSA,16.5,2,1
22080,Belgium,16.5,10,1
84874B,Germany,16.5,10,1
22365,Spain,16.5,2,1
22382,Cyprus,16.5,10,1
23542,France,16.5,2,1
48138,RSA,16.5,2,1
23052,Cyprus,16.5,2,1
22737,Portugal,16.5,10,2
23054,Spain,16.5,2,1
23051,Brazil,16.5,2,1
21934,Germany,16.5,10,1
20728,Hong Kong,16.5,10,1
21100,France,16.5,10,1
22079,Austria,16.5,10,1
22735,Spain,16.5,10,1
23051,Poland,16.5,2,1
84874B,Canada,16.5,10,1
23049,Spain,16.5,2,1
22652,Canada,16.5,10,1
23051,Finland,16.5,2,1
22382,Unspecified,16.5,10,1
22736,Korea,16.5,10,1
22738,Korea,16.5,10,1
23207,Belgium,16.5,10,1
23283,Italy,16.5,2,1
23206,Canada,16.5,10,1
23054,Cyprus,16.5,2,1
22333,Portugal,16.5,10,2
23049,Cyprus,16.5,2,1
23066,Belgium,16.5,2,1
22384,Italy,16.5,10,1
23284,RSA,16.5,2,1
22739,Italy,16.5,10,1
22082,Australia,16.5,10,1
23050,Cyprus,16.5,2,1
21935,Australia,16.5,10,1
23015,Channel Islands,16.5,2,1
23208,Cyprus,16.5,10,1
23053,Brazil,16.5,2,1
22384,Sweden,16.5,10,1
20728,Sweden,16.5,10,1
23050,Austria,16.5,2,1
22735,Austria,16.5,10,1
20727,Denmark,16.5,10,1
22738,Italy,16.5,10,1
21935,Lithuania,16.5,10,1
23209,Israel,16.5,10,1
23207,Channel Islands,16.5,10,1
20857,Germany,16.5,10,1
23052,Australia,16.5,2,1
22739,USA,16.5,10,1
22652,Finland,16.5,10,1
22735,Channel Islands,16.5,10,1
21935,Cyprus,16.5,10,1
22082,Belgium,16.5,10,1
23543,Singapore,16.5,2,1
22382,Austria,16.5,10,1
23491,France,16.5,2,1
23543,EIRE,16.5,2,1
23543,France,16.5,2,1
20857,Thailand,16.5,10,1
22739,Portugal,16.5,10,2
22382,Greece,16.5,10,1
23053,Poland,16.5,2,1
20728,Canada,16.5,10,1
22652,Italy,16.5,10,1
22662,Unspecified,16.5,10,1
22081,Switzerland,16.5,10,1
23206,Hong Kong,16.5,10,1
21934,Norway,16.5,10,1
22652,Hong Kong,16.5,10,1
20725,United Arab Emirates,16.5,10,1
23080,Portugal,16.5,2,1
22382,United Arab Emirates,16.5,10,1
23049,Australia,16.5,2,1
22739,Korea,16.5,10,1
22652,Denmark,16.5,10,1
23208,Spain,16.5,10,1
23206,Finland,16.5,10,1
23049,Israel,16.5,2,1
10124G,United Kingdom,16.38,38,11
84531A,EIRE,16.38,18,2
84531B,EIRE,16.38,18,2
47590A,RSA,16.35,3,1
47590A,Italy,16.35,3,1
47590B,Greece,16.35,3,1
35004C,EIRE,16.35,3,1
47589,Germany,16.35,3,1
47590B,Netherlands,16.35,3,1
47590A,USA,16.35,3,1
47590B,Unspecified,16.35,3,1
47590A,Unspecified,16.35,3,1
47590A,Netherlands,16.35,3,1
35004C,Cyprus,16.35,3,1
47590A,Greece,16.35,3,1
47590B,Italy,16.35,3,1
47590A,Austria,16.35,3,1
21980,Italy,16.32,48,2
23428,EIRE,16.3,2,1
23430,EIRE,16.3,2,1
23428,Germany,16.3,2,1
23410,Germany,16.3,2,1
23430,Germany,16.3,2,1
23429,Germany,16.3,2,1
23429,EIRE,16.3,2,1
22585,Unspecified,16.25,13,2
20676,Portugal,16.25,13,2
21879,France,16.25,25,3
21355,Cyprus,16.25,13,2
85049A,Spain,16.25,13,2
21356,Cyprus,16.25,13,2
22093,France,16.25,13,2
22494,Cyprus,16.25,13,2
22097,France,16.25,13,2
85049H,France,16.25,13,2
85160b,United Kingdom,16.13,1,1
47503J ,United Kingdom,16.13,1,1
90102,United Kingdom,16.11,19,4
22393,Spain,16.08,8,2
16045,EIRE,16.0,400,4
62074B,United Kingdom,15.96,38,13
22606,Netherlands,15.95,1,1
84824,Unspecified,15.95,1,1
85068,Portugal,15.9,2,1
48188,Italy,15.9,2,1
21765,EIRE,15.9,2,1
22365,Italy,15.9,2,1
82486,Austria,15.9,2,1
23283,Cyprus,15.9,2,1
48185,Austria,15.9,2,1
15058B,Germany,15.9,2,1
22283,Malta,15.9,2,1
84600,Germany,15.9,2,1
20749,Lebanon,15.9,2,1
22414,Greece,15.9,2,1
22660,Greece,15.9,2,1
85027L,Greece,15.9,2,1
21765,France,15.9,2,1
22365,Norway,15.9,2,1
22687,Malta,15.9,2,1
22692,Cyprus,15.9,2,1
48116,Unspecified,15.9,2,1
15058A,Sweden,15.9,2,1
21922,Spain,15.9,2,1
82484,Portugal,15.9,2,1
85048,Spain,15.9,2,1
22442,Italy,15.9,2,1
22689,Portugal,15.9,2,1
21923,Finland,15.9,2,1
21524,Portugal,15.9,2,1
22841,Spain,15.9,2,2
22366,Poland,15.9,2,1
22687,Sweden,15.9,2,1
82484,Norway,15.9,2,1
22690,Cyprus,15.9,2,1
48194,Cyprus,15.9,2,1
21257,Belgium,15.9,2,1
21257,Unspecified,15.9,2,1
22794,Germany,15.9,2,1
22794,France,15.9,2,1
84562A,Portugal,15.9,2,2
21257,Cyprus,15.9,2,1
21527,Malta,15.9,2,1
22442,France,15.9,2,1
21922,Australia,15.9,2,1
21527,Italy,15.9,2,1
22660,Netherlands,15.9,2,1
22841,Cyprus,15.9,2,1
22414,Belgium,15.9,2,1
48187,Netherlands,15.9,2,1
48185,Netherlands,15.9,2,1
85135C,France,15.9,2,1
21765,Malta,15.9,2,1
22283,Germany,15.9,2,1
85027L,Spain,15.9,2,1
85142,Spain,15.9,2,1
22689,Malta,15.9,2,1
22841,Unspecified,15.9,2,1
85027L,Belgium,15.9,2,1
85068,Italy,15.9,2,1
21923,Germany,15.9,2,1
22687,Germany,15.9,2,1
82484,Poland,15.9,2,1
21922,Finland,15.9,2,1
84562A,Spain,15.9,2,1
21527,Greece,15.9,2,1
21923,Unspecified,15.9,2,1
84795D,France,15.9,2,1
15058B,Austria,15.9,2,1
84564,Germany,15.9,2,1
84562A,Cyprus,15.9,2,1
44230,Germany,15.9,2,1
22794,Cyprus,15.9,2,1
21922,Norway,15.9,2,1
23284,Finland,15.9,2,1
22794,Belgium,15.9,2,1
85068,Switzerland,15.9,2,1
85136C,Germany,15.9,2,1
82484,Switzerland,15.9,2,1
21257,France,15.9,2,1
48111,Italy,15.9,2,1
22442,Unspecified,15.9,2,1
15058B,Australia,15.9,2,1
20750,Norway,15.9,2,1
21257,Portugal,15.9,2,1
85030,Greece,15.9,2,1
22443,France,15.9,2,1
22691,Switzerland,15.9,2,1
21524,Netherlands,15.9,2,1
84795C,France,15.9,2,1
20749,Thailand,15.9,2,1
22687,Switzerland,15.9,2,1
84630,United Kingdom,15.9,2,1
20750,USA,15.9,2,1
84680,EIRE,15.9,2,1
85136A,Germany,15.9,2,1
22283,Greece,15.9,2,1
15058B,Spain,15.9,2,1
82484,Spain,15.9,2,1
21922,Germany,15.9,2,1
48188,Austria,15.9,2,1
21257,Norway,15.9,2,1
85068,Belgium,15.9,2,1
21527,Unspecified,15.9,2,1
22691,Unspecified,15.9,2,1
22443,Malta,15.9,2,1
21924,Finland,15.9,2,1
22840,Belgium,15.9,2,1
48173C,Greece,15.9,2,1
22841,Italy,15.9,2,1
22690,Finland,15.9,2,1
84562A,Greece,15.9,2,1
84600,Bahrain,15.9,2,1
22840,Cyprus,15.9,2,1
22414,Finland,15.9,2,1
22414,Norway,15.9,2,1
85030,Spain,15.9,2,1
84690,EIRE,15.9,2,1
84795A,France,15.9,2,1
85116,Spain,15.85,11,2
22722,Channel Islands,15.8,4,1
22722,Israel,15.8,4,1
21658,Cyprus,15.8,4,1
21658,Spain,15.8,4,1
22723,Spain,15.8,4,1
22114,Unspecified,15.8,4,1
23012,Belgium,15.8,4,1
23012,Spain,15.8,4,1
23012,Cyprus,15.8,4,1
22722,Cyprus,15.8,4,1
22189,Italy,15.8,4,1
23014,USA,15.8,4,1
23013,Portugal,15.8,4,1
23014,Germany,15.8,4,1
21658,Channel Islands,15.8,4,1
22722,European Community,15.8,4,1
21658,Denmark,15.8,4,1
23012,Germany,15.8,4,1
23013,Belgium,15.8,4,1
22723,Malta,15.8,4,1
23013,Cyprus,15.8,4,1
22722,Portugal,15.8,4,2
22723,Norway,15.8,4,1
22114,Singapore,15.8,4,1
21658,Italy,15.8,4,1
23092,Spain,15.8,2,1
22114,Malta,15.8,4,1
21488,Sweden,15.8,4,1
22114,Finland,15.8,4,1
23479,France,15.7,2,1
23479,Norway,15.7,2,1
35932,United Kingdom,15.63,37,10
20975,Czech Republic,15.6,24,1
22266,Greece,15.6,24,1
21086,Singapore,15.6,24,1
20975,Lithuania,15.6,24,1
21884,Belgium,15.6,24,2
22265,Netherlands,15.6,24,1
84932D,Spain,15.6,8,1
84932A,Germany,15.6,8,1
84932A,Portugal,15.6,8,1
72750D,EIRE,15.6,8,1
47591D,Canada,15.6,8,1
22161,France,15.6,24,1
85217,Switzerland,15.6,24,1
20976,France,15.6,24,1
85216,Germany,15.6,24,2
84615,Austria,15.6,8,1
22367,Bermuda,15.6,8,1
85216,Sweden,15.6,24,2
21128,Portugal,15.6,8,1
20975,Unspecified,15.6,24,1
35598D,Switzerland,15.6,24,1
22877,Finland,15.6,8,1
22873,Finland,15.6,8,1
84950,France,15.6,24,2
22227,Greece,15.6,24,1
84950,Portugal,15.6,24,1
17011F,France,15.6,24,1
20705,Germany,15.6,8,1
85217,Bermuda,15.6,24,1
20991,Channel Islands,15.6,24,1
22439,Sweden,15.6,24,1
84932C,Germany,15.6,8,1
84932C,Portugal,15.6,8,1
23453,Belgium,15.6,8,1
22575,West Indies,15.6,8,1
21383,Germany,15.6,24,2
21881,Belgium,15.6,24,2
84673B,Finland,15.6,24,1
85095,Cyprus,15.6,8,1
21902,Unspecified,15.6,24,1
22875,Finland,15.6,8,1
22422,Iceland,15.6,24,2
21650,Portugal,15.6,24,1
85015,Denmark,15.6,24,1
22874,Finland,15.6,8,1
23579,France,15.6,8,1
22872,Finland,15.6,8,1
21156,Italy,15.6,8,1
20975,Switzerland,15.6,24,1
85199L,Belgium,15.6,24,1
21881,Spain,15.6,24,2
22898,Poland,15.6,8,1
22337,United Arab Emirates,15.6,24,1
84932C,EIRE,15.6,8,1
22338,United Arab Emirates,15.6,24,1
21987,Denmark,15.6,24,1
22439,Germany,15.6,24,1
47591D,RSA,15.6,8,1
22335,United Arab Emirates,15.6,24,1
23576,France,15.6,8,1
22336,United Arab Emirates,15.6,24,1
22339,United Arab Emirates,15.6,24,1
22337,Austria,15.6,24,1
20974,RSA,15.6,24,1
22367,United Arab Emirates,15.6,8,1
35598B,Denmark,15.6,24,1
20975,Australia,15.6,24,1
22898,Norway,15.6,8,1
85199L,Portugal,15.6,24,1
85095,France,15.6,8,1
22921,EIRE,15.6,24,2
23578,France,15.6,8,1
23576,Belgium,15.6,8,1
23453,EIRE,15.6,8,1
47591C,Bermuda,15.6,8,1
20975,Italy,15.6,24,1
22161,Switzerland,15.6,24,1
84932C,Spain,15.6,8,1
85015,Israel,15.6,24,1
21880,Finland,15.6,24,1
22876,Finland,15.6,8,1
22439,Lithuania,15.6,24,1
22871,Finland,15.6,8,1
22869,Finland,15.6,8,1
21326,EIRE,15.6,24,2
35471A,EIRE,15.6,24,1
84212,Spain,15.6,24,1
22575,Cyprus,15.6,8,1
20974,Switzerland,15.6,24,1
22575,Spain,15.6,8,1
22820,France,15.6,24,1
23453,France,15.6,8,1
35598B,Switzerland,15.6,24,1
22337,Norway,15.6,24,1
47591D,United Arab Emirates,15.6,8,1
35598D,EIRE,15.6,24,1
22898,Australia,15.6,8,1
23578,Germany,15.6,8,1
47471,Germany,15.6,24,1
21156,Australia,15.6,8,1
20975,Finland,15.6,24,1
22898,Austria,15.6,8,1
22789,EIRE,15.6,8,1
84750B,Spain,15.6,8,1
20973,Austria,15.6,24,1
84673A,EIRE,15.6,24,1
23580,France,15.6,8,1
47591D,Australia,15.6,8,1
85217,Sweden,15.6,24,2
21987,Switzerland,15.6,24,2
22367,Italy,15.6,8,1
35598D,Canada,15.6,24,1
22227,EIRE,15.6,24,1
22916,EIRE,15.6,24,2
22319,Belgium,15.6,24,2
21085,Switzerland,15.6,24,1
21099,France,15.6,24,1
23453,Portugal,15.6,8,1
22336,Poland,15.6,24,1
72750C,Greece,15.6,8,1
84932B,Netherlands,15.6,8,1
85095,Portugal,15.6,8,1
21899,Finland,15.6,24,1
22319,Australia,15.6,24,1
21085,Belgium,15.6,24,2
84932C,Greece,15.6,8,1
84750A,EIRE,15.6,8,1
21156,Bermuda,15.6,8,1
84932D,Portugal,15.6,8,1
23575,France,15.6,8,1
71496A,Portugal,15.6,24,2
20973,Belgium,15.6,24,1
20974,Belgium,15.6,24,1
20705,Cyprus,15.6,8,1
22919,EIRE,15.6,24,2
22696,Spain,15.6,8,2
22336,France,15.6,24,1
22870,Finland,15.6,8,1
22338,Singapore,15.6,24,1
22868,Finland,15.6,8,1
22575,Greece,15.6,8,1
85078,Netherlands,15.6,24,1
21987,Spain,15.6,24,2
22367,Korea,15.6,8,1
21880,Portugal,15.6,24,2
21156,Lithuania,15.6,8,1
20974,Lithuania,15.6,24,1
20973,Lithuania,15.6,24,1
85217,Italy,15.6,24,1
20974,Czech Republic,15.6,24,1
84212,United Arab Emirates,15.6,24,1
22335,Singapore,15.6,24,1
47591C,United Arab Emirates,15.6,8,1
20704,Cyprus,15.6,8,1
22434,Netherlands,15.6,8,1
21666,Germany,15.6,24,2
84932B,Greece,15.6,8,1
85015,Belgium,15.6,24,1
20973,Unspecified,15.6,24,1
85215,Spain,15.6,24,2
21902,Finland,15.6,24,1
84912a,United Kingdom,15.56,2,1
72586,France,15.54,37,2
21560,United Kingdom,15.44,4,4
21853,United Kingdom,15.4,3,3
21531,Unspecified,15.3,6,1
17012C,EIRE,15.3,6,1
62094B,Austria,15.3,6,1
21535,Malta,15.3,6,1
22637,Greece,15.3,6,1
21561,Cyprus,15.3,6,1
84347,Greece,15.3,6,1
22276,Finland,15.3,6,1
84584,Finland,15.3,6,1
21040,Italy,15.3,6,1
84818,Cyprus,15.3,6,1
22304,Channel Islands,15.3,6,1
82482,Portugal,15.3,6,1
90076,EIRE,15.3,6,1
22352,United Arab Emirates,15.3,6,1
21039,Cyprus,15.3,6,1
37479B,Bahrain,15.3,6,1
21531,Cyprus,15.3,6,1
21555,Canada,15.3,6,1
37482B,EIRE,15.3,6,1
85016,Channel Islands,15.3,6,1
85124A,Unspecified,15.3,6,1
22589,Singapore,15.3,6,1
22937,Belgium,15.3,6,1
84818,Bahrain,15.3,6,1
21535,Finland,15.3,6,1
37481,United Kingdom,15.3,6,1
84925F,EIRE,15.3,6,1
90114,Switzerland,15.3,6,1
90098,Germany,15.3,6,1
23311,Norway,15.3,6,1
22582,Sweden,15.3,6,1
21278,Cyprus,15.3,6,1
90037C,EIRE,15.3,6,1
22604,Unspecified,15.3,6,3
22389,Spain,15.3,6,1
22604,Japan,15.3,6,1
22588,Poland,15.3,6,1
22931,Norway,15.3,6,1
82095,EIRE,15.3,2,1
22641,Belgium,15.3,6,1
90119,Japan,15.3,6,1
22305,Unspecified,15.3,6,1
84951A,Netherlands,15.3,6,1
17181,France,15.3,6,1
20983,Israel,15.3,18,1
22583,Portugal,15.3,6,1
22970,USA,15.3,6,1
22638,Channel Islands,15.3,6,1
20770,Belgium,15.3,6,1
22041,Austria,15.3,6,1
72800B,EIRE,15.3,6,1
22353,Hong Kong,15.3,6,1
22352,Cyprus,15.3,6,1
22353,Italy,15.3,6,1
84951B,Netherlands,15.3,6,1
84508B,Germany,15.3,6,1
21842,Germany,15.3,6,1
22276,Canada,15.3,6,1
22304,Belgium,15.3,6,1
84818,United Arab Emirates,15.3,6,1
20699,Netherlands,15.3,6,1
21281,Greece,15.3,6,1
21280,Greece,15.3,6,1
21279,Greece,15.3,6,1
21278,Greece,15.3,6,1
22971,Italy,15.3,6,1
22300,USA,15.3,6,1
21279,Israel,15.3,6,1
85015,Malta,15.3,6,1
21280,Israel,15.3,6,1
23311,USA,15.3,6,1
22467,RSA,15.3,6,1
72800D,France,15.3,6,1
85018D,Portugal,15.3,6,1
22276,Sweden,15.3,6,1
22588,Sweden,15.3,6,1
21531,Austria,15.3,6,1
21040,EIRE,15.3,6,1
22642,Channel Islands,15.3,6,1
84584,Portugal,15.3,6,1
90037B,Germany,15.3,6,1
22394,Portugal,15.3,6,1
23311,Sweden,15.3,6,1
84661A,Malta,15.3,6,1
21555,Malta,15.3,6,1
22301,Belgium,15.3,6,1
22467,Poland,15.3,6,1
22584,Switzerland,15.3,6,1
85173,Belgium,15.3,6,1
84931B,Germany,15.3,6,1
22734,Finland,15.3,6,1
20699,Belgium,15.3,6,1
21561,United Arab Emirates,15.3,6,1
22931,Sweden,15.3,6,1
90114,Japan,15.3,6,1
23311,Singapore,15.3,6,1
21039,Australia,15.3,6,1
85016,Cyprus,15.3,6,1
90037B,EIRE,15.3,6,1
20699,Spain,15.3,6,1
22930,Switzerland,15.3,6,1
84584,France,15.3,6,1
85016,Bahrain,15.3,6,1
47580,Germany,15.3,6,1
22305,Channel Islands,15.3,6,1
22931,France,15.3,6,1
22582,Italy,15.3,6,1
21535,USA,15.3,6,1
17107D,Austria,15.3,6,1
37479P,Malta,15.3,6,1
84818,Channel Islands,15.3,6,1
72819,France,15.3,6,1
22301,Netherlands,15.3,6,1
21371,Hong Kong,15.3,6,1
22276,Thailand,15.3,6,1
22304,Unspecified,15.3,6,1
22589,Greece,15.3,6,1
22350,Channel Islands,15.3,6,1
20699,Portugal,15.3,6,1
85150,Cyprus,15.3,6,1
47580,Cyprus,15.3,6,1
22395,Finland,15.3,6,1
17012A,EIRE,15.3,6,1
22896,Channel Islands,15.3,6,1
21559,Sweden,15.3,6,1
21535,Unspecified,15.3,6,1
22639,Germany,15.3,6,1
22583,Austria,15.3,6,1
85015,Switzerland,15.3,6,1
21040,Cyprus,15.3,6,1
21278,Italy,15.3,6,1
22309,USA,15.3,6,1
84671B,France,15.3,6,1
85016,Germany,15.3,6,1
22583,Greece,15.3,6,1
22583,Channel Islands,15.3,6,1
22932,Norway,15.3,6,1
20770,EIRE,15.3,6,1
22937,Norway,15.3,6,1
22971,Switzerland,15.3,6,1
22214,Belgium,15.3,6,1
20828,Netherlands,15.3,6,1
20772,Spain,15.3,6,1
85124B,EIRE,15.3,6,1
22304,Thailand,15.3,6,1
62094B,EIRE,15.3,6,1
85016,Sweden,15.3,6,1
18096C,EIRE,15.3,6,1
21418,Channel Islands,15.3,6,1
85150,Lebanon,15.3,6,1
90103,EIRE,15.3,6,1
47580,Belgium,15.3,6,1
21102,Bahrain,15.3,6,1
84661B,Malta,15.3,6,1
85124C,Malta,15.3,6,1
22353,United Arab Emirates,15.3,6,1
85015,Channel Islands,15.3,6,1
21561,Italy,15.3,6,1
22967,Japan,15.3,6,1
85016,France,15.3,6,1
17012E,EIRE,15.3,6,1
37482P,Portugal,15.3,6,1
22276,Bahrain,15.3,6,1
85015,Australia,15.3,6,1
82482,Channel Islands,15.3,6,1
22582,Australia,15.3,6,1
22582,United Arab Emirates,15.3,6,1
21155,Austria,15.3,6,1
22613,Portugal,15.3,18,2
62094B,Germany,15.3,6,1
21555,Switzerland,15.3,6,1
22110,Belgium,15.3,6,1
84678,Spain,15.3,6,1
21558,USA,15.3,6,1
37479B,Malta,15.3,6,1
90115,Japan,15.3,6,1
21531,Malta,15.3,6,1
22896,Switzerland,15.3,6,1
21558,EIRE,15.3,6,1
22308,USA,15.3,6,1
84931A,France,15.3,6,1
23311,Channel Islands,15.3,6,1
22302,Italy,15.3,6,1
21281,Germany,15.3,6,1
84678,Greece,15.3,6,1
82095,Belgium,15.3,2,1
72800B,Switzerland,15.3,6,1
72800E,Switzerland,15.3,6,1
84464,Germany,15.3,6,1
47580,Switzerland,15.3,6,1
22219,Spain,15.3,18,3
85015,Bahrain,15.3,6,1
85023B,Canada,15.3,6,1
22309,Finland,15.3,6,1
84347,Norway,15.3,6,1
22932,Sweden,15.3,6,1
85015,Netherlands,15.3,6,1
22041,Germany,15.3,6,1
90174,EIRE,15.3,6,1
90169,EIRE,15.3,6,1
90208,EIRE,15.3,6,1
21278,Germany,15.3,6,1
90118,EIRE,15.3,6,1
82095,Netherlands,15.3,2,1
21556,Belgium,15.3,6,1
84584,Israel,15.3,6,1
21278,Sweden,15.3,6,1
22582,Cyprus,15.3,6,1
22638,Germany,15.3,6,1
22640,Germany,15.3,6,1
22604,Germany,15.3,6,1
21559,Italy,15.3,6,1
82482,Lebanon,15.3,6,1
20801,Spain,15.3,6,1
22896,Cyprus,15.3,6,1
22582,Belgium,15.3,6,1
22937,Sweden,15.3,6,1
84347,Finland,15.3,6,1
22970,Belgium,15.3,6,1
84931A,EIRE,15.3,6,1
20767,France,15.3,6,1
22971,Belgium,15.3,6,1
22583,Unspecified,15.3,6,1
82482,Unspecified,15.3,6,1
22582,Unspecified,15.3,6,1
37482P,Malta,15.3,6,1
21559,Finland,15.3,6,1
22924,Unspecified,15.3,18,2
84659A,Belgium,15.3,6,1
22276,Channel Islands,15.3,6,1
22582,Spain,15.3,6,1
22390,Switzerland,15.3,6,1
22353,Spain,15.3,6,1
84659A,Unspecified,15.3,6,1
22308,Norway,15.3,6,1
22931,Channel Islands,15.3,6,1
85015,Cyprus,15.3,6,1
17012C,Unspecified,15.3,6,1
17012F,Unspecified,15.3,6,1
90208,France,15.3,6,1
22391,Germany,15.3,6,1
20893,EIRE,15.3,6,1
22638,EIRE,15.3,6,1
22276,Greece,15.3,6,1
22588,Austria,15.3,6,1
47580,Iceland,15.3,6,1
22781,EIRE,15.3,2,1
72800F,Portugal,15.3,6,1
84507C,Germany,15.3,6,1
72819,Iceland,15.3,6,1
22309,Norway,15.3,6,1
22214,United Arab Emirates,15.3,6,1
21556,Spain,15.3,6,1
22305,Thailand,15.3,6,1
85015,Spain,15.3,6,1
85023B,Portugal,15.3,6,1
22395,France,15.3,6,1
84818,Portugal,15.3,6,1
85124A,EIRE,15.3,6,1
22350,Lebanon,15.3,6,1
47580,Greece,15.3,6,1
22970,Spain,15.3,6,1
72800A,France,15.3,6,1
22099,France,15.29,37,2
85017B,Finland,15.24,24,2
84509e,United Kingdom,15.24,2,1
85124c,United Kingdom,15.18,3,2
21829,United Arab Emirates,15.12,72,2
21801,Greece,15.12,36,1
21802,Greece,15.12,36,1
22421,Spain,15.12,36,2
84247L,France,15.12,36,3
22023,Spain,15.12,36,3
22035,EIRE,15.12,36,3
23310,Spain,15.12,36,1
23310,Unspecified,15.12,36,1
22035,Germany,15.12,36,3
21807,Switzerland,15.12,36,1
16258A,Norway,15.12,36,1
22421,Netherlands,15.12,36,3
17084R,France,15.12,72,1
21518,EIRE,15.12,36,3
22814,Switzerland,15.12,36,2
21805,Switzerland,15.12,36,1
21508,France,15.12,36,3
72586,Sweden,15.12,36,1
21803,Greece,15.12,36,1
23310,Switzerland,15.12,36,1
72586,EIRE,15.12,36,1
72008,Unspecified,15.12,36,1
22094,Finland,15.12,36,1
22030,Switzerland,15.12,36,2
22023,Switzerland,15.12,36,2
16258A,France,15.12,36,1
22026,France,15.12,36,2
16051,United Arab Emirates,15.12,36,1
22027,Portugal,15.12,36,3
21508,Belgium,15.12,36,3
72008,EIRE,15.12,36,3
22026,Spain,15.12,36,3
21801,Germany,15.12,36,1
22815,EIRE,15.12,36,2
21519,Germany,15.12,36,3
22819,France,15.12,36,2
22818,Austria,15.12,36,3
22716,Belgium,15.12,36,3
23310,Norway,15.12,36,1
17003,Austria,15.12,72,2
21703,Belgium,15.12,36,2
22816,Spain,15.12,36,2
22030,Germany,15.12,36,2
21806,France,15.12,36,1
21807,Poland,15.12,36,1
84228,Germany,15.12,36,2
22715,France,15.12,36,3
22134,Italy,15.12,36,2
47503A,Spain,15.12,36,2
21803,France,15.12,36,1
22032,EIRE,15.12,36,3
22419,Spain,15.12,36,2
22716,Austria,15.12,36,3
21703,Spain,15.12,36,3
21803,Germany,15.12,36,1
22712,Portugal,15.12,36,3
21805,EIRE,15.12,36,1
22816,Belgium,15.12,36,3
22023,France,15.12,36,3
m,United Kingdom,15.05,5,5
84569D,Poland,15.0,12,1
20818,Cyprus,15.0,4,1
22482,Unspecified,15.0,12,1
22481,Unspecified,15.0,12,1
22480,Unspecified,15.0,12,1
85200,Greece,15.0,12,1
20867,Channel Islands,15.0,12,1
85049F,Portugal,15.0,12,1
22511,Netherlands,15.0,4,1
22410,Channel Islands,15.0,12,1
21888,Channel Islands,15.0,4,1
22402,Denmark,15.0,12,1
22315,Channel Islands,15.0,12,1
22570,Channel Islands,15.0,4,1
22675,Channel Islands,15.0,12,1
21232,Greece,15.0,12,1
21457,Malta,15.0,12,1
72816,France,15.0,12,1
21811,Greece,15.0,12,1
22107,Greece,15.0,4,1
85129C,Cyprus,15.0,12,1
21396,Cyprus,15.0,12,1
84924A,Greece,15.0,4,1
21231,Greece,15.0,12,1
90144,EIRE,15.0,4,1
21873,Malta,15.0,12,1
85131A,France,15.0,12,1
35816P,Italy,15.0,12,1
22585,Cyprus,15.0,12,1
22570,Switzerland,15.0,4,1
22178,Cyprus,15.0,12,1
84569D,Finland,15.0,12,1
22097,Cyprus,15.0,12,1
22270,Finland,15.0,4,1
21745,Portugal,15.0,4,1
22774,Germany,15.0,12,1
22400,Spain,15.0,12,1
22750,Portugal,15.0,4,1
22751,Portugal,15.0,4,1
21357,France,15.0,12,1
20943,Malta,15.0,12,1
21866,Belgium,15.0,12,1
84581,Belgium,15.0,4,1
22494,Singapore,15.0,12,1
22982,Poland,15.0,12,1
21354,USA,15.0,12,1
84580,Hong Kong,15.0,4,1
22559,Unspecified,15.0,12,1
21914,Unspecified,15.0,12,1
21615,Denmark,15.0,12,1
23437,France,15.0,12,1
47504E,Poland,15.0,12,1
21949,United Arab Emirates,15.0,12,1
21444,Belgium,15.0,4,1
22559,Belgium,15.0,12,1
84569A,Unspecified,15.0,12,1
85049D,Cyprus,15.0,12,1
84569B,Unspecified,15.0,12,1
22098,Finland,15.0,12,1
22528,Finland,15.0,12,1
47503E,France,15.0,12,1
46000U,France,15.0,12,3
84029G,Sweden,15.0,4,1
20985,Italy,15.0,12,1
21098,Australia,15.0,12,1
22398,Australia,15.0,12,1
22585,Belgium,15.0,12,1
37495,United Arab Emirates,15.0,4,1
84569B,Netherlands,15.0,12,1
21828,EIRE,15.0,12,1
22410,Switzerland,15.0,12,1
22407,Switzerland,15.0,12,1
22548,Singapore,15.0,12,1
22670,Channel Islands,15.0,12,1
84912B,Israel,15.0,4,1
84912A,Israel,15.0,4,1
23166,Israel,15.0,12,1
21791,Israel,15.0,12,1
23346,Israel,15.0,12,1
22728,Israel,15.0,4,1
23350,Channel Islands,15.0,12,1
20847,Channel Islands,15.0,4,1
37370,Bahrain,15.0,12,1
47585A,Portugal,15.0,4,1
22592,Singapore,15.0,4,1
21357,Singapore,15.0,12,1
23264,Poland,15.0,12,1
23265,Poland,15.0,12,1
23395,Australia,15.0,4,1
23160,France,15.0,12,1
22253,Belgium,15.0,12,1
21947,Belgium,15.0,12,1
23483,Germany,15.0,12,1
84509A,USA,15.0,4,1
22204,USA,15.0,4,1
22217,Portugal,15.0,12,1
21836,EIRE,15.0,4,1
21714,Germany,15.0,12,1
21357,EIRE,15.0,12,1
22976,EIRE,15.0,12,1
22619,Finland,15.0,4,1
20869,Lithuania,15.0,12,1
82551,Finland,15.0,12,1
21356,Switzerland,15.0,12,1
84946,Singapore,15.0,12,1
20972,Portugal,15.0,12,1
72816,Sweden,15.0,12,1
22620,Sweden,15.0,12,1
21067,Sweden,15.0,12,1
72817,Sweden,15.0,12,1
22096,Sweden,15.0,12,1
21445,Sweden,15.0,12,1
22801,Belgium,15.0,4,1
22108,Switzerland,15.0,4,1
22091,Germany,15.0,12,1
22098,Italy,15.0,12,1
15060B,Italy,15.0,4,1
23136,Channel Islands,15.0,4,1
22202,Singapore,15.0,4,1
84509B,Portugal,15.0,4,1
21126,Switzerland,15.0,12,1
21912,Cyprus,15.0,4,1
21358,Netherlands,15.0,12,1
23382,Austria,15.0,4,1
22775,Switzerland,15.0,12,1
23393,Switzerland,15.0,4,1
23395,Switzerland,15.0,4,1
20654,Spain,15.0,12,1
20652,Spain,15.0,12,1
23161,Spain,15.0,12,1
23333,Norway,15.0,12,1
23570,Belgium,15.0,12,1
23162,Cyprus,15.0,4,1
85221,Germany,15.0,12,1
22749,Israel,15.0,4,1
20766,Belgium,15.0,4,1
85178,Iceland,15.0,12,1
21447,Malta,15.0,12,1
20971,Australia,15.0,12,1
84279B,Spain,15.0,4,1
22508,France,15.0,4,1
23252,Portugal,15.0,4,1
72814,Norway,15.0,4,1
22982,Denmark,15.0,12,1
23570,Unspecified,15.0,12,1
22727,Cyprus,15.0,4,1
22409,Singapore,15.0,12,1
22749,Switzerland,15.0,4,1
20967,Netherlands,15.0,4,1
21992,Australia,15.0,12,1
22562,Spain,15.0,12,1
84509B,France,15.0,4,1
23346,Austria,15.0,12,1
90128A,Japan,15.0,12,1
90128C,Japan,15.0,12,1
22729,Canada,15.0,4,1
23502,Germany,15.0,12,1
84581,Cyprus,15.0,4,3
84509F,France,15.0,4,1
23267,Spain,15.0,12,1
23267,Belgium,15.0,12,1
21948,Cyprus,15.0,12,1
20819,Hong Kong,15.0,4,1
22805,EIRE,15.0,12,1
20941,Spain,15.0,12,1
22525,Austria,15.0,12,1
71270,Spain,15.0,12,1
90013C,EIRE,15.0,4,1
85049D,Japan,15.0,12,1
21673,France,15.0,12,1
23100,Australia,15.0,12,1
21888,United Arab Emirates,15.0,4,1
23250,Australia,15.0,12,1
84569D,Italy,15.0,12,1
21870,Germany,15.0,12,1
22726,Cyprus,15.0,4,1
21357,Germany,15.0,12,1
20654,Netherlands,15.0,12,1
22410,Greece,15.0,12,1
23263,Austria,15.0,12,1
23250,Austria,15.0,12,1
22178,Unspecified,15.0,12,1
21836,Germany,15.0,4,1
84509A,Thailand,15.0,4,1
85049G,Thailand,15.0,12,1
85049F,Thailand,15.0,12,1
85169A,Germany,15.0,12,1
85049B,Thailand,15.0,12,1
22279,Austria,15.0,12,1
23480,Spain,15.0,4,1
85049H,Bahrain,15.0,12,1
23566,Belgium,15.0,12,1
22127,RSA,15.0,12,1
71053,Bahrain,15.0,4,1
85049D,Bahrain,15.0,12,1
21714,Korea,15.0,12,1
21355,Channel Islands,15.0,12,1
22751,Sweden,15.0,4,1
22258,Germany,15.0,12,1
22982,Italy,15.0,12,1
47585A,EIRE,15.0,4,1
84569B,Belgium,15.0,12,1
23345,Cyprus,15.0,12,1
84569A,Belgium,15.0,12,1
23152,Austria,15.0,4,1
22892,Norway,15.0,12,1
21915,Austria,15.0,12,1
21231,Austria,15.0,12,1
22800,Switzerland,15.0,4,1
85169A,France,15.0,12,1
22775,Channel Islands,15.0,12,1
22774,France,15.0,12,1
20846,Netherlands,15.0,12,1
23483,France,15.0,12,1
20654,Cyprus,15.0,12,1
20971,United Arab Emirates,15.0,12,1
22548,Germany,15.0,12,1
84509E,Germany,15.0,4,1
21947,Cyprus,15.0,12,1
21891,Netherlands,15.0,12,1
23264,Finland,15.0,12,1
22791,Germany,15.0,12,1
23351,Switzerland,15.0,12,1
22254,Switzerland,15.0,12,1
23502,EIRE,15.0,12,1
22203,Italy,15.0,4,1
23449,United Kingdom,15.0,12,1
21070,Germany,15.0,12,1
21687,Germany,15.0,4,1
90128B,Japan,15.0,12,1
20972,Sweden,15.0,12,1
23564,Norway,15.0,12,1
20669,Netherlands,15.0,12,1
22315,Switzerland,15.0,12,1
20700,Norway,15.0,4,1
22728,Channel Islands,15.0,4,1
22508,Canada,15.0,4,1
21791,Austria,15.0,12,1
23503,Cyprus,15.0,12,1
22252,Spain,15.0,12,1
22775,Austria,15.0,12,1
84378,Poland,15.0,12,1
85169A,EIRE,15.0,12,1
47585A,France,15.0,4,1
23393,Channel Islands,15.0,4,1
84763,EIRE,15.0,12,1
21446,Malta,15.0,12,1
84946,Canada,15.0,12,1
90003C,EIRE,15.0,4,1
21671,Sweden,15.0,12,1
23438,Switzerland,15.0,12,1
22619,RSA,15.0,4,1
23477,Switzerland,15.0,12,1
90013D,EIRE,15.0,4,1
21871,Australia,15.0,12,1
21871,Greece,15.0,12,1
22513,Greece,15.0,4,1
22673,Greece,15.0,12,1
22855,Greece,15.0,12,1
84660B,Greece,15.0,4,1
21888,Spain,15.0,4,1
22758,Germany,15.0,12,1
72815,Italy,15.0,4,1
21791,Czech Republic,15.0,12,1
72801D,Finland,15.0,12,1
85093,Netherlands,15.0,12,1
47504G,Portugal,15.0,12,1
40046A,France,15.0,12,1
23183,Spain,15.0,4,1
22993,Singapore,15.0,12,1
22982,Singapore,15.0,12,1
84569D,Germany,15.0,12,1
22494,Brazil,15.0,12,1
85049F,Poland,15.0,12,1
22128,Channel Islands,15.0,12,1
23478,France,15.0,12,1
23476,France,15.0,12,1
84597B,Switzerland,15.0,12,1
84279B,Switzerland,15.0,4,1
21872,Germany,15.0,12,1
22253,Austria,15.0,12,1
22093,Netherlands,15.0,12,1
84569C,Italy,15.0,12,1
84378,Sweden,15.0,12,1
20819,EIRE,15.0,4,1
84683,France,15.0,12,1
21913,Netherlands,15.0,4,1
82552,Cyprus,15.0,12,1
22256,Greece,15.0,12,1
85049C,Cyprus,15.0,12,1
22524,Finland,15.0,12,1
20707,Australia,15.0,12,1
20970,France,15.0,4,1
22267,Greece,15.0,12,1
22347,Switzerland,15.0,12,1
21430,Cyprus,15.0,4,1
BANK CHARGES,EIRE,15.0,1,1
21914,Austria,15.0,12,1
21673,Italy,15.0,12,1
22073,Italy,15.0,4,1
84920,Greece,15.0,4,1
21117,Germany,15.0,12,1
72801C,Switzerland,15.0,12,1
22316,EIRE,15.0,12,1
85093,Belgium,15.0,12,1
84920,Australia,15.0,4,1
20653,Germany,15.0,12,1
22107,Bahrain,15.0,4,1
21232,Bahrain,15.0,12,1
21231,Bahrain,15.0,12,1
20659,Bahrain,15.0,12,1
22855,Switzerland,15.0,12,1
21125,Netherlands,15.0,12,1
85129B,Canada,15.0,12,1
22758,Portugal,15.0,12,1
22251,Germany,15.0,12,1
22727,Israel,15.0,4,1
85129A,Netherlands,15.0,12,1
21734,Unspecified,15.0,4,1
22252,Switzerland,15.0,12,1
22596,Norway,15.0,12,1
23219,France,15.0,12,1
21287,Bahrain,15.0,12,1
85049F,RSA,15.0,12,1
23345,Israel,15.0,12,1
23347,Israel,15.0,12,1
23350,Belgium,15.0,12,1
21993,Canada,15.0,12,1
22772,Italy,15.0,12,1
23267,Australia,15.0,12,1
23266,Poland,15.0,12,1
22494,Poland,15.0,12,1
20819,France,15.0,4,1
85178,Spain,15.0,12,1
90003E,EIRE,15.0,4,1
22619,USA,15.0,4,1
22399,USA,15.0,12,1
20972,RSA,15.0,12,1
71270,Austria,15.0,12,1
23100,Cyprus,15.0,12,1
22728,Cyprus,15.0,4,1
85049B,RSA,15.0,12,1
22508,RSA,15.0,4,1
20700,France,15.0,4,1
85178,Belgium,15.0,12,1
85060,Belgium,15.0,12,1
85098B,EIRE,15.0,4,1
85098B,Sweden,15.0,4,1
22612,USA,15.0,4,1
21889,Denmark,15.0,12,1
84877D,Belgium,15.0,4,1
22127,Sweden,15.0,12,1
22127,France,15.0,12,1
85049C,Belgium,15.0,12,1
20943,Sweden,15.0,12,1
22567,Sweden,15.0,12,1
21458,United Arab Emirates,15.0,12,1
22098,Sweden,15.0,12,1
21912,United Arab Emirates,15.0,4,1
22315,Belgium,15.0,12,1
84744,Germany,15.0,12,1
22494,Italy,15.0,12,1
22524,Italy,15.0,12,1
84828,Italy,15.0,12,1
21272,Lebanon,15.0,12,1
22098,Germany,15.0,12,1
21927,Spain,15.0,12,1
22435,Belgium,15.0,12,1
47341B,Germany,15.0,12,1
22147,Channel Islands,15.0,12,1
23565,Belgium,15.0,12,1
85131C,Netherlands,15.0,12,1
21010,EIRE,15.0,12,1
21494,Spain,15.0,12,1
22252,Iceland,15.0,12,1
23503,Iceland,15.0,12,1
84509B,Poland,15.0,4,1
84509A,Poland,15.0,4,1
23264,Portugal,15.0,12,1
22408,Austria,15.0,12,1
21439,Belgium,15.0,12,1
23112,Italy,15.0,2,1
23330,Norway,15.0,12,1
22109,Italy,15.0,4,1
22751,Italy,15.0,4,1
23218,EIRE,15.0,12,1
23504,Italy,15.0,12,1
72739B,EIRE,15.0,12,1
84569B,United Arab Emirates,15.0,12,1
23168,Switzerland,15.0,12,1
23347,Switzerland,15.0,12,1
21874,Channel Islands,15.0,12,1
37495,Netherlands,15.0,4,1
22315,Spain,15.0,12,1
84926C,Cyprus,15.0,12,1
21671,Norway,15.0,12,1
84828,Denmark,15.0,12,1
23161,Greece,15.0,12,1
20701,Norway,15.0,4,1
21068,Switzerland,15.0,12,1
21889,Poland,15.0,12,1
84279P,Norway,15.0,4,1
23252,Norway,15.0,4,1
21673,Norway,15.0,12,1
21894,France,15.0,12,1
22128,Switzerland,15.0,12,1
22127,Portugal,15.0,12,1
23345,Austria,15.0,12,1
84947,Italy,15.0,12,1
21915,Unspecified,15.0,12,1
47585A,Hong Kong,15.0,4,1
22726,Channel Islands,15.0,4,1
21066,EIRE,15.0,12,1
22408,Switzerland,15.0,12,1
22204,Hong Kong,15.0,4,1
22202,Hong Kong,15.0,4,1
21775,Spain,15.0,12,1
20967,Channel Islands,15.0,4,1
23352,Belgium,15.0,12,1
22619,Canada,15.0,4,1
21670,Greece,15.0,12,1
84754,Austria,15.0,12,1
20943,France,15.0,12,1
20986,United Arab Emirates,15.0,12,1
22585,Israel,15.0,12,1
23394,Norway,15.0,4,1
22480,Channel Islands,15.0,12,1
22801,Switzerland,15.0,4,1
22482,Channel Islands,15.0,12,1
22405,Channel Islands,15.0,12,1
22771,Greece,15.0,12,1
22725,Cyprus,15.0,4,1
82001S,Finland,15.0,4,1
23396,Channel Islands,15.0,4,1
22203,Singapore,15.0,4,1
23346,Cyprus,15.0,12,1
20653,Thailand,15.0,12,1
84569A,Switzerland,15.0,12,1
23438,Spain,15.0,12,1
84569D,EIRE,15.0,12,1
21220,Netherlands,15.0,12,2
20658,Poland,15.0,12,1
85049D,Austria,15.0,12,1
20655,EIRE,15.0,12,1
90003B,EIRE,15.0,4,1
35833G,Germany,15.0,12,1
21446,Sweden,15.0,12,1
20866,Channel Islands,15.0,12,1
47504E,USA,15.0,12,1
22435,Netherlands,15.0,12,1
23394,Poland,15.0,4,1
47593B,United Arab Emirates,15.0,12,1
23267,Austria,15.0,12,1
47585A,Malta,15.0,4,1
22256,Israel,15.0,12,1
22097,Channel Islands,15.0,12,1
22482,Greece,15.0,12,1
23349,Spain,15.0,12,1
22756,Channel Islands,15.0,12,1
20970,Sweden,15.0,4,1
22727,Greece,15.0,4,1
23213,European Community,15.0,12,1
85028S,Channel Islands,15.0,12,1
22620,Italy,15.0,12,1
22460,France,15.0,12,1
22480,Greece,15.0,12,1
72816,Malta,15.0,12,1
22405,Switzerland,15.0,12,1
21179,Cyprus,15.0,12,1
84509B,Malta,15.0,4,1
21912,Australia,15.0,4,1
21231,Netherlands,15.0,12,1
23502,Norway,15.0,12,1
20763,EIRE,15.0,4,1
85049F,Finland,15.0,12,1
23112,Norway,15.0,2,1
23351,Belgium,15.0,12,1
22564,Austria,15.0,12,1
84380,Poland,15.0,12,1
21397,Israel,15.0,12,1
22512,Germany,15.0,4,1
84828,Norway,15.0,12,1
21747,Belgium,15.0,12,1
23213,Cyprus,15.0,12,1
85055,Poland,15.0,4,1
21949,Spain,15.0,12,1
21914,United Arab Emirates,15.0,12,1
21098,European Community,15.0,12,1
21891,United Arab Emirates,15.0,12,1
20669,United Arab Emirates,15.0,12,1
21356,Netherlands,15.0,12,1
21562,Italy,15.0,12,1
22562,Austria,15.0,12,1
22569,Sweden,15.0,4,1
20985,Germany,15.0,12,1
22426,Cyprus,15.0,4,1
23061,Greece,15.0,12,1
22570,Cyprus,15.0,4,1
22559,Australia,15.0,12,1
85049C,Bahrain,15.0,12,1
21990,Finland,15.0,12,1
22409,Poland,15.0,12,1
23566,Switzerland,15.0,12,1
40046A,EIRE,15.0,12,1
22982,Sweden,15.0,12,1
84569A,United Arab Emirates,15.0,12,1
23267,Channel Islands,15.0,12,1
22099,Australia,15.0,12,1
21745,Norway,15.0,4,1
22251,EIRE,15.0,12,1
22619,Singapore,15.0,4,1
23275,Sweden,15.0,12,1
84946,Australia,15.0,12,1
21098,Germany,15.0,12,1
22570,Sweden,15.0,4,1
22073,Greece,15.0,4,1
20985,Netherlands,15.0,12,1
22592,Greece,15.0,4,1
22944,Greece,15.0,12,1
84660A,Greece,15.0,4,1
20819,Cyprus,15.0,4,1
35471A,Germany,15.0,12,1
84926C,EIRE,15.0,12,1
22988,Belgium,15.0,12,1
20694,Belgium,15.0,4,1
21456,Germany,15.0,12,1
72801C,Finland,15.0,12,1
84569B,Finland,15.0,12,1
22256,Finland,15.0,12,1
85049D,Finland,15.0,12,1
84569C,United Arab Emirates,15.0,12,1
22993,Belgium,15.0,12,1
35912B,Greece,15.0,12,1
22570,France,15.0,4,1
20653,Cyprus,15.0,12,1
22405,Italy,15.0,12,1
84912B,France,15.0,4,1
20931,Spain,15.0,4,1
22108,Germany,15.0,4,1
22494,Israel,15.0,12,1
21669,Greece,15.0,12,1
21673,Greece,15.0,12,1
22773,Greece,15.0,12,1
22409,Greece,15.0,12,1
15060B,Cyprus,15.0,4,1
21889,Switzerland,15.0,12,1
20960,Cyprus,15.0,12,1
47367B,Sweden,15.0,4,1
21913,Germany,15.0,4,1
85049E,Portugal,15.0,12,1
84685,Cyprus,15.0,4,1
23570,Norway,15.0,12,1
22750,Greece,15.0,4,1
23264,Belgium,15.0,12,1
23522,EIRE,15.0,12,1
85200,Germany,15.0,12,1
21912,Italy,15.0,4,1
84569A,Italy,15.0,12,1
21456,EIRE,15.0,12,1
84748,EIRE,15.0,4,1
22091,Switzerland,15.0,12,1
16119,EIRE,15.0,12,1
21067,Switzerland,15.0,12,1
22100,Cyprus,15.0,12,1
21914,Finland,15.0,12,1
21826,Finland,15.0,12,1
75178,EIRE,15.0,12,1
21947,Italy,15.0,12,1
21874,Italy,15.0,12,1
22203,Netherlands,15.0,4,1
22251,Netherlands,15.0,12,1
22524,Austria,15.0,12,1
90002C,EIRE,15.0,4,1
84279B,Italy,15.0,4,1
22478,Italy,15.0,12,2
21438,Spain,15.0,4,1
22405,Finland,15.0,12,1
84509F,Greece,15.0,4,1
22406,Channel Islands,15.0,12,1
22675,Germany,15.0,12,1
84828,Australia,15.0,12,1
22270,Spain,15.0,4,1
22073,United Arab Emirates,15.0,4,1
22729,Israel,15.0,4,1
22674,Israel,15.0,12,1
22686,Israel,15.0,12,1
84580,Netherlands,15.0,4,1
22772,Austria,15.0,12,1
22774,Austria,15.0,12,1
22727,Italy,15.0,4,1
84279B,Malta,15.0,4,1
23345,Norway,15.0,12,1
21871,Malta,15.0,12,1
47367B,France,15.0,4,1
22405,Malta,15.0,12,1
23112,Israel,15.0,2,1
85049H,RSA,15.0,12,1
22113,Channel Islands,15.0,4,1
85049D,RSA,15.0,12,1
22771,Italy,15.0,12,1
22178,Italy,15.0,12,1
23403,Germany,15.0,4,1
85097B,EIRE,15.0,4,1
21068,Norway,15.0,12,1
21877,Norway,15.0,12,1
23346,EIRE,15.0,12,1
23395,EIRE,15.0,4,1
15060B,Spain,15.0,4,1
90022,EIRE,15.0,4,1
23436,Portugal,15.0,12,1
23436,EIRE,15.0,12,1
22670,Germany,15.0,12,1
22107,Germany,15.0,4,1
21915,USA,15.0,12,1
21231,USA,15.0,12,1
21232,USA,15.0,12,1
23166,USA,15.0,12,1
23349,USA,15.0,12,1
23351,USA,15.0,12,1
37495,USA,15.0,4,1
22585,RSA,15.0,12,1
22094,Channel Islands,15.0,12,1
79067,Cyprus,15.0,4,1
22558,Channel Islands,15.0,12,1
22091,Channel Islands,15.0,12,1
20969,Switzerland,15.0,4,1
20867,France,15.0,12,1
21949,Thailand,15.0,12,1
85049C,Thailand,15.0,12,1
22494,Australia,15.0,12,1
84912A,Germany,15.0,4,1
20972,United Arab Emirates,15.0,12,1
20694,Lithuania,15.0,4,1
21354,Switzerland,15.0,12,1
21125,Sweden,15.0,12,1
90173,Germany,15.0,4,1
21231,Sweden,15.0,12,1
22316,Belgium,15.0,12,1
21355,Singapore,15.0,12,1
21068,Italy,15.0,12,1
22142,Channel Islands,15.0,12,1
23100,EIRE,15.0,12,1
21481,Japan,15.0,4,1
22993,Japan,15.0,12,1
23476,Belgium,15.0,12,1
21993,Belgium,15.0,12,1
85179A,EIRE,15.0,12,1
23213,EIRE,15.0,12,1
23565,Germany,15.0,12,1
22562,Norway,15.0,12,1
23480,Italy,15.0,4,1
84279B,Poland,15.0,4,1
21718,Spain,15.0,12,1
22758,Belgium,15.0,12,1
22511,Malta,15.0,4,1
84029G,United Arab Emirates,15.0,4,1
21912,RSA,15.0,4,1
23100,France,15.0,12,1
21356,France,15.0,12,1
22128,RSA,15.0,12,1
22729,Channel Islands,15.0,4,1
85129A,Germany,15.0,12,1
22966,Austria,15.0,12,1
21949,EIRE,15.0,12,1
85054,Cyprus,15.0,12,1
21447,Spain,15.0,12,1
21232,Singapore,15.0,12,1
20985,Belgium,15.0,12,1
21872,Spain,15.0,12,1
21070,Switzerland,15.0,12,1
22726,Poland,15.0,4,1
21774,Italy,15.0,12,1
20867,EIRE,15.0,12,1
22316,Spain,15.0,12,1
23168,Denmark,15.0,12,1
22482,Poland,15.0,12,1
85131D,France,15.0,12,1
20932,Channel Islands,15.0,4,1
90003D,EIRE,15.0,4,1
22409,Switzerland,15.0,12,1
23125,EIRE,15.0,12,1
21926,Germany,15.0,12,1
23396,Poland,15.0,4,1
22585,Norway,15.0,12,1
21866,Norway,15.0,12,1
23125,France,15.0,12,1
23436,Germany,15.0,12,1
20985,Unspecified,15.0,12,1
21145,Spain,15.0,12,1
23160,Greece,15.0,12,1
22567,Cyprus,15.0,12,1
84029E,Belgium,15.0,4,1
21927,Germany,15.0,12,1
84836,Sweden,15.0,12,1
22512,Belgium,15.0,4,1
23212,European Community,15.0,12,1
22775,France,15.0,12,1
21126,Portugal,15.0,12,1
84870C,Denmark,15.0,4,1
22966,Channel Islands,15.0,12,1
22774,Channel Islands,15.0,12,1
85049F,Austria,15.0,12,1
22403,Belgium,15.0,12,1
23264,European Community,15.0,12,1
21668,Channel Islands,15.0,12,1
47310M,Switzerland,15.0,12,1
21494,Korea,15.0,12,1
84509C,Belgium,15.0,4,1
22993,Unspecified,15.0,12,1
21458,Malta,15.0,12,1
23250,Portugal,15.0,12,1
22719,Finland,15.0,12,1
20867,Germany,15.0,12,1
20868,Germany,15.0,12,1
21891,Norway,15.0,12,1
23265,European Community,15.0,12,1
23263,France,15.0,12,1
22128,Hong Kong,15.0,12,1
22674,Channel Islands,15.0,12,1
21071,Bahrain,15.0,12,1
84597C,Netherlands,15.0,12,1
22403,Netherlands,15.0,12,1
21616,Denmark,15.0,12,1
23477,France,15.0,12,1
20931,Cyprus,15.0,4,1
22805,Channel Islands,15.0,12,1
84828,Switzerland,15.0,12,1
23252,Switzerland,15.0,4,1
21669,Channel Islands,15.0,12,1
21874,Malta,15.0,12,1
47585A,Austria,15.0,12,1
90013A,Austria,15.0,4,1
84859A,Germany,15.0,12,1
84899F,Germany,15.0,12,1
22099,Italy,15.0,12,1
47341A,Germany,15.0,12,1
21810,Greece,15.0,12,1
21877,Finland,15.0,12,1
23352,EIRE,15.0,12,1
23503,Norway,15.0,12,1
20696,Belgium,15.0,4,1
37370,Malta,15.0,12,1
21671,Channel Islands,15.0,12,1
22727,Finland,15.0,4,1
21836,Greece,15.0,4,1
82551,Cyprus,15.0,12,1
23393,Germany,15.0,4,1
22480,Poland,15.0,12,1
18094C,Bahrain,15.0,12,1
35598D,Korea,15.0,12,1
21440,Spain,15.0,12,1
22757,Finland,15.0,12,1
22805,Switzerland,15.0,12,1
22800,EIRE,15.0,4,1
22094,Australia,15.0,12,1
21619,Denmark,15.0,12,1
22620,United Arab Emirates,15.0,12,1
20970,Belgium,15.0,4,1
84569D,Netherlands,15.0,12,1
22406,Switzerland,15.0,12,1
21179,Germany,15.0,12,1
21892,Norway,15.0,12,1
20846,Finland,15.0,12,1
22758,Unspecified,15.0,12,1
23275,Belgium,15.0,12,1
23266,Austria,15.0,12,1
21069,Switzerland,15.0,12,1
22548,Switzerland,15.0,12,1
84509G,Malta,15.0,4,1
21892,Poland,15.0,12,1
22481,Poland,15.0,12,1
84859A,France,15.0,12,1
84870B,Denmark,15.0,4,1
22097,Norway,15.0,12,1
85178,France,15.0,12,1
20652,Norway,15.0,12,1
21949,Singapore,15.0,12,1
22727,RSA,15.0,4,1
21098,Sweden,15.0,12,1
22966,Greece,15.0,12,1
20659,Thailand,15.0,12,1
21745,Channel Islands,15.0,4,1
84580,Belgium,15.0,4,1
22673,Poland,15.0,12,1
84912A,France,15.0,4,1
84581,Hong Kong,15.0,4,1
21430,Poland,15.0,4,1
35598D,Italy,15.0,12,1
84279B,Portugal,15.0,4,1
22977,Germany,15.0,12,1
22405,France,15.0,12,1
22730,Greece,15.0,4,1
22993,Austria,15.0,12,1
21070,Spain,15.0,12,1
20652,EIRE,15.0,12,1
20972,Unspecified,15.0,12,1
22771,France,15.0,12,1
85049C,Poland,15.0,12,1
23436,Finland,15.0,12,1
84977,EIRE,15.0,12,1
84597C,Switzerland,15.0,12,1
84685,Greece,15.0,4,1
21421,Greece,15.0,12,1
22073,Cyprus,15.0,4,1
84971L,Greece,15.0,12,1
21774,EIRE,15.0,12,1
22094,Cyprus,15.0,12,1
85169C,Germany,15.0,12,1
22508,Cyprus,15.0,4,1
21354,Spain,15.0,12,1
21137,Switzerland,15.0,4,1
22558,Spain,15.0,12,1
90002B,EIRE,15.0,4,1
37495,Italy,15.0,4,1
21670,France,15.0,12,1
22256,France,15.0,12,1
20846,EIRE,15.0,12,1
22107,Italy,15.0,4,1
22550,Finland,15.0,4,1
84569D,United Arab Emirates,15.0,12,1
21836,Cyprus,15.0,4,1
22855,France,15.0,12,1
22096,Cyprus,15.0,12,1
21396,USA,15.0,12,1
21747,RSA,15.0,12,1
20878,EIRE,15.0,12,1
21791,RSA,15.0,12,1
20846,Sweden,15.0,12,1
21098,Italy,15.0,12,1
22399,Australia,15.0,12,1
21179,Norway,15.0,12,1
21810,Spain,15.0,12,1
84754,France,15.0,12,1
21927,Poland,15.0,12,1
21888,RSA,15.0,4,1
23346,Norway,15.0,12,1
21125,RSA,15.0,12,1
21396,Germany,15.0,12,1
23112,Belgium,15.0,2,1
90164A,Belgium,15.0,2,1
23328,Finland,15.0,4,1
22256,Germany,15.0,12,1
84509G,Portugal,15.0,4,1
21643,France,15.0,12,1
23263,Poland,15.0,12,1
23118,Spain,15.0,2,1
90013C,Spain,15.0,4,1
23396,EIRE,15.0,4,1
23161,France,15.0,12,1
21947,Portugal,15.0,12,1
20657,EIRE,15.0,12,1
82551,Australia,15.0,12,1
85169C,EIRE,15.0,12,1
23161,Germany,15.0,12,1
22408,France,15.0,12,1
84509B,Belgium,15.0,4,1
23504,Cyprus,15.0,12,1
23395,RSA,15.0,4,1
22548,Belgium,15.0,12,1
21357,Netherlands,15.0,12,1
22426,Finland,15.0,4,1
85049G,Japan,15.0,12,1
23118,Belgium,15.0,2,1
35597B,Germany,15.0,12,1
20654,Germany,15.0,12,1
21947,Germany,15.0,12,1
47503A,Netherlands,15.0,12,1
21126,Malta,15.0,12,1
21231,Malta,15.0,12,1
21232,Malta,15.0,12,1
22730,Channel Islands,15.0,4,1
22204,Belgium,15.0,4,1
21775,Italy,15.0,12,1
22525,Italy,15.0,12,1
22727,Canada,15.0,4,1
85178,Italy,15.0,12,1
21068,France,15.0,12,1
22775,Norway,15.0,12,1
22675,Finland,15.0,12,1
22670,Finland,15.0,12,1
21948,Singapore,15.0,12,1
37495,Hong Kong,15.0,4,1
23437,Spain,15.0,12,1
22758,Switzerland,15.0,12,1
82001S,Belgium,15.0,4,1
23213,Finland,15.0,12,1
21892,Canada,15.0,12,1
23393,Finland,15.0,4,1
23395,Finland,15.0,4,1
22976,Belgium,15.0,12,1
22791,Belgium,15.0,12,1
23250,Poland,15.0,12,1
23395,Poland,15.0,4,1
23393,Poland,15.0,4,1
21619,Sweden,15.0,12,1
21616,Sweden,15.0,12,1
20615,Spain,15.0,20,1
23570,EIRE,15.0,12,1
23264,Austria,15.0,12,1
23476,Switzerland,15.0,12,1
23568,Germany,15.0,12,1
47593A,EIRE,15.0,12,1
22675,Poland,15.0,12,1
20652,Portugal,15.0,12,1
84912A,Finland,15.0,4,1
21867,Thailand,15.0,12,1
22109,Bahrain,15.0,4,1
85049C,Finland,15.0,12,1
84569A,Germany,15.0,12,1
20707,Germany,15.0,12,1
21126,RSA,15.0,12,1
21486,Spain,15.0,4,1
85049A,RSA,15.0,12,1
21456,Malta,15.0,12,1
21067,Spain,15.0,12,1
22728,Finland,15.0,4,1
21643,Portugal,15.0,12,1
22966,Lebanon,15.0,12,1
21947,Thailand,15.0,12,1
22252,Thailand,15.0,12,1
22559,Germany,15.0,12,1
21672,Channel Islands,15.0,12,1
21457,Greece,15.0,12,1
23162,France,15.0,4,1
21827,EIRE,15.0,12,1
23251,Austria,15.0,12,1
22751,Belgium,15.0,4,1
23251,Switzerland,15.0,12,1
84946,Spain,15.0,12,1
22548,Netherlands,15.0,12,1
21691,Germany,15.0,4,1
23351,Italy,15.0,12,1
21481,Greece,15.0,4,1
47593A,Germany,15.0,12,1
85049A,Italy,15.0,12,1
22728,Poland,15.0,4,1
84569A,EIRE,15.0,12,1
22099,EIRE,15.0,12,1
90155,EIRE,15.0,2,1
22619,Greece,15.0,4,1
22771,Canada,15.0,12,1
21272,Poland,15.0,12,1
20970,Switzerland,15.0,4,1
85049B,Cyprus,15.0,12,1
71053,France,15.0,4,1
22508,Belgium,15.0,4,1
21773,Germany,15.0,12,1
20967,Germany,15.0,4,1
85049G,Unspecified,15.0,12,1
20985,Switzerland,15.0,12,1
85059,France,15.0,4,1
22727,Portugal,15.0,4,1
22406,Spain,15.0,12,1
21439,Finland,15.0,12,1
85049B,Bahrain,15.0,12,1
22726,Portugal,15.0,4,1
22975,EIRE,15.0,12,1
23187,Portugal,15.0,12,1
15060B,Austria,15.0,4,1
23112,Spain,15.0,2,1
85049F,Unspecified,15.0,12,1
20969,Unspecified,15.0,4,1
21877,Thailand,15.0,12,1
20846,Germany,15.0,12,1
23480,EIRE,15.0,4,1
22279,Finland,15.0,12,1
22719,France,15.0,12,1
23567,EIRE,15.0,12,1
22202,Unspecified,15.0,4,1
20941,Korea,15.0,12,1
71270,EIRE,15.0,12,1
21892,Sweden,15.0,12,1
22513,Canada,15.0,4,1
22750,Belgium,15.0,4,1
22241,Lebanon,15.0,12,1
84789,Portugal,15.0,4,1
23570,Portugal,15.0,12,1
21827,Germany,15.0,12,1
21915,Finland,15.0,12,1
22426,Norway,15.0,4,1
85049H,Portugal,15.0,12,1
90068,United Kingdom,15.0,2,2
22619,Channel Islands,15.0,4,1
22407,Finland,15.0,12,1
85049E,RSA,15.0,12,1
20657,Thailand,15.0,12,1
21888,Hong Kong,15.0,4,1
22585,Sweden,15.0,12,1
21773,EIRE,15.0,12,1
22252,EIRE,15.0,12,1
22094,Belgium,15.0,12,1
15060B,Switzerland,15.0,4,1
22410,Finland,15.0,12,1
84569C,Unspecified,15.0,12,1
21486,Unspecified,15.0,4,1
20819,Switzerland,15.0,4,1
35471D,Iceland,15.0,12,1
20658,Cyprus,15.0,12,1
84754,EIRE,15.0,12,1
22568,Italy,15.0,4,1
22750,Cyprus,15.0,4,1
20654,Thailand,15.0,12,1
22270,Greece,15.0,4,1
84660C,Greece,15.0,4,1
85049F,Bahrain,15.0,12,1
20967,Sweden,15.0,4,1
22072,Greece,15.0,4,1
20819,Greece,15.0,4,1
85169D,Spain,15.0,12,1
21458,Germany,15.0,12,1
21888,Italy,15.0,4,1
20866,EIRE,15.0,12,1
72816,Belgium,15.0,12,1
35912B,Cyprus,15.0,12,1
21671,Belgium,15.0,12,1
22460,Greece,15.0,12,1
22944,Belgium,15.0,12,1
22405,Sweden,15.0,12,1
20969,Belgium,15.0,4,1
21644,Belgium,15.0,12,1
23568,EIRE,15.0,12,1
22954,Netherlands,15.0,12,1
22512,Greece,15.0,4,1
20985,Iceland,15.0,12,1
22525,Finland,15.0,12,1
85049G,Bahrain,15.0,12,1
35923,Greece,15.0,12,1
21889,Cyprus,15.0,12,1
20931,Channel Islands,15.0,4,1
21439,Hong Kong,15.0,12,1
22316,Switzerland,15.0,12,1
22686,Cyprus,15.0,12,1
21071,Switzerland,15.0,12,1
85049F,Cyprus,15.0,12,1
22791,Spain,15.0,12,1
22686,Netherlands,15.0,12,1
22982,Switzerland,15.0,12,1
22366,Singapore,14.98,2,1
21524,Sweden,14.98,2,1
22660,Australia,14.98,2,1
48188,Malta,14.98,2,1
48103,Channel Islands,14.98,2,1
48189,West Indies,14.98,2,1
21955,EIRE,14.98,2,1
22366,Sweden,14.98,2,1
21524,Singapore,14.98,2,1
22688,United Arab Emirates,14.98,2,1
21524,Norway,14.98,2,1
22366,Malta,14.98,2,1
22689,United Arab Emirates,14.98,2,1
22366,United Arab Emirates,14.98,2,1
48185,Sweden,14.98,2,1
20685,Sweden,14.98,2,1
48184,Belgium,14.98,2,1
22691,Australia,14.98,2,1
21955,Switzerland,14.98,2,1
22691,Channel Islands,14.98,2,1
22692,Malta,14.98,2,1
48111,Norway,14.98,2,1
48195,Germany,14.98,2,1
48189,Belgium,14.98,2,1
22660,Malta,14.98,2,1
22365,United Arab Emirates,14.98,2,1
48194,Norway,14.98,2,1
21781,Spain,14.95,1,1
21781,Cyprus,14.95,1,1
22762,Spain,14.95,1,1
22605,Italy,14.95,1,1
21752,Germany,14.95,1,1
21768,Cyprus,14.95,1,1
22838,Germany,14.95,1,1
22839,Unspecified,14.95,1,1
22839,Spain,14.95,1,1
22839,European Community,14.95,1,1
21781,Italy,14.95,1,1
22762,Poland,14.95,1,1
23472,Portugal,14.95,1,1
22765,Italy,14.95,1,1
22839,Germany,14.95,1,1
21628,Germany,14.95,1,1
21475,United Kingdom,14.95,1,1
21780,Cyprus,14.95,1,1
20747,Cyprus,14.95,1,1
21768,EIRE,14.95,1,1
22838,Belgium,14.95,1,1
22605,Switzerland,14.95,1,1
22838,Unspecified,14.95,1,1
23150,Austria,14.94,6,1
23319,Italy,14.94,6,1
23318,Austria,14.94,6,1
23318,Australia,14.94,6,1
23621,United Kingdom,14.94,6,4
23318,United Arab Emirates,14.94,6,1
23319,Norway,14.94,6,1
23425,Switzerland,14.94,6,1
23149,EIRE,14.94,6,1
23319,Sweden,14.94,6,1
23150,Netherlands,14.94,6,1
23093,Channel Islands,14.94,6,1
23150,Spain,14.94,6,1
23318,Netherlands,14.94,6,1
23318,Sweden,14.94,6,1
23319,Unspecified,14.94,6,1
23318,Portugal,14.94,6,1
23425,EIRE,14.94,6,1
23319,Australia,14.94,6,1
23425,Norway,14.94,6,1
23293,Switzerland,14.94,18,3
21399,France,14.94,12,2
23319,United Arab Emirates,14.94,6,1
84509g,United Kingdom,14.92,2,2
21090,Belgium,14.88,24,2
21698,Germany,14.88,24,2
22475,France,14.85,3,1
22913,Norway,14.85,3,1
84629,EIRE,14.85,3,1
35650,United Kingdom,14.85,3,3
22111,USA,14.85,3,1
85232B,Thailand,14.85,3,1
21533,USA,14.85,3,1
22475,EIRE,14.85,3,1
22617,Greece,14.85,3,1
35241,Cyprus,14.85,3,1
22425,Spain,14.85,3,1
22138,Malta,14.85,3,1
85031C,EIRE,14.85,3,1
85008,Sweden,14.85,3,1
22222,Italy,14.85,3,1
22474,France,14.85,3,1
22912,Cyprus,14.85,3,1
22323,Channel Islands,14.85,3,1
22943,Belgium,14.85,3,1
23532,EIRE,14.85,3,1
22943,Spain,14.85,3,1
23532,Germany,14.85,3,1
22311,United Arab Emirates,14.85,3,1
90135A,EIRE,14.85,3,1
21116,France,14.85,3,1
23113,Spain,14.85,3,1
22474,Canada,14.85,3,1
47505,Cyprus,14.85,3,1
22138,Poland,14.85,3,1
22611,Japan,14.85,3,1
22278,Poland,14.85,3,1
21730,Finland,14.85,3,1
22623,Cyprus,14.85,3,1
23413,Cyprus,14.85,3,1
22138,RSA,14.85,3,1
20997,France,14.85,3,1
22222,Finland,14.85,3,1
22476,Portugal,14.85,3,1
23298,Italy,14.85,3,1
85127,Spain,14.85,3,1
85232A,Greece,14.85,3,1
22278,Italy,14.85,3,1
22139,Canada,14.85,3,1
22505,Israel,14.85,3,1
90141A,EIRE,14.85,3,1
90197B,EIRE,14.85,3,1
85031A,Germany,14.85,3,1
22943,Switzerland,14.85,3,1
35241,Austria,14.85,3,1
22139,Malta,14.85,3,1
85232B,Norway,14.85,3,1
35241,Greece,14.85,3,1
22472,France,14.85,3,1
22943,Austria,14.85,3,1
85031B,Germany,14.85,3,1
22475,Italy,14.85,3,1
85232D,Canada,14.85,3,1
22476,Italy,14.85,3,1
21539,Italy,14.85,3,1
22324,Channel Islands,14.85,3,1
85031B,EIRE,14.85,3,1
22784,Channel Islands,14.85,3,1
21485,USA,14.85,3,1
22112,Malta,14.85,3,1
22720,Israel,14.85,3,1
85232A,Cyprus,14.85,3,1
22139,RSA,14.85,3,1
22222,Portugal,14.85,3,1
85232D,Sweden,14.85,3,1
35241,Switzerland,14.85,3,1
22472,Canada,14.85,3,1
22325,Austria,14.85,3,1
23114,Sweden,14.85,3,1
23117,Germany,14.85,3,1
90141B,EIRE,14.85,3,1
23117,Sweden,14.85,3,1
22456,Switzerland,14.85,3,1
23116,Austria,14.85,3,1
21846,Australia,14.85,3,1
85232D,Thailand,14.85,3,1
21850,EIRE,14.85,3,1
22425,Australia,14.85,3,1
23113,Austria,14.85,3,1
22111,Denmark,14.85,3,1
90157,EIRE,14.85,3,1
22913,Canada,14.85,3,1
22332,Switzerland,14.85,9,2
85232A,France,14.85,3,1
21485,Bahrain,14.85,3,1
85008,Channel Islands,14.85,3,1
35241,Malta,14.85,3,1
22473,Belgium,14.85,3,1
21730,Spain,14.85,3,1
22473,Lebanon,14.85,3,1
22118,Greece,14.85,3,1
21730,Cyprus,14.85,3,1
21975,Portugal,14.85,27,3
22913,Cyprus,14.85,3,1
35241,Finland,14.85,3,1
20997,Channel Islands,14.85,3,1
22112,Greece,14.85,3,1
22325,Hong Kong,14.85,3,1
21485,Belgium,14.85,3,1
22611,Poland,14.85,3,1
22323,Portugal,14.85,3,1
22112,Australia,14.85,3,1
21363,Greece,14.85,3,1
21850,Bahrain,14.85,3,1
22325,Italy,14.85,3,1
22473,Unspecified,14.85,3,1
22720,Malta,14.85,3,1
22222,Belgium,14.85,3,1
90192,Spain,14.85,3,1
22222,Unspecified,14.85,3,1
23103,Spain,14.85,9,2
85232D,Cyprus,14.85,3,1
22138,Bahrain,14.85,3,1
23117,Cyprus,14.85,3,1
23114,Cyprus,14.85,3,1
22474,Switzerland,14.85,3,1
22476,Channel Islands,14.85,3,1
22914,Canada,14.85,3,1
85232A,Thailand,14.85,3,1
23309,Unspecified,14.85,27,3
22471,Canada,14.85,3,1
22617,Sweden,14.85,3,1
22784,Malta,14.85,3,1
22721,European Community,14.85,3,1
22471,Sweden,14.85,3,1
22611,Italy,14.85,3,1
22472,Cyprus,14.85,3,1
21770,Germany,14.85,3,2
22617,Portugal,14.85,3,1
23113,Poland,14.85,3,1
22112,Austria,14.85,3,1
23113,Italy,14.85,3,1
22278,Belgium,14.85,3,1
22111,Austria,14.85,3,1
90141E,EIRE,14.85,3,1
22912,Norway,14.85,3,1
35241,Poland,14.85,3,1
22223,Channel Islands,14.85,3,1
22111,Unspecified,14.85,3,1
21116,Netherlands,14.85,3,1
22623,Sweden,14.85,3,1
23128,Spain,14.85,3,1
85232D,Switzerland,14.85,3,1
21533,Spain,14.85,3,1
22617,Malta,14.85,3,1
22474,Belgium,14.85,3,1
23298,Israel,14.85,3,1
23114,Switzerland,14.85,3,1
21116,Cyprus,14.85,3,1
22475,Bahrain,14.85,3,1
21533,Netherlands,14.85,3,1
22474,Cyprus,14.85,3,1
22139,Cyprus,14.85,3,1
90141C,EIRE,14.85,3,1
75013B,Spain,14.85,9,2
22913,Channel Islands,14.85,3,1
84567,United Kingdom,14.85,9,1
22139,Lebanon,14.85,3,1
22222,Switzerland,14.85,3,1
22475,Lebanon,14.85,3,1
90141D,EIRE,14.85,3,1
22912,Germany,14.85,3,1
85008,Belgium,14.85,3,1
21847,EIRE,14.85,3,1
22784,France,14.85,3,1
23424,Portugal,14.85,3,1
22912,Canada,14.85,3,1
22118,Spain,14.85,3,1
22617,Poland,14.85,3,1
22325,Thailand,14.85,3,1
22278,Channel Islands,14.85,3,1
85125,Unspecified,14.85,3,1
21533,Unspecified,14.85,3,1
21442,EIRE,14.76,36,2
22343,EIRE,14.76,36,2
21614,Korea,14.75,5,1
21936,Cyprus,14.75,5,1
22911,Unspecified,14.75,5,3
90011D,United Kingdom,14.75,5,5
21932,Switzerland,14.75,5,1
21937,Portugal,14.75,5,1
21936,Unspecified,14.75,5,1
21937,Finland,14.75,5,1
21933,United Arab Emirates,14.75,5,1
21936,Greece,14.75,5,1
21936,Austria,14.75,5,1
22669,Singapore,14.75,5,1
21936,RSA,14.75,5,1
22668,USA,14.75,5,1
21937,Switzerland,14.75,5,1
22668,Singapore,14.75,5,1
21937,Channel Islands,14.75,5,1
21936,Finland,14.75,5,1
SP1002,United Kingdom,14.75,5,2
16207A,France,14.75,5,1
22470,Spain,14.75,5,1
21932,Finland,14.75,5,1
22668,Poland,14.75,5,1
22964,Unspecified,14.7,7,2
22516,Germany,14.7,7,2
84933B,EIRE,14.7,7,2
20754,Italy,14.7,7,2
21415,Germany,14.7,7,2
85053,Switzerland,14.7,7,2
20711,Spain,14.56,7,2
22110,USA,14.55,5,2
23634,United Kingdom,14.55,5,5
46000S,Channel Islands,14.5,10,1
22897,Channel Islands,14.5,10,1
22734,Portugal,14.45,5,1
84821,Spain,14.45,17,2
21790,Portugal,14.45,17,2
16033,Germany,14.4,120,1
16033,Austria,14.4,120,1
23509,Netherlands,14.4,40,1
16033,Unspecified,14.4,120,1
21976,Portugal,14.3,26,2
21108,Austria,14.22,18,1
23186,Spain,14.21,49,2
21286,EIRE,14.16,24,2
22044,EIRE,14.16,60,3
22094,Canada,14.04,36,1
21090,Switzerland,14.04,36,2
22098,Canada,14.04,36,1
22100,Canada,14.04,36,1
21318,EIRE,14.04,36,1
22100,Germany,14.04,36,1
22097,Switzerland,14.04,36,1
22094,Poland,14.04,36,1
22092,United Arab Emirates,14.04,36,1
22093,Canada,14.04,36,1
22092,Poland,14.04,36,1
84531B,Finland,14.04,12,2
22099,Canada,14.04,36,1
21208,Germany,14.04,36,3
22096,Spain,14.04,36,1
21208,EIRE,14.04,36,1
21984,Spain,14.04,36,2
84031B,Germany,13.95,3,1
84856S,Italy,13.95,3,1
84031A,Spain,13.95,3,1
85180B,Greece,13.95,3,1
85007,Bahrain,13.95,3,1
84031A,Germany,13.95,3,1
21341,France,13.95,3,1
21341,EIRE,13.95,3,1
85090,Germany,13.95,3,1
37485,USA,13.95,3,1
84613A,Belgium,13.95,3,1
21983,Greece,13.92,48,1
85212,Israel,13.92,48,1
21985,Channel Islands,13.92,48,1
21980,Unspecified,13.92,48,1
21982,Portugal,13.92,48,2
21986,United Arab Emirates,13.92,48,1
84077,Portugal,13.92,48,1
22614,Austria,13.92,48,1
21986,Unspecified,13.92,48,1
21967,EIRE,13.92,48,2
21980,Australia,13.92,48,1
79051A,Germany,13.92,48,1
21980,United Arab Emirates,13.92,48,1
23187,Australia,13.92,48,1
21985,Unspecified,13.92,48,1
72225D,Greece,13.92,48,1
22616,Australia,13.92,48,1
22614,Finland,13.92,48,1
23186,Denmark,13.92,48,1
85230F,Greece,13.92,48,1
21986,Singapore,13.92,48,1
22616,Switzerland,13.92,48,1
21014,Germany,13.92,48,2
22577,Finland,13.92,48,2
23187,Norway,13.92,48,1
21984,United Arab Emirates,13.92,48,2
22614,EIRE,13.92,48,2
23186,Germany,13.92,48,1
85230A,France,13.92,48,2
23187,France,13.92,48,1
21984,Unspecified,13.92,48,1
21986,Finland,13.92,48,1
21311,Germany,13.92,48,2
84356,Norway,13.9,2,1
84638,Malta,13.9,2,1
21625,Portugal,13.9,2,1
21852,United Kingdom,13.9,2,2
20704,Austria,13.9,2,1
84356,Switzerland,13.9,2,1
20705,Netherlands,13.9,2,1
20704,Netherlands,13.9,2,1
84867A,France,13.9,2,1
84638,EIRE,13.9,2,1
20705,Belgium,13.9,2,1
21276,Cyprus,13.9,2,1
82483,Switzerland,13.9,2,1
84868A,United Kingdom,13.9,2,2
84406b,United Kingdom,13.82,2,2
21484,Italy,13.8,4,1
21484,Cyprus,13.8,4,1
21484,Netherlands,13.8,4,1
22110,Unspecified,13.8,4,1
35597A,United Kingdom,13.75,11,5
16245A,United Kingdom,13.75,11,7
23292,Spain,13.75,11,3
35824B,Greece,13.68,36,1
17091J,Norway,13.68,36,1
35936,United Kingdom,13.68,36,9
85213,EIRE,13.68,24,2
22608,Germany,13.68,72,2
35607A,EIRE,13.68,72,1
17091A,Greece,13.68,36,1
84814B,United Kingdom,13.65,7,3
84250M,United Kingdom,13.62,16,12
23288,Norway,13.6,16,1
21292,Lithuania,13.6,16,1
22247,Austria,13.6,16,1
22595,Spain,13.6,16,2
21291,Austria,13.6,16,1
21291,United Arab Emirates,13.6,16,1
21292,Netherlands,13.6,16,1
84458,EIRE,13.6,16,2
22248,EIRE,13.6,16,1
22250,Greece,13.6,16,1
84520B,Cyprus,13.6,16,2
21422,EIRE,13.6,16,1
21291,Netherlands,13.6,16,1
23285,Norway,13.6,16,1
22599,France,13.6,16,1
21292,Austria,13.6,16,1
22348,USA,13.6,16,2
22249,EIRE,13.6,16,1
21240,Canada,13.6,16,1
22248,Belgium,13.6,16,1
21240,USA,13.6,16,1
23285,Israel,13.6,16,1
22249,Netherlands,13.6,16,1
21239,Italy,13.6,16,2
22247,Germany,13.6,16,1
21292,Sweden,13.6,16,1
21239,USA,13.6,16,1
21238,USA,13.6,16,1
21240,Italy,13.6,16,2
21238,Canada,13.6,16,1
21239,Canada,13.6,16,1
21292,Portugal,13.6,16,1
21292,Germany,13.6,16,1
84867a,United Kingdom,13.57,1,1
79342b,United Kingdom,13.57,1,1
84879,Poland,13.52,8,1
85119,Germany,13.52,8,1
21135,Channel Islands,13.52,8,1
21135,Switzerland,13.52,8,1
21242,Italy,13.52,8,1
21702,USA,13.52,8,1
21136,Canada,13.52,8,1
85119,Italy,13.52,8,1
21245,Australia,13.52,8,1
21242,Malta,13.52,8,1
84879,Canada,13.52,8,1
21243,Malta,13.52,8,1
21135,Norway,13.52,8,1
21245,Malta,13.52,8,1
21245,Finland,13.52,8,1
21135,Italy,13.52,8,1
84879,Belgium,13.52,8,1
21242,Channel Islands,13.52,8,1
21243,Cyprus,13.52,8,1
21242,Cyprus,13.52,8,1
21576,Austria,13.5,6,1
21349,Belgium,13.5,2,1
21110,Belgium,13.5,2,1
48173C,Malta,13.5,2,1
48184,Malta,13.5,2,1
21579,Japan,13.5,6,1
21578,Lithuania,13.5,6,1
22785,Germany,13.5,2,1
48111,Cyprus,13.5,2,1
21525,Germany,13.5,2,2
21578,Japan,13.5,6,1
21577,Thailand,13.5,6,1
48195,Cyprus,13.5,2,1
21580,RSA,13.5,6,1
21581,Italy,13.5,6,1
21109,France,13.5,2,1
48116,Cyprus,13.5,2,1
22843,Norway,13.5,2,1
21462,Cyprus,13.5,2,1
21579,Austria,13.5,6,1
21579,Iceland,13.5,6,1
21462,Greece,13.5,2,1
21576,Lithuania,13.5,6,1
21577,Denmark,13.5,6,1
21580,France,13.5,6,1
20685,Cyprus,13.5,2,1
22795,Poland,13.5,2,1
21577,Finland,13.5,6,1
48103,Cyprus,13.5,2,1
22842,Italy,13.5,2,1
21110,Austria,13.5,2,1
21351,France,13.5,2,1
21577,Poland,13.5,6,1
21115,Israel,13.5,2,1
21110,Greece,13.5,2,1
21955,Malta,13.5,2,1
22843,France,13.5,2,1
21577,Malta,13.5,6,1
21577,Italy,13.5,6,1
21576,Japan,13.5,6,1
48116,Austria,13.5,2,1
21524,Malta,13.5,2,1
21577,Austria,13.5,6,1
21349,Poland,13.5,2,1
22468,Cyprus,13.5,2,1
84839,Unspecified,13.5,2,1
21462,Finland,13.5,2,1
21578,Denmark,13.5,6,1
21523,Malta,13.5,2,1
21351,Belgium,13.5,2,1
21349,Italy,13.5,2,1
21462,RSA,13.5,2,1
21580,Japan,13.5,6,1
22106,Italy,13.5,2,1
21793,EIRE,13.5,2,1
22842,Austria,13.5,2,1
21579,Denmark,13.5,6,1
22414,EIRE,13.5,2,1
21581,Lithuania,13.5,6,1
21578,Norway,13.5,6,1
21576,Thailand,13.5,6,1
22468,Switzerland,13.5,2,1
48185,Malta,13.5,2,1
22366,Bahrain,13.5,2,1
21576,Malta,13.5,6,1
21576,Denmark,13.5,6,1
21109,Belgium,13.5,2,1
21462,Sweden,13.5,2,1
48195,Portugal,13.5,2,1
21577,Netherlands,13.5,6,1
21578,Thailand,13.5,6,1
84529C,Japan,13.5,2,1
22843,Austria,13.5,2,1
22179,Sweden,13.5,2,1
21578,Sweden,13.5,6,1
21349,Singapore,13.5,2,1
48173C,Austria,13.5,2,1
48187,Malta,13.5,2,1
22795,Cyprus,13.5,2,1
85103,EIRE,13.5,2,1
21577,Japan,13.5,6,1
21579,Sweden,13.5,6,1
21115,France,13.5,2,1
48195,EIRE,13.5,2,1
85186C,Spain,13.44,32,1
84596L,Belgium,13.44,32,2
85172,Sweden,13.44,32,1
85175,France,13.44,32,2
79149B,United Kingdom,13.44,32,14
84536B,France,13.44,32,2
84596G,EIRE,13.44,32,2
85039b,United Kingdom,13.44,4,1
72756,EIRE,13.41,9,1
72756,Cyprus,13.41,9,1
72756,United Arab Emirates,13.41,9,1
90204,Germany,13.4,4,1
90204,EIRE,13.4,4,1
62097B,United Kingdom,13.37,11,4
23639,United Kingdom,13.32,4,4
23046,Unspecified,13.3,2,1
23607,United Kingdom,13.28,8,7
23295,Belgium,13.28,16,1
23353,Portugal,13.28,16,2
23293,Canada,13.28,16,1
23271,Iceland,13.28,16,1
23271,Italy,13.28,16,1
23271,Germany,13.28,16,1
23293,Israel,13.28,16,1
47021G,EIRE,13.26,34,1
82580,Spain,13.2,24,2
21431,Finland,13.2,8,1
82578,Greece,13.2,24,2
21213,Unspecified,13.2,24,1
47591B,Poland,13.2,8,1
21975,United Arab Emirates,13.2,24,1
21977,United Arab Emirates,13.2,24,1
22417,Italy,13.2,24,1
22952,Portugal,13.2,24,1
21975,Israel,13.2,24,1
21977,Israel,13.2,24,1
23309,Norway,13.2,24,1
23308,Portugal,13.2,24,1
84991,Nigeria,13.2,24,1
22334,Switzerland,13.2,8,1
22951,Canada,13.2,24,1
84989A,Finland,13.2,24,1
21976,Japan,13.2,24,1
84990,Netherlands,13.2,24,1
22417,Finland,13.2,24,1
23307,Denmark,13.2,24,1
84929,Lebanon,13.2,24,1
84991,Hong Kong,13.2,24,1
20727,Unspecified,13.2,8,1
84929,Spain,13.2,24,1
21213,Austria,13.2,24,1
82580,Greece,13.2,24,2
82581,Spain,13.2,24,2
21213,Switzerland,13.2,24,1
22333,Cyprus,13.2,8,1
21215,Channel Islands,13.2,24,1
21976,Israel,13.2,24,1
22417,Singapore,13.2,24,1
23309,USA,13.2,24,1
20857,Austria,13.2,8,1
84989A,Sweden,13.2,24,1
22055,Sweden,13.2,8,1
22054,EIRE,13.2,8,1
22331,Belgium,13.2,8,1
22952,Denmark,13.2,24,1
21212,United Arab Emirates,13.2,24,1
84989A,Germany,13.2,24,1
22951,Hong Kong,13.2,24,1
84991,Italy,13.2,24,1
21213,United Arab Emirates,13.2,24,1
22952,Italy,13.2,24,1
23307,Portugal,13.2,24,1
22759,Unspecified,13.2,8,1
84989B,Netherlands,13.2,24,1
23307,European Community,13.2,24,1
22055,Unspecified,13.2,8,1
85226A,EIRE,13.2,24,2
22952,United Arab Emirates,13.2,24,1
22232,Austria,13.2,8,1
84989B,Spain,13.2,24,1
22951,Israel,13.2,24,1
82580,Finland,13.2,24,2
21431,Lithuania,13.2,8,1
21977,Singapore,13.2,24,1
21975,Singapore,13.2,24,1
23307,Japan,13.2,24,1
21213,Denmark,13.2,24,1
22332,RSA,13.2,8,1
22652,USA,13.2,8,1
85196,United Arab Emirates,13.2,24,2
21977,Canada,13.2,24,1
84991,United Arab Emirates,13.2,24,1
21213,Hong Kong,13.2,24,1
21976,Hong Kong,13.2,24,1
82580,Poland,13.2,24,2
22055,Netherlands,13.2,8,1
22332,Hong Kong,13.2,8,1
22951,Austria,13.2,24,1
22952,Austria,13.2,24,1
21429,Italy,13.2,8,1
22952,Switzerland,13.2,24,1
21975,USA,13.2,24,1
47591B,Lithuania,13.2,8,1
21215,France,13.2,24,1
22333,Finland,13.2,8,1
22054,Austria,13.2,8,1
22384,USA,13.2,8,1
82581,Finland,13.2,24,2
23308,European Community,13.2,24,1
82580,Portugal,13.2,24,2
22417,Austria,13.2,24,1
21212,Canada,13.2,24,1
22417,Israel,13.2,24,1
23307,Israel,13.2,24,1
82578,Poland,13.2,24,2
21212,Singapore,13.2,24,1
84992,Italy,13.2,24,1
85117,Belgium,13.2,8,1
23321,France,13.2,8,2
84990,Portugal,13.2,24,1
22333,RSA,13.2,8,1
21975,Denmark,13.2,24,1
22334,Hong Kong,13.2,8,1
22055,Austria,13.2,8,1
23307,Switzerland,13.2,24,1
85226C,Germany,13.2,24,2
47591B,United Arab Emirates,13.2,8,1
22331,RSA,13.2,8,1
21977,Hong Kong,13.2,24,1
22662,Spain,13.2,8,5
22951,Japan,13.2,24,1
21429,Canada,13.2,8,1
21975,Hong Kong,13.2,24,1
23308,Spain,13.2,24,1
23146,Finland,13.16,4,1
72741,Belgium,13.05,9,1
72741,United Arab Emirates,13.05,9,1
72741,Hong Kong,13.05,9,1
22577,Portugal,13.05,45,5
21163,France,13.05,9,2
72741,Korea,13.05,9,1
72741,Sweden,13.05,9,1
23175,Switzerland,13.0,4,1
85159b,United Kingdom,13.0,1,1
23175,Norway,13.0,4,1
22436,Belgium,13.0,20,1
23175,USA,13.0,4,1
23175,Canada,13.0,4,1
35004s,United Kingdom,13.0,1,1
35015,Switzerland,12.96,216,2
16192,United Kingdom,12.9,3,1
84989b,United Kingdom,12.8,10,6
84247J,United Kingdom,12.78,10,9
20832,France,12.76,28,2
21407,France,12.75,3,1
21002,Finland,12.75,3,1
85065,Cyprus,12.75,1,1
21411,Cyprus,12.75,3,1
21340,Norway,12.75,1,1
85163B,Italy,12.75,1,1
84819,United Arab Emirates,12.75,3,1
84819,Channel Islands,12.75,3,1
21004,USA,12.75,3,1
22429,Spain,12.75,3,1
22932,Spain,12.75,5,2
20702,Spain,12.75,3,1
44092B,United Kingdom,12.75,15,6
22282,Spain,12.75,1,1
22372,Germany,12.75,3,1
84815,Channel Islands,12.75,3,1
90166,EIRE,12.75,3,1
20702,Belgium,12.75,3,1
21332,Greece,12.75,1,1
35645,Spain,12.75,3,2
21270,Germany,12.75,1,1
84219,Germany,12.75,5,1
84815,Cyprus,12.75,3,1
72803A,Spain,12.75,3,1
22526,Germany,12.75,1,1
84815,Belgium,12.75,3,1
20702,Greece,12.75,3,1
22236,Channel Islands,12.75,1,1
20771,France,12.75,5,1
21408,Canada,12.75,3,1
84968F,Belgium,12.75,1,1
90200C,Switzerland,12.75,3,1
20703,Italy,12.75,3,1
21323,EIRE,12.75,3,1
85163A,EIRE,12.75,1,1
21331,Portugal,12.75,1,1
90200E,Germany,12.75,3,1
84813,Unspecified,12.75,1,1
22760,Spain,12.75,1,1
22218,Netherlands,12.75,3,1
85163A,Germany,12.75,1,1
21282,Germany,12.75,3,1
22196,Portugal,12.75,15,3
21002,Sweden,12.75,3,1
22851,Spain,12.75,15,3
21464,France,12.75,3,2
21274,EIRE,12.75,1,1
84968D,Italy,12.75,1,1
72807A,Spain,12.75,3,1
90200E,EIRE,12.75,3,1
20702,Austria,12.75,3,1
22526,Portugal,12.75,1,1
84819,Belgium,12.75,3,1
85163B,EIRE,12.75,1,1
47574A,Greece,12.75,3,1
90200D,Switzerland,12.75,3,1
90200A,Switzerland,12.75,3,1
90200B,Switzerland,12.75,3,1
21772,United Kingdom,12.75,1,1
47581B,Unspecified,12.75,1,1
20703,Greece,12.75,3,1
20812,United Kingdom,12.75,5,3
21408,Cyprus,12.75,3,1
84815,Germany,12.75,3,1
21274,Cyprus,12.75,1,1
20703,Austria,12.75,3,1
22218,Sweden,12.75,3,1
21323,Cyprus,12.75,3,1
21540,EIRE,12.75,3,1
84968C,Italy,12.75,1,1
21464,Spain,12.75,3,2
84796A,Spain,12.75,1,1
21361,France,12.75,1,1
20748,Thailand,12.75,1,1
22891,Belgium,12.75,3,1
85163A,Belgium,12.75,1,1
20703,Australia,12.75,3,1
22424,European Community,12.75,1,1
21410,Italy,12.75,3,1
20695,EIRE,12.75,3,1
22424,Unspecified,12.75,1,1
21366,Australia,12.75,3,1
90194,EIRE,12.75,3,1
84617,EIRE,12.75,1,1
84819,Norway,12.75,3,1
21331,Greece,12.75,1,1
21340,Greece,12.75,1,1
84405A,Sweden,12.75,1,1
21410,France,12.75,3,1
21408,Greece,12.75,3,1
21407,Cyprus,12.75,3,1
21076,EIRE,12.75,15,2
90020,EIRE,12.75,1,1
21258,Greece,12.75,1,1
84648,United Kingdom,12.75,1,1
84819,Italy,12.75,3,1
84815,Italy,12.75,3,1
85019C,Netherlands,12.75,3,1
22236,Thailand,12.75,1,1
21411,France,12.75,3,1
72802A,Spain,12.75,3,1
84968F,Italy,12.75,1,1
20703,Belgium,12.75,3,1
22423,Sweden,12.75,1,1
21258,Switzerland,12.75,1,1
21407,Spain,12.75,3,1
22197,Unspecified,12.75,15,2
90200D,EIRE,12.75,3,1
22423,Canada,12.75,1,1
22218,Finland,12.75,3,1
21407,Belgium,12.75,3,1
90200C,EIRE,12.75,3,1
21408,Austria,12.75,3,1
85083,United Kingdom,12.75,5,2
84968D,Netherlands,12.75,1,1
22424,Australia,12.75,1,1
84029G,Spain,12.75,3,1
22276,Israel,12.75,5,1
72752B,United Kingdom,12.75,3,2
22891,Switzerland,12.75,3,1
46000P,France,12.75,3,1
35004p,United Kingdom,12.72,1,1
85157,United Kingdom,12.72,1,1
DCGS0037,United Kingdom,12.72,1,1
20971,Channel Islands,12.72,12,1
DCGS0075,United Kingdom,12.72,1,1
22845,Greece,12.7,2,1
20903,Bahrain,12.7,2,1
22372,Sweden,12.7,2,1
22375,Australia,12.7,2,1
22371,Australia,12.7,2,1
20901,Netherlands,12.7,2,1
22845,Cyprus,12.7,2,1
21003,EIRE,12.7,2,1
22374,Sweden,12.7,2,1
22845,Lebanon,12.7,2,1
20902,Germany,12.7,2,1
20903,Greece,12.7,2,1
85159B,Malta,12.7,2,1
20902,Spain,12.7,2,1
20902,Greece,12.7,2,1
21003,Israel,12.7,2,1
22845,Norway,12.7,2,1
20845,Cyprus,12.7,2,1
22376,Australia,12.7,2,1
84881,Cyprus,12.7,2,1
20903,Germany,12.7,2,1
20801,Finland,12.64,16,1
20754,USA,12.6,6,1
35810B,Portugal,12.6,6,1
22149,Australia,12.6,6,1
22702,EIRE,12.6,6,1
16235,France,12.6,60,1
22212,Norway,12.6,6,1
85053,Finland,12.6,6,1
82605,Cyprus,12.6,6,1
22955,Channel Islands,12.6,6,1
85116,Canada,12.6,6,1
22748,Portugal,12.6,6,1
22955,Switzerland,12.6,6,1
22380,Spain,12.6,6,2
21905,Germany,12.6,6,1
79160,Netherlands,12.6,6,1
47599B,Hong Kong,12.6,6,1
16237,Denmark,12.6,60,1
21293,France,12.6,6,1
20619,Germany,12.6,6,1
35810A,Sweden,12.6,6,1
22279,Channel Islands,12.6,6,1
47568,United Arab Emirates,12.6,6,1
47599A,United Arab Emirates,12.6,6,1
21392,Austria,12.6,6,1
21157,Belgium,12.6,6,1
22746,Australia,12.6,6,1
22703,Italy,12.6,6,1
22149,Switzerland,12.6,6,1
21393,EIRE,12.6,6,1
35809B,Belgium,12.6,6,1
85020,United Arab Emirates,12.6,6,1
22965,Switzerland,12.6,6,1
47599A,Switzerland,12.6,6,1
20799,Germany,12.6,6,1
85197,Switzerland,12.6,6,1
22748,Sweden,12.6,6,1
47599B,RSA,12.6,6,1
21749,Portugal,12.6,6,1
84937,Germany,12.6,6,1
20617,Thailand,12.6,6,1
22955,United Arab Emirates,12.6,6,1
20619,Thailand,12.6,6,1
22899,Denmark,12.6,6,1
22964,Belgium,12.6,6,1
20830,Malta,12.6,6,1
22145,Channel Islands,12.6,6,1
35924,Spain,12.6,6,1
21393,Sweden,12.6,6,1
70006,Germany,12.6,30,1
22515,Italy,12.6,6,1
90108,Switzerland,12.6,12,1
16237,Italy,12.6,60,1
22956,Italy,12.6,6,1
85032C,France,12.6,6,1
22702,France,12.6,6,1
20619,France,12.6,6,1
22141,Austria,12.6,6,1
22747,Norway,12.6,6,1
85053,Poland,12.6,6,1
85053,Italy,12.6,6,1
22144,Switzerland,12.6,6,1
47579,Germany,12.6,6,1
35924,Belgium,12.6,6,1
20754,Singapore,12.6,6,1
21051,Sweden,12.6,6,1
47592A,EIRE,12.6,6,1
21293,Germany,12.6,6,1
84933A,EIRE,12.6,6,1
21427,Norway,12.6,6,1
21736,Cyprus,12.6,6,1
20798,Germany,12.6,6,1
20754,Denmark,12.6,6,1
82599,EIRE,12.6,6,1
22519,Finland,12.6,6,1
20831,Unspecified,12.6,6,1
35911B,Spain,12.6,6,1
22190,EIRE,12.6,6,2
47599A,Spain,12.6,6,1
35810B,Finland,12.6,6,1
21393,Finland,12.6,6,1
22747,Portugal,12.6,6,1
20753,Cyprus,12.6,6,1
21908,Malta,12.6,6,1
20622,Bahrain,12.6,6,1
21532,United Arab Emirates,12.6,6,1
22748,Poland,12.6,6,1
84817,United Arab Emirates,12.6,6,1
20754,Poland,12.6,6,1
85038,Spain,12.6,6,1
22277,Thailand,12.6,6,1
20752,Spain,12.6,6,2
85088,Spain,12.6,6,1
22899,Canada,12.6,6,1
84927D,EIRE,12.6,6,1
22280,Channel Islands,12.6,6,1
35810B,Malta,12.6,6,1
21393,Malta,12.6,6,1
72812,EIRE,12.6,6,1
21398,Malta,12.6,6,1
47599B,Sweden,12.6,6,1
22703,Sweden,12.6,6,1
22519,Italy,12.6,6,1
22516,Italy,12.6,6,1
22518,Lithuania,12.6,6,1
21195,Poland,12.6,6,1
20830,EIRE,12.6,6,1
22964,Austria,12.6,6,1
22144,Belgium,12.6,6,1
22748,Norway,12.6,6,1
21417,EIRE,12.6,6,1
90125D,Switzerland,12.6,6,1
20795,EIRE,12.6,6,1
84270,Channel Islands,12.6,60,2
20865,France,12.6,6,1
22702,Finland,12.6,6,1
22141,Belgium,12.6,6,1
35924,Greece,12.6,6,1
72812,Germany,12.6,6,1
21155,Finland,12.6,6,1
21864,Cyprus,12.6,6,1
22515,Portugal,12.6,6,1
22745,Australia,12.6,6,1
84817,Malta,12.6,6,1
71406C,Spain,12.6,30,3
22279,USA,12.6,6,1
22141,France,12.6,6,1
20622,EIRE,12.6,6,1
85197,EIRE,12.6,6,1
21399,Malta,12.6,6,1
22149,Singapore,12.6,6,1
85038,Korea,12.6,6,1
90209A,France,12.6,6,1
22212,Lithuania,12.6,6,1
22702,Channel Islands,12.6,6,1
90125B,Switzerland,12.6,6,1
85088,Sweden,12.6,6,1
22518,Portugal,12.6,6,1
21398,Austria,12.6,6,1
22746,Portugal,12.6,6,1
21865,Thailand,12.6,6,1
22745,Norway,12.6,6,1
22517,Germany,12.6,6,1
22212,Cyprus,12.6,6,1
21307,Germany,12.6,6,1
47592B,EIRE,12.6,6,1
85020,EIRE,12.6,6,1
35809B,Finland,12.6,6,1
22748,Australia,12.6,6,1
22145,Germany,12.6,6,1
21155,United Arab Emirates,12.6,6,1
21392,EIRE,12.6,6,1
85038,France,12.6,6,1
90209A,EIRE,12.6,6,1
90108,EIRE,12.6,12,1
21562,Switzerland,12.6,6,1
85088,France,12.6,6,1
22694,Singapore,12.6,6,1
20752,USA,12.6,6,1
16235,Switzerland,12.6,60,1
20622,France,12.6,6,1
20616,Thailand,12.6,6,1
47568,Thailand,12.6,6,1
20864,Germany,12.6,6,1
21191,EIRE,12.6,6,1
47568,Sweden,12.6,6,1
21392,Sweden,12.6,6,1
22149,Sweden,12.6,6,1
22899,Unspecified,12.6,6,1
20618,EIRE,12.6,6,1
22965,Sweden,12.6,6,1
21414,Cyprus,12.6,6,1
84817,Norway,12.6,6,1
22745,Poland,12.6,6,1
21536,United Arab Emirates,12.6,6,1
22514,Germany,12.6,6,1
21896,Australia,12.6,6,1
17011F,Unspecified,12.6,6,1
21155,Cyprus,12.6,6,1
22745,Portugal,12.6,6,1
85053,Greece,12.6,6,1
22956,Switzerland,12.6,6,1
20754,Cyprus,12.6,6,1
21157,Portugal,12.6,6,1
21051,Cyprus,12.6,6,1
21532,EIRE,12.6,6,1
21427,Spain,12.6,6,2
21157,EIRE,12.6,6,1
21750,France,12.6,6,1
35810B,Belgium,12.6,6,1
22899,Greece,12.6,6,1
47599A,RSA,12.6,6,1
21392,Finland,12.6,6,1
22747,Australia,12.6,6,1
20752,Finland,12.6,6,1
35924,Canada,12.6,6,1
22145,Italy,12.6,6,1
47599A,Poland,12.6,6,1
21392,Malta,12.6,6,1
22899,Austria,12.6,6,1
20752,Poland,12.6,6,1
22955,Norway,12.6,6,1
23323,France,12.6,6,1
22277,Israel,12.6,6,1
22694,Poland,12.6,6,1
22746,Poland,12.6,6,1
22664,Germany,12.6,6,2
22694,Finland,12.6,6,1
47568,Finland,12.6,6,1
20619,Netherlands,12.6,6,1
22149,Malta,12.6,6,1
22518,Finland,12.6,6,1
22519,Lithuania,12.6,6,1
22514,Italy,12.6,6,1
22518,Italy,12.6,6,1
22517,Italy,12.6,6,1
22965,Italy,12.6,6,1
35809A,Portugal,12.6,6,1
22964,Sweden,12.6,6,1
84817,Canada,12.6,6,1
85053,Austria,12.6,6,1
21012,Norway,12.6,6,1
22956,Austria,12.6,6,1
22694,Norway,12.6,6,1
22277,Greece,12.6,6,1
35810B,Lebanon,12.6,6,1
20617,Bahrain,12.6,6,1
47599A,Finland,12.6,6,1
20617,Spain,12.6,6,1
35924,France,12.6,6,1
22964,Portugal,12.6,6,1
22280,USA,12.6,6,1
84937,Belgium,12.6,6,1
22280,Thailand,12.6,6,1
22149,Italy,12.6,6,1
23323,Germany,12.6,6,1
20831,Malta,12.6,6,1
85032A,EIRE,12.6,6,1
22141,Italy,12.6,6,1
84927F,EIRE,12.6,6,1
47599A,Hong Kong,12.6,6,1
79190B,Germany,12.6,30,2
22277,Channel Islands,12.6,6,1
22746,Norway,12.6,6,1
22277,Switzerland,12.6,6,1
84817,Portugal,12.6,6,1
85088,Hong Kong,12.6,6,1
20871,EIRE,12.6,6,1
90128C,United Kingdom,12.55,6,6
84206A,United Kingdom,12.54,66,8
90128B,United Kingdom,12.52,8,7
51012L,United Kingdom,12.5,10,6
21221,EIRE,12.5,10,1
22053,Norway,12.5,10,1
21219,Belgium,12.5,10,1
22685,Cyprus,12.5,10,1
22680,Netherlands,12.5,10,1
22683,Cyprus,12.5,10,1
22680,Cyprus,12.5,10,1
22478,Cyprus,12.5,10,1
21025,Cyprus,12.5,10,1
22685,Netherlands,12.5,10,1
20677,Cyprus,12.5,10,2
20730,Australia,12.5,10,1
20717,Greece,12.5,10,1
22053,Poland,12.5,10,1
21114,Thailand,12.5,10,1
21222,Belgium,12.5,10,1
23069,EIRE,12.5,2,1
22479,France,12.5,10,1
20717,Austria,12.5,10,1
20716,EIRE,12.5,10,1
22479,Sweden,12.5,10,1
22684,Israel,12.5,10,1
22682,Israel,12.5,10,1
22679,Israel,12.5,10,1
21222,Spain,12.5,10,1
84510A,Cyprus,12.5,10,1
21025,Netherlands,12.5,10,1
21070,France,12.5,10,2
20718,Sweden,12.5,10,1
21223,RSA,12.5,10,1
22683,Netherlands,12.5,10,1
20961,Austria,12.5,10,1
23104,Spain,12.5,1,1
23094,Portugal,12.5,1,1
23069,Portugal,12.5,2,1
20963,Finland,12.5,10,1
20730,Greece,12.5,10,1
23017,Germany,12.5,1,1
23020,Italy,12.5,1,1
20716,Italy,12.5,10,1
22679,Netherlands,12.5,10,1
10134,Italy,12.5,10,1
22477,France,12.5,10,1
22254,Spain,12.5,10,1
21032,Cyprus,12.5,10,1
21027,Cyprus,12.5,10,1
22682,Cyprus,12.5,10,1
22525,Spain,12.5,10,1
22676,Poland,12.5,10,1
20718,RSA,12.5,10,1
22684,Netherlands,12.5,10,1
20729,Germany,12.5,10,1
21027,Japan,12.5,10,1
47559B,Austria,12.5,10,1
20966,Netherlands,12.5,10,1
22685,Israel,12.5,10,1
21114,Poland,12.5,10,1
22683,Israel,12.5,10,1
22680,Israel,12.5,10,1
20717,Belgium,12.5,10,1
23108,Israel,12.5,2,1
21154,Israel,12.5,10,1
20961,Cyprus,12.5,10,1
21026,Germany,12.5,10,1
20729,EIRE,12.5,10,1
23065,Spain,12.5,1,1
21032,Japan,12.5,10,1
21220,Lithuania,12.5,10,1
21154,Iceland,12.5,10,1
84915,Poland,12.5,10,1
22678,Poland,12.5,10,1
22525,Lithuania,12.5,10,1
35918B,United Kingdom,12.5,10,5
22478,Switzerland,12.5,10,1
20960,EIRE,12.5,10,1
22677,Poland,12.5,10,1
21026,Sweden,12.5,10,1
22053,EIRE,12.5,10,1
21591,Portugal,12.5,10,1
22525,Cyprus,12.5,10,1
22684,Cyprus,12.5,10,1
20963,Portugal,12.5,10,1
22679,Cyprus,12.5,10,1
23108,Greece,12.5,2,1
22477,Sweden,12.5,10,1
23020,Portugal,12.5,1,1
20961,Belgium,12.5,10,1
23065,Belgium,12.5,1,1
22683,Poland,12.5,10,1
22791,Switzerland,12.5,10,2
20731,Australia,12.5,10,1
21220,France,12.5,10,1
21224,RSA,12.5,10,1
47341A,EIRE,12.5,10,1
47559B,Hong Kong,12.5,10,1
23108,Finland,12.5,2,1
23111,Netherlands,12.5,1,1
20963,Cyprus,12.5,10,1
22478,Poland,12.5,10,1
22478,RSA,12.5,10,1
21219,Finland,12.5,10,1
23400,Germany,12.5,2,1
23108,Norway,12.5,2,1
22676,Israel,12.5,10,1
20961,Canada,12.5,10,1
22677,Israel,12.5,10,1
22678,Israel,12.5,10,1
20716,Iceland,12.5,10,1
21154,Italy,12.5,10,1
20730,Germany,12.5,10,1
21026,Cyprus,12.5,10,1
23481,France,12.5,10,1
10135,France,12.5,10,1
23212,Spain,12.5,10,1
84743C,United Kingdom,12.5,10,6
22681,Cyprus,12.5,10,1
84510A,Finland,12.5,10,1
22681,Netherlands,12.5,10,1
22525,Sweden,12.5,10,1
20961,Portugal,12.5,10,1
20963,Netherlands,12.5,10,1
22680,Poland,12.5,10,1
21114,Channel Islands,12.5,10,1
21154,Poland,12.5,10,1
20966,Canada,12.5,10,1
20717,Portugal,12.5,10,1
21220,West Indies,12.5,10,1
22525,Portugal,12.5,10,1
23020,European Community,12.5,1,1
21031,Cyprus,12.5,10,1
21154,Malta,12.5,10,1
23211,Spain,12.5,10,1
47559B,Thailand,12.5,10,1
21028,Sweden,12.5,10,1
84984D,EIRE,12.5,10,1
10135,Italy,12.5,10,1
22478,France,12.5,10,1
20717,Italy,12.5,10,1
35921,Spain,12.5,10,1
22524,Spain,12.5,10,1
22524,Cyprus,12.5,10,1
84510B,Germany,12.5,10,1
10135,Norway,12.5,10,1
22677,Cyprus,12.5,10,1
84510A,Portugal,12.5,10,1
21030,Netherlands,12.5,10,1
20960,Austria,12.5,10,1
10134,Cyprus,12.5,10,1
20676,Cyprus,12.5,10,2
84984A,Netherlands,12.5,10,1
23401,Germany,12.5,2,1
21030,Japan,12.5,10,1
23094,Belgium,12.5,1,1
22678,Netherlands,12.5,10,1
84510A,Thailand,12.5,10,1
84510A,Sweden,12.5,10,1
21224,Sweden,12.5,10,1
21030,Cyprus,12.5,10,1
23108,Singapore,12.5,2,1
21826,Germany,12.5,10,1
23108,Sweden,12.5,2,1
20960,United Arab Emirates,12.5,10,1
23094,Spain,12.5,1,1
84510C,EIRE,12.5,10,1
22684,Poland,12.5,10,1
47559B,USA,12.5,10,1
21224,West Indies,12.5,10,1
22676,Cyprus,12.5,10,1
22678,Cyprus,12.5,10,1
21026,United Arab Emirates,12.5,10,1
22679,Poland,12.5,10,1
21221,Lithuania,12.5,10,1
23427,Spain,12.5,1,1
22681,Israel,12.5,10,1
23241,Canada,12.48,6,1
23242,Canada,12.48,6,1
23242,EIRE,12.48,6,1
23074,Norway,12.48,6,1
23513,Denmark,12.48,6,1
23515,Denmark,12.48,6,1
23512,Spain,12.48,6,1
23514,Spain,12.48,6,1
23559,Australia,12.48,6,1
23511,Switzerland,12.48,6,1
23515,Finland,12.48,6,1
23027,Germany,12.48,6,1
23026,Germany,12.48,6,1
23552,Iceland,12.48,6,1
23392,EIRE,12.48,6,1
23074,EIRE,12.48,6,1
23515,USA,12.48,6,1
23511,Belgium,12.48,6,1
23512,Switzerland,12.48,6,1
23242,Denmark,12.48,6,1
23339,EIRE,12.48,6,1
23241,Norway,12.48,6,1
23335,EIRE,12.48,6,1
23027,France,12.48,6,1
23559,Belgium,12.48,6,1
23026,France,12.48,6,1
23512,Denmark,12.48,6,1
23515,Spain,12.48,6,1
23408,Spain,12.48,6,1
23337,EIRE,12.48,6,1
23242,Channel Islands,12.48,6,1
23513,Belgium,12.48,6,1
23348,Sweden,12.48,6,1
23511,Portugal,12.48,6,1
23338,EIRE,12.48,6,1
23514,Italy,12.48,6,1
23241,Channel Islands,12.48,6,1
23515,Belgium,12.48,6,1
23025,Germany,12.48,6,1
23392,Switzerland,12.48,6,1
23635,United Kingdom,12.48,3,3
23336,EIRE,12.48,6,1
23511,Denmark,12.48,6,1
23348,RSA,12.48,6,1
23348,Hong Kong,12.48,6,1
23512,Germany,12.48,6,1
23512,USA,12.48,6,1
23514,Portugal,12.48,6,1
23512,Portugal,12.48,6,1
23084,Greece,12.48,6,1
23348,Italy,12.48,6,1
23242,Belgium,12.48,6,1
23514,USA,12.48,6,1
23025,France,12.48,6,1
23552,Portugal,12.48,6,1
23513,Switzerland,12.48,6,1
23654,United Kingdom,12.45,5,4
23129,France,12.45,3,1
23048,Cyprus,12.45,3,3
22210,Spain,12.45,15,2
84596g,United Kingdom,12.4,5,2
21084,Belgium,12.36,36,2
21883,Switzerland,12.36,36,2
23367,Portugal,12.35,19,3
23368,Portugal,12.35,19,3
90000C,United Kingdom,12.32,2,2
22057,Germany,12.2,20,2
22419,Netherlands,12.18,29,3
20801,Poland,12.0,16,1
16045,Belgium,12.0,100,1
90030B,Finland,12.0,12,2
44242A,United Kingdom,11.98,14,2
90145,EIRE,11.9,2,1
84575B,United Kingdom,11.9,2,2
22281,France,11.9,2,1
84620,Brazil,11.9,2,1
22281,Portugal,11.9,2,1
22786,Canada,11.9,2,1
84915,EIRE,11.9,2,1
21432,Poland,11.9,2,1
90211A,EIRE,11.9,2,1
84766,EIRE,11.9,2,1
84687,Finland,11.9,2,1
84533B,Unspecified,11.9,2,1
84820,Belgium,11.9,2,1
84843,Norway,11.9,2,1
21742,Germany,11.9,2,1
20679,Unspecified,11.9,2,2
21065,Unspecified,11.9,2,2
84687,EIRE,11.9,2,1
22926,Spain,11.9,2,1
72750B,Germany,11.9,2,1
84843,Italy,11.9,2,1
22926,Cyprus,11.9,2,1
22928,Greece,11.9,2,1
21441,France,11.9,14,2
21463,Belgium,11.9,2,1
21463,Spain,11.9,2,1
21259,Cyprus,11.9,2,1
22281,Greece,11.9,2,1
21432,Spain,11.9,2,1
84916,EIRE,11.9,2,1
84563A,EIRE,11.9,2,1
84687,Spain,11.9,2,1
21442,France,11.9,14,2
21259,Spain,11.9,2,1
78033,Germany,11.9,2,1
84520B,Portugal,11.9,14,2
84563A,Sweden,11.9,2,1
84563B,Sweden,11.9,2,1
84563B,EIRE,11.9,2,1
84906,Belgium,11.9,2,1
84767,EIRE,11.9,2,1
84843,Cyprus,11.9,2,1
85014B,Unspecified,11.9,2,1
90145,Belgium,11.9,2,1
84532B,EIRE,11.9,2,1
90145,Spain,11.9,2,1
84575B,Germany,11.9,2,1
22822,Germany,11.9,2,1
84859C,Sweden,11.9,2,1
84820,Norway,11.9,2,1
22927,Cyprus,11.9,2,1
22925,Cyprus,11.9,2,1
84576,Netherlands,11.9,2,1
22197,Cyprus,11.9,14,2
84843,Belgium,11.9,2,1
84820,Malta,11.9,2,1
21259,Greece,11.9,2,1
90000A,EIRE,11.9,2,1
90211B,EIRE,11.9,2,1
84563A,Italy,11.9,2,1
21463,Italy,11.9,2,1
84687,Greece,11.9,2,1
22722,Spain,11.85,3,1
22206,United Kingdom,11.82,14,10
23322,France,11.8,4,1
37444B,Bahrain,11.8,4,1
20889,EIRE,11.8,4,1
37342,Malta,11.8,4,1
21333,Unspecified,11.8,4,1
22698,Portugal,11.8,4,1
84563B,Switzerland,11.8,4,1
35965,Spain,11.8,4,1
37444C,Bahrain,11.8,4,1
72799F,Unspecified,11.8,4,1
85185E,United Kingdom,11.8,4,2
20896,EIRE,11.8,4,1
22904,USA,11.8,4,1
22364,Belgium,11.8,4,1
22360,Belgium,11.8,4,1
84563A,Hong Kong,11.8,4,1
22318,Spain,11.8,4,2
84563B,Hong Kong,11.8,4,1
37444A,Bahrain,11.8,4,1
16239,Spain,11.8,4,1
21333,France,11.8,4,1
22903,EIRE,11.8,4,1
85179a,United Kingdom,11.78,2,2
16236,Switzerland,11.76,56,2
22540,Unspecified,11.76,28,3
21650,France,11.72,52,3
22433,Finland,11.7,6,1
22432,Finland,11.7,6,1
22992,Spain,11.7,6,1
20886,France,11.7,6,1
47594B,Italy,11.7,6,1
20886,Germany,11.7,6,1
21156,USA,11.7,6,1
21394,Sweden,11.7,6,1
21460,EIRE,11.7,6,1
23451,Spain,11.7,6,1
23039,Austria,11.7,6,1
23244,Norway,11.7,6,1
22367,Unspecified,11.7,6,1
79029,Spain,11.7,6,1
40018E,Spain,11.7,6,1
84906,Hong Kong,11.7,6,1
22433,Hong Kong,11.7,6,1
21459,EIRE,11.7,6,1
85027L,Channel Islands,11.7,6,1
84741C,EIRE,11.7,6,1
35910B,Germany,11.7,6,1
22659,USA,11.7,6,1
21395,Sweden,11.7,6,1
23244,Sweden,11.7,6,1
35637C,Norway,11.7,6,1
84531A,United Arab Emirates,11.7,6,1
21395,EIRE,11.7,6,1
85028L,Channel Islands,11.7,6,1
22178,Switzerland,11.7,6,1
79029,Greece,11.7,6,1
84218,Germany,11.7,6,1
22306,Spain,11.7,6,1
84531B,United Arab Emirates,11.7,6,1
22432,Portugal,11.7,6,1
84218,EIRE,11.7,6,1
84218,France,11.7,6,1
62018,France,11.7,6,1
23244,Cyprus,11.7,6,1
62018,EIRE,11.7,6,1
47594A,Iceland,11.7,6,1
21394,Austria,11.7,6,1
20992,Spain,11.7,30,2
22431,Sweden,11.7,6,1
85027L,Germany,11.7,6,1
47348A,EIRE,11.7,6,1
47594A,Austria,11.7,6,1
35637A,Australia,11.7,6,1
22178,Norway,11.7,6,1
22131,Unspecified,11.7,6,1
22178,RSA,11.7,6,1
22432,Spain,11.7,6,1
47594B,Austria,11.7,6,1
22367,USA,11.7,6,2
21461,Germany,11.7,6,1
79029,Germany,11.7,6,1
22432,Iceland,11.7,6,1
23451,EIRE,11.7,6,1
22131,Switzerland,11.7,6,1
21394,Belgium,11.7,6,1
22432,Israel,11.7,6,1
22131,Iceland,11.7,6,1
23452,France,11.7,6,1
21156,Unspecified,11.7,6,1
22433,Austria,11.7,6,1
22433,Israel,11.7,6,1
22434,Unspecified,11.7,6,1
23452,EIRE,11.7,6,1
22178,Portugal,11.7,6,1
21822,Unspecified,11.7,6,1
84378,Unspecified,11.65,9,2
23605,United Kingdom,11.64,4,1
23608,United Kingdom,11.64,4,3
23282,France,11.62,14,2
37446,Bahrain,11.6,8,1
46000S,Switzerland,11.6,8,1
20957,Germany,11.6,8,1
37446,Austria,11.6,8,1
20957,Belgium,11.6,8,1
37446,Malta,11.6,8,1
23320,Spain,11.56,4,1
22553,Unspecified,11.55,7,1
20856,Austria,11.55,7,1
84548,Unspecified,11.55,7,1
20774,EIRE,11.55,7,2
85204,Cyprus,11.52,96,1
85204,Spain,11.52,96,1
23110,Greece,11.5,2,1
23110,Belgium,11.5,2,1
23110,Cyprus,11.5,2,1
23110,Norway,11.5,2,1
23110,Poland,11.5,2,1
84970L,Finland,11.4,12,1
35933,Norway,11.4,30,1
23145,Spain,11.4,12,1
84970L,Sweden,11.4,12,1
23145,Channel Islands,11.4,12,1
84970L,Cyprus,11.4,12,1
84970L,Spain,11.4,12,1
23145,Poland,11.4,12,1
23145,Finland,11.4,12,1
23145,Norway,11.4,12,1
23145,France,11.4,12,1
84692,Spain,11.34,27,3
47503A,France,11.29,17,4
90025B,United Kingdom,11.29,3,3
79070b,United Kingdom,11.26,1,1
21358,Spain,11.25,9,2
23502,Portugal,11.25,9,3
21912,Spain,11.25,3,1
84366,United Kingdom,11.25,3,3
90212C,EIRE,11.25,3,1
90212B,EIRE,11.25,3,1
84920,Israel,11.25,3,1
85183A,France,11.25,3,1
37477B,Spain,11.25,3,3
22592,Cyprus,11.25,3,1
22109,Spain,11.25,3,2
21745,Spain,11.25,3,2
20967,Portugal,11.25,3,1
21084,EIRE,11.07,51,3
35443,United Kingdom,11.05,13,9
85017A,Portugal,11.05,13,2
79066K,France,11.05,13,2
22907,Portugal,11.05,13,2
47590a,United Kingdom,11.02,1,1
20782,Switzerland,10.98,2,1
20781,Switzerland,10.98,2,1
20780,Norway,10.98,2,1
20783,Switzerland,10.98,2,1
20781,Saudi Arabia,10.98,2,1
21843,RSA,10.95,1,1
22531,Unspecified,10.92,26,2
22529,Unspecified,10.92,26,2
23000,France,10.92,26,2
23121,France,10.92,26,2
72785B,United Kingdom,10.9,9,3
20934,Spain,10.9,2,1
21375,France,10.9,2,1
47590A,Cyprus,10.9,2,1
85064,Belgium,10.9,2,1
17021,Iceland,10.8,36,1
23221,Germany,10.79,13,2
84762A,Italy,10.75,1,1
84762A,Belgium,10.75,1,1
84536b,United Kingdom,10.53,13,5
22048,Malta,10.5,25,1
21499,Cyprus,10.5,25,1
21497,Italy,10.5,25,1
22379,Austria,10.5,5,1
22038,Channel Islands,10.5,25,1
22045,Austria,10.5,25,1
22706,Austria,10.5,25,1
22959,Channel Islands,10.5,25,1
22710,Channel Islands,10.5,25,1
22959,United Arab Emirates,10.5,25,1
22986,Spain,10.5,25,1
21495,Belgium,10.5,25,1
22707,Belgium,10.5,25,1
22047,Switzerland,10.5,25,1
22380,Unspecified,10.5,5,1
22045,Iceland,10.5,25,1
23548,Belgium,10.5,25,1
23231,Israel,10.5,25,1
23546,Channel Islands,10.5,25,1
23548,Spain,10.5,25,1
23231,United Arab Emirates,10.5,25,1
23546,United Arab Emirates,10.5,25,1
22045,United Arab Emirates,10.5,25,1
22708,USA,10.5,25,1
16169E,Denmark,10.5,25,1
22381,RSA,10.5,5,1
84692,Denmark,10.5,25,1
16169K,Switzerland,10.5,25,1
23230,Cyprus,10.5,25,1
23546,Switzerland,10.5,25,1
23545,Italy,10.5,25,1
22704,Italy,10.5,25,1
22959,Switzerland,10.5,25,1
23233,Unspecified,10.5,25,1
21503,Unspecified,10.5,25,1
22986,Unspecified,10.5,25,1
22707,Spain,10.5,25,1
22051,Spain,10.5,25,1
22380,Lebanon,10.5,5,1
16156S,Denmark,10.5,25,1
21495,Spain,10.5,25,1
22040,Spain,10.5,25,1
22705,Canada,10.5,25,1
22046,Malta,10.5,25,1
23691,EIRE,10.5,25,1
21499,Unspecified,10.5,25,1
22052,Switzerland,10.5,25,1
23547,Denmark,10.5,25,1
16156L,Denmark,10.5,25,1
23232,Denmark,10.5,25,1
22048,Italy,10.5,25,1
22050,Belgium,10.5,25,1
21500,Sweden,10.5,25,1
16161P,Unspecified,10.5,25,1
22078,Portugal,10.5,5,1
22046,Denmark,10.5,25,1
16161U,Poland,10.5,25,1
22708,Sweden,10.5,25,1
16169E,Norway,10.5,25,1
22046,Finland,10.5,25,1
23546,Israel,10.5,25,1
16169N,EIRE,10.5,25,1
23231,Unspecified,10.5,25,1
16156L,Germany,10.5,25,1
22050,Austria,10.5,25,1
22051,Austria,10.5,25,1
23546,Unspecified,10.5,25,1
16156S,Nigeria,10.5,25,1
22052,Netherlands,10.5,25,1
16161M,Spain,10.5,25,1
21503,Austria,10.5,25,1
22707,Austria,10.5,25,1
22707,Channel Islands,10.5,25,1
21495,Channel Islands,10.5,25,1
22378,Greece,10.5,5,1
22705,Denmark,10.5,25,1
22038,Belgium,10.5,25,1
22704,Canada,10.5,25,1
22039,EIRE,10.5,25,1
22705,Italy,10.5,25,1
22986,United Arab Emirates,10.5,25,1
22050,United Arab Emirates,10.5,25,1
22706,Unspecified,10.5,25,1
22045,Unspecified,10.5,25,1
22710,Netherlands,10.5,25,1
21500,Denmark,10.5,25,1
22708,Finland,10.5,25,1
22704,Portugal,10.5,25,1
23547,Portugal,10.5,25,1
23549,Portugal,10.5,25,1
22378,Israel,10.5,5,1
22986,Israel,10.5,25,1
21497,France,10.5,25,1
23230,Switzerland,10.5,25,1
22046,USA,10.5,25,1
22048,USA,10.5,25,1
22047,Spain,10.5,25,1
16161P,Channel Islands,10.5,25,1
23549,EIRE,10.5,25,1
23692,United Kingdom,10.5,25,1
23545,Sweden,10.5,25,1
21496,Switzerland,10.5,25,1
22986,Switzerland,10.5,25,1
16156L,Canada,10.5,25,1
22959,Spain,10.5,25,1
22986,Channel Islands,10.5,25,1
21503,Switzerland,10.5,25,1
23550,EIRE,10.5,25,1
16169E,Portugal,10.5,25,1
22709,USA,10.5,25,1
22048,Germany,10.5,25,1
23548,Switzerland,10.5,25,1
21499,United Arab Emirates,10.5,25,1
21495,Switzerland,10.5,25,1
22959,Belgium,10.5,25,1
22710,Spain,10.5,25,1
22706,Belgium,10.5,25,1
22378,Austria,10.5,5,1
22379,Unspecified,10.5,5,1
22047,Unspecified,10.5,25,1
21500,Italy,10.5,25,1
22049,Channel Islands,10.5,25,1
22708,Denmark,10.5,25,1
17084G,United Kingdom,10.5,50,2
21498,Cyprus,10.5,25,1
16169K,France,10.5,25,1
22704,Spain,10.5,25,1
22047,Nigeria,10.5,25,1
16161U,Netherlands,10.5,25,1
84692,Unspecified,10.5,25,1
22381,Lebanon,10.5,5,1
22706,EIRE,10.5,25,1
22710,USA,10.5,25,1
16161P,Finland,10.5,25,1
21499,Finland,10.5,25,1
22986,Finland,10.5,25,1
23230,Finland,10.5,25,1
23692,EIRE,10.5,25,1
16169N,Spain,10.5,25,1
16169P,Spain,10.5,25,1
22706,Portugal,10.5,25,1
22046,Unspecified,10.5,25,1
22959,Portugal,10.5,25,1
22377,Portugal,10.5,5,1
22709,Belgium,10.5,25,1
22707,Denmark,10.5,25,1
23233,Denmark,10.5,25,1
16161P,Denmark,10.5,25,1
21499,Denmark,10.5,25,1
22051,Finland,10.5,25,1
22708,Israel,10.5,25,1
22045,Canada,10.5,25,1
23547,Spain,10.5,25,1
23545,Spain,10.5,25,1
21498,USA,10.5,25,1
22706,USA,10.5,25,1
22380,RSA,10.5,5,1
22052,Germany,10.5,25,1
84692,Belgium,10.5,25,1
22709,Cyprus,10.5,25,1
22708,Switzerland,10.5,25,1
21499,Italy,10.5,25,1
22045,Sweden,10.5,25,1
22046,Netherlands,10.5,25,1
21500,United Arab Emirates,10.5,25,1
23231,Canada,10.5,25,1
22381,Unspecified,10.5,5,1
16161U,Unspecified,10.5,25,1
22711,Unspecified,10.5,25,1
22048,Unspecified,10.5,25,1
16156L,Belgium,10.5,25,1
16156S,Belgium,10.5,25,1
23231,Sweden,10.5,25,1
21497,Unspecified,10.5,25,1
90040A,EIRE,10.5,3,1
22541,Unspecified,10.5,25,2
16156L,Spain,10.5,25,1
22381,Cyprus,10.5,5,1
22711,Spain,10.5,25,1
22706,France,10.5,25,1
90040D,EIRE,10.5,3,1
23232,Unspecified,10.5,25,1
22664,Italy,10.5,5,1
22379,Sweden,10.5,5,1
21500,Austria,10.5,25,1
20752,Portugal,10.5,5,2
22052,Portugal,10.5,25,1
16169D,France,10.5,25,1
22709,Iceland,10.5,25,1
22986,Canada,10.5,25,1
23230,Portugal,10.5,25,1
21500,Unspecified,10.5,25,1
23000,Switzerland,10.5,25,2
23545,Austria,10.5,25,1
23550,Switzerland,10.5,25,1
23231,Poland,10.5,25,1
22710,Poland,10.5,25,1
21500,Cyprus,10.5,25,1
22378,Korea,10.5,5,1
21497,Austria,10.5,25,1
22046,Channel Islands,10.5,25,1
22711,Channel Islands,10.5,25,1
22706,Finland,10.5,25,1
22052,Finland,10.5,25,1
16161P,Canada,10.5,25,1
22985,Spain,10.5,25,1
22985,Unspecified,10.5,25,1
22708,Belgium,10.5,25,1
16156S,United Arab Emirates,10.5,25,1
22050,EIRE,10.5,25,1
22052,Italy,10.5,25,1
16169A,United Kingdom,10.5,25,1
22379,Finland,10.5,5,1
22377,Finland,10.5,5,1
22705,Belgium,10.5,25,1
22705,Netherlands,10.5,25,1
23546,Denmark,10.5,25,1
21498,Denmark,10.5,25,1
22045,Finland,10.5,25,1
22959,Malta,10.5,25,1
22377,Poland,10.5,5,1
23545,Channel Islands,10.5,25,1
22986,Portugal,10.5,25,1
90040B,EIRE,10.5,3,1
23230,Sweden,10.5,25,1
21499,Sweden,10.5,25,1
16169E,Switzerland,10.5,25,1
23549,Channel Islands,10.5,25,1
22996,France,10.5,25,2
22704,Channel Islands,10.5,25,1
21497,Switzerland,10.5,25,1
23231,Italy,10.5,25,1
22048,Australia,10.5,25,1
22377,Italy,10.5,5,1
22051,EIRE,10.5,25,1
16169G,United Kingdom,10.5,25,1
16169C,France,10.5,25,1
16053,EIRE,10.5,50,1
21495,Portugal,10.5,25,1
22050,USA,10.5,25,1
22048,Switzerland,10.5,25,1
23545,Switzerland,10.5,25,1
22710,Italy,10.5,25,1
16161P,USA,10.5,25,1
16156S,Switzerland,10.5,25,1
23549,Switzerland,10.5,25,1
21499,USA,10.5,25,1
22050,Germany,10.5,25,1
16169E,Australia,10.5,25,1
23548,Germany,10.5,25,1
22664,Portugal,10.5,5,1
16161U,Australia,10.5,25,1
22664,Sweden,10.5,5,1
23231,Finland,10.5,25,1
17001,EIRE,10.44,36,1
17003,Switzerland,10.44,36,1
22755,Spain,10.41,13,2
23366,EIRE,10.4,16,1
23367,Finland,10.4,16,1
23368,Belgium,10.4,16,1
84535B,Sweden,10.4,16,1
84535B,Canada,10.4,16,1
84535B,Germany,10.4,16,1
84535B,EIRE,10.4,16,1
23367,Norway,10.4,16,1
84535B,Italy,10.4,16,1
84535B,Norway,10.4,16,1
23366,Norway,10.4,16,1
23142,Channel Islands,10.4,1,1
23367,USA,10.4,16,1
23368,Switzerland,10.4,16,1
84535A,France,10.4,16,1
23365,Germany,10.4,16,1
84755,Canada,10.4,16,1
84755,France,10.4,16,1
23368,Norway,10.4,16,1
23368,Finland,10.4,16,1
23366,Switzerland,10.4,16,1
23367,Belgium,10.4,16,1
23143,Portugal,10.4,1,1
23366,Belgium,10.4,16,1
23367,Switzerland,10.4,16,1
51008,Portugal,10.35,3,1
21858,United Kingdom,10.23,2,2
85124b,United Kingdom,10.23,2,2
21857,United Kingdom,10.23,2,2
22197,Portugal,10.2,12,1
35961,Belgium,10.2,12,1
47481,France,10.2,12,1
21945,France,10.2,12,1
21076,Spain,10.2,12,1
84945,Switzerland,10.2,12,1
21077,RSA,10.2,12,1
21680,RSA,10.2,12,1
21679,RSA,10.2,12,1
21988,RSA,10.2,12,1
22923,Belgium,10.2,12,1
21061,Germany,10.2,12,1
22963,Poland,10.2,12,1
22573,Belgium,10.2,12,1
22574,Belgium,10.2,12,1
21675,European Community,10.2,12,1
22602,Belgium,10.2,12,1
22651,Canada,10.2,12,1
20840,Norway,10.2,12,1
22261,Cyprus,10.2,12,1
21386,Netherlands,10.2,12,1
22130,Poland,10.2,12,1
85231B,Germany,10.2,12,1
22753,Norway,10.2,12,1
85231B,Korea,10.2,12,1
22321,Austria,10.2,12,1
22346,France,10.2,12,1
47481,EIRE,10.2,12,1
22571,Malta,10.2,12,1
22601,Malta,10.2,12,1
22603,Malta,10.2,12,1
84341B,Switzerland,10.2,12,1
84832,Singapore,10.2,12,1
22576,Switzerland,10.2,12,1
22343,Unspecified,10.2,12,1
84970S,Norway,10.2,12,1
21062,Austria,10.2,12,1
22230,Cyprus,10.2,12,1
85177,Portugal,10.2,12,1
22754,Finland,10.2,12,1
22521,Sweden,10.2,12,1
22344,Greece,10.2,12,1
37467,Greece,10.2,12,1
84945,Channel Islands,10.2,12,1
21720,Denmark,10.2,12,1
85194L,Greece,10.2,12,1
22219,Portugal,10.2,12,1
84970S,Brazil,10.2,12,1
84454,Greece,10.2,12,1
22522,Spain,10.2,12,1
22523,Spain,10.2,12,1
22601,Poland,10.2,12,1
22603,Italy,10.2,12,1
71101E,France,10.2,12,1
22321,Switzerland,10.2,12,1
21441,Finland,10.2,12,1
22228,Channel Islands,10.2,12,1
22321,Channel Islands,10.2,12,1
22261,Belgium,10.2,12,1
22599,Poland,10.2,12,1
21544,EIRE,10.2,12,1
20983,Australia,10.2,12,1
20984,Cyprus,10.2,12,1
21704,Portugal,10.2,12,1
85109,EIRE,10.2,12,1
22963,Hong Kong,10.2,12,1
22196,Hong Kong,10.2,12,1
21389,Germany,10.2,12,1
23398,Portugal,10.2,12,1
20983,Greece,10.2,12,1
22907,Austria,10.2,12,1
85227,Bermuda,10.2,12,1
72780,Switzerland,10.2,12,1
85017C,Japan,10.2,12,1
21080,Hong Kong,10.2,12,1
22343,Cyprus,10.2,12,1
22133,Finland,10.2,12,1
22520,Finland,10.2,12,1
21675,Spain,10.2,12,1
22581,Poland,10.2,12,1
22593,Sweden,10.2,12,1
22594,Sweden,10.2,12,1
84520B,Channel Islands,10.2,12,1
20981,Israel,10.2,12,1
21943,EIRE,10.2,12,1
51014A,Iceland,10.2,12,1
51014L,Iceland,10.2,12,1
85176,Netherlands,10.2,12,1
22613,Austria,10.2,12,1
22598,France,10.2,12,1
84821,United Arab Emirates,10.2,12,1
22907,United Arab Emirates,10.2,12,1
22521,Portugal,10.2,12,1
21678,Switzerland,10.2,12,1
35961,Cyprus,10.2,12,1
79000,Unspecified,10.2,12,1
22348,Hong Kong,10.2,12,1
22945,Iceland,10.2,12,1
22566,Germany,10.2,12,1
22962,Cyprus,10.2,12,1
20838,Australia,10.2,12,1
22156,France,10.2,12,1
22129,Cyprus,10.2,12,1
21058,USA,10.2,12,1
84925D,EIRE,10.2,4,1
21541,Switzerland,10.2,12,1
21060,Austria,10.2,12,1
22571,Finland,10.2,12,1
20984,Lithuania,10.2,12,1
21675,Lithuania,10.2,12,1
21719,Lithuania,10.2,12,1
21722,Lithuania,10.2,12,1
21542,Sweden,10.2,12,1
22922,Lebanon,10.2,12,1
22577,Belgium,10.2,12,1
20982,Sweden,10.2,12,1
22565,Sweden,10.2,12,1
72818,Sweden,10.2,12,1
21790,Netherlands,10.2,12,1
22596,Sweden,10.2,12,1
22196,Norway,10.2,12,1
21389,Portugal,10.2,12,1
22263,Belgium,10.2,12,1
85170D,Belgium,10.2,12,1
21676,Italy,10.2,12,1
22924,Germany,10.2,12,1
22520,Italy,10.2,12,1
22586,United Arab Emirates,10.2,12,1
22133,Italy,10.2,12,1
21076,Belgium,10.2,12,1
79000,Spain,10.2,12,1
21313,Spain,10.2,12,1
21078,Spain,10.2,12,1
22571,Italy,10.2,12,1
84970S,Poland,10.2,12,1
84691,Switzerland,10.2,12,1
84520B,Belgium,10.2,12,1
22230,Greece,10.2,12,1
90167,Spain,10.2,12,1
22133,Germany,10.2,12,1
21061,Italy,10.2,12,1
22133,EIRE,10.2,12,1
20838,Belgium,10.2,12,1
21058,RSA,10.2,12,1
22593,Poland,10.2,12,1
85231L,Germany,10.2,12,1
22262,Cyprus,10.2,12,1
21675,Austria,10.2,12,1
21723,Austria,10.2,12,1
21677,European Community,10.2,12,1
22594,Poland,10.2,12,1
22196,Sweden,10.2,12,1
20840,EIRE,10.2,12,1
22491,Canada,10.2,12,1
21704,Norway,10.2,12,1
85231B,Norway,10.2,12,1
22962,Switzerland,10.2,12,1
21723,Switzerland,10.2,12,1
22753,Canada,10.2,12,1
22754,Canada,10.2,12,1
84970S,France,10.2,12,1
22181,Norway,10.2,12,1
22602,Austria,10.2,12,1
22229,Germany,10.2,12,1
22255,Switzerland,10.2,12,1
22907,Cyprus,10.2,12,1
22132,Sweden,10.2,12,1
21721,EIRE,10.2,12,1
22261,United Arab Emirates,10.2,12,1
22753,Germany,10.2,12,1
21078,United Arab Emirates,10.2,12,1
21680,EIRE,10.2,12,1
22595,Greece,10.2,12,1
21095,Finland,10.2,12,1
21541,Belgium,10.2,12,1
22572,Malta,10.2,12,1
22593,Malta,10.2,12,1
22594,Malta,10.2,12,1
21062,Netherlands,10.2,12,1
51014A,Netherlands,10.2,12,1
84520B,Spain,10.2,12,1
22133,Sweden,10.2,12,1
21016,Belgium,10.2,12,1
84970S,Sweden,10.2,12,1
20983,Spain,10.2,12,1
21058,Italy,10.2,12,1
22130,Portugal,10.2,12,1
21063,Netherlands,10.2,12,1
85227,Channel Islands,10.2,12,1
22595,Channel Islands,10.2,12,1
22602,Channel Islands,10.2,12,1
22344,Unspecified,10.2,12,1
84832,Finland,10.2,12,1
21313,Greece,10.2,12,1
22343,Greece,10.2,12,1
22597,Greece,10.2,12,1
84006,Cyprus,10.2,12,1
22574,Channel Islands,10.2,12,1
21720,EIRE,10.2,12,1
21058,Hong Kong,10.2,12,1
22573,Switzerland,10.2,12,1
22574,Switzerland,10.2,12,1
22261,Switzerland,10.2,12,1
22321,Spain,10.2,12,1
22924,Italy,10.2,12,1
84006,Belgium,10.2,12,1
72818,Finland,10.2,12,1
10002,Sweden,10.2,12,1
85150,France,10.2,4,1
85227,Australia,10.2,12,1
71459,Belgium,10.2,12,1
20835,EIRE,10.2,12,1
47586A,EIRE,10.2,12,1
84447,EIRE,10.2,12,1
47586A,Germany,10.2,12,1
51014L,Netherlands,10.2,12,1
21720,Germany,10.2,12,1
85017B,France,10.2,12,1
21094,Hong Kong,10.2,12,1
22344,Cyprus,10.2,12,1
22521,Finland,10.2,12,1
85017A,Germany,10.2,12,1
21724,Switzerland,10.2,12,1
85198,Greece,10.2,12,1
21096,Channel Islands,10.2,12,1
21082,Channel Islands,10.2,12,1
21078,Channel Islands,10.2,12,1
22345,France,10.2,12,1
84691,United Arab Emirates,10.2,12,1
21016,Netherlands,10.2,12,1
22132,Germany,10.2,12,1
22345,Canada,10.2,12,1
21878,EIRE,10.2,12,1
22181,Italy,10.2,12,1
22909,USA,10.2,12,1
21015,Korea,10.2,12,1
22923,Greece,10.2,12,1
71459,Netherlands,10.2,12,1
72598,Korea,10.2,12,1
22586,Lithuania,10.2,12,1
22343,Israel,10.2,12,1
21078,Israel,10.2,12,1
20982,Hong Kong,10.2,12,1
20939,United Kingdom,10.2,12,1
22963,Sweden,10.2,12,1
20981,Lithuania,10.2,12,1
22962,Austria,10.2,12,1
22741,Portugal,10.2,12,1
21544,RSA,10.2,12,1
84520D,Cyprus,10.2,12,1
22599,EIRE,10.2,12,1
22923,Switzerland,10.2,12,1
21090,Netherlands,10.2,12,1
22599,Sweden,10.2,12,1
21942,Switzerland,10.2,12,1
20983,Lithuania,10.2,12,1
21726,Lithuania,10.2,12,1
21943,Denmark,10.2,12,1
22587,USA,10.2,12,1
22581,Germany,10.2,12,1
22130,Sweden,10.2,12,1
22581,Sweden,10.2,12,1
72818,Italy,10.2,12,1
22595,Austria,10.2,12,1
85231G,Korea,10.2,12,1
22491,Portugal,10.2,12,1
22394,France,10.2,12,1
22521,Italy,10.2,12,1
22260,Italy,10.2,12,1
35913B,Cyprus,10.2,12,1
84945,Spain,10.2,12,1
21441,Germany,10.2,12,1
20982,Italy,10.2,12,1
21062,Belgium,10.2,12,1
84559A,Iceland,10.2,12,1
22962,United Arab Emirates,10.2,12,1
22321,Belgium,10.2,12,1
21493,France,10.2,12,1
22922,Norway,10.2,12,1
21091,RSA,10.2,12,1
21723,Finland,10.2,12,1
84455,Austria,10.2,12,1
84832,Austria,10.2,12,1
21790,Hong Kong,10.2,12,1
47580,Spain,10.2,4,3
84970S,Belgium,10.2,12,1
85086A,Belgium,10.2,12,1
21721,Netherlands,10.2,12,1
22491,Spain,10.2,12,1
21080,Cyprus,10.2,12,1
21676,European Community,10.2,12,1
20839,EIRE,10.2,12,1
22219,Greece,10.2,12,1
22196,Belgium,10.2,12,1
22909,Belgium,10.2,12,1
21945,United Arab Emirates,10.2,12,1
20840,Belgium,10.2,12,1
21704,Austria,10.2,12,1
22344,France,10.2,12,1
23399,Switzerland,10.2,12,1
22602,Malta,10.2,12,1
51014C,Netherlands,10.2,12,1
90104,France,10.2,12,1
20982,Greece,10.2,12,1
21541,Sweden,10.2,12,1
22345,Unspecified,10.2,12,1
21726,EIRE,10.2,12,1
90104,Germany,10.2,12,1
21680,Spain,10.2,12,1
21441,Belgium,10.2,12,1
21544,Channel Islands,10.2,12,1
22593,Channel Islands,10.2,12,1
21988,Spain,10.2,12,1
21721,Spain,10.2,12,1
22346,Greece,10.2,12,1
22572,Greece,10.2,12,1
22596,Greece,10.2,12,1
71101E,Greece,10.2,12,1
21945,Switzerland,10.2,12,1
84691,Finland,10.2,12,1
22593,Australia,10.2,12,1
72818,Greece,10.2,12,1
21719,Denmark,10.2,12,1
22230,Italy,10.2,12,1
35961,Italy,10.2,12,1
22130,Spain,10.2,12,1
22602,Italy,10.2,12,1
22573,Malta,10.2,12,1
22593,Switzerland,10.2,12,1
84970S,Spain,10.2,12,1
21058,Austria,10.2,12,1
22345,Cyprus,10.2,12,1
22322,Switzerland,10.2,12,1
22962,Finland,10.2,12,1
22595,Finland,10.2,12,1
51014A,France,10.2,12,1
22908,Greece,10.2,12,1
22229,Cyprus,10.2,12,1
85086A,Netherlands,10.2,12,1
84447,Spain,10.2,12,1
10002,Netherlands,10.2,12,1
22245,Belgium,10.2,12,1
90092,Japan,10.2,12,1
84559B,Iceland,10.2,12,1
22523,Italy,10.2,12,1
21678,France,10.2,12,1
22963,Cyprus,10.2,12,1
21441,Netherlands,10.2,12,1
84457,EIRE,10.2,12,1
47481,Switzerland,10.2,12,1
71459,Canada,10.2,12,1
22574,Malta,10.2,12,1
21725,Italy,10.2,12,1
21719,Italy,10.2,12,1
85198,Italy,10.2,12,1
84534B,Italy,10.2,12,1
22602,Poland,10.2,12,1
21442,Sweden,10.2,12,1
85213,Sweden,10.2,12,1
85212,Sweden,10.2,12,1
22523,Finland,10.2,12,1
22522,Finland,10.2,12,1
85231E,EIRE,10.2,12,1
21014,Korea,10.2,12,1
22521,Austria,10.2,12,1
22245,Spain,10.2,12,1
22343,Italy,10.2,12,1
21946,EIRE,10.2,12,1
21077,Belgium,10.2,12,1
46118,Germany,10.2,12,1
21726,France,10.2,12,1
22132,Bahrain,10.2,12,1
21943,United Arab Emirates,10.2,12,1
22321,Canada,10.2,12,1
90098,Austria,10.2,4,1
22577,Italy,10.2,12,1
22344,Canada,10.2,12,1
22132,Belgium,10.2,12,1
84691,Poland,10.2,12,1
84945,Sweden,10.2,12,1
22613,EIRE,10.2,12,1
21704,United Arab Emirates,10.2,12,1
22586,Germany,10.2,12,1
40001,France,10.2,12,1
20982,Switzerland,10.2,12,1
21059,USA,10.2,12,1
20981,Portugal,10.2,12,1
22962,Hong Kong,10.2,12,1
21720,Netherlands,10.2,12,1
21721,Lithuania,10.2,12,1
22522,Italy,10.2,12,1
21700,Sweden,10.2,12,1
84520B,Sweden,10.2,12,1
21090,Sweden,10.2,12,1
21790,Norway,10.2,12,1
22219,Australia,10.2,12,1
22133,Belgium,10.2,12,1
84950,Greece,10.2,12,1
22571,Cyprus,10.2,12,1
21704,Channel Islands,10.2,12,1
85227,Denmark,10.2,12,1
22197,Switzerland,10.2,12,1
22600,Sweden,10.2,12,1
20993,EIRE,10.2,12,1
21989,RSA,10.2,12,1
22595,Poland,10.2,12,1
21878,Netherlands,10.2,12,1
22597,Poland,10.2,12,1
22574,Poland,10.2,12,1
22245,Lithuania,10.2,12,1
22261,Italy,10.2,12,1
22754,Unspecified,10.2,12,1
21946,Germany,10.2,12,1
22594,Australia,10.2,12,1
22586,France,10.2,12,1
22129,Hong Kong,10.2,12,1
21018,Belgium,10.2,12,1
79000,Poland,10.2,12,1
21096,Italy,10.2,12,1
22595,Malta,10.2,12,1
21082,Italy,10.2,12,1
35071,EIRE,10.2,12,1
85198,EIRE,10.2,12,1
22594,Spain,10.2,12,1
22348,Channel Islands,10.2,12,1
21080,Greece,10.2,12,1
22245,Greece,10.2,12,1
22908,Cyprus,10.2,12,1
22576,Malta,10.2,12,1
21942,Germany,10.2,12,1
21061,Netherlands,10.2,12,1
22129,Portugal,10.2,12,1
21080,United Arab Emirates,10.2,12,1
20981,RSA,10.2,12,1
21077,Austria,10.2,12,1
21094,Cyprus,10.2,12,1
21988,Austria,10.2,12,1
22907,Italy,10.2,12,1
22523,Germany,10.2,12,1
85086A,Greece,10.2,12,1
85176,Canada,10.2,12,1
21944,Switzerland,10.2,12,1
79000,Canada,10.2,12,1
21014,Malta,10.2,12,1
21016,Malta,10.2,12,1
20982,Unspecified,10.2,12,2
21441,Switzerland,10.2,12,1
20981,Finland,10.2,12,1
85017C,France,10.2,12,1
21988,Switzerland,10.2,12,1
22603,Austria,10.2,12,1
90093,Japan,10.2,12,1
22229,Greece,10.2,12,1
85017C,Sweden,10.2,12,1
21679,United Arab Emirates,10.2,12,1
22755,United Arab Emirates,10.2,12,1
21676,Austria,10.2,12,1
22754,Switzerland,10.2,12,1
22219,Cyprus,10.2,12,1
23399,Spain,10.2,12,1
22322,Spain,10.2,12,1
47481,Netherlands,10.2,12,1
22755,Switzerland,10.2,12,1
47481,Spain,10.2,12,1
22245,Austria,10.2,12,1
21062,Italy,10.2,12,1
21063,Italy,10.2,12,1
79191B,Germany,10.2,12,1
22581,Channel Islands,10.2,12,1
22245,Channel Islands,10.2,12,1
22755,Channel Islands,10.2,12,1
22523,Sweden,10.2,12,1
21819,Greece,10.2,12,1
22132,Greece,10.2,12,1
22345,Greece,10.2,12,1
22348,Greece,10.2,12,1
21943,Netherlands,10.2,12,1
21542,Belgium,10.2,12,1
23398,Netherlands,10.2,12,1
20758,Spain,10.2,12,1
21790,Germany,10.2,12,1
90087,Germany,10.2,12,1
22851,Italy,10.2,12,1
22600,Italy,10.2,12,1
22523,Portugal,10.2,12,1
22930,EIRE,10.2,4,1
21704,Belgium,10.2,12,1
20755,EIRE,10.2,12,1
22637,Finland,10.2,4,1
35916C,Finland,10.2,12,1
22321,Finland,10.2,12,1
21442,Finland,10.2,12,1
22260,Belgium,10.2,12,1
22908,Japan,10.2,12,1
22851,Finland,10.2,12,1
22268,Greece,10.2,12,1
22857,Cyprus,10.2,12,1
79403,EIRE,10.2,12,1
23398,Belgium,10.2,12,1
85227,Portugal,10.2,12,1
22963,Austria,10.2,12,1
22857,Spain,10.2,12,1
35911A,France,10.2,12,1
22962,Sweden,10.2,12,1
22196,United Arab Emirates,10.2,12,1
21704,Unspecified,10.2,12,1
21700,Finland,10.2,12,1
79191C,Denmark,10.2,12,1
21542,Netherlands,10.2,12,1
21722,Germany,10.2,12,1
21678,Italy,10.2,12,1
21726,Italy,10.2,12,1
85176,Germany,10.2,12,1
22129,Sweden,10.2,12,1
22346,Cyprus,10.2,12,1
22133,Switzerland,10.2,12,1
22520,Austria,10.2,12,1
22459,Italy,10.2,4,1
22572,Netherlands,10.2,12,1
22343,Canada,10.2,12,1
22597,Sweden,10.2,12,1
22321,Italy,10.2,12,1
21946,Denmark,10.2,12,1
21080,Israel,10.2,12,1
21878,Switzerland,10.2,12,1
20981,Hong Kong,10.2,12,1
22601,Channel Islands,10.2,12,1
22593,Spain,10.2,12,1
21676,Switzerland,10.2,12,1
22245,Iceland,10.2,12,1
79000,Sweden,10.2,12,1
22593,Belgium,10.2,12,1
35961,Portugal,10.2,12,1
22909,Switzerland,10.2,12,1
20838,Finland,10.2,12,1
20839,Finland,10.2,12,1
22133,Australia,10.2,12,1
22156,Spain,10.2,12,1
22600,Malta,10.2,12,1
84437A,Germany,10.2,12,1
22922,USA,10.2,12,1
21721,Switzerland,10.2,12,1
79191C,Norway,10.2,12,1
22566,Lithuania,10.2,12,1
85232d,United Kingdom,10.17,1,1
90214W,United Kingdom,10.17,19,8
84879,Brazil,10.14,6,1
84975,Channel Islands,10.14,6,1
17109D,Germany,10.14,6,1
84661c,United Kingdom,10.12,2,2
22028,Malta,10.08,24,2
85203,Cyprus,10.08,24,1
21918,Spain,10.08,24,1
23004,EIRE,10.08,24,1
22419,France,10.08,24,2
47503A,Singapore,10.08,24,1
22893,Singapore,10.08,24,1
22713,Netherlands,10.08,24,2
22547,Singapore,10.08,24,1
22545,France,10.08,24,1
22545,Singapore,10.08,24,1
22489,Channel Islands,10.08,24,1
22819,Austria,10.08,24,2
85131C,Australia,10.08,24,1
22544,Spain,10.08,24,1
85131D,Australia,10.08,24,1
22533,Norway,10.08,24,1
22819,Australia,10.08,24,2
22538,Australia,10.08,24,1
16011,EIRE,10.08,48,2
23006,EIRE,10.08,24,1
47421,Switzerland,10.08,24,1
22819,Switzerland,10.08,24,1
23006,France,10.08,24,1
22718,France,10.08,24,2
84993A,Finland,10.08,24,1
47503A,Portugal,10.08,24,1
22893,EIRE,10.08,24,1
22995,Netherlands,10.08,24,1
22421,Bahrain,10.08,24,2
22816,Portugal,10.08,24,2
22535,Belgium,10.08,24,1
22534,Iceland,10.08,24,1
22536,Switzerland,10.08,24,1
22715,Belgium,10.08,24,2
22535,Netherlands,10.08,24,1
21519,Switzerland,10.08,24,1
21520,Spain,10.08,24,2
47422,Netherlands,10.08,24,1
22718,EIRE,10.08,24,2
17108D,Belgium,10.08,24,1
22539,Finland,10.08,24,1
21401,USA,10.08,24,1
21918,Lithuania,10.08,24,1
21917,Lithuania,10.08,24,1
22032,Spain,10.08,24,2
22984,Japan,10.08,24,2
22538,Switzerland,10.08,24,1
85169A,Sweden,10.08,24,1
22151,Italy,10.08,24,1
22489,United Arab Emirates,10.08,24,1
22712,Spain,10.08,24,2
85186A,EIRE,10.08,24,1
85199S,Portugal,10.08,24,1
47503A,Norway,10.08,24,1
22421,Austria,10.08,24,1
35095B,France,10.08,24,1
84199,Germany,10.08,48,2
84247G,Netherlands,10.08,24,2
22994,EIRE,10.08,24,1
22714,Denmark,10.08,24,2
23120,Switzerland,10.08,24,1
22535,Switzerland,10.08,24,1
22532,Switzerland,10.08,24,1
22819,Belgium,10.08,24,2
22536,Netherlands,10.08,24,1
22712,Austria,10.08,24,2
22814,Austria,10.08,24,2
17174,Japan,10.08,24,1
22531,United Arab Emirates,10.08,24,1
22531,Austria,10.08,24,1
22715,Austria,10.08,24,2
22531,Channel Islands,10.08,24,1
35095A,Greece,10.08,24,1
85203,Greece,10.08,24,1
23499,Germany,10.08,24,1
22031,Spain,10.08,24,2
22043,Switzerland,10.08,24,2
23000,EIRE,10.08,24,1
22544,Austria,10.08,24,1
23499,EIRE,10.08,24,1
84251J,Greece,10.08,24,1
84993A,France,10.08,24,1
21917,Switzerland,10.08,24,1
22717,Germany,10.08,24,2
21703,Italy,10.08,24,1
22044,Switzerland,10.08,24,2
22151,Sweden,10.08,24,1
22530,Iceland,10.08,24,1
20950,EIRE,10.08,24,2
85202,Netherlands,10.08,24,1
22712,Greece,10.08,24,2
22032,Greece,10.08,24,2
22151,Germany,10.08,24,1
15034,Germany,10.08,72,3
22541,Germany,10.08,24,1
47421,Czech Republic,10.08,24,1
22984,Switzerland,10.08,24,1
21916,France,10.08,24,1
22994,France,10.08,24,1
22489,Lithuania,10.08,24,1
21506,Japan,10.08,24,2
21830,Italy,10.08,24,1
22983,Japan,10.08,24,2
22714,Finland,10.08,24,2
22546,Switzerland,10.08,24,1
21917,Channel Islands,10.08,24,1
22530,Switzerland,10.08,24,1
22029,Greece,10.08,24,2
23499,France,10.08,24,1
21918,United Arab Emirates,10.08,24,1
22030,Malta,10.08,24,2
22547,Switzerland,10.08,24,1
44234,Belgium,10.08,48,1
22152,Sweden,10.08,24,1
22031,Germany,10.08,24,2
21519,France,10.08,24,2
22027,USA,10.08,24,2
84596L,EIRE,10.08,24,1
22539,Spain,10.08,24,1
22716,Spain,10.08,24,2
21400,USA,10.08,24,1
22489,Canada,10.08,24,1
22032,Finland,10.08,24,2
22489,Portugal,10.08,24,1
21918,Norway,10.08,24,1
84247L,Switzerland,10.08,24,2
22037,Finland,10.08,24,2
40016,Spain,10.08,24,1
22999,Belgium,10.08,24,1
22538,Germany,10.08,24,1
85204,Greece,10.08,24,1
21918,Italy,10.08,24,1
22029,Denmark,10.08,24,1
21412,EIRE,10.08,24,3
22818,Switzerland,10.08,24,2
22544,Denmark,10.08,24,1
22540,Denmark,10.08,24,1
21918,Finland,10.08,24,1
22915,EIRE,10.08,24,2
85199S,Cyprus,10.08,24,1
21504,Germany,10.08,24,2
23000,Belgium,10.08,24,1
22997,France,10.08,24,1
22994,Belgium,10.08,24,1
23697,EIRE,10.08,24,2
22819,EIRE,10.08,24,1
22544,Finland,10.08,24,1
71495B,Portugal,10.08,24,2
84993A,Spain,10.08,24,1
21504,France,10.08,24,1
21403,USA,10.08,24,1
22534,Portugal,10.08,24,1
22034,France,10.08,24,1
22535,Norway,10.08,24,1
22537,Norway,10.08,24,1
21916,Cyprus,10.08,24,1
72008,France,10.08,24,1
84670,Switzerland,10.08,24,1
22716,Japan,10.08,24,2
22545,Switzerland,10.08,24,1
23499,Netherlands,10.08,24,1
84450B,Greece,10.08,24,1
22893,Austria,10.08,24,1
85017B,Belgium,10.08,24,2
22998,Poland,10.08,24,1
22033,Greece,10.08,24,2
22034,Germany,10.08,24,2
21917,Norway,10.08,24,1
22028,United Arab Emirates,10.08,24,2
44091C,France,10.08,24,1
17108D,EIRE,10.08,24,2
22818,Cyprus,10.08,24,1
35096A,EIRE,10.08,24,1
85186A,Spain,10.08,24,1
21918,Portugal,10.08,24,1
16052,Germany,10.08,24,1
35095A,EIRE,10.08,24,1
21918,Canada,10.08,24,1
21917,Canada,10.08,24,1
22814,EIRE,10.08,24,2
22814,France,10.08,24,2
22715,Germany,10.08,24,2
22712,USA,10.08,24,2
22033,Spain,10.08,24,2
22540,Sweden,10.08,24,1
23121,Germany,10.08,24,1
85017B,Switzerland,10.08,24,2
23120,Germany,10.08,24,1
84670,Japan,10.08,24,1
22543,Germany,10.08,24,1
22717,Austria,10.08,24,2
85203,EIRE,10.08,24,1
84670,Spain,10.08,24,1
20996,Canada,10.08,24,1
84077,United Arab Emirates,10.08,48,1
22545,Belgium,10.08,24,1
21917,Singapore,10.08,24,1
35095A,France,10.08,24,1
22030,France,10.08,24,2
21519,Norway,10.08,24,2
35095B,Greece,10.08,24,1
22029,Portugal,10.08,24,2
35095A,Germany,10.08,24,1
22043,Germany,10.08,24,1
22042,Switzerland,10.08,24,2
22538,Denmark,10.08,24,1
22817,Belgium,10.08,24,2
22893,Belgium,10.08,24,1
22489,Finland,10.08,24,1
22915,Finland,10.08,24,1
22530,Portugal,10.08,24,1
85203,Germany,10.08,24,1
22539,Austria,10.08,24,1
22032,France,10.08,24,2
47421,Hong Kong,10.08,24,1
84993B,Spain,10.08,24,1
22036,Germany,10.08,24,2
22044,France,10.08,24,1
22531,Sweden,10.08,24,1
21402,USA,10.08,24,1
22537,France,10.08,24,1
22027,Finland,10.08,24,2
22419,Bahrain,10.08,24,2
85169A,Belgium,10.08,24,1
85169D,Belgium,10.08,24,1
85169C,Sweden,10.08,24,1
21917,EIRE,10.08,24,1
85169B,Sweden,10.08,24,1
22024,Malta,10.08,24,2
84661a,United Kingdom,10.02,2,2
82613B,Canada,10.0,8,1
23290,Norway,10.0,8,1
20677,Unspecified,10.0,8,1
20671,Greece,10.0,8,1
22511,Cyprus,10.0,8,1
22269,Portugal,10.0,8,1
23137,EIRE,10.0,8,1
84596L,Channel Islands,10.0,8,1
17038,Norway,10.0,100,1
23290,Malta,10.0,8,1
23296,Canada,10.0,8,1
21774,Spain,10.0,8,2
23291,USA,10.0,8,1
84596F,Bahrain,10.0,8,1
84596J,Bahrain,10.0,8,1
84596E,Germany,10.0,8,1
22510,Poland,10.0,8,1
82613D,Belgium,10.0,8,1
20676,Canada,10.0,8,1
20674,Malta,10.0,8,1
20676,Malta,10.0,8,1
20978,Netherlands,10.0,8,2
23289,Austria,10.0,8,1
20677,Greece,10.0,8,1
23333,Portugal,10.0,8,1
20677,Channel Islands,10.0,8,1
84596L,Bahrain,10.0,8,1
20675,Canada,10.0,8,1
23291,Malta,10.0,8,1
82613D,Israel,10.0,8,1
23290,USA,10.0,8,1
23292,Austria,10.0,8,1
16161G,Germany,10.0,100,4
20677,Malta,10.0,8,1
23291,Austria,10.0,8,1
20675,Unspecified,10.0,8,1
84596B,Greece,10.0,8,1
20674,Greece,10.0,8,1
20676,Greece,10.0,8,1
23296,United Arab Emirates,10.0,8,1
82613A,Germany,10.0,8,1
84596E,Channel Islands,10.0,8,1
23289,Malta,10.0,8,1
23292,Malta,10.0,8,1
82613B,Israel,10.0,8,1
82613C,Israel,10.0,8,1
20676,Channel Islands,10.0,8,1
22510,Cyprus,10.0,8,1
23292,Norway,10.0,8,1
20671,Germany,10.0,8,1
22258,Spain,10.0,8,2
20671,Malta,10.0,8,1
20675,Greece,10.0,8,1
82613D,Canada,10.0,8,1
84596G,Germany,10.0,8,1
20677,Canada,10.0,8,1
84596E,Bahrain,10.0,8,1
35610A,Greece,10.0,8,1
22269,Spain,10.0,8,1
20675,Channel Islands,10.0,8,1
23289,USA,10.0,8,1
23292,USA,10.0,8,1
23296,Japan,10.0,8,1
23167,USA,9.96,12,1
23102,Germany,9.96,12,1
23123,EIRE,9.96,12,1
23123,France,9.96,12,1
23090,Germany,9.96,12,1
23122,Unspecified,9.96,12,1
23282,Belgium,9.96,12,1
23433,Portugal,9.96,12,1
22210,France,9.96,12,1
23090,France,9.96,12,1
23148,Poland,9.96,12,1
47343A,EIRE,9.96,12,1
23281,Israel,9.96,12,1
23144,Spain,9.96,12,1
15036,Denmark,9.96,12,1
22210,Germany,9.96,12,1
23102,Singapore,9.96,12,1
23068,Unspecified,9.96,4,1
23101,Singapore,9.96,12,1
23280,EIRE,9.96,12,1
23432,Italy,9.96,12,1
23354,Sweden,9.96,12,1
23223,Switzerland,9.96,12,1
23354,USA,9.96,12,1
23281,Switzerland,9.96,12,1
23353,USA,9.96,12,1
23221,EIRE,9.96,12,1
22210,Portugal,9.96,12,1
84971s,United Kingdom,9.96,6,3
35810A,France,9.96,12,1
23155,Australia,9.96,12,1
23155,Switzerland,9.96,12,1
23122,Austria,9.96,12,1
22211,Spain,9.96,12,1
23431,Finland,9.96,12,1
23155,Austria,9.96,12,1
23167,Poland,9.96,12,1
23281,Spain,9.96,12,1
35810A,Norway,9.96,12,1
23148,Canada,9.96,12,1
23473,EIRE,9.96,12,1
23123,Denmark,9.96,12,1
23432,France,9.96,12,1
23280,Denmark,9.96,12,1
23473,Sweden,9.96,12,1
23474,France,9.96,12,1
23473,France,9.96,12,1
23615,United Kingdom,9.96,4,4
15036,Netherlands,9.96,12,1
23474,Spain,9.96,12,1
23144,Norway,9.96,12,1
23619,United Kingdom,9.96,4,2
23155,Hong Kong,9.96,12,1
23431,Israel,9.96,12,1
23148,Belgium,9.96,12,1
35810A,Switzerland,9.96,12,1
23102,Australia,9.96,12,1
23101,Australia,9.96,12,1
23144,Poland,9.96,12,1
23282,Denmark,9.96,12,1
20837,Belgium,9.96,12,1
23221,Switzerland,9.96,12,1
23473,Spain,9.96,12,1
23144,Finland,9.96,12,1
23167,Israel,9.96,12,1
23280,Channel Islands,9.96,12,1
23624,United Kingdom,9.96,4,4
23354,Austria,9.96,12,1
23122,Norway,9.96,12,1
22208,Portugal,9.96,12,1
23650,United Kingdom,9.96,4,4
84534b,United Kingdom,9.96,6,5
23280,Switzerland,9.96,12,1
23433,Switzerland,9.96,12,1
47344B,Germany,9.96,12,1
23220,Belgium,9.96,12,1
23354,Spain,9.96,12,1
22211,Norway,9.96,12,1
23090,Unspecified,9.96,12,1
23221,Netherlands,9.96,12,1
23222,EIRE,9.96,12,1
20837,Australia,9.96,12,1
23225,Netherlands,9.96,12,1
23475,EIRE,9.96,12,1
23122,Germany,9.96,12,1
23222,Germany,9.96,12,1
23432,Israel,9.96,12,1
23354,Belgium,9.96,12,1
23474,Switzerland,9.96,12,1
23473,Switzerland,9.96,12,1
23122,EIRE,9.96,12,1
23148,Greece,9.96,12,1
22776,Australia,9.95,1,1
22618,Nigeria,9.95,1,1
37475,France,9.95,1,1
22180,Italy,9.95,1,1
37474,Germany,9.95,1,1
85165,EIRE,9.95,1,1
22968,Japan,9.95,1,1
22180,Poland,9.95,1,1
22501,France,9.95,1,1
85132C,Germany,9.95,1,1
84707A,EIRE,9.95,1,1
85132A,Portugal,9.95,1,1
22221,Cyprus,9.95,1,1
21344,Greece,9.95,1,1
21265,USA,9.95,1,1
85132B,Sweden,9.95,1,1
22776,Belgium,9.95,1,1
85132B,Portugal,9.95,1,1
22487,Israel,9.95,1,1
21265,France,9.95,1,1
22635,Cyprus,9.95,1,1
22061,Italy,9.95,1,1
22776,Sweden,9.95,1,1
22487,Finland,9.95,1,1
22634,Cyprus,9.95,1,1
22487,Poland,9.95,1,1
23487,Italy,9.95,1,1
23414,Germany,9.95,1,1
23414,EIRE,9.95,1,1
22061,Germany,9.95,1,1
37475,Cyprus,9.95,1,1
22180,Greece,9.95,1,1
22221,USA,9.95,1,1
22788,Cyprus,9.95,1,1
37474,Belgium,9.95,1,1
37474,Cyprus,9.95,1,1
37449,Italy,9.95,1,1
23414,Italy,9.95,1,1
85049b,United Kingdom,9.94,4,3
22860,Cyprus,9.9,6,1
22557,USA,9.9,6,1
84050,Austria,9.9,6,1
22858,Cyprus,9.9,6,1
22310,Switzerland,9.9,6,1
21770,Austria,9.9,2,1
85206A,Greece,9.9,6,1
85042,Unspecified,9.9,2,1
85114C,Australia,9.9,6,1
22990,Portugal,9.9,2,1
84949,Cyprus,9.9,6,1
85206B,Germany,9.9,6,1
21318,Poland,9.9,6,1
22912,Spain,9.9,2,2
47591A,EIRE,9.9,6,1
22103,Greece,9.9,6,1
46776A,EIRE,9.9,2,1
85028S,Spain,9.9,2,1
79030A,Germany,9.9,6,1
79030A,EIRE,9.9,6,1
21377,France,9.9,6,1
22859,Italy,9.9,6,1
22554,USA,9.9,6,1
20777,France,9.9,6,1
22112,Portugal,9.9,2,1
22861,Channel Islands,9.9,6,1
85114B,Thailand,9.9,6,1
84050,Australia,9.9,6,1
21255,France,9.9,6,1
17014E,United Kingdom,9.9,6,5
23029,Spain,9.9,6,1
84948,Cyprus,9.9,6,1
47505,Unspecified,9.9,2,1
21319,Spain,9.9,6,1
23028,Greece,9.9,6,1
90059C,Belgium,9.9,6,1
84050,Belgium,9.9,6,1
85206A,Netherlands,9.9,6,1
21318,Germany,9.9,6,1
22223,USA,9.9,2,1
35915B,Finland,9.9,6,1
21651,Cyprus,9.9,6,1
90156,EIRE,9.9,2,1
90059E,EIRE,9.9,6,1
90059F,EIRE,9.9,6,1
21100,Spain,9.9,6,1
37343,Spain,9.9,6,1
84949,Greece,9.9,6,1
23032,Australia,9.9,6,1
85232D,USA,9.9,2,1
21812,Brazil,9.9,2,1
90059F,France,9.9,6,1
90059E,France,9.9,6,1
90019A,Germany,9.9,2,1
22858,Austria,9.9,6,1
22311,Unspecified,9.9,2,1
46776C,Unspecified,9.9,2,1
23029,Greece,9.9,6,1
20776,EIRE,9.9,6,1
22314,EIRE,9.9,2,1
35915C,Greece,9.9,6,1
22311,Bahrain,9.9,2,1
46776B,West Indies,9.9,2,1
22103,Spain,9.9,6,1
22556,USA,9.9,6,1
84050,Cyprus,9.9,6,1
22858,Channel Islands,9.9,6,1
22102,Channel Islands,9.9,6,1
22021,Greece,9.9,6,1
46776D,EIRE,9.9,2,1
21770,Sweden,9.9,2,1
20997,Israel,9.9,2,1
23029,Italy,9.9,6,1
90019A,Belgium,9.9,2,1
22310,France,9.9,6,1
22312,Bahrain,9.9,2,1
22314,Bahrain,9.9,2,1
90059C,EIRE,9.9,6,1
20855,Austria,9.9,6,1
17013F,United Kingdom,9.9,6,4
23028,France,9.9,6,1
22860,Italy,9.9,6,1
22858,Italy,9.9,6,1
35915B,Greece,9.9,6,1
22561,Spain,9.9,6,1
22860,Finland,9.9,6,1
20778,Austria,9.9,6,2
21485,Spain,9.9,2,1
90059B,France,9.9,6,1
90059B,EIRE,9.9,6,1
22021,Switzerland,9.9,6,1
90059C,France,9.9,6,1
21318,Spain,9.9,6,1
22314,Unspecified,9.9,2,1
46776C,West Indies,9.9,2,1
22652,Portugal,9.9,6,1
22990,Switzerland,9.9,2,1
85114B,Greece,9.9,6,1
22473,Spain,9.9,2,1
20776,Spain,9.9,6,1
21377,Channel Islands,9.9,6,1
85114C,France,9.9,6,1
20777,Austria,9.9,6,1
22103,Portugal,9.9,6,1
90059D,EIRE,9.9,6,1
79163,France,9.9,6,1
23028,Italy,9.9,6,1
90059A,EIRE,9.9,6,1
22990,Belgium,9.9,2,1
20803,Cyprus,9.9,6,1
17013D,EIRE,9.9,6,1
84546,Germany,9.9,6,1
21319,Germany,9.9,6,1
35915C,EIRE,9.9,6,1
21770,Italy,9.9,2,1
22861,Italy,9.9,6,1
22859,Channel Islands,9.9,6,1
85062,Brazil,9.9,6,1
90059D,France,9.9,6,1
21770,Malta,9.9,2,1
35915B,Spain,9.9,6,3
23029,France,9.9,6,1
22860,France,9.9,6,1
79030D,Germany,9.9,6,1
90059A,France,9.9,6,1
20776,Austria,9.9,6,1
23089,EIRE,9.9,6,1
22493,Spain,9.9,6,1
22858,France,9.9,6,1
84050,Malta,9.9,6,1
22859,Austria,9.9,6,1
22112,Spain,9.9,2,1
79030A,Netherlands,9.9,6,1
23031,France,9.9,6,1
85114C,Italy,9.9,6,1
85231g,United Kingdom,9.78,6,6
40018F,Belgium,9.75,5,1
21283,Greece,9.75,3,1
22696,France,9.75,5,3
22992,Unspecified,9.75,5,1
22146,USA,9.75,5,1
22148,USA,9.75,5,1
22246,Spain,9.75,5,1
20682,Israel,9.75,3,1
21283,EIRE,9.75,3,1
40018F,USA,9.75,5,1
81953P,United Kingdom,9.57,33,6
22049,Germany,9.5,50,2
84976,Austria,9.48,12,1
47504K,France,9.48,12,1
72799E,EIRE,9.48,12,1
22115,Portugal,9.48,12,1
23058,France,9.48,12,1
84976,Germany,9.48,12,1
20831,Portugal,9.48,12,1
21905,Australia,9.48,12,1
47504H,Italy,9.48,12,1
47504H,EIRE,9.48,12,1
84402B,EIRE,9.48,12,1
84661B,EIRE,9.48,12,1
17165D,EIRE,9.45,9,1
22232,Finland,9.44,16,1
23378,Denmark,9.36,24,1
35471D,Denmark,9.36,24,1
21980,Spain,9.36,24,1
84806A,Netherlands,9.36,24,1
51014C,Denmark,9.36,24,1
23380,Finland,9.36,24,1
35471D,Finland,9.36,24,1
35471D,Norway,9.36,24,1
21981,Italy,9.36,24,1
23551,France,9.36,24,1
21967,Denmark,9.36,24,1
23379,France,9.36,24,1
79030D,Unspecified,9.36,24,1
21967,Italy,9.36,24,1
21090,Spain,9.36,24,2
51014C,Germany,9.36,24,1
22340,Spain,9.36,24,1
23380,EIRE,9.36,24,1
23377,Belgium,9.36,24,1
35471D,Sweden,9.36,24,1
21179,Canada,9.36,24,1
22398,Portugal,9.36,24,2
85071A,Germany,9.36,24,1
21096,Finland,9.36,24,1
21967,Spain,9.36,24,1
23381,Belgium,9.36,24,1
23377,Germany,9.36,24,1
23378,Belgium,9.36,24,1
22340,Sweden,9.36,24,1
21984,Switzerland,9.36,24,1
22615,Denmark,9.36,24,1
51014L,Sweden,9.36,24,1
85071A,Singapore,9.36,24,1
21698,Channel Islands,9.36,24,1
21985,Denmark,9.36,24,1
21634,Unspecified,9.36,24,1
22400,Portugal,9.36,24,2
35471D,Switzerland,9.36,24,1
22340,Finland,9.36,24,1
21985,Italy,9.36,24,1
23381,Switzerland,9.36,24,1
22340,Poland,9.36,24,1
23379,Belgium,9.36,24,1
79030G,Hong Kong,9.36,24,1
79030G,Finland,9.36,24,1
21982,Spain,9.36,24,1
23377,Denmark,9.36,24,1
22572,Portugal,9.35,11,2
85180A,Unspecified,9.3,2,1
20822,United Kingdom,9.3,2,1
84984C,France,9.3,2,1
84984D,France,9.3,2,1
22835,Spain,9.3,2,1
84536A,Spain,9.24,22,3
23441,United Kingdom,9.24,22,3
84732D,United Kingdom,9.24,14,5
90184c,United Kingdom,9.15,1,1
21084,Spain,9.12,48,2
35954,Germany,9.12,48,1
21650,EIRE,9.12,48,2
85131D,Netherlands,9.12,24,1
21084,Switzerland,9.12,48,2
21144,Iceland,9.12,24,1
85094,Poland,9.12,48,1
22264,Sweden,9.12,48,1
22338,Switzerland,9.12,48,2
22263,Germany,9.12,48,1
21880,Netherlands,9.1,14,2
21884,Netherlands,9.1,14,2
21882,France,9.1,14,2
15036,Italy,9.0,12,1
21371,Germany,9.0,12,1
35751C,EIRE,9.0,12,1
15036,Portugal,9.0,12,1
21576,USA,9.0,4,1
21636,Iceland,9.0,12,1
21578,USA,9.0,4,1
21055,Hong Kong,8.95,1,1
21056,Unspecified,8.95,1,1
21055,Unspecified,8.95,1,1
21056,Portugal,8.95,1,1
20882,United Kingdom,8.85,3,2
62097A,United Kingdom,8.85,3,3
21740,United Arab Emirates,8.85,3,1
85123A,Brazil,8.85,3,1
22115,Brazil,8.85,3,1
22495,Italy,8.85,3,1
21614,France,8.85,3,1
18098B,United Kingdom,8.85,3,3
82616A,EIRE,8.85,3,1
22358,USA,8.85,3,2
22328,Portugal,8.85,3,1
22083,Unspecified,8.85,3,2
21890,West Indies,8.85,3,1
22318,Italy,8.85,3,1
22905,France,8.85,3,1
21613,France,8.85,3,1
35598C,United Kingdom,8.85,3,3
21610,Spain,8.85,3,1
21324,Brazil,8.85,3,1
22721,Spain,8.85,3,2
35648,West Indies,8.85,3,1
22911,France,8.85,3,1
10120,France,8.82,42,3
84899E,Germany,8.75,7,1
84836,Unspecified,8.75,7,2
23263,Portugal,8.75,7,2
23351,Portugal,8.75,7,2
22288,Unspecified,8.75,7,2
23035,Finland,8.7,6,1
23033,Spain,8.7,6,1
21656,Spain,8.7,6,1
21656,Netherlands,8.7,6,1
23034,EIRE,8.7,6,1
22650,Unspecified,8.7,6,1
23035,Spain,8.7,6,1
21248,France,8.7,6,2
21656,France,8.7,6,1
23034,Spain,8.7,6,1
23033,France,8.7,6,1
22588,Spain,8.67,3,1
71496B,United Kingdom,8.67,15,6
20739,United Kingdom,8.65,1,1
21406,United Kingdom,8.65,1,1
16054,EIRE,8.64,72,2
21403,Germany,8.64,72,3
16008,Germany,8.64,72,2
10123C,France,8.64,144,1
21818,France,8.58,22,3
90013E,United Kingdom,8.57,2,2
21034,France,8.55,9,8
90018C,EIRE,8.5,2,1
16016,Switzerland,8.5,10,1
22187,Germany,8.5,2,1
85227,Unspecified,8.5,10,3
20733,United Arab Emirates,8.5,10,1
47587A,Germany,8.5,10,1
90001D,Belgium,8.5,2,1
79066K,Switzerland,8.5,10,1
84313A,EIRE,8.5,2,1
20733,Switzerland,8.5,10,1
23205,Switzerland,8.5,10,1
21094,Portugal,8.5,10,1
84051,Netherlands,8.5,10,1
21544,West Indies,8.5,10,3
84313C,EIRE,8.5,2,1
20734,Denmark,8.5,10,1
22356,USA,8.5,10,1
20723,Greece,8.5,10,1
22661,Italy,8.5,10,1
10133,Italy,8.5,10,1
84313B,EIRE,8.5,2,1
20723,Israel,8.5,10,1
22355,Finland,8.5,10,1
21002,USA,8.5,2,1
15039,Belgium,8.5,10,1
22355,Denmark,8.5,10,1
22356,Hong Kong,8.5,10,1
23205,Spain,8.5,10,1
23205,Belgium,8.5,10,1
21621,Portugal,8.5,1,1
21464,Germany,8.5,2,1
22661,Finland,8.5,10,1
79066K,Belgium,8.5,10,1
20734,Portugal,8.5,10,1
81950B,Bahrain,8.5,10,1
90001B,Belgium,8.5,2,1
21004,United Arab Emirates,8.5,2,1
84030E,USA,8.5,2,1
90001B,EIRE,8.5,2,1
20702,Italy,8.5,2,1
22661,Australia,8.5,10,1
90018A,EIRE,8.5,2,1
20738,Thailand,8.5,10,1
21464,Belgium,8.5,2,1
20719,Norway,8.5,10,1
22940,Cyprus,8.5,2,1
20719,Hong Kong,8.5,10,1
21002,Unspecified,8.5,2,1
23204,Sweden,8.5,10,1
22356,Austria,8.5,10,1
16016,EIRE,8.5,10,1
47578A,Germany,8.5,10,1
10133,Switzerland,8.5,10,1
15039,West Indies,8.5,10,1
90018A,Germany,8.5,2,1
79066K,Portugal,8.5,10,1
22356,Israel,8.5,10,1
15039,France,8.5,10,1
22355,Austria,8.5,10,1
81950B,Germany,8.5,10,1
85061W,France,8.5,10,1
85034B,Unspecified,8.5,2,1
22355,Switzerland,8.5,10,1
90018B,EIRE,8.5,2,1
46000P,EIRE,8.5,2,1
90001D,EIRE,8.5,2,1
90018C,Belgium,8.5,2,1
23205,RSA,8.5,10,1
79066K,Norway,8.5,10,1
47587A,Belgium,8.5,10,1
20738,Denmark,8.5,10,1
15039,Italy,8.5,10,1
21841,France,8.5,2,1
84313B,Greece,8.5,2,1
20724,Hong Kong,8.5,10,1
20724,Denmark,8.5,10,1
20702,West Indies,8.5,2,1
23204,Hong Kong,8.5,10,1
10133,Cyprus,8.5,10,1
21002,Israel,8.5,2,1
20723,Sweden,8.5,10,1
84572,United Kingdom,8.49,1,1
90126B,United Kingdom,8.48,3,3
84030b,United Kingdom,8.46,1,1
44091A,United Kingdom,8.4,20,7
84898F,Spain,8.4,4,1
23506,Belgium,8.4,20,1
23508,Norway,8.4,20,1
23509,Norway,8.4,20,1
10133,Portugal,8.4,20,1
82613D,Cyprus,8.4,20,1
71406C,EIRE,8.4,20,2
23506,Australia,8.4,20,1
23509,EIRE,8.4,20,1
23508,EIRE,8.4,20,1
23510,Belgium,8.4,20,1
23508,Germany,8.4,20,1
23507,Unspecified,8.4,20,1
90111,United Kingdom,8.4,8,7
21051,United Arab Emirates,8.4,4,1
22440,Belgium,8.4,20,1
10133,Israel,8.4,20,1
23510,EIRE,8.4,20,1
23506,Italy,8.4,20,1
20752,France,8.4,4,1
23508,Belgium,8.4,20,1
23507,Germany,8.4,20,1
82613D,Poland,8.4,20,1
16014,EIRE,8.4,20,1
21907,Italy,8.4,4,1
72351B,Spain,8.4,4,1
82613D,France,8.4,20,1
23508,Switzerland,8.4,20,1
23507,Italy,8.4,20,1
23510,Denmark,8.4,20,1
23506,EIRE,8.4,20,1
23507,Denmark,8.4,20,1
82613C,Cyprus,8.4,20,1
82613B,Cyprus,8.4,20,1
23388,Portugal,8.3,2,1
23612,United Kingdom,8.3,5,2
23067,Channel Islands,8.3,2,1
23469,France,8.3,2,1
23239,EIRE,8.3,2,1
84997C,Unspecified,8.3,2,1
23237,Portugal,8.3,2,2
85034b,United Kingdom,8.29,1,1
72802c,United Kingdom,8.29,1,1
22082,Portugal,8.25,5,1
22080,Portugal,8.25,5,1
22737,Spain,8.25,5,1
23274,France,8.25,5,1
23019,Germany,8.25,1,1
23053,EIRE,8.25,1,1
23051,EIRE,8.25,1,1
20774,Germany,8.25,5,1
23273,France,8.25,5,1
22688,Germany,8.25,1,1
23374,Portugal,8.2,10,1
23373,France,8.2,10,1
23373,Germany,8.2,10,1
23373,Finland,8.2,10,1
21955,Germany,7.95,1,1
84795B,West Indies,7.95,1,1
84680,Cyprus,7.95,1,1
23284,Unspecified,7.95,1,1
22840,Portugal,7.95,1,1
21765,Italy,7.95,1,1
84562A,France,7.95,1,1
22660,Cyprus,7.95,1,1
22415,Cyprus,7.95,1,1
84823,Cyprus,7.95,1,1
48129,Spain,7.95,1,1
21924,West Indies,7.95,1,1
22660,Portugal,7.95,1,1
22283,Spain,7.95,1,1
21955,Spain,7.95,1,1
20750,Nigeria,7.95,1,1
20749,Nigeria,7.95,1,1
21922,West Indies,7.95,1,1
85136A,France,7.95,1,1
21401,Germany,7.92,36,2
16219,France,7.92,72,3
23434,Sweden,7.9,10,1
23435,Netherlands,7.9,10,1
23434,France,7.9,10,1
23434,USA,7.9,10,1
21658,France,7.9,2,2
23434,Netherlands,7.9,10,1
23435,Sweden,7.9,10,1
23434,Spain,7.9,10,1
84927A,France,7.86,73,2
22919,Cyprus,7.8,12,1
22918,Cyprus,7.8,12,1
84661A,Germany,7.8,12,1
21194,Australia,7.8,12,1
85215,Germany,7.8,12,1
21089,France,7.8,12,1
22422,Unspecified,7.8,12,1
85215,EIRE,7.8,12,1
21987,EIRE,7.8,12,1
85199L,Greece,7.8,12,1
84950,Canada,7.8,12,1
84950,Germany,7.8,12,1
21326,Greece,7.8,12,1
22820,Switzerland,7.8,12,1
21882,Netherlands,7.8,12,1
21084,Netherlands,7.8,12,1
21194,Switzerland,7.8,12,1
85216,Norway,7.8,12,1
21087,Finland,7.8,12,1
22920,Finland,7.8,12,1
21086,Hong Kong,7.8,12,1
21088,Channel Islands,7.8,12,1
22244,Italy,7.8,4,1
21085,RSA,7.8,12,1
85032A,Israel,7.8,12,1
22422,Switzerland,7.8,12,1
22820,Spain,7.8,12,1
21883,Austria,7.8,12,1
21880,Austria,7.8,12,1
10123C,Austria,7.8,12,1
22917,Cyprus,7.8,12,1
22916,Cyprus,7.8,12,1
22319,Sweden,7.8,12,1
85032C,Finland,7.8,12,1
22821,Iceland,7.8,12,1
85199L,Cyprus,7.8,12,1
22306,Unspecified,7.8,4,1
22920,Poland,7.8,12,1
21383,France,7.8,12,1
85217,Belgium,7.8,12,1
21326,Spain,7.8,12,1
21884,Poland,7.8,12,1
21882,Norway,7.8,12,1
21099,Germany,7.8,12,1
21987,Austria,7.8,12,1
22319,European Community,7.8,12,1
85215,Greece,7.8,12,1
84661C,Germany,7.8,12,1
21879,Austria,7.8,12,1
85216,Greece,7.8,12,1
22918,Finland,7.8,12,1
22919,Finland,7.8,12,1
21883,Finland,7.8,12,1
21383,Spain,7.8,12,1
21089,Channel Islands,7.8,12,1
85032B,Israel,7.8,12,1
21326,Portugal,7.8,12,1
21194,France,7.8,12,1
21099,EIRE,7.8,12,1
90005A,EIRE,7.8,4,1
21880,Poland,7.8,12,1
21882,Poland,7.8,12,1
21883,Poland,7.8,12,1
22319,Spain,7.8,12,1
22918,Poland,7.8,12,1
21880,EIRE,7.8,12,1
22917,Finland,7.8,12,1
22921,Finland,7.8,12,1
21880,Sweden,7.8,12,1
21652,Unspecified,7.8,4,1
22821,France,7.8,12,1
22319,Israel,7.8,12,1
21879,Netherlands,7.8,12,1
22422,Sweden,7.8,12,1
22916,Finland,7.8,12,1
21884,France,7.8,12,1
10123C,Portugal,7.8,12,1
84661B,Germany,7.8,12,1
21194,Norway,7.8,12,1
47469,EIRE,7.8,12,1
21884,EIRE,7.8,12,1
21883,Portugal,7.8,12,1
22920,Cyprus,7.8,12,1
84750A,France,7.8,4,1
85216,Belgium,7.8,12,1
22148,Spain,7.8,4,1
84029c,United Kingdom,7.78,1,1
46000M,Spain,7.75,5,1
22591,Switzerland,7.65,3,1
22896,France,7.65,3,1
84659A,France,7.65,3,1
72728,Germany,7.65,9,1
22458,Italy,7.65,3,1
82482,Brazil,7.65,3,1
22196,Unspecified,7.65,9,3
21559,Portugal,7.65,3,2
22931,Spain,7.65,3,1
21558,Portugal,7.65,3,2
72728,Cyprus,7.65,9,1
22896,Spain,7.65,3,2
20767,Portugal,7.65,3,3
22932,Portugal,7.65,3,1
72709,West Indies,7.65,9,1
20893,France,7.65,3,1
35931,Sweden,7.6,20,1
35933,EIRE,7.6,20,2
21829,Austria,7.56,36,1
79144C,EIRE,7.56,18,2
17003,West Indies,7.56,36,1
21829,Spain,7.56,36,1
21829,Belgium,7.56,36,1
84450A,Greece,7.56,18,1
21829,Canada,7.56,36,1
17003,United Arab Emirates,7.56,36,1
21829,EIRE,7.56,36,1
21829,Norway,7.56,36,1
79144B,Netherlands,7.56,18,2
21829,Hong Kong,7.56,36,1
20942,United Kingdom,7.5,6,4
20701,West Indies,7.5,2,1
21067,USA,7.5,6,1
82011A,EIRE,7.5,2,1
72789,Italy,7.5,2,1
23574,EIRE,7.5,1,1
20659,Austria,7.5,6,1
23394,France,7.5,2,1
47310M,Germany,7.5,6,1
82011E,United Kingdom,7.5,2,2
72484,Spain,7.5,6,1
21486,USA,7.5,2,1
23574,France,7.5,1,1
22128,Unspecified,7.5,6,1
23083,Unspecified,7.5,2,2
37438,United Kingdom,7.5,2,2
22259,Spain,7.5,6,1
22944,Germany,7.5,6,1
23082,Unspecified,7.5,2,2
20761,Unspecified,7.5,2,1
62096A,EIRE,7.5,6,1
82607C,Italy,7.5,6,1
21125,Unspecified,7.5,6,1
84744,EIRE,7.5,6,1
20970,Portugal,7.5,2,1
22203,Portugal,7.5,6,1
37379B,EIRE,7.5,6,1
21470,France,7.5,2,2
20657,Austria,7.5,6,1
20654,Austria,7.5,6,1
35471A,Spain,7.5,6,1
20978,Spain,7.5,6,1
23396,Switzerland,7.5,2,2
23333,France,7.5,6,2
18094C,West Indies,7.5,6,1
84926F,USA,7.5,6,1
21992,Spain,7.5,6,2
20762,Unspecified,7.5,2,1
22550,Unspecified,7.5,2,1
46037A,United Kingdom,7.5,6,2
35920,Spain,7.5,6,1
85093,Spain,7.5,6,1
62096B,Unspecified,7.5,6,1
21949,West Indies,7.5,6,1
21689,France,7.5,2,2
22178,Brazil,7.5,6,1
20867,Portugal,7.5,6,2
22199,Portugal,7.5,6,1
22347,Italy,7.5,6,1
21009,France,7.5,6,1
35471D,Spain,7.5,6,1
21913,Portugal,7.5,2,1
72814,Unspecified,7.5,2,1
62096A,Australia,7.5,6,1
84924A,France,7.5,2,1
22993,Spain,7.5,6,1
37379B,United Kingdom,7.5,6,1
21871,USA,7.5,6,1
20669,EIRE,7.5,6,1
22408,EIRE,7.5,6,1
51020A,EIRE,7.5,6,1
22673,Germany,7.5,6,1
22070,Spain,7.5,2,1
84415A,Malta,7.5,6,1
20866,Portugal,7.5,6,2
22548,Unspecified,7.5,6,1
90025A,United Kingdom,7.5,2,2
21836,Unspecified,7.5,2,1
20761,Portugal,7.5,2,1
84946,Unspecified,7.5,6,1
22252,France,7.5,6,1
20766,Portugal,7.5,2,1
20972,Spain,7.5,6,2
22113,Spain,7.5,2,1
82613a,United Kingdom,7.48,3,3
23633,United Kingdom,7.47,3,3
23119,Switzerland,7.44,12,1
23119,Denmark,7.44,12,1
23119,Germany,7.44,12,1
84201B,United Kingdom,7.41,39,8
22614,Netherlands,7.35,25,2
85144,Cyprus,7.25,1,1
22330,USA,7.25,5,1
46000S,Spain,7.25,5,1
21972,Spain,7.25,5,1
85172,EIRE,7.14,17,2
16259,France,7.14,34,1
22231,EIRE,7.08,12,1
37479P,Spain,7.02,18,2
35001P,United Kingdom,6.98,2,2
21981,Hong Kong,6.96,24,1
85230G,Sweden,6.96,24,1
21986,Austria,6.96,24,1
22614,Spain,6.96,24,1
84926E,EIRE,6.96,24,1
84926A,Canada,6.96,24,1
21985,Switzerland,6.96,24,1
21642,Germany,6.96,24,1
21983,United Arab Emirates,6.96,24,1
22615,Belgium,6.96,24,1
85230G,France,6.96,24,1
85230E,Belgium,6.96,24,1
85230F,EIRE,6.96,24,1
85230F,France,6.96,24,1
21967,Hong Kong,6.96,24,1
21981,Portugal,6.96,24,1
21015,Germany,6.96,24,1
21982,Malta,6.96,24,1
21984,Malta,6.96,24,1
72225C,Belgium,6.96,24,1
20984,Switzerland,6.96,24,1
85230B,France,6.96,24,1
22615,Switzerland,6.96,24,1
22614,United Arab Emirates,6.96,24,1
85230B,Sweden,6.96,24,1
21967,Canada,6.96,24,1
85230B,EIRE,6.96,24,1
21980,Channel Islands,6.96,24,1
84926D,Germany,6.96,24,1
22578,Portugal,6.96,24,2
85230B,Belgium,6.96,24,1
85230A,Malta,6.96,24,1
84926D,Canada,6.96,24,1
21982,Austria,6.96,24,1
20984,Finland,6.96,24,1
72225C,Portugal,6.96,24,1
21015,Spain,6.96,24,1
22579,Finland,6.96,24,1
21985,Germany,6.96,24,1
85230C,United Kingdom,6.96,24,1
21986,Canada,6.96,24,1
22616,United Arab Emirates,6.96,24,1
85230D,United Kingdom,6.96,24,1
85230B,Cyprus,6.96,24,1
21986,Portugal,6.96,24,1
20984,Canada,6.96,24,1
85230E,France,6.96,24,1
85230G,Belgium,6.96,24,1
21980,Canada,6.96,24,1
22614,Canada,6.96,24,1
21986,Italy,6.96,24,1
22578,Finland,6.96,24,1
20984,Singapore,6.96,24,1
85230F,Cyprus,6.96,24,1
22616,Cyprus,6.96,24,1
21015,Austria,6.96,24,1
84658,Brazil,6.95,1,1
20705,Spain,6.95,1,1
21484,USA,6.9,2,1
84705b,United Kingdom,6.86,2,2
22609,Israel,6.84,36,1
22610,Israel,6.84,36,1
22608,Israel,6.84,36,1
21240,Channel Islands,6.8,8,1
21240,United Arab Emirates,6.8,8,1
21238,Cyprus,6.8,8,1
23286,Belgium,6.8,8,1
21790,Unspecified,6.8,8,1
23287,Finland,6.8,8,1
23288,Finland,6.8,8,1
21239,Cyprus,6.8,8,1
23286,Spain,6.8,8,1
21241,Cyprus,6.8,8,1
23286,Austria,6.8,8,1
21240,Cyprus,6.8,8,1
21239,United Arab Emirates,6.8,8,1
21241,United Arab Emirates,6.8,8,1
21238,United Arab Emirates,6.8,8,1
21239,Channel Islands,6.8,8,1
21238,Channel Islands,6.8,8,1
22196,France,6.8,8,1
23285,Finland,6.8,8,1
21241,Switzerland,6.8,8,1
21238,Italy,6.8,8,1
21240,Sweden,6.8,8,1
37409,United Kingdom,6.8,8,4
23285,Austria,6.8,8,1
35160,West Indies,6.8,8,1
23286,Finland,6.8,8,1
23287,Belgium,6.8,8,1
21241,RSA,6.8,8,1
21240,Portugal,6.8,8,1
21239,Sweden,6.8,8,1
23287,Austria,6.8,8,1
23288,Austria,6.8,8,1
23285,Belgium,6.8,8,1
21989,Portugal,6.8,8,1
23285,Spain,6.8,8,1
84849B,France,6.76,4,1
21349,Spain,6.75,1,1
84839,Italy,6.75,1,1
22842,Portugal,6.75,1,1
21581,EIRE,6.75,3,1
85126,France,6.75,1,1
48173A,United Kingdom,6.75,1,1
37484,United Kingdom,6.75,1,1
21391,Spain,6.75,9,2
21578,EIRE,6.75,3,1
22795,Spain,6.75,1,1
21462,Germany,6.75,1,1
85175,Greece,6.72,16,1
85175,Switzerland,6.72,16,1
84596F,Spain,6.72,16,1
84536B,Netherlands,6.72,16,1
85175,Channel Islands,6.72,16,1
84596G,Belgium,6.72,16,1
84596B,Singapore,6.72,16,1
85175,Belgium,6.72,16,1
85172,France,6.72,16,1
84536A,Sweden,6.72,16,1
85175,Unspecified,6.72,16,1
84536B,Italy,6.72,16,1
84596F,Italy,6.72,16,1
84596G,Norway,6.72,16,1
85172,Unspecified,6.72,16,1
84536B,Finland,6.72,16,1
85175,Italy,6.72,16,1
84596B,Spain,6.72,16,1
84536B,Germany,6.72,16,1
84536A,Switzerland,6.72,16,1
84596F,Singapore,6.72,16,1
84536B,EIRE,6.72,16,1
85172,Channel Islands,6.72,16,1
22451,Netherlands,6.7,2,1
23294,Italy,6.64,8,1
23295,Switzerland,6.64,8,1
23295,Israel,6.64,8,1
23294,Canada,6.64,8,1
23294,Japan,6.64,8,1
23604,United Kingdom,6.64,4,2
23293,Austria,6.64,8,1
23294,Israel,6.64,8,1
23295,Canada,6.64,8,1
23293,United Arab Emirates,6.64,8,1
23294,United Arab Emirates,6.64,8,1
82580,Cyprus,6.6,12,1
20728,Unspecified,6.6,4,1
82578,Australia,6.6,12,1
85226A,Switzerland,6.6,12,1
90205A,EIRE,6.6,4,1
90205C,EIRE,6.6,4,1
82581,Greece,6.6,12,1
82580,Australia,6.6,12,1
23329,France,6.6,4,1
20858,United Kingdom,6.6,4,1
82578,Cyprus,6.6,12,1
82581,Cyprus,6.6,12,1
22242,USA,6.6,4,1
82580,Channel Islands,6.6,12,1
23206,Spain,6.6,4,1
20678,EIRE,6.6,4,1
85196,Greece,6.6,12,1
85196,Channel Islands,6.6,12,1
23207,Spain,6.6,4,1
22077,Brazil,6.6,4,1
82578,France,6.6,12,1
82581,France,6.6,12,1
21431,Netherlands,6.6,4,1
82581,Portugal,6.6,12,1
47598,EIRE,6.6,12,1
82578,Portugal,6.6,12,1
17014F,United Kingdom,6.6,4,3
82580,France,6.6,12,1
20953,Spain,6.6,4,1
85231b,United Kingdom,6.58,4,4
22337,Switzerland,6.5,10,1
20686,Spain,6.5,2,1
22371,Spain,6.35,1,1
21003,France,6.35,1,1
23107,EIRE,6.32,8,1
20884,United Kingdom,6.3,3,3
84375,Unspecified,6.3,3,2
22212,Italy,6.3,3,1
16237,Norway,6.3,30,1
17011B,United Kingdom,6.3,3,1
79190D,Germany,6.3,15,1
84270,Belgium,6.3,30,1
82582,Germany,6.3,3,2
85116,France,6.3,3,1
85197,Spain,6.3,3,1
84270,United Arab Emirates,6.3,30,1
84270,Switzerland,6.3,30,1
22380,Israel,6.3,3,1
79190A,Switzerland,6.3,15,1
20829,Spain,6.3,3,3
22149,Cyprus,6.3,3,1
79140,United Kingdom,6.3,15,2
20621,EIRE,6.3,3,1
21802,Portugal,6.3,15,1
90209C,EIRE,6.3,3,1
20863,Austria,6.3,3,1
79190D,Switzerland,6.3,15,1
84270,France,6.3,30,1
79190D,Belgium,6.3,15,1
84270,Germany,6.3,30,1
35809A,USA,6.3,3,1
85170C,EIRE,6.3,3,1
84270,Sweden,6.3,30,1
20673,United Kingdom,6.25,5,2
23055,Unspecified,6.25,1,1
21069,France,6.25,5,2
21126,Unspecified,6.25,5,1
23470,Portugal,6.25,1,1
82072,United Kingdom,6.25,5,3
16206B,EIRE,6.25,5,1
37408,United Kingdom,6.25,5,1
22385,Israel,6.24,3,1
23610,United Kingdom,6.24,3,3
23338,France,6.24,3,2
23214,Cyprus,6.24,3,1
23156,Portugal,6.24,3,1
85123b,United Kingdom,6.04,1,1
79051a,United Kingdom,6.04,1,1
16008,Iceland,6.0,24,1
90030C,EIRE,6.0,6,1
90030C,France,6.0,6,1
16008,Spain,6.0,24,1
90030B,France,6.0,6,1
90030A,Finland,6.0,6,1
90030B,EIRE,6.0,6,1
90031,EIRE,6.0,6,1
90030A,EIRE,6.0,6,1
90031,France,6.0,6,1
22056,Spain,5.96,4,1
20689,United Arab Emirates,5.95,1,1
84532B,Spain,5.95,1,1
21064,Unspecified,5.95,1,1
22927,France,5.95,1,1
72751A,United Kingdom,5.95,1,1
22580,Unspecified,5.95,1,1
22125,United Arab Emirates,5.95,1,1
85077,United Kingdom,5.95,1,1
47567B,Nigeria,5.95,1,1
84820,Spain,5.95,1,1
85014D,Unspecified,5.95,1,1
72751C,United Kingdom,5.95,1,1
22926,France,5.95,1,1
16016,France,5.95,7,1
22125,France,5.95,1,1
21624,Spain,5.95,1,1
22121,Unspecified,5.95,1,1
85014B,Israel,5.95,1,1
22573,Portugal,5.95,7,1
23535,France,5.95,1,1
72751B,United Kingdom,5.95,1,1
85014A,Unspecified,5.95,1,1
22499,Unspecified,5.95,1,1
22499,Spain,5.95,1,1
22925,Spain,5.95,1,1
22320,Unspecified,5.95,1,1
85184d,United Kingdom,5.91,1,1
84865,Malta,5.9,2,1
35653,Spain,5.9,2,1
21380,Israel,5.9,2,1
21741,Cyprus,5.9,2,1
18098A,United Kingdom,5.9,2,2
22454,Netherlands,5.9,2,1
22495,EIRE,5.9,2,1
22164,Brazil,5.9,2,1
22413,Italy,5.9,2,1
37450,Italy,5.9,2,1
22895,Spain,5.9,2,1
35823P,United Kingdom,5.9,2,2
22665,Spain,5.9,2,2
84625C,Portugal,5.9,2,1
22117,Switzerland,5.9,2,1
21741,United Arab Emirates,5.9,2,1
35821P,United Kingdom,5.9,2,2
22496,EIRE,5.9,2,1
22470,Cyprus,5.9,2,1
22063,Italy,5.9,2,1
84558A,France,5.9,2,1
90129B,Portugal,5.9,2,1
22496,Italy,5.9,2,1
35965,France,5.9,2,1
20662,United Arab Emirates,5.9,2,1
85123A,Israel,5.9,2,2
21107,France,5.9,2,1
79303A,United Kingdom,5.9,2,1
22809,Cyprus,5.9,2,1
20663,United Arab Emirates,5.9,2,1
21609,Spain,5.9,2,1
22063,France,5.9,2,1
20670,United Arab Emirates,5.9,2,1
90129D,Portugal,5.9,2,1
90129F,Portugal,5.9,2,1
37502,USA,5.9,2,1
16238,Switzerland,5.88,28,1
16236,Spain,5.88,28,1
16238,Belgium,5.88,28,1
16238,Cyprus,5.88,28,1
35051B,United Kingdom,5.88,14,2
16238,EIRE,5.88,28,1
85186B,United Kingdom,5.88,14,2
16236,Hong Kong,5.88,28,1
22812,France,5.85,3,1
85099F,USA,5.85,3,1
84827,West Indies,5.85,9,1
22150,France,5.85,3,1
22575,Unspecified,5.85,3,1
22150,Cyprus,5.85,3,1
47504H,France,5.85,3,1
22991,Unspecified,5.85,3,1
23617,United Kingdom,5.82,2,1
23638,United Kingdom,5.82,2,2
23652,United Kingdom,5.82,2,1
22147,Cyprus,5.8,4,1
21825,Spain,5.8,4,1
84986B,Spain,5.8,4,1
21171,Italy,5.8,4,1
81950B,Singapore,5.8,20,1
46000S,Norway,5.8,4,1
23489,France,5.78,2,1
16008,Switzerland,5.76,48,2
16048,Belgium,5.76,48,2
21402,Germany,5.76,48,2
20668,Germany,5.76,48,2
23334,France,5.67,9,1
23630,United Kingdom,5.48,2,2
35537,United Kingdom,5.46,13,3
21838,United Kingdom,5.45,1,1
47590B,Cyprus,5.45,1,1
35004B,France,5.45,1,1
35751D,United Kingdom,5.32,28,1
16010,United Kingdom,5.28,44,5
17084P,Brazil,5.25,25,1
17084J,West Indies,5.25,25,1
16215,United Kingdom,5.2,8,3
85199L,USA,5.2,8,1
84755,Italy,5.2,8,1
21860,United Kingdom,5.17,1,1
21854,United Kingdom,5.17,1,1
22129,Unspecified,5.1,6,1
22395,Netherlands,5.1,2,1
22391,Netherlands,5.1,2,1
22260,USA,5.1,6,2
22582,Nigeria,5.1,2,1
21642,West Indies,5.1,6,3
22245,Italy,5.1,6,1
72140E,Malta,5.1,6,1
84832,Italy,5.1,6,1
85061W,Spain,5.1,6,3
21175,Switzerland,5.1,2,1
21558,Unspecified,5.1,2,2
21559,Unspecified,5.1,2,1
22586,Spain,5.1,6,1
84508A,West Indies,5.1,2,1
22931,Portugal,5.1,2,1
21677,Spain,5.1,6,1
84012,Unspecified,5.1,2,2
20698,EIRE,5.1,2,1
20772,Portugal,5.1,2,1
22603,Portugal,5.1,6,1
20771,Portugal,5.1,2,1
22110,Portugal,5.1,2,1
85124C,Brazil,5.1,2,1
84520D,USA,5.1,6,1
84520B,USA,5.1,6,1
22604,Brazil,5.1,2,1
22581,Unspecified,5.1,6,1
22249,Unspecified,5.1,6,1
72819,Spain,5.1,2,2
21678,West Indies,5.1,6,1
20756,Portugal,5.1,6,2
22308,France,5.1,2,1
85023B,Brazil,5.1,2,1
22588,Cyprus,5.1,2,1
22584,Nigeria,5.1,2,1
20755,Portugal,5.1,6,2
21286,Netherlands,5.1,2,1
20760,Portugal,5.1,6,2
71434B,United Kingdom,5.1,2,2
85150,Switzerland,5.1,2,2
22261,USA,5.1,6,2
71101A,United Kingdom,5.1,6,1
85124B,Brazil,5.1,2,1
22589,Cyprus,5.1,2,1
90142B,United Kingdom,5.09,1,1
90142C,United Kingdom,5.09,1,1
20869,Unspecified,5.07,13,1
84942,United Kingdom,5.07,3,3
20868,Unspecified,5.07,13,1
DCGS0041,United Kingdom,5.06,1,1
72740B,United Kingdom,5.06,1,1
22814,Belgium,5.04,12,1
22028,Norway,5.04,12,1
22026,Malta,5.04,12,1
21703,EIRE,5.04,12,1
21703,Canada,5.04,12,1
22915,Greece,5.04,12,1
21519,United Arab Emirates,5.04,12,1
22042,Malta,5.04,12,1
22716,Malta,5.04,12,1
22717,Malta,5.04,12,1
21518,Malta,5.04,12,1
22714,Singapore,5.04,12,1
22716,Finland,5.04,12,1
21518,Norway,5.04,12,1
21506,Austria,5.04,12,1
21519,Australia,5.04,12,1
22134,Australia,5.04,12,1
22028,Finland,5.04,12,1
22135,Hong Kong,5.04,12,1
22030,Cyprus,5.04,12,1
84247G,United Arab Emirates,5.04,12,1
21504,United Arab Emirates,5.04,12,1
22034,Switzerland,5.04,12,1
22714,Portugal,5.04,12,1
21506,Greece,5.04,12,1
22025,Belgium,5.04,12,1
22027,United Arab Emirates,5.04,12,1
22983,Australia,5.04,12,1
22818,USA,5.04,12,1
22814,Spain,5.04,12,1
22134,Iceland,5.04,12,1
23695,Germany,5.04,12,1
22421,Unspecified,5.04,12,1
22036,Spain,5.04,12,1
21402,Cyprus,5.04,12,1
22984,Belgium,5.04,12,1
21508,Norway,5.04,12,1
22028,Brazil,5.04,12,1
22716,Hong Kong,5.04,12,1
22037,Belgium,5.04,12,1
22134,Switzerland,5.04,12,1
23695,EIRE,5.04,12,1
22984,Spain,5.04,12,1
22135,Italy,5.04,12,1
22024,Greece,5.04,12,1
21506,United Arab Emirates,5.04,12,1
21519,Austria,5.04,12,1
22033,EIRE,5.04,12,1
16012,Unspecified,5.04,24,1
22815,Channel Islands,5.04,12,1
22983,Channel Islands,5.04,12,1
23695,France,5.04,12,1
22027,Channel Islands,5.04,12,1
72008,Channel Islands,5.04,12,1
84247G,Austria,5.04,12,1
22027,Greece,5.04,12,1
21508,Malta,5.04,12,1
22718,Malta,5.04,12,1
22345,Singapore,5.04,24,1
22037,Greece,5.04,12,1
22915,Cyprus,5.04,12,1
22026,Germany,5.04,12,1
84247G,Cyprus,5.04,12,1
22134,Bahrain,5.04,12,1
21508,Portugal,5.04,12,1
22042,Portugal,5.04,12,1
22716,Portugal,5.04,12,1
22983,Netherlands,5.04,12,1
21509,Belgium,5.04,12,1
22024,Belgium,5.04,12,1
22818,Malta,5.04,12,1
22712,Channel Islands,5.04,12,1
21507,Austria,5.04,12,1
22037,Australia,5.04,12,1
22036,Greece,5.04,12,1
22029,United Arab Emirates,5.04,12,1
22714,Malta,5.04,12,1
22035,Malta,5.04,12,1
22713,Switzerland,5.04,12,1
72140F,EIRE,5.04,12,1
22026,EIRE,5.04,12,1
22420,Sweden,5.04,12,1
21507,Australia,5.04,12,1
22036,United Arab Emirates,5.04,12,1
22717,EIRE,5.04,12,1
22817,Norway,5.04,12,1
22717,France,5.04,12,1
21508,USA,5.04,12,1
22135,EIRE,5.04,12,1
22819,Spain,5.04,12,1
21412,Spain,5.04,12,1
22029,Channel Islands,5.04,12,1
22030,Greece,5.04,12,1
22815,Belgium,5.04,12,1
22037,United Arab Emirates,5.04,12,1
22818,Finland,5.04,12,1
72140F,Germany,5.04,12,1
21401,Finland,5.04,12,1
72140F,France,5.04,12,1
22984,Channel Islands,5.04,12,1
21519,Cyprus,5.04,12,1
22815,Unspecified,5.04,12,1
22714,Norway,5.04,12,1
84199,EIRE,5.04,24,1
16012,Switzerland,5.04,24,1
21509,Japan,5.04,12,1
22816,Finland,5.04,12,1
20877,United Kingdom,5.04,12,5
22815,Spain,5.04,12,1
21268,Spain,5.04,12,1
22718,Austria,5.04,12,1
22713,Malta,5.04,12,1
22715,Malta,5.04,12,1
21703,United Arab Emirates,5.04,12,1
22420,Unspecified,5.04,12,1
22034,Portugal,5.04,12,1
22983,Germany,5.04,12,1
22420,Belgium,5.04,12,1
22814,Finland,5.04,12,1
22717,Belgium,5.04,12,1
23697,France,5.04,12,1
22033,Switzerland,5.04,12,1
22026,Cyprus,5.04,12,1
22025,Malta,5.04,12,1
21506,Canada,5.04,12,1
22819,Portugal,5.04,12,1
21519,Portugal,5.04,12,1
22714,Austria,5.04,12,1
22029,Finland,5.04,12,1
22984,Malta,5.04,12,1
22023,Malta,5.04,12,1
22983,USA,5.04,12,1
21400,EIRE,5.04,12,1
71495B,EIRE,5.04,12,1
22712,Denmark,5.04,12,1
22344,Singapore,5.04,24,1
20952,Spain,5.04,12,1
22712,Malta,5.04,12,1
22420,Spain,5.04,12,1
16258A,Cyprus,5.04,12,1
22816,Austria,5.04,12,1
84247G,France,5.04,12,1
22717,Netherlands,5.04,12,1
22029,Norway,5.04,12,1
21508,Japan,5.04,12,1
22712,Norway,5.04,12,1
17096,West Indies,5.04,24,1
22420,Netherlands,5.04,12,1
22718,Greece,5.04,12,1
22915,Saudi Arabia,5.04,12,1
84247G,Germany,5.04,12,1
22983,Canada,5.04,12,1
22816,Greece,5.04,12,1
22983,Portugal,5.04,12,1
22715,Finland,5.04,12,1
21507,Malta,5.04,12,1
22817,Greece,5.04,12,1
21507,Norway,5.04,12,1
22037,Malta,5.04,12,1
72140F,Belgium,5.04,12,1
84247L,Austria,5.04,12,1
84016,Switzerland,5.04,12,1
22042,Austria,5.04,12,1
22419,Unspecified,5.04,12,1
22028,Austria,5.04,12,1
84199,Switzerland,5.04,24,1
22025,West Indies,5.04,12,1
22718,Netherlands,5.04,12,1
22029,Singapore,5.04,12,1
21504,Norway,5.04,12,1
21508,Austria,5.04,12,1
22715,Portugal,5.04,12,1
16012,Germany,5.04,24,1
22043,Portugal,5.04,12,1
22714,Spain,5.04,12,1
22814,Sweden,5.04,12,1
21400,Italy,5.04,12,1
22037,Portugal,5.04,12,1
22983,Finland,5.04,12,1
22819,Finland,5.04,12,1
22419,Belgium,5.04,12,1
21703,Unspecified,5.04,12,1
79151B,United Kingdom,5.04,12,3
84247L,Spain,5.04,12,1
84247L,Belgium,5.04,12,1
72008,Italy,5.04,12,1
22819,Norway,5.04,12,1
22718,Belgium,5.04,12,1
22030,Canada,5.04,12,1
22028,Greece,5.04,12,1
22983,Malta,5.04,12,1
85017B,Israel,5.04,12,1
22915,RSA,5.04,12,1
22036,France,5.04,12,1
22816,Cyprus,5.04,12,1
22027,Malta,5.04,12,1
21519,Malta,5.04,12,1
22034,Finland,5.04,12,1
84228,France,5.04,12,1
22814,Portugal,5.04,12,1
84249A,Spain,5.04,12,1
22027,Norway,5.04,12,1
22023,EIRE,5.04,12,1
72140F,Switzerland,5.04,12,1
21507,USA,5.04,12,1
21506,Malta,5.04,12,1
84450B,Spain,5.04,12,1
22026,Australia,5.04,12,1
21520,Portugal,5.04,12,1
22034,Malta,5.04,12,1
21507,Portugal,5.04,12,1
22716,Greece,5.04,12,1
22029,USA,5.04,12,1
22030,Sweden,5.04,12,1
21509,Malta,5.04,12,1
22717,Greece,5.04,12,1
84596j,United Kingdom,5.02,2,2
90030C,Finland,5.0,5,1
21828,Germany,5.0,4,2
20977,Unspecified,5.0,4,1
21071,France,5.0,4,1
84415B,Malta,5.0,4,1
23265,Portugal,5.0,4,1
23227,Spain,5.0,4,1
21124,Cyprus,5.0,4,2
21457,EIRE,5.0,4,1
21926,France,5.0,4,2
23349,Portugal,5.0,4,1
85049A,Portugal,5.0,4,1
20655,Austria,5.0,4,1
22548,Spain,5.0,4,1
84763,Unspecified,5.0,4,1
23503,Portugal,5.0,4,2
21294,France,5.0,4,1
47559B,France,5.0,4,2
21867,USA,5.0,4,1
21458,EIRE,5.0,4,1
21811,Brazil,5.0,4,1
22289,Unspecified,5.0,4,2
23649,United Kingdom,4.98,2,2
47593b,United Kingdom,4.98,6,1
84661b,United Kingdom,4.96,1,1
85232C,United Kingdom,4.95,1,1
22500,Germany,4.95,1,1
22906,Unspecified,4.95,3,2
84546,United Kingdom,4.95,3,1
22055,Italy,4.95,3,1
22611,Spain,4.95,1,1
23272,Portugal,4.95,3,1
20777,Portugal,4.95,3,2
23113,Netherlands,4.95,1,1
85043,United Kingdom,4.95,1,1
22243,USA,4.95,3,1
22325,Unspecified,4.95,1,1
21770,Unspecified,4.95,1,1
22112,RSA,4.95,1,1
23274,Portugal,4.95,3,1
23115,Netherlands,4.95,1,1
22296,Switzerland,4.95,3,1
23114,France,4.95,1,1
22054,Spain,4.95,3,2
37451,United Kingdom,4.95,1,1
22076,Unspecified,4.95,3,1
21485,Cyprus,4.95,1,1
21813,Netherlands,4.95,1,1
22285,Italy,4.95,3,1
22557,Israel,4.95,3,1
22554,Israel,4.95,3,1
23127,Cyprus,4.95,1,1
21328,Israel,4.95,3,1
22914,Portugal,4.95,1,1
21710,Portugal,4.95,1,1
22312,United Arab Emirates,4.95,1,1
23128,Unspecified,4.95,1,1
21539,Spain,4.95,1,1
21706,Cyprus,4.95,1,1
21812,Netherlands,4.95,1,1
85042,France,4.95,1,1
22284,Italy,4.95,3,1
23128,Cyprus,4.95,1,1
23273,Portugal,4.95,3,1
22382,Israel,4.95,3,1
20997,Netherlands,4.95,1,1
85049d,United Kingdom,4.92,2,2
84971l,United Kingdom,4.92,2,1
72708,United Kingdom,4.83,23,4
16218,Germany,4.8,80,1
16216,EIRE,4.8,80,1
17011B,Norway,4.8,16,1
16169M,EIRE,4.75,25,1
22049,Switzerland,4.75,25,1
84970L,Unspecified,4.75,5,1
16169N,Netherlands,4.75,25,1
16169N,Switzerland,4.75,25,1
21034,Spain,4.75,5,4
22049,Portugal,4.75,25,1
23058,Spain,4.74,6,1
90214U,United Kingdom,4.73,13,2
21209,Portugal,4.68,12,1
21294,Spain,4.68,12,1
23551,Portugal,4.68,12,1
22616,Portugal,4.68,12,1
21208,Switzerland,4.68,12,1
21209,Norway,4.68,12,1
22402,Canada,4.68,12,1
22403,Canada,4.68,12,1
51014A,Cyprus,4.68,12,1
37467,Belgium,4.68,12,1
21698,France,4.68,12,1
21208,Australia,4.68,12,1
21096,Switzerland,4.68,12,1
22403,Portugal,4.68,12,1
23380,Portugal,4.68,12,1
23378,Portugal,4.68,12,1
37467,Canada,4.68,12,1
21208,Norway,4.68,12,1
22398,Canada,4.68,12,1
22228,France,4.68,12,1
23417,EIRE,4.68,12,1
21985,Portugal,4.68,12,1
21983,Portugal,4.68,12,1
35923,Belgium,4.68,12,1
51014C,Spain,4.68,12,1
22396,Canada,4.68,12,1
22400,Canada,4.68,12,1
84531A,Germany,4.68,12,1
22398,Denmark,4.68,12,1
22395,EIRE,4.68,12,1
79030D,EIRE,4.68,12,1
21208,Portugal,4.68,12,1
21209,Spain,4.68,12,1
22396,Portugal,4.68,12,1
85180B,Unspecified,4.65,1,1
45014,United Kingdom,4.65,1,1
84031B,Portugal,4.65,1,1
46000M,France,4.65,3,1
85179C,Unspecified,4.65,1,1
85007,Germany,4.65,1,1
85179A,Unspecified,4.65,1,1
84031B,RSA,4.65,1,1
85090,Portugal,4.65,1,1
84031A,Portugal,4.65,1,1
84031B,Spain,4.65,1,1
84031A,RSA,4.65,1,1
81953B,United Kingdom,4.64,14,8
21412,USA,4.62,11,1
35609A,Italy,4.56,24,1
22043,Spain,4.56,24,1
35607A,Spain,4.56,24,1
21144,Japan,4.56,12,1
84251G,France,4.56,24,2
22161,Finland,4.56,24,1
21650,Germany,4.56,24,1
21088,Switzerland,4.56,24,1
35819P,Germany,4.56,12,1
35607A,Italy,4.56,24,1
21088,Finland,4.56,24,1
84251C,EIRE,4.56,24,2
22161,Israel,4.56,24,1
85078,Channel Islands,4.56,24,1
84929,France,4.56,24,1
21650,Switzerland,4.56,24,1
35609A,Greece,4.56,24,1
21144,EIRE,4.56,12,1
22043,France,4.56,24,1
21879,Belgium,4.56,24,1
20996,France,4.56,24,1
22161,Spain,4.56,24,1
35609A,Switzerland,4.56,24,1
22336,Brazil,4.55,7,2
22335,Brazil,4.55,7,1
17011D,Norway,4.5,15,1
23194,Spain,4.5,2,1
47574A,Israel,4.5,6,1
72708,West Indies,4.41,21,1
21161,Italy,4.35,3,1
22549,Unspecified,4.35,3,2
22897,Spain,4.35,3,2
46000R,France,4.35,3,1
21172,Italy,4.35,3,1
21162,Germany,4.35,3,1
21248,Italy,4.35,3,1
21162,Italy,4.35,3,1
22695,France,4.35,3,1
18007,Switzerland,4.32,24,1
35015,Germany,4.32,72,1
18007,Spain,4.32,24,1
16054,Germany,4.32,36,1
18007,Belgium,4.32,24,1
18007,EIRE,4.32,24,1
18007,Denmark,4.32,24,1
16054,Israel,4.32,36,1
72529w,United Kingdom,4.3,1,1
23376,France,4.29,11,1
79157V,United Kingdom,4.25,5,3
20702,Netherlands,4.25,1,1
72752A,United Kingdom,4.25,1,1
47574A,Cyprus,4.25,1,1
21000,Netherlands,4.25,1,1
79157B,United Kingdom,4.25,5,3
22219,Italy,4.25,5,1
22199,Japan,4.25,1,1
22497,Unspecified,4.25,1,1
22852,Portugal,4.25,1,1
22375,Cyprus,4.25,1,1
21895,Portugal,4.25,1,1
21385,Spain,4.25,5,1
22348,Spain,4.25,5,2
22576,Portugal,4.25,5,1
21409,United Kingdom,4.25,1,1
84030E,Portugal,4.25,1,1
21944,United Arab Emirates,4.25,5,1
84832,Unspecified,4.25,5,1
22187,Netherlands,4.25,1,1
22429,France,4.25,1,1
20703,Netherlands,4.25,1,1
47594a,United Kingdom,4.21,1,1
85152,France,4.2,2,1
22664,Netherlands,4.2,2,1
20618,United Arab Emirates,4.2,2,1
20864,United Arab Emirates,4.2,2,1
84809A,EIRE,4.2,2,1
20622,United Arab Emirates,4.2,2,1
21157,Netherlands,4.2,2,1
20862,United Arab Emirates,4.2,2,1
84255A,United Kingdom,4.2,2,2
35964,France,4.2,2,1
72783,EIRE,4.2,2,1
22144,Cyprus,4.2,2,2
85088,Cyprus,4.2,2,1
22834,Unspecified,4.2,2,2
22965,USA,4.2,2,1
21175,Italy,4.2,2,1
22866,Germany,4.2,2,1
20617,United Arab Emirates,4.2,2,1
21285,Netherlands,4.2,2,1
20861,United Arab Emirates,4.2,2,1
84898F,EIRE,4.2,2,1
85032D,Portugal,4.2,2,1
20754,Spain,4.2,2,1
22339,Switzerland,4.18,22,2
23156,Cyprus,4.16,2,2
23154,Cyprus,4.16,2,1
23343,Spain,4.16,2,1
22663,Spain,4.16,2,1
23339,Unspecified,4.16,2,2
23344,Spain,4.16,2,1
23159,Cyprus,4.16,2,1
23469,Portugal,4.15,1,1
23182,Germany,4.15,5,2
23454,Spain,4.15,1,1
46776b,United Kingdom,4.13,1,1
46776e,United Kingdom,4.13,1,1
23012,Switzerland,3.95,1,1
23012,Unspecified,3.95,1,1
23014,Unspecified,3.95,1,1
22188,France,3.95,1,1
21488,Germany,3.95,1,1
22114,RSA,3.95,1,1
72132,Spain,3.9,2,1
37432,United Kingdom,3.9,6,1
21086,Portugal,3.9,6,1
72131,Spain,3.9,2,2
22873,France,3.9,2,1
46138B,West Indies,3.9,2,1
22992,Switzerland,3.9,2,1
84706D,Hong Kong,3.9,2,1
72084B,United Kingdom,3.9,2,1
20974,Cyprus,3.9,6,1
21263,Netherlands,3.9,2,1
35937,Sweden,3.8,10,1
35995,United Kingdom,3.78,5,5
40046C,United Kingdom,3.75,3,3
21416,Germany,3.75,1,1
23289,Spain,3.75,3,2
84845D,Italy,3.75,3,1
22733,Portugal,3.75,3,2
22726,Netherlands,3.75,1,1
22727,Netherlands,3.75,1,1
21122,Cyprus,3.75,3,2
21592,Unspecified,3.75,3,2
20969,Portugal,3.75,1,1
21870,France,3.75,3,2
22727,Unspecified,3.75,1,1
90004A,United Kingdom,3.75,1,1
20980,Unspecified,3.75,3,1
22570,Unspecified,3.75,1,1
84912B,Unspecified,3.75,1,1
23183,Unspecified,3.75,1,1
22619,Nigeria,3.75,1,1
82001S,Brazil,3.75,1,1
35819B,Brazil,3.75,3,1
35974,United Kingdom,3.75,1,1
47503E,Italy,3.75,3,1
84509B,Italy,3.75,1,1
22477,Portugal,3.75,3,1
47504G,France,3.75,3,1
20764,France,3.75,1,1
23152,Spain,3.75,1,1
23516,Cyprus,3.75,1,1
22349,Cyprus,3.75,1,1
22725,Netherlands,3.75,1,1
84029E,Portugal,3.75,1,1
21374,France,3.75,3,1
22728,Netherlands,3.75,1,1
21439,Cyprus,3.75,3,1
21390,Spain,3.75,3,1
23265,France,3.75,3,2
20819,Unspecified,3.75,1,1
21714,Switzerland,3.75,3,2
22550,Nigeria,3.75,1,1
21913,Nigeria,3.75,1,1
23290,Spain,3.75,3,2
84509G,Italy,3.75,1,1
20985,Cyprus,3.75,3,2
21446,Cyprus,3.75,3,1
22730,Netherlands,3.75,1,1
23358,France,3.75,1,1
22596,Switzerland,3.75,3,1
23394,Switzerland,3.75,1,1
21591,Unspecified,3.75,3,3
22426,France,3.75,1,1
23528,Netherlands,3.75,1,1
77101A,Spain,3.75,3,2
22750,Unspecified,3.75,1,1
21912,Nigeria,3.75,1,1
21891,West Indies,3.75,3,1
23291,Spain,3.75,3,2
21390,Italy,3.75,3,1
20967,France,3.75,1,1
85179A,Hong Kong,3.75,3,1
23529,Netherlands,3.75,1,1
21745,Japan,3.75,1,1
23162,Portugal,3.75,1,1
84997B,Portugal,3.75,1,1
21913,RSA,3.75,1,1
21430,RSA,3.75,1,1
23520,Cyprus,3.75,1,1
84731,United Kingdom,3.69,3,3
35751C,United Kingdom,3.61,19,1
85212,Unspecified,3.48,12,1
85213,Unspecified,3.48,12,1
23185,EIRE,3.48,12,1
20984,United Arab Emirates,3.48,12,1
21529,Germany,3.45,1,1
35818C,United Kingdom,3.43,1,1
21081,United Kingdom,3.4,4,4
21441,Italy,3.4,4,1
21385,Italy,3.4,4,1
35958,Spain,3.4,4,2
35961,Spain,3.4,4,2
22196,Spain,3.4,4,1
21442,Italy,3.4,4,1
22603,Switzerland,3.4,4,1
21169,France,3.38,2,2
84559d,United Kingdom,3.38,2,1
21284,Netherlands,3.38,2,1
84596G,Spain,3.36,8,1
15034,Portugal,3.36,24,1
15034,EIRE,3.36,24,1
23003,Germany,3.36,8,1
15034,Belgium,3.36,24,1
15034,Lithuania,3.36,24,1
15034,Spain,3.36,24,1
15034,United Arab Emirates,3.36,24,1
15034,Greece,3.36,24,1
37326,United Kingdom,3.36,1,1
22449,Unspecified,3.35,1,1
22450,Unspecified,3.35,1,1
35649,Spain,3.35,1,1
23643,United Kingdom,3.33,1,1
35810B,France,3.32,4,1
23188,Spain,3.3,2,1
20856,Portugal,3.3,2,1
85040A,Spain,3.3,2,1
22860,Netherlands,3.3,2,1
22210,USA,3.3,2,1
22553,Israel,3.3,2,1
21189,Cyprus,3.3,2,1
85024B,Brazil,3.3,2,1
22551,Israel,3.3,2,1
22069,Netherlands,3.3,2,1
22469,Cyprus,3.3,2,2
85040B,EIRE,3.3,2,1
22081,Spain,3.3,2,1
23329,Spain,3.3,2,1
22759,Cyprus,3.3,2,1
85040B,Germany,3.3,2,1
22759,Israel,3.3,2,2
85041,EIRE,3.3,2,1
23191,Portugal,3.3,2,2
23146,Netherlands,3.29,1,1
22422,Netherlands,3.25,5,1
20973,Portugal,3.25,5,2
22900,Unspecified,3.25,1,1
20681,RSA,3.25,1,1
21260,France,3.25,1,1
20683,United Kingdom,3.25,1,1
21260,Unspecified,3.25,1,1
21899,France,3.25,5,2
21901,France,3.25,5,3
20682,RSA,3.25,1,1
22337,Brazil,3.25,5,1
22339,Brazil,3.25,5,1
22895,Portugal,3.25,1,1
84406B,Brazil,3.25,1,1
21402,France,3.24,27,2
84663A,Portugal,3.16,4,1
46000M,Channel Islands,3.1,2,1
23702,Germany,3.0,1,1
84985b,United Kingdom,2.98,1,1
84459A,Unspecified,2.98,2,1
22496,Switzerland,2.95,1,1
85185D,Netherlands,2.95,1,1
85185B,Netherlands,2.95,1,1
23597,France,2.95,1,1
21739,Cyprus,2.95,1,1
21041,France,2.95,1,1
22088,Brazil,2.95,1,1
85184C,Spain,2.95,1,1
72799D,United Arab Emirates,2.95,1,1
22087,Cyprus,2.95,1,1
20998,Netherlands,2.95,1,1
85184D,Germany,2.95,1,1
22701,Unspecified,2.95,1,1
22362,Cyprus,2.95,1,1
21545,Italy,2.95,1,1
21548,Italy,2.95,1,1
20885,United Kingdom,2.95,1,1
22496,Japan,2.95,1,1
22359,Japan,2.95,1,1
22905,Portugal,2.95,1,1
22863,Portugal,2.95,1,1
22669,Cyprus,2.95,1,1
22083,Cyprus,2.95,1,1
22904,Unspecified,2.95,1,1
22085,Unspecified,2.95,1,1
22700,Unspecified,2.95,1,1
79302M,Unspecified,2.95,1,1
22364,Cyprus,2.95,1,1
22085,Cyprus,2.95,1,1
22088,Cyprus,2.95,1,1
22360,Japan,2.95,1,1
72799B,United Arab Emirates,2.95,1,1
21038,Unspecified,2.95,1,1
84032A,Portugal,2.95,1,1
84032B,Portugal,2.95,1,1
21262,Germany,2.95,1,1
84032B,France,2.95,1,1
22495,Japan,2.95,1,1
79301,United Kingdom,2.95,1,1
22317,Unspecified,2.95,1,1
21733,Unspecified,2.95,1,1
22361,Cyprus,2.95,1,1
22911,USA,2.95,1,1
47556B,Spain,2.95,1,1
21897,Netherlands,2.95,1,1
82615,Netherlands,2.95,1,1
82616A,Netherlands,2.95,1,1
22910,USA,2.95,1,1
85184C,France,2.95,1,1
17174,United Kingdom,2.94,7,5
23602,United Kingdom,2.91,1,1
23609,United Kingdom,2.91,1,1
23628,United Kingdom,2.91,1,1
84806B,Germany,2.9,2,1
23196,Portugal,2.9,2,1
22695,Spain,2.9,2,2
46000R,Cyprus,2.9,2,1
21248,Spain,2.9,2,1
22979,USA,2.9,2,1
22147,Italy,2.9,2,1
37446,Italy,2.9,2,1
84806A,Germany,2.9,2,1
90183c,United Kingdom,2.9,1,1
23518,Cyprus,2.89,1,1
23517,Cyprus,2.89,1,1
23189,Spain,2.89,1,1
21402,Spain,2.88,24,1
47518F,Belgium,2.88,24,1
21403,Austria,2.88,24,1
16048,Israel,2.88,24,1
16008,Israel,2.88,24,1
20668,Belgium,2.88,24,1
21403,Spain,2.88,24,1
16219,Norway,2.88,48,1
20668,Greece,2.88,24,1
21402,Austria,2.88,24,1
21402,Finland,2.88,24,1
16219,Israel,2.88,48,1
16048,Portugal,2.88,24,1
47518F,EIRE,2.88,24,1
21403,Finland,2.88,24,1
47518F,Portugal,2.88,24,1
16048,Italy,2.88,24,1
20668,Korea,2.88,24,1
84970L,Italy,2.85,3,1
21034,Unspecified,2.85,3,2
22338,Spain,2.6,4,2
21884,Spain,2.6,4,2
22335,Spain,2.6,4,2
22338,Brazil,2.6,4,1
22161,Cyprus,2.6,4,1
22337,Portugal,2.6,4,1
DCGS0044,United Kingdom,2.57,1,1
21036,United Kingdom,2.55,1,1
35999,United Kingdom,2.55,1,1
85017B,Brazil,2.55,3,1
20984,Unspecified,2.55,3,1
85171,United Kingdom,2.55,1,1
22467,USA,2.55,1,1
47556,United Kingdom,2.55,1,1
84347,Unspecified,2.55,1,1
21201,Cyprus,2.55,1,1
84832,Brazil,2.55,3,1
22156,Brazil,2.55,3,1
22219,Brazil,2.55,3,1
90099,Israel,2.55,1,1
90091,United Kingdom,2.55,3,2
20769,Portugal,2.55,1,1
22639,Unspecified,2.55,1,1
20734,West Indies,2.55,3,1
85071D,EIRE,2.55,1,1
22308,Cyprus,2.55,1,1
47554,United Kingdom,2.55,1,1
21785,United Arab Emirates,2.55,3,1
22276,Unspecified,2.55,1,1
21586,Unspecified,2.55,1,1
20733,West Indies,2.55,3,1
17107D,Brazil,2.55,1,1
20770,Portugal,2.55,1,1
22276,Japan,2.55,1,1
22309,Germany,2.55,1,1
20772,Unspecified,2.55,1,1
47569,United Kingdom,2.55,1,1
21061,Cyprus,2.55,3,1
22276,Switzerland,2.55,1,1
84559A,France,2.55,3,2
35443,France,2.55,3,1
21108,Nigeria,2.55,1,1
22157,Cyprus,2.55,3,1
72800B,United Arab Emirates,2.55,1,1
22566,Netherlands,2.55,3,1
72800D,United Arab Emirates,2.55,1,1
21561,Portugal,2.55,1,1
20881,United Kingdom,2.55,3,2
90099,France,2.55,1,1
79144B,EIRE,2.52,6,1
22155,France,2.52,6,1
16219,Denmark,2.52,12,1
17028J,United Kingdom,2.52,6,1
79144B,Spain,2.52,6,1
DCGS0062,United Kingdom,2.51,1,1
21008,United Kingdom,2.51,1,1
47593a,United Kingdom,2.51,1,1
22297,Switzerland,2.5,2,1
22477,Italy,2.5,2,1
85019B,Unspecified,2.5,2,1
22494,France,2.5,2,1
46000U,EIRE,2.5,2,1
21225,United Kingdom,2.5,2,2
22953,Spain,2.5,2,2
35833P,France,2.5,2,1
22756,Netherlands,2.5,2,1
21992,Israel,2.5,2,2
23370,Portugal,2.5,2,1
20866,Netherlands,2.5,2,1
20971,Cyprus,2.5,2,1
21126,Cyprus,2.5,2,1
82613B,Italy,2.5,2,1
20867,Netherlands,2.5,2,1
21125,Cyprus,2.5,2,1
23505,Portugal,2.5,2,1
90127B,United Kingdom,2.5,2,2
22435,Unspecified,2.5,2,1
21868,France,2.5,2,1
84836,Spain,2.5,2,1
17091A,Germany,2.5,2,1
22435,Cyprus,2.5,2,2
16161G,Canada,2.5,25,1
20669,Brazil,2.5,2,1
82607A,Spain,2.5,2,1
82613D,Italy,2.5,2,2
23369,Portugal,2.5,2,1
23352,Portugal,2.5,2,1
16161G,EIRE,2.5,25,1
21290,United Kingdom,2.5,2,1
20675,Cyprus,2.5,2,1
23502,Israel,2.5,2,1
85049E,France,2.5,2,2
21446,Unspecified,2.5,2,1
21369,France,2.5,2,1
84519B,France,2.5,2,1
20674,Cyprus,2.5,2,1
46000U,Belgium,2.5,2,1
84519A,France,2.5,2,1
22482,France,2.5,2,1
21067,Unspecified,2.5,2,1
21357,Cyprus,2.5,2,1
21866,Germany,2.5,2,1
46000U,Cyprus,2.5,2,1
23330,Spain,2.5,2,1
82613A,Italy,2.5,2,1
21827,France,2.5,2,1
22410,Italy,2.5,2,1
22733,Unspecified,2.5,2,1
23210,Unspecified,2.5,2,2
21114,Netherlands,2.5,2,1
22774,Netherlands,2.5,2,1
22805,Netherlands,2.5,2,1
37326,Spain,2.5,2,2
22092,Portugal,2.5,2,1
21592,France,2.5,2,1
84206A,West Indies,2.47,13,2
85049c,United Kingdom,2.46,1,1
84596l,United Kingdom,2.46,1,1
84976,Switzerland,2.37,3,1
85130C,France,2.37,3,1
37479P,EIRE,2.34,6,1
21394,Portugal,2.34,6,1
21395,Portugal,2.34,6,1
84531A,Finland,2.34,6,1
84531B,Singapore,2.34,6,1
37413,France,2.34,6,1
21089,EIRE,2.28,12,1
84251B,Malta,2.28,12,1
84251G,Malta,2.28,12,1
84251F,France,2.28,12,1
84251G,EIRE,2.28,12,1
84251C,Spain,2.28,12,1
84251G,Germany,2.28,12,1
84251B,Spain,2.28,12,1
84250M,France,2.28,12,1
17091J,Spain,2.28,6,1
47574A,Spain,2.25,3,1
21371,France,2.25,3,1
23193,Japan,2.25,1,1
23194,Japan,2.25,1,1
21636,Portugal,2.25,3,1
23176,Spain,2.25,1,1
23177,Japan,2.25,1,1
23177,Spain,2.25,1,1
84510b,United Kingdom,2.15,1,1
84927A,Germany,2.1,1,1
20862,Japan,2.1,1,1
20952,Italy,2.1,5,1
22745,Cyprus,2.1,1,1
22412,Brazil,2.1,1,1
85032B,Portugal,2.1,1,1
72586,Germany,2.1,5,1
47599A,Unspecified,2.1,1,1
21181,Switzerland,2.1,1,1
35911A,United Arab Emirates,2.1,1,1
22746,Cyprus,2.1,1,1
22141,Cyprus,2.1,1,1
20795,France,2.1,1,1
85199S,USA,2.1,5,1
20864,Japan,2.1,1,1
47599B,Unspecified,2.1,1,1
22703,Unspecified,2.1,1,1
84692,Netherlands,2.1,5,1
84927D,Spain,2.1,1,1
22145,France,2.1,1,1
72781,EIRE,2.1,1,1
22747,Cyprus,2.1,1,1
20865,Japan,2.1,1,1
17174,France,2.1,5,1
82600,Unspecified,2.1,1,1
35914,United Arab Emirates,2.1,1,1
22747,Unspecified,2.1,1,1
21647,Japan,2.1,1,1
20863,Japan,2.1,1,1
22902,Netherlands,2.1,1,1
22902,Unspecified,2.1,1,1
21864,Brazil,2.1,1,1
20752,Italy,2.1,1,1
20751,Italy,2.1,1,1
22748,Cyprus,2.1,1,1
17061,United Kingdom,2.08,52,1
21931,Unspecified,2.08,1,1
23512,Cyprus,2.08,1,1
23336,Unspecified,2.08,1,1
21033,Unspecified,2.08,1,1
23514,Cyprus,2.08,1,1
23202,Unspecified,2.08,1,1
23582,Spain,2.08,1,1
23343,Netherlands,2.08,1,1
23339,France,2.08,1,1
23511,Cyprus,2.08,1,1
23582,Netherlands,2.08,1,1
23343,Unspecified,2.08,1,1
23158,Unspecified,2.08,1,1
23338,Unspecified,2.08,1,1
23335,Unspecified,2.08,1,1
23335,Cyprus,2.08,1,1
22411,Unspecified,2.08,1,1
23513,Cyprus,2.08,1,1
23515,Cyprus,2.08,1,1
23242,Unspecified,2.08,1,1
23241,Unspecified,2.08,1,1
20712,Unspecified,2.08,1,1
20713,Spain,2.08,1,1
23241,Netherlands,2.08,1,1
47591D,Nigeria,1.95,1,1
35945,United Kingdom,1.95,1,1
23366,Portugal,1.95,3,2
23360,Netherlands,1.95,1,1
22434,Portugal,1.95,1,1
22659,Brazil,1.95,1,1
22146,Portugal,1.95,1,1
21900,France,1.95,3,2
46138D,United Kingdom,1.95,1,1
21156,Nigeria,1.95,1,1
22630,Japan,1.95,1,1
22093,Spain,1.95,5,1
21429,Israel,1.95,1,1
22629,Japan,1.95,1,1
22367,RSA,1.95,1,1
23579,Cyprus,1.95,1,1
21930,Spain,1.95,1,1
85192S,United Kingdom,1.95,3,2
23365,Portugal,1.95,3,3
21899,Germany,1.95,3,1
22575,Netherlands,1.95,1,1
84814A,United Kingdom,1.95,1,1
21902,France,1.95,3,1
22411,Austria,1.95,1,1
23359,Netherlands,1.95,1,1
62018,Brazil,1.95,1,1
17136A,EIRE,1.92,24,1
21034,Portugal,1.9,2,2
84206C,United Kingdom,1.9,10,4
81952V,EIRE,1.9,10,1
22339,France,1.9,10,1
35968,Unspecified,1.9,5,1
84206B,United Kingdom,1.71,9,2
35837,United Kingdom,1.7,2,1
35911A,Spain,1.7,2,1
21062,Switzerland,1.7,2,1
84559A,Unspecified,1.7,2,2
84826,France,1.7,2,1
40001,Spain,1.7,2,2
22754,Portugal,1.7,2,1
22753,Portugal,1.7,2,1
22755,Portugal,1.7,2,2
72134,Spain,1.7,2,1
85017B,Portugal,1.7,2,1
30086C,United Kingdom,1.7,1,1
79066K,Spain,1.7,2,1
22587,Netherlands,1.7,2,1
22753,Netherlands,1.7,2,1
10002,Japan,1.7,2,2
20737,United Kingdom,1.7,1,1
21078,Portugal,1.7,2,1
22792,France,1.7,2,1
22565,Netherlands,1.7,2,1
85231B,Cyprus,1.7,2,1
75131,Unspecified,1.69,1,1
84849A,Brazil,1.69,1,1
21165,Spain,1.69,1,1
17109D,Netherlands,1.69,1,1
72754D,United Kingdom,1.69,1,1
22535,Unspecified,1.68,4,1
23006,Germany,1.68,4,1
17003,France,1.68,8,1
10109,United Kingdom,1.68,4,1
22999,Portugal,1.68,4,2
84536A,Portugal,1.68,4,2
22994,Germany,1.68,4,1
16258A,Germany,1.68,4,1
22998,Portugal,1.68,4,2
22998,Germany,1.68,4,1
23101,Portugal,1.66,2,1
23102,Portugal,1.66,2,1
85231e,United Kingdom,1.66,1,1
22208,France,1.66,2,1
23148,Netherlands,1.66,2,2
23294,Switzerland,1.66,2,1
85024A,United Kingdom,1.65,1,1
23416,Netherlands,1.65,1,1
20857,Japan,1.65,1,1
23028,Israel,1.65,1,1
23188,Unspecified,1.65,1,1
84732D,France,1.65,1,1
22551,Cyprus,1.65,1,1
21584,Cyprus,1.65,1,1
22557,RSA,1.65,1,1
23664,United Kingdom,1.65,1,1
22561,Nigeria,1.65,1,1
22082,Brazil,1.65,1,1
21190,Brazil,1.65,1,1
23415,France,1.65,1,1
20725,Cyprus,1.65,1,1
23192,Unspecified,1.65,1,1
84549,Unspecified,1.65,1,1
22233,United Arab Emirates,1.65,1,1
23415,Netherlands,1.65,1,1
22331,West Indies,1.65,1,1
20854,Japan,1.65,1,1
22558,Israel,1.65,1,1
21329,Unspecified,1.65,1,1
84050,Portugal,1.65,1,1
84949,RSA,1.65,1,1
22554,Cyprus,1.65,1,1
22332,West Indies,1.65,1,1
72796C,United Kingdom,1.65,1,1
22075,Spain,1.65,1,1
20855,Japan,1.65,1,1
23208,Unspecified,1.65,1,1
21328,Cyprus,1.65,1,1
20856,Japan,1.65,1,1
22077,Portugal,1.65,1,1
21207,Cyprus,1.65,1,1
22551,RSA,1.65,1,1
21585,United Kingdom,1.65,1,1
20868,Portugal,1.56,4,1
20869,Portugal,1.56,4,1
35980B,United Kingdom,1.52,4,2
22342,Spain,1.5,2,1
84459A,Spain,1.49,1,1
22621,Nigeria,1.45,1,1
82552,Israel,1.45,1,1
84987,Brazil,1.45,1,1
23198,Cyprus,1.45,1,1
21158,France,1.45,1,1
22231,United Arab Emirates,1.45,1,1
21210,Brazil,1.45,1,1
21815,Netherlands,1.45,1,1
22291,Unspecified,1.45,1,1
23497,Netherlands,1.45,1,1
21671,Israel,1.45,1,1
82552,France,1.45,1,1
23196,Cyprus,1.45,1,1
23197,Cyprus,1.45,1,1
21672,Israel,1.45,1,1
23196,Unspecified,1.45,1,1
23268,Unspecified,1.45,1,1
22142,Cyprus,1.45,1,1
16008,Portugal,1.44,12,1
21883,Netherlands,1.3,2,1
85199L,Spain,1.3,2,1
21881,Netherlands,1.3,2,1
22532,Netherlands,1.26,3,1
22544,Unspecified,1.26,3,1
23331,Spain,1.26,2,1
21400,Portugal,1.26,3,1
84536A,Cyprus,1.26,3,1
84536A,Netherlands,1.26,3,1
22533,Netherlands,1.26,3,2
84536A,Israel,1.26,3,1
22620,Nigeria,1.25,1,1
22674,Germany,1.25,1,1
22562,Cyprus,1.25,1,1
22564,Cyprus,1.25,1,1
21889,Nigeria,1.25,1,1
84569A,Japan,1.25,1,1
22096,Portugal,1.25,1,1
22408,Japan,1.25,1,1
22267,Japan,1.25,1,1
35950,United Kingdom,1.25,1,1
22479,Germany,1.25,1,1
22256,Japan,1.25,1,1
22405,Japan,1.25,1,1
84378,RSA,1.25,1,1
21030,France,1.25,1,1
22677,France,1.25,1,1
22096,France,1.25,1,1
47559B,Unspecified,1.25,1,1
20707,Cyprus,1.25,1,1
22091,USA,1.25,1,1
23124,Unspecified,1.25,1,1
47563A,Unspecified,1.25,1,1
20986,Netherlands,1.25,1,1
84596F,Cyprus,1.25,1,1
84596G,Cyprus,1.25,1,1
84596J,Cyprus,1.25,1,1
17091A,Brazil,1.25,1,1
84744,France,1.25,1,1
21992,Unspecified,1.25,1,1
22410,Japan,1.25,1,1
22407,Japan,1.25,1,1
22993,USA,1.25,1,1
21123,Brazil,1.25,1,1
23371,Spain,1.25,1,1
21811,Netherlands,1.25,1,1
21447,France,1.25,1,1
21446,France,1.25,1,1
85049A,Unspecified,1.25,1,1
22444,RSA,1.25,1,1
21026,France,1.25,1,1
23477,Netherlands,1.25,1,1
84380,RSA,1.25,1,1
23219,Germany,1.25,1,1
21121,Brazil,1.25,1,1
84596L,Cyprus,1.25,1,1
22681,France,1.25,1,1
90214L,France,1.25,1,1
22315,Unspecified,1.25,1,1
35646,Unspecified,1.25,1,1
21809,Germany,1.25,1,1
35976B,United Kingdom,1.25,1,1
22758,Cyprus,1.25,1,1
22732,Unspecified,1.25,1,1
21791,Nigeria,1.25,1,1
23476,Netherlands,1.25,1,1
21872,Cyprus,1.25,1,1
22257,Japan,1.25,1,1
21027,France,1.25,1,1
84569D,Japan,1.25,1,1
84596K,Cyprus,1.25,1,1
84978,RSA,1.25,1,1
84828,United Arab Emirates,1.25,1,1
22679,France,1.25,1,1
90214S,France,1.25,1,1
21774,Brazil,1.25,1,1
21866,Brazil,1.25,1,1
20943,Spain,1.25,1,1
23505,Netherlands,1.25,1,1
21809,Netherlands,1.25,1,1
23372,Spain,1.25,1,1
21121,Cyprus,1.25,1,1
21124,Brazil,1.25,1,1
35912B,Spain,1.25,1,1
72816,Spain,1.25,1,1
22409,Japan,1.25,1,1
22620,Japan,1.25,1,1
22258,Japan,1.25,1,1
84569A,France,1.25,1,1
22406,Japan,1.25,1,1
47559B,Nigeria,1.25,1,1
90214C,France,1.25,1,1
22680,France,1.25,1,1
35597B,France,1.25,1,1
90214E,France,1.25,1,1
21592,Portugal,1.25,1,1
22560,Nigeria,1.25,1,1
21892,Nigeria,1.25,1,1
21891,Nigeria,1.25,1,1
84569C,Japan,1.25,1,1
23211,Unspecified,1.25,1,1
21123,Cyprus,1.25,1,1
84845A,United Kingdom,1.25,1,1
84596B,Cyprus,1.25,1,1
84596E,Cyprus,1.25,1,1
23370,Netherlands,1.25,1,1
23502,Netherlands,1.25,1,1
22563,Cyprus,1.25,1,1
47504G,United Arab Emirates,1.25,1,1
35933,Spain,1.14,3,1
22338,Portugal,1.14,6,1
22339,Portugal,1.14,6,1
84201C,United Kingdom,1.14,6,2
21975,Unspecified,1.1,2,1
84991,Brazil,1.1,2,1
21212,Brazil,1.1,2,1
23307,Unspecified,1.1,2,1
22951,Unspecified,1.1,2,1
TEST002,United Kingdom,1.0,1,1
21034,Nigeria,0.95,1,1
21034,Germany,0.95,1,1
21034,Israel,0.95,1,1
21034,Cyprus,0.95,1,1
21306,France,0.87,3,1
84559B,France,0.85,1,1
21679,Brazil,0.85,1,1
21722,Spain,0.85,1,1
21790,Japan,0.85,1,1
22491,Nigeria,0.85,1,1
20733,Japan,0.85,1,1
22587,France,0.85,1,1
84821,Unspecified,0.85,1,1
22586,Cyprus,0.85,1,1
21726,Spain,0.85,1,1
79191B,Switzerland,0.85,1,1
22262,Unspecified,0.85,1,1
M,USA,0.85,1,1
20983,Netherlands,0.85,1,1
21789,United Arab Emirates,0.85,1,1
20981,Netherlands,0.85,1,1
20721,United Kingdom,0.85,1,1
20735,Japan,0.85,1,1
22268,Japan,0.85,1,1
22753,Cyprus,0.85,1,1
21720,Spain,0.85,1,1
22754,Cyprus,0.85,1,1
35961,Germany,0.85,1,1
22260,Unspecified,0.85,1,1
84559B,Unspecified,0.85,1,1
21790,Nigeria,0.85,1,1
22532,Unspecified,0.84,2,1
20996,Netherlands,0.84,2,1
21401,France,0.84,2,1
22537,Unspecified,0.84,2,1
22543,Unspecified,0.84,2,1
22530,Unspecified,0.84,2,1
22536,Unspecified,0.84,2,1
22534,Unspecified,0.84,2,1
22539,Unspecified,0.84,2,1
21403,Portugal,0.84,2,1
17164B,Portugal,0.84,2,1
21916,Netherlands,0.84,2,1
20950,Cyprus,0.84,2,1
84199,Cyprus,0.84,4,1
22533,Unspecified,0.84,2,1
23120,France,0.84,2,1
84536B,Portugal,0.84,2,1
23005,Spain,0.84,2,1
23475,Netherlands,0.83,1,1
23224,Germany,0.83,1,1
22208,Cyprus,0.83,1,1
23474,Netherlands,0.83,1,1
22209,Cyprus,0.83,1,1
51014c,United Kingdom,0.83,1,1
22210,Cyprus,0.83,1,1
47343A,Unspecified,0.83,1,1
23280,Spain,0.83,1,1
23374,Netherlands,0.82,1,1
22464,Spain,0.79,1,1
22391,Spain,0.78,2,1
84201C,West Indies,0.76,4,1
47574A,Unspecified,0.75,1,1
21372,France,0.75,1,1
22920,Portugal,0.65,1,1
20975,Netherlands,0.65,1,1
84673B,France,0.65,1,1
23368,Netherlands,0.65,1,1
22492,RSA,0.65,1,1
85194S,France,0.65,1,1
21900,Brazil,0.65,1,1
23365,Netherlands,0.65,1,1
22439,West Indies,0.65,1,1
23367,Netherlands,0.65,1,1
22916,Portugal,0.65,1,1
22917,Portugal,0.65,1,1
22921,Portugal,0.65,1,1
23366,Netherlands,0.65,1,1
22919,Portugal,0.65,1,1
21901,Brazil,0.65,1,1
22918,Portugal,0.65,1,1
22335,Portugal,0.65,1,1
20984,Portugal,0.58,2,1
85226A,United Arab Emirates,0.55,1,1
84991,RSA,0.55,1,1
22951,Brazil,0.55,1,1
21212,RSA,0.55,1,1
82581,Germany,0.55,1,1
21976,RSA,0.55,1,1
21977,RSA,0.55,1,1
21975,RSA,0.55,1,1
84992,RSA,0.55,1,1
22996,Japan,0.42,1,1
22997,Japan,0.42,1,1
22999,France,0.42,1,1
23510,Netherlands,0.42,1,1
23507,Netherlands,0.42,1,1
22420,Portugal,0.42,1,1
22999,Japan,0.42,1,1
16014,France,0.42,1,1
22541,Japan,0.42,1,1
22489,Nigeria,0.42,1,1
23003,France,0.42,1,1
23000,Japan,0.42,1,1
22539,Japan,0.42,1,1
84596J,France,0.42,1,1
23004,Japan,0.42,1,1
22999,Switzerland,0.42,1,1
22099,Spain,0.39,1,1
22396,Unspecified,0.39,1,1
47348A,Unspecified,0.39,1,1
23380,Netherlands,0.39,1,1
23551,Netherlands,0.39,1,1
22097,Germany,0.39,1,1
35930,United Kingdom,0.38,1,1
84205C,United Kingdom,0.38,2,1
21403,France,0.36,3,1
22753,Spain,0.21,1,1
84568,Japan,0.21,1,1
79063C,Unspecified,0.19,1,1
PADS,Germany,0.0,1,1
PADS,United Kingdom,0.0,16,16
