stock_code,description,revenue,quantity,transactions,countries
22423,REGENCY CAKESTAND 3 TIER,344563.25,27577,4061,31
85123A,WHITE HANGING HEART T-LIGHT HOLDER,263109.67,96147,5686,23
85099B,JUMBO BAG RED WHITE SPOTTY ,183454.83,98349,4124,22
23843,"PAPER CRAFT , LITTLE BIRDIE",168469.6,80995,1,1
47566,PARTY BUNTING,149187.05,28378,2740,21
84879,ASSORTED COLOUR BIRD ORNAMENT,132187.92,81809,2938,19
22086,PAPER CHAIN KIT 50'S CHRISTMAS ,123141.54,36581,2198,12
79321,CHILLI LIGHTS,85489.91,16840,1184,10
23166,MEDIUM CERAMIC TOP STORAGE JAR,81700.92,78033,250,10
22197,"POPCORN HOLDER , SMALL ",80920.64,89898,2446,17
22386,JUMBO BAG PINK WITH WHITE SPOTS,77111.91,39840,2322,17
84347,ROTATING SILVER ANGELS T-LIGHT HLDR,74448.92,32525,836,16
20725,LUNCH BAG RED SPOTTY,72292.85,40942,3179,21
21137,BLACK RECORD COVER FRAME,69329.47,19954,653,8
85099F,JUMBO BAG STRAWBERRY,68488.81,37124,1885,16
20685,RED SPOTTY COIR DOORMAT,67859.56,9974,1769,19
48138,DOOR MAT UNION FLAG,67757.63,10175,1701,12
23084,RABBIT NIGHT LIGHT,66964.99,30788,1036,20
21843,RETRO SPOT CAKE STAND,66620.2,6290,1570,18
22114,HOT WATER BOTTLE TEA AND SYMPATHY,63517.75,12462,1692,19
82484,WOOD BLACK BOARD ANT WHITE FINISH,62842.02,11054,1210,15
21931,JUMBO STORAGE BAG SUKI,62285.28,29503,2398,17
22910,PAPER CHAIN KIT VINTAGE CHRISTMAS,61721.99,19597,1542,12
22502,PICNIC BASKET WICKER SMALL,61510.67,3869,963,8
22112,CHOCOLATE HOT WATER BOTTLE,60763.12,11556,1833,16
21621,VINTAGE UNION JACK BUNTING,60668.54,6945,1330,10
85099C,JUMBO  BAG BAROQUE BLACK WHITE,60292.32,31249,1926,15
15056N,EDWARDIAN PARASOL NATURAL,58427.59,11370,1056,14
22411,JUMBO SHOPPER VINTAGE RED PAISLEY,58275.45,27732,2274,19
22470,HEART OF WICKER LARGE,55898.87,18551,2085,10
22189,CREAM HEART CARD HOLDER,54598.73,18363,1336,12
20914,SET/5 RED SPOTTY LID GLASS BOWLS,53415.31,18979,2124,19
22178,VICTORIAN GLASS HANGING T-LIGHT,53330.49,40748,1889,17
22139,RETRO SPOT TEA SET CERAMIC 11 PC ,53214.31,10675,2130,28
21212,PACK OF 72 RETRO SPOT CAKE CASES,52997.2,96560,3290,26
22111,SCOTTIE DOG HOT WATER BOTTLE,52192.31,10218,1831,16
21623,VINTAGE UNION JACK MEMOBOARD,52122.73,7200,553,9
21733,RED HANGING HEART T-LIGHT HOLDER,51556.97,17999,1866,21
84946,ANTIQUE SILVER TEA GLASS ETCHED,51329.72,38064,1857,10
22469,HEART OF WICKER SMALL,51127.76,29037,2293,15
21181,PLEASE ONE PERSON  METAL SIGN,51005.82,25117,1895,11
21232,STRAWBERRY CERAMIC TRINKET BOX,50760.48,38981,2555,24
22090,PAPER BUNTING RETRO SPOTS,50753.1,16808,1739,20
21929,JUMBO BAG PINK VINTAGE PAISLEY,50334.1,25954,1658,15
48194,DOORMAT HEARTS,49633.29,7847,1382,14
21731,RED TOADSTOOL LED NIGHT LIGHT,49539.69,29715,1603,22
22457,NATURAL SLATE HEART CHALKBOARD ,48671.05,15771,2119,15
15056BL,EDWARDIAN PARASOL BLACK,48101.89,9646,910,14
21754,HOME BUILDING BLOCK WORD,48079.69,7847,2172,16
84029E,RED WOOLLY HOTTIE WHITE HEART.,47737.38,11830,1265,10
48187,DOOR MAT NEW ENGLAND,47265.11,7425,1313,13
21523,FANCY FONT HOME SWEET HOME DOORMAT,47225.46,7050,1151,12
21928,JUMBO BAG SCANDINAVIAN PAISLEY,47095.72,24780,1585,12
22355,"CHARLOTTE BAG , SUKI DESIGN",46633.44,32692,1793,16
71477,COLOUR GLASS. STAR T-LIGHT HOLDER,46546.53,15727,860,6
20727,LUNCH BAG  BLACK SKULL.,46422.49,27126,2484,19
48185,DOOR MAT FAIRY CAKE,46104.34,6862,1010,15
22138,BAKING SET 9 PIECE RETROSPOT ,45966.16,9383,1939,31
22326,"ROUND SNACK BOXES ,SET4, WOODLAND ",45046.68,15690,1447,25
21915,RED  HARMONICA IN BOX ,44808.8,38191,1073,20
82494L,WOODEN FRAME ANTIQUE WHITE ,44796.9,15645,2063,11
21175,GIN + TONIC DIET METAL SIGN,44391.43,20905,1716,15
22383,LUNCHBAG SUKI  DESIGN ,43932.56,25461,2507,17
84078A,SET/4 WHITE RETRO STORAGE CUBES ,43921.51,1129,329,12
23298,SPOTTY BUNTING,43182.83,8473,1165,16
20728,LUNCH BAG CARS BLUE,42784.74,24892,2141,23
82482,WOODEN PICTURE FRAME WHITE FINISH,42546.58,17198,2085,14
23203,JUMBO BAG DOILEY PATTERNS,42067.78,20503,1249,15
20713,JUMBO BAG OWLS,41390.09,21199,1360,16
22083,PAPER CHAIN KIT RETRO SPOT,41379.06,14008,1452,18
22328,"ROUND SNACK BOXES ,SET 4, FRUITS ",40508.26,14636,1216,19
84997D,PINK 3 PIECE MINI DOTS CUTLERY SET,40308.03,10761,1134,27
22960,JAM MAKING SET WITH JARS,39694.56,9302,1222,26
85066,CREAM SWEETHEART MINI CHEST,39428.65,3148,963,13
82486,WOOD S/3 CABINET ANT WHITE FINISH,39382.5,4899,1349,8
22699,ROSES REGENCY TEACUP AND SAUCER ,39134.89,13339,1488,21
20726,LUNCH BAG WOODLAND,38949.73,22341,2009,20
21485,RED SPOT HEART HOT WATER BOTTLE,38840.8,7927,1488,18
22629,SPACEBOY LUNCH BOX ,38750.2,21223,1435,21
21166,COOK WITH WINE METAL SIGN ,38560.16,20128,1480,12
23284,DOORMAT KEEP CALM AND COME IN,38166.64,5491,735,15
22720,SET OF 3 CAKE TINS PANTRY DESIGN ,38158.39,7493,1399,22
20712,JUMBO BAG WOODLAND ANIMALS,38029.89,17957,1449,20
22727,ALARM CLOCK BAKELIKE RED ,37970.11,9595,1453,22
21524,SPOTTY  HOME SWEET HOME DOORMAT,36667.33,5342,1184,21
21755,LOVE BUILDING BLOCK WORD,35641.99,5774,1783,14
20724,RED SPOTTY CHARLOTTE BAG,35595.63,32487,2094,19
22379,RECYCLING BAG RETROSPOT ,35408.96,16075,1621,16
84997B,RED 3 PIECE MINI DOTS CUTLERY SET,34987.06,9388,1059,24
21479,WHITE SKULL HOT WATER BOTTLE ,34617.93,6872,1040,10
22384,LUNCHBAG PINK RETROSPOT,34506.66,21037,2191,23
22666,RECIPE BOX PANTRY YELLOW DESIGN,34489.05,10951,1739,23
22382,LUNCHBAG SPACEBOY DESIGN ,34436.39,20458,2230,24
AMAZONFEE,AMAZON FEE,34009.13,4,4,1
22630,DOLLY GIRL LUNCH BOX,33980.0,18363,1398,24
22726,ALARM CLOCK BAKELIKE GREEN,33737.59,7954,1357,17
22865,HAND WARMER OWL DESIGN,33575.51,15557,1369,12
22188,BLACK HEART CARD HOLDER,33201.0,12484,586,7
15036,ASSORTED COLOURS SILK FAN,33041.55,44365,1003,14
84997C,BLUE 3 PIECE MINI DOTS CUTLERY SET,32992.01,8865,983,27
22385,JUMBO BAG SPACEBOY DESIGN,32749.37,17227,1281,17
22077,6 RIBBONS RUSTIC CHARM,32213.59,17569,1839,22
22622,BOX OF VINTAGE ALPHABET BLOCKS,32163.94,3242,604,17
85152,HAND OVER THE CHOCOLATE   SIGN ,32064.76,16645,1512,11
84029G,KNITTED UNION FLAG HOT WATER BOTTLE,32054.49,7343,1113,10
48184,DOOR MAT ENGLISH ROSE ,31603.65,4777,868,15
22697,GREEN REGENCY TEACUP AND SAUCER,31534.92,10112,1426,21
22659,LUNCH BOX I LOVE LONDON,31203.02,16869,1162,18
23245,SET OF 3 REGENCY CAKE TINS,31177.95,6357,882,24
85014B,RED/WHITE DOTS RUFFLED UMBRELLA,31123.93,6202,921,19
22501,PICNIC BASKET WICKER LARGE,30828.29,2643,785,10
22752,SET 7 BABUSHKA NESTING BOXES,30804.75,3781,757,17
20679,EDWARDIAN PARASOL RED,30667.32,6259,738,16
22158,3 HEARTS HANGING DECORATION RUSTIC,30498.18,9443,785,7
21217,RED SPOTTY ROUND CAKE TINS,30483.03,2961,964,18
23199,JUMBO BAG APPLES,30475.65,14920,988,15
22866,HAND WARMER SCOTTY DOG DESIGN,30426.54,13772,1250,10
82483,WOOD 2 DRAWER CABINET WHITE FINISH,30213.89,5103,1187,7
47590B,PINK HAPPY BIRTHDAY BUNTING,29587.43,5778,894,23
22867,HAND WARMER BIRD DESIGN,29541.02,13453,1211,10
22467,GUMBALL COAT RACK,29139.1,12298,1165,19
22492,MINI PAINT SET VINTAGE ,29046.19,45665,749,23
20971,PINK BLUE FELT CRAFT TRINKET BOX,29027.46,22629,1206,16
23355,HOT WATER BOTTLE KEEP CALM,28842.55,5841,805,13
48188,DOOR MAT WELCOME PUPPIES,28798.14,4892,707,14
84978,HANGING HEART JAR T-LIGHT HOLDER,28734.82,21903,1466,9
22835,HOT WATER BOTTLE I AM SO POORLY,28659.98,5566,1083,10
82583,HOT BATHS METAL SIGN,28496.81,13090,1242,8
21977,PACK OF 60 PINK PAISLEY CAKE CASES,28490.98,56794,2081,24
20719,WOODLAND CHARLOTTE BAG,28287.32,24945,1621,18
22961,JAM MAKING SET PRINTED,28242.89,18086,1286,26
22624,IVORY KITCHEN SCALES,28227.77,3258,1273,19
21930,JUMBO STORAGE BAG SKULLS,27923.57,13657,1369,11
72741,GRAND CHOCOLATECANDLE,27915.13,20178,954,19
23201,JUMBO BAG ALPHABET,27890.17,13379,916,17
20750, RED/WHITE DOT MINI CASES,27562.87,3777,941,25
84991,60 TEATIME FAIRY CAKE CASES,27404.22,54716,2257,22
71459,HANGING JAM JAR T-LIGHT HOLDER,27192.51,33577,1035,11
22734,SET OF 6 RIBBONS VINTAGE CHRISTMAS,27061.58,9828,788,17
21481,FAWN BLUE HOT WATER BOTTLE,26988.98,8557,1136,18
22149,FELTCRAFT 6 FLOWER FRIENDS,26855.26,12922,1470,18
22507,MEMO BOARD RETROSPOT  DESIGN,26626.56,5694,917,15
48111,DOOR MAT 3 SMILEY CATS,26544.41,4309,749,11
22551,PLASTERS IN TIN SPACEBOY,26485.1,15779,1381,27
82600,NO SINGING METAL SIGN,26212.86,12908,1241,15
20711,JUMBO BAG TOYS ,26186.9,12838,1066,14
21080,SET/20 RED SPOTTY PAPER NAPKINS ,26031.97,31823,2212,22
47566B,TEA TIME PARTY BUNTING,25987.9,5838,784,13
21108,FAIRY CAKE FLANNEL ASSORTED COLOUR,25887.35,13105,643,17
21527,RETRO SPOT TRADITIONAL TEAPOT ,25612.27,3429,873,15
22087,PAPER BUNTING WHITE LACE,25563.17,8532,889,13
22084,PAPER CHAIN KIT EMPIRE,25480.38,8879,839,7
84755,COLOUR GLASS T-LIGHT HOLDER HANGING,25475.05,40839,1302,13
37503,TEA TIME CAKE STAND IN GIFT BOX,25471.33,2469,526,14
21314,SMALL GLASS HEART TRINKET POT,25276.95,11658,1097,10
84077,WORLD WAR 2 GLIDERS ASSTD DESIGNS,25259.9,110138,1043,15
20972,PINK CREAM FELT CRAFT TRINKET BOX ,25151.84,20761,1463,18
23173,REGENCY TEAPOT ROSES ,24918.93,2770,425,17
22728,ALARM CLOCK BAKELIKE PINK,24907.27,6374,1022,17
84836,ZINC METAL HEART DECORATION,24805.67,20251,1490,13
21231,SWEETHEART CERAMIC TRINKET BOX,24618.13,19767,1566,19
47590A,BLUE HAPPY BIRTHDAY BUNTING,24559.23,4829,700,23
22722,SET OF 6 SPICE TINS PANTRY DESIGN,24507.36,5984,859,20
22698,PINK REGENCY TEACUP AND SAUCER,24489.67,8232,1066,18
22171,3 HOOK PHOTO SHELF ANTIQUE WHITE,24249.96,3202,681,10
21258,VICTORIAN SEWING BOX LARGE,24153.59,1692,566,9
21790,VINTAGE SNAP CARDS,24095.6,27942,1975,16
22625,RED KITCHEN SCALES,24045.03,2743,998,20
21955,UNION JACK GUNS & ROSES  DOORMAT,24024.17,3943,758,9
21791,VINTAGE HEADS AND TAILS CARD GAME ,23993.23,18585,1382,23
84406B,CREAM CUPID HEARTS COAT HANGER,23820.8,7384,887,11
23344,JUMBO BAG 50'S CHRISTMAS ,23815.75,10306,732,12
22605,WOODEN CROQUET GARDEN SET,23743.77,1846,653,14
23243,SET OF TEA COFFEE SUGAR TINS PANTRY,23514.17,4805,474,20
48173C,DOOR MAT BLACK FLOCK ,23335.25,4104,515,9
22554,PLASTERS IN TIN WOODLAND ANIMALS,23329.36,13854,1356,25
22113,GREY HEART HOT WATER BOTTLE,23172.82,6059,1094,12
22607,WOODEN ROUNDERS GARDEN SET ,23139.3,2556,764,8
22585,PACK OF 6 BIRDY GIFT TAGS,22903.92,18333,1201,18
21936,RED/WHITE SPOT PICNIC BAG,22847.59,7833,1071,21
20749,ASSORTED COLOUR MINI CASES,22806.51,3156,800,21
37449,CERAMIC CAKE STAND + HANGING CAKES,22702.46,2418,494,15
22556,PLASTERS IN TIN CIRCUS PARADE ,22694.13,13797,1269,24
22941,CHRISTMAS LIGHTS 10 REINDEER,22645.32,2710,523,15
22969,HOMEMADE JAM SCENTED CANDLES,22459.25,15087,754,20
22632,HAND WARMER RED RETROSPOT,22384.87,11190,911,10
84970S,HANGING HEART ZINC T-LIGHT HOLDER,22132.18,26844,1463,17
85014A,BLACK/BLUE DOTS RUFFLED UMBRELLA,22054.25,4665,708,16
21210,SET OF 72 RETRO SPOT PAPER  DOILIES,21957.26,15249,1191,25
22499,WOODEN UNION JACK BUNTING,21910.64,3597,786,8
22456,NATURAL SLATE CHALKBOARD LARGE ,21883.98,4462,854,7
23202,JUMBO BAG VINTAGE LEAF,21852.81,10962,889,11
85048,15CM CHRISTMAS GLASS BALL 20 LIGHTS,21826.9,2755,551,7
21213,PACK OF 72 SKULL CAKE CASES,21734.85,40733,1548,21
22570,FELTCRAFT CUSHION RABBIT,21579.79,5805,861,13
23209,LUNCH BAG DOILEY PATTERN ,21450.17,13189,1123,16
22424,ENAMEL BREAD BIN CREAM,21305.96,1560,756,10
22356,"CHARLOTTE BAG , PINK/WHITE SPOTS",21252.44,20237,1625,18
22294,HEART FILIGREE DOVE  SMALL,21217.02,17127,935,11
22617,BAKING SET SPACEBOY DESIGN,21162.89,4389,967,24
21218,RED SPOTTY BISCUIT TIN,21102.06,5305,927,19
22568,FELTCRAFT CUSHION OWL,21056.5,5692,929,10
22569,FELTCRAFT CUSHION BUTTERFLY,20924.96,5731,847,10
23206,LUNCH BAG APPLE DESIGN,20911.98,12183,1071,18
48116,DOOR MAT MULTICOLOUR STRIPE,20803.16,3461,503,9
21559,STRAWBERRY LUNCHBOX WITH CUTLERY,20683.92,8341,1280,18
20723,STRAWBERRY CHARLOTTE BAG,20677.62,18485,1420,15
85150,LADIES & GENTLEMEN METAL SIGN,20668.23,8519,1151,13
22900, SET 2 TEA TOWELS I LOVE LONDON ,20544.21,6377,808,11
21216,"SET 3 RED SPOT TIN TEA,COFFEE,SUGAR",20528.58,3949,833,19
22693,GROW A FLYTRAP OR SUNFLOWER IN TIN,20499.08,17899,352,12
22273,FELTCRAFT DOLL MOLLY,20345.77,7413,851,16
21622,VINTAGE UNION JACK CUSHION COVER,20164.64,3745,648,13
22558,CLOTHES PEGS RETROSPOT PACK 24 ,20163.07,14281,1256,17
22381,TOY TIDY PINK RETROSPOT  ,19974.77,9449,1128,19
22413,METAL SIGN TAKE IT OR LEAVE IT ,19970.24,7048,915,20
22169,FAMILY ALBUM WHITE PICTURE FRAME,19956.3,2326,717,11
21174,POTTERING IN THE SHED METAL SIGN,19864.32,9813,1179,5
22952,60 CAKE CASES VINTAGE CHRISTMAS,19812.43,33786,1257,19
48129,DOOR MAT TOPIARY,19790.14,3150,558,10
22561,WOODEN SCHOOL COLOURING SET,19752.09,11778,944,18
71053,WHITE METAL LANTERN,19718.61,4993,789,7
84997A,GREEN 3 PIECE MINI DOTS CUTLERY SET,19704.57,5265,613,20
22633,HAND WARMER UNION JACK,19617.73,9544,1026,7
84949,SILVER HANGING T-LIGHT HOLDER,19568.46,12286,731,7
21340,CLASSIC METAL BIRDCAGE PLANT HOLDER,19541.46,1785,435,13
21908,CHOCOLATE THIS WAY METAL SIGN,19534.11,9865,1017,16
22427,ENAMEL FLOWER JUG CREAM,19517.11,3247,825,11
22041,"RECORD FRAME 7"" SINGLE SIZE ",19371.46,7861,577,5
22061,LARGE CAKE STAND  HANGING STRAWBERY,19300.47,2189,530,13
22555,PLASTERS IN TIN STRONGMAN,19277.97,11905,1020,24
84947,ANTIQUE SILVER TEA GLASS ENGRAVED,19223.04,16199,735,5
21484,CHICK GREY HOT WATER BOTTLE,19113.15,4815,932,13
21035,SET/2 RED SPOTTY TEA TOWELS ,18988.37,6091,969,17
21121,SET/10 RED SPOTTY PARTY CANDLES,18979.33,15678,912,20
22847,BREAD BIN DINER STYLE IVORY,18890.09,1191,493,19
22837,HOT WATER BOTTLE BABUSHKA ,18774.72,4015,538,9
84945,MULTI COLOUR SILVER T-LIGHT HOLDER,18617.8,22662,690,12
21430,SET/3 RED GINGHAM ROSE STORAGE BOX,18551.7,4751,840,19
22147,FELTCRAFT BUTTERFLY HEARTS,18425.55,13175,1243,15
22505,MEMO BOARD COTTAGE DESIGN,18357.68,3826,776,23
22560,TRADITIONAL MODELLING CLAY,18313.05,15226,783,12
21914,BLUE HARMONICA IN BOX ,18198.1,13311,1009,17
22654,DELUXE SEWING KIT ,18177.57,2689,633,14
22352,LUNCHBOX WITH CUTLERY RETROSPOT ,18115.87,7191,1160,16
22776,SWEETHEART CAKESTAND 3 TIER,18084.63,1763,712,13
22297,HEART IVORY TRELLIS SMALL,18064.1,13981,1029,9
79323W, WHITE CHERRY LIGHTS,18048.72,3004,350,5
22557,PLASTERS IN TIN VINTAGE PAISLEY ,17834.26,10620,1212,29
20718,RED SPOTTY SHOPPER BAG,17740.0,13489,1233,18
21136,PAINTED METAL PEARS ASSORTED,17738.89,10652,769,12
47591D,PINK FAIRY CAKE CHILD'S APRON,17698.87,9520,1178,23
21889,WOODEN BOX OF DOMINOES,17636.32,13231,1192,16
84992,72 SWEETHEART FAIRY CAKE CASES,17585.16,35438,1565,20
21156,RED SPOTTY CHILDS APRON,17502.96,9399,967,23
84467,ENGLISH ROSE DESIGN QUILTED THROW,17477.66,816,83,4
22366,DOORMAT AIRMAIL ,17445.64,2564,579,20
84970L,SINGLE HEART ZINC T-LIGHT HOLDER,17431.99,17637,1115,16
22652,TRAVEL SEWING KIT,17265.28,10163,883,26
35004C,SET OF 3 COLOURED  FLYING DUCKS,17049.03,3284,369,5
23240,SET OF 4 KNICK KNACK TINS DOILEY ,17037.52,4186,550,24
21533,RETRO SPOT LARGE MILK JUG,16992.57,3421,1009,17
21535,RETRO SPOT SMALL MILK JUG,16926.25,6811,1159,14
21164,HOME SWEET HOME METAL SIGN ,16865.4,6058,742,17
72760B,VINTAGE CREAM 3 BASKET CAKE STAND,16794.94,1739,512,14
22487,WHITE WOOD GARDEN PLANT LADDER,16569.3,1647,911,17
22191,EAU DE NIL DINER WALL CLOCK,16522.05,2003,643,13
22993,SET OF 4 PANTRY JELLY MOULDS,16507.23,12672,1102,19
84375,SET OF 20 KIDS COOKIE CUTTERS,16504.32,7909,853,17
21155,RED SPOTTY PEG BAG,16493.11,6734,995,13
22296,HEART IVORY TRELLIS LARGE,16456.86,9974,890,10
22662,LUNCH BAG DOLLY GIRL DESIGN,16421.11,10069,1035,17
23301,GARDENERS KNEELING PAD KEEP CALM ,16357.05,8825,926,9
22193,RED DINER WALL CLOCK,16355.98,1938,637,16
22634,CHILDS BREAKFAST SET SPACEBOY ,16313.05,1726,525,20
22619,SET OF 6 SOLDIER SKITTLES,16261.07,4167,750,25
22759,SET OF 3 NOTEBOOKS IN PARCEL,16205.74,9541,853,20
22635,CHILDS BREAKFAST SET DOLLY GIRL ,16133.79,1693,509,21
21877,HOME SWEET HOME MUG,16126.02,14187,783,13
22367,CHILDS APRON SPACEBOY DESIGN,16094.06,8170,1197,23
22940,FELTCRAFT CHRISTMAS FAIRY,16090.04,3672,648,15
22692,DOORMAT WELCOME TO OUR HOME,16041.34,2141,611,16
22690,DOORMAT HOME SWEET HOME BLUE ,15945.72,2543,447,16
22170,PICTURE FRAME WOOD TRIPLE PORTRAIT,15908.66,2422,587,9
22333,RETRO SPORT PARTY BAG + STICKER SET,15877.37,10172,721,22
23313,VINTAGE CHRISTMAS BUNTING,15833.31,2997,413,9
22749,FELTCRAFT PRINCESS CHARLOTTE DOLL,15808.58,3876,743,15
22173,METAL 4 HOOK HANGER FRENCH CHATEAU,15783.7,5142,1037,12
22909,SET OF 20 VINTAGE CHRISTMAS NAPKINS,15779.53,17706,1189,18
21891,TRADITIONAL WOODEN SKIPPING ROPE,15756.65,12282,903,18
21094,SET/6 RED SPOTTY PAPER PLATES,15723.97,20161,1007,19
84378,SET OF 3 HEART COOKIE CUTTERS,15596.13,11784,1299,17
22730,ALARM CLOCK BAKELIKE IVORY,15567.79,3877,791,12
21844,RETRO SPOT MUG,15556.67,5443,509,13
22365,DOORMAT RESPECTABLE HOUSE,15518.93,2357,457,14
22946,WOODEN ADVENT CALENDAR CREAM,15485.22,992,287,12
85232B,SET/3 RUSSIAN DOLL STACKING TINS,15466.18,3088,556,15
82582,AREA PATROLLED METAL SIGN,15461.77,7637,830,8
21122,SET/10 PINK SPOTTY PARTY CANDLES,15455.06,12741,849,21
84050,PINK HEART SHAPE EGG FRYING PAN,15443.92,10529,751,19
21975,PACK OF 60 DINOSAUR CAKE CASES,15381.95,31575,1381,24
21165,BEWARE OF THE CAT METAL SIGN ,15359.8,9450,1011,16
35970,ZINC FOLKART SLEIGH BELLS,15257.26,8447,722,11
22606,WOODEN SKITTLES GARDEN SET,15009.54,1077,385,9
21912,VINTAGE SNAKES & LADDERS,14968.49,3800,857,19
22179,SET 10 LIGHTS NIGHT OWL,14960.5,2094,588,11
17003,BROCADE RING PURSE ,14959.19,71430,476,7
22150, 3 STRIPEY MICE FELTCRAFT,14841.4,7969,1003,12
21770,OPEN CLOSED METAL SIGN,14832.05,2996,656,21
22485,SET OF 2 WOODEN MARKET CRATES,14779.84,1109,423,16
21380,WOODEN HAPPY BIRTHDAY GARLAND,14672.98,5057,671,18
21259,VICTORIAN SEWING BOX SMALL ,14564.08,2413,688,10
21672,WHITE SPOT RED CERAMIC DRAWER KNOB,14529.81,11210,840,13
21257,VICTORIAN SEWING BOX MEDIUM,14505.73,1596,556,9
22804,CANDLEHOLDER PINK HANGING HEART,14461.28,5393,715,10
22295,HEART FILIGREE DOVE LARGE,14426.65,8740,765,9
21169,YOU'RE CONFUSING ME METAL SIGN ,14426.42,8941,819,9
22627,MINT KITCHEN SCALES,14424.68,1642,677,18
84380,SET OF 3 BUTTERFLY COOKIE CUTTERS,14338.18,10540,1152,16
20748,KENSINGTON COFFEE SET,14317.98,1604,187,6
22444,GROW YOUR OWN PLANT IN A CAN ,14233.65,10419,472,17
22271,FELTCRAFT DOLL ROSIE,14218.25,4966,830,16
22109,FULL ENGLISH BREAKFAST PLATE,14216.43,3436,675,10
21098,CHRISTMAS TOILET ROLL,14212.96,9038,680,11
23200,JUMBO BAG PEARS,14197.28,7071,602,13
21888,BINGO SET,14171.59,3586,858,19
22236,CAKE STAND 3 TIER MAGIC GARDEN,14122.42,1141,424,17
21669,BLUE STRIPE CERAMIC DRAWER KNOB,14092.17,10763,848,14
22667,RECIPE BOX RETROSPOT ,14081.95,5013,899,18
35400,WOODEN BOX ADVENT CALENDAR ,14070.7,1443,428,8
21668,RED STRIPE CERAMIC DRAWER KNOB,14053.29,10464,853,12
23343,JUMBO BAG VINTAGE CHRISTMAS ,13978.95,6081,489,11
21871,SAVE THE PLANET MUG,13955.91,11698,824,13
22621,TRADITIONAL KNITTING NANCY,13863.41,8775,913,16
21539,RETRO SPOTS BUTTER DISH,13853.59,2784,745,11
22636,CHILDS BREAKFAST SET CIRCUS PARADE,13821.23,1664,512,18
79323P,PINK CHERRY LIGHTS,13787.93,2281,266,5
22846,BREAD BIN DINER STYLE RED ,13767.32,856,358,20
22207,FRYING PAN UNION FLAG,13724.41,3187,497,7
23077,DOUGHNUT LIP GLOSS ,13720.77,10415,345,15
47556B,TEA TIME TEA TOWELS ,13693.97,5202,453,8
21390,FILIGRIS HEART WITH BUTTERFLY,13662.97,11025,613,9
22198,"POPCORN HOLDER , LARGE",13603.93,7807,692,13
22838,3 TIER CAKE TIN RED AND CREAM,13579.16,940,285,13
21673,WHITE SPOT BLUE CERAMIC DRAWER KNOB,13568.06,10276,793,14
22553,PLASTERS IN TIN SKULLS,13529.26,8084,1185,23
23356,LOVE HOT WATER BOTTLE,13494.97,2386,500,10
22584,PACK OF 6 PANNETONE GIFT BOXES,13478.79,5291,614,17
22580,ADVENT CALENDAR GINGHAM SACK,13420.52,2362,513,16
23207,LUNCH BAG ALPHABET DESIGN,13360.2,7851,767,13
21935,SUKI  SHOULDER BAG,13353.81,7209,948,16
21704,BAG 250g SWIRLY MARBLES,13347.6,17304,591,13
20676,RED SPOTTY BOWL,13346.66,10674,992,23
23108,SET OF 10 LED DOLLY LIGHTS,13303.02,2221,375,19
23328,SET 6 SCHOOL MILK BOTTLES IN CRATE,13284.49,2845,413,9
22464,HANGING METAL HEART LANTERN,13277.22,8012,826,11
22646,CERAMIC STRAWBERRY CAKE MONEY BANK,13232.41,9309,934,16
15044A,PINK PAPER PARASOL ,13228.55,4970,251,8
22766,PHOTO FRAME CORNICE,13209.49,4475,676,9
75049L,LARGE CIRCULAR MIRROR MOBILE,13186.31,13993,357,1
21906,PHARMACIE FIRST AID TIN,13184.05,1819,443,19
22655,VINTAGE RED KITCHEN CABINET,13140.0,77,54,3
22947,WOODEN ADVENT CALENDAR RED,13111.85,1026,222,12
22088,PAPER BUNTING COLOURED LACE,13109.34,4409,634,15
84988,SET OF 72 PINK HEART PAPER DOILIES,13075.15,8404,1041,20
22144,CHRISTMAS CRAFT LITTLE FRIENDS,13024.09,5382,778,13
22834,HAND WARMER BABUSHKA DESIGN,12923.25,7676,684,8
22943,CHRISTMAS LIGHTS 10 VINTAGE BAUBLES,12813.52,2607,391,9
22616,PACK OF 12 LONDON TISSUES ,12764.06,40163,884,10
22303,COFFEE MUG APPLES DESIGN,12734.78,5452,544,9
22623,BOX OF VINTAGE JIGSAW BLOCKS ,12687.38,2357,563,14
22082,RIBBON REEL STRIPES DESIGN ,12682.97,7535,1040,12
22301,COFFEE MUG CAT + BIRD DESIGN,12522.06,5152,676,12
15056P,EDWARDIAN PARASOL PINK,12497.32,2529,351,9
21671,RED SPOT CERAMIC DRAWER KNOB,12474.38,9590,747,15
62018,SOMBRERO ,12456.7,9570,130,5
22631,CIRCUS PARADE LUNCH BOX ,12381.66,6334,692,19
23174,REGENCY SUGAR BOWL GREEN,12350.73,3057,325,18
22791,T-LIGHT GLASS FLUTED ANTIQUE,12336.71,9946,468,8
20969,RED FLORAL FELTCRAFT SHOULDER BAG,12315.1,3294,641,11
22192,BLUE DINER WALL CLOCK,12291.76,1446,558,15
21670,BLUE SPOT CERAMIC DRAWER KNOB,12287.34,8997,795,11
22729,ALARM CLOCK BAKELIKE ORANGE,12272.63,3098,654,12
20975,12 PENCILS SMALL TUBE RED SPOTTY,12266.78,18685,977,17
21124,SET/10 BLUE SPOTTY PARTY CANDLES,12254.05,10093,657,21
85042,ANTIQUE LILY FAIRY LIGHTS,12239.51,2686,297,5
22750,FELTCRAFT PRINCESS LOLA DOLL,12121.47,3237,692,17
21937,STRAWBERRY   PICNIC BAG,12118.51,4123,677,13
21154,RED SPOTTY OVEN GLOVE ,12107.72,8402,956,16
22968,ROSE COTTAGE KEEPSAKE BOX ,12002.01,1199,336,13
21787,RAIN PONCHO RETROSPOT,11993.16,15192,491,13
21428,SET3 BOOK BOX GREEN GINGHAM FLOWER ,11992.93,2939,481,19
21242,RED SPOTTY PLATE ,11984.47,7123,669,22
21326,AGED GLASS SILVER T-LIGHT HOLDER,11972.48,18356,685,7
84212,"ASSORTED FLOWER COLOUR ""LEIS""",11966.04,24801,280,9
22243,"HOOK, 5 HANGER ,MAGIC TOADSTOOL RED",11960.96,7738,411,17
22637,PIGGY BANK RETROSPOT ,11915.48,4624,630,15
84987,SET OF 36 TEATIME PAPER DOILIES,11896.7,8154,829,18
47567B,TEA TIME KITCHEN APRON,11886.39,2199,375,13
22488,NATURAL SLATE RECTANGLE CHALKBOARD,11879.17,6954,825,11
22468,BABUSHKA LIGHTS STRING OF 10,11853.38,1778,432,14
22844,VINTAGE CREAM DOG FOOD CONTAINER,11831.22,1252,517,14
21260,FIRST AID TIN,11821.18,3591,560,19
23300,GARDENERS KNEELING PAD CUP OF TEA ,11815.69,6827,773,6
22508,DOORSTOP RETROSPOT HEART,11787.79,2933,728,13
21429,RED GINGHAM ROSE JEWELLERY BOX,11785.98,6593,1056,18
22649,STRAWBERRY FAIRY CAKE TEAPOT,11772.37,2340,518,17
22151,PLACE SETTING WHITE HEART,11754.85,27897,758,12
22988,SOLDIERS EGG CUP ,11753.72,9748,493,4
22795,SWEETHEART RECIPE BOOK STAND,11731.06,1666,533,9
22740,POLKADOT PEN,11711.49,13676,315,11
23581,JUMBO BAG PAISLEY PARK,11613.03,5035,351,8
37370,RETRO COFFEE MUGS ASSORTED,11582.36,7504,561,13
22694,WICKER STAR ,11576.1,5136,931,6
22663,JUMBO BAG DOLLY GIRL DESIGN,11531.86,5793,702,12
21735,TWO DOOR CURIO CABINET,11503.15,887,268,5
21172,PARTY METAL SIGN ,11492.22,7759,1010,11
22768,FAMILY PHOTO FRAME CORNICE,11484.06,1197,375,9
22950,36 DOILIES VINTAGE CHRISTMAS,11454.09,8334,357,12
21868,POTTING SHED TEA MUG,11408.72,9255,917,6
47599A,PINK PARTY BAGS,11348.58,6046,381,17
22620,4 TRADITIONAL SPINNING TOPS,11343.55,8361,895,21
21922,UNION STRIPE WITH FRINGE  HAMMOCK,11297.82,1452,396,10
22130,PARTY CONE CHRISTMAS DECORATION ,11290.02,9972,463,14
72351B,SET/6 PINK  BUTTERFLY T-LIGHTS,11271.04,5821,519,5
22417,PACK OF 60 SPACEBOY CAKE CASES,11258.89,21641,1153,23
21833,CAMOUFLAGE LED TORCH,11218.49,6563,461,8
22812,PACK 3 BOXES CHRISTMAS PANNETONE,11181.28,5057,513,13
23170,REGENCY TEA PLATE ROSES ,11117.05,6869,446,15
20828,GLITTER BUTTERFLY CLIPS,11095.91,4481,644,6
21907,I'M ON HOLIDAY METAL SIGN,11068.43,5264,799,15
B,Adjust bad debt,11062.06,1,1,1
22174,PHOTO CUBE,11036.3,5449,602,9
21498,RED SPOTS  WRAP ,11031.42,27201,813,16
22904,CALENDAR PAPER CUT DESIGN,11003.04,3532,494,15
21749,LARGE RED SPOT WINDMILL,10997.82,5661,288,8
21558,SKULL LUNCHBOX WITH CUTLERY ,10988.52,4261,809,13
22595,GINGHAM HEART DECORATION,10977.7,13024,837,18
22274,FELTCRAFT DOLL EMILY,10973.7,3834,696,15
22668,PINK BABY BUNTING,10965.96,3604,588,18
21086,SET/6 RED SPOTTY PAPER CUPS,10950.15,16903,873,18
22466,FAIRY TALE COTTAGE NIGHTLIGHT,10812.37,5879,414,17
22418,10 COLOUR SPACEBOY PEN,10792.02,12732,615,18
22064,PINK DOUGHNUT TRINKET POT ,10791.56,6711,733,16
21624,VINTAGE UNION JACK DOORSTOP,10736.35,1787,415,6
22348,TEA BAG PLATE RED SPOTTY ,10715.13,12574,994,22
21890,S/6 WOODEN SKITTLES IN COTTON BAG,10658.8,3549,587,15
21974,SET OF 36 PAISLEY FLOWER DOILIES,10656.3,7059,816,18
82001S,VINYL RECORD FRAME SILVER,10646.87,2956,237,5
22725,ALARM CLOCK BAKELIKE CHOCOLATE,10635.2,2591,582,12
22349,"DOG BOWL , CHASING BALL DESIGN",10619.29,2588,373,10
20754,RETRO RED SPOTTY WASHING UP GLOVES,10608.75,5159,883,16
22645,CERAMIC HEART FAIRY CAKE MONEY BANK,10607.08,5883,788,11
21982,PACK OF 12 SUKI TISSUES ,10589.35,32827,765,12
22302,COFFEE MUG PEARS  DESIGN,10510.3,4933,401,7
22966,GINGERBREAD MAN COOKIE CUTTER,10505.13,8506,786,15
22771,CLEAR DRAWER KNOB ACRYLIC EDWARDIAN,10502.19,7762,540,11
23208,LUNCH BAG VINTAGE LEAF DESIGN,10498.01,6342,688,13
22120,WELCOME  WOODEN BLOCK LETTERS,10444.02,1030,375,10
22180,RETRO SPOT LAMP,10443.01,1008,421,14
22748,POPPY'S PLAYHOUSE KITCHEN,10434.49,4263,806,17
20682,RED SPOTTY CHILDS UMBRELLA,10414.78,3131,610,19
22992,REVOLVER WOODEN RULER ,10379.84,5236,359,13
21892,TRADITIONAL WOODEN CATCH CUP GAME ,10370.32,7972,882,15
21781,MA CAMPAGNE CUTLERY BOX,10364.92,671,382,8
20979,36 PENCILS TUBE RED SPOTTY,10350.56,8219,723,19
21531,RETRO SPOT SUGAR JAM BOWL,10349.47,4146,805,15
22089,PAPER BUNTING VINTAGE PAISLEY,10335.81,3516,566,10
21756,BATH BUILDING BLOCK WORD,10317.36,1671,615,12
22840,ROUND CAKE TIN VINTAGE RED,10311.0,1354,421,14
84880,WHITE WIRE EGG HOLDER,10308.11,1807,388,6
22380,TOY TIDY SPACEBOY  ,10301.72,4998,713,20
21488,RED WHITE SCARF  HOT WATER BOTTLE,10285.98,2448,382,11
84792,ENCHANTED BIRD COATHANGER 5 HOOK,10268.35,2327,534,11
21033,JUMBO BAG CHARLIE AND LOLA TOYS,10265.72,4632,589,8
23582,VINTAGE DOILY JUMBO BAG RED ,10233.45,4815,266,10
22970,LONDON BUS COFFEE MUG,10224.75,4367,325,7
22300,COFFEE MUG DOG + BALL DESIGN,10192.1,4229,552,10
22429,ENAMEL MEASURING JUG CREAM,10124.39,2341,660,9
22327,ROUND SNACK BOXES SET OF 4 SKULLS,10095.79,3109,687,15
22131,FOOD CONTAINER SET 3 LOVE HEART ,10070.49,5317,735,13
23171,REGENCY TEA PLATE GREEN ,10051.99,6247,383,14
22745,POPPY'S PLAYHOUSE BEDROOM ,10044.06,4097,772,17
79000,MOROCCAN TEA GLASS,10001.32,12282,451,13
22549,PICTURE DOMINOES,9979.66,6688,753,18
23076,ICE CREAM SUNDAE LIP GLOSS,9965.76,8100,278,16
20677,PINK SPOTTY BOWL,9959.89,7907,784,23
22942,CHRISTMAS LIGHTS 10 SANTAS ,9916.68,1273,269,9
20829,GLITTER HANGING BUTTERFLY STRING,9892.24,4850,505,4
22665,RECIPE BOX BLUE SKETCHBOOK DESIGN,9852.58,3025,731,14
16014,SMALL CHINESE STYLE SCISSOR,9839.4,30370,97,6
47570B,TEA TIME TABLE CLOTH,9686.17,979,231,8
35961,FOLKART ZINC HEART CHRISTMAS DEC,9668.33,11563,668,11
22767,TRIPLE PHOTO FRAME CORNICE ,9667.76,1022,306,7
82552,WASHROOM METAL SIGN,9659.57,7046,819,9
20970,PINK FLORAL FELTCRAFT SHOULDER BAG,9632.0,2547,603,12
84030E,ENGLISH ROSE HOT WATER BOTTLE,9625.51,2252,529,12
23175,REGENCY MILK JUG PINK ,9600.15,3164,332,15
22978,PANTRY ROLLING PIN,9568.73,2465,239,10
22121,NOEL WOODEN BLOCK LETTERS ,9536.28,1538,475,7
21716,BOYS VINTAGE TIN SEASIDE BUCKET,9531.74,3750,507,15
84692,BOX OF 24 COCKTAIL PARASOLS,9530.48,19467,1181,13
21385,IVORY HANGING DECORATION  HEART,9508.95,10998,728,7
22072,TEA CUP AND SAUCER RETRO SPOT,9502.26,2478,549,8
21658,GLASS  BEURRE DISH,9458.15,2263,546,9
22195,HEART MEASURING SPOONS LARGE,9456.6,5279,857,17
22357,KINGS CHOICE BISCUIT TIN,9454.32,2094,473,14
22219,LOVEBIRD HANGING DECORATION WHITE ,9427.66,9934,1199,13
84032A,CHARLIE+LOLA PINK HOT WATER BOTTLE,9427.62,3427,697,8
22839,3 TIER CAKE TIN GREEN AND CREAM,9373.94,598,279,10
21745,GAOLERS KEYS DECORATIVE GARDEN ,9340.07,2737,502,10
21243,PINK  SPOTTY PLATE ,9328.26,5660,511,21
21041,RED SPOTTY OVEN GLOVE DOUBLE,9303.19,2732,560,9
22656,VINTAGE BLUE KITCHEN CABINET,9290.0,45,37,3
23319,BOX OF 6 MINI 50'S CRACKERS,9266.84,3739,419,15
22110,BIRD HOUSE HOT WATER BOTTLE,9263.87,2748,552,9
22141,CHRISTMAS CRAFT TREE TOP ANGEL,9254.71,3794,633,12
22244,"HOOK, 3 HANGER ,MAGIC GARDEN",9252.02,4830,446,17
22741,FUNKY DIVA PEN,9248.69,10721,299,10
21777,RECIPE BOX WITH METAL HEART,9242.46,1147,379,4
20747,PICCADILLY TEA SET,9239.87,684,109,6
22371,AIRLINE BAG VINTAGE TOKYO 78,9221.01,1877,719,13
21933,PINK VINTAGE PAISLEY PICNIC BAG,9191.6,4151,648,13
51008,AFGHAN SLIPPER SOCK PAIR,9179.25,2865,84,7
23318,BOX OF 6 MINI VINTAGE CRACKERS,9167.39,3811,384,12
23080,RED METAL BOX TOP SECRET,9158.87,1079,264,13
21985,PACK OF 12 HEARTS DESIGN TISSUES ,9032.96,25708,965,13
21715,GIRLS VINTAGE TIN SEASIDE BUCKET,9017.8,3564,494,15
22989,SET 2 PANTRY DESIGN TEA TOWELS,9012.27,2815,379,18
23439,HAND WARMER RED LOVE HEART,8941.61,4027,425,8
23322,LARGE WHITE HEART OF WICKER,8925.41,3085,583,6
22215,CAKE STAND WHITE TWO TIER LACE,8920.43,1098,366,17
21042,RED SPOTTY APRON ,8914.48,1505,420,10
20974,12 PENCILS SMALL TUBE SKULL,8895.24,13511,890,12
22212,FOUR HOOK  WHITE LOVEBIRDS,8869.28,4114,871,15
84839,SWEETHEART KEY CABINET,8848.3,1538,407,7
22895,SET OF 2 TEA TOWELS APPLE AND PEARS,8823.52,2898,437,13
85049E,SCANDINAVIAN REDS RIBBONS,8750.01,6524,893,11
21135,VICTORIAN  METAL POSTCARD SPRING,8727.79,6080,428,13
22751,FELTCRAFT PRINCESS OLIVIA DOLL,8716.45,2332,494,16
21980,PACK OF 12 RED SPOTTY TISSUES ,8714.44,31551,699,17
22283,6 EGG HOUSE PAINTED WOOD,8692.55,1050,391,9
23256,CHILDRENS CUTLERY SPACEBOY ,8675.37,2115,374,20
72807C,SET/3 VANILLA SCENTED CANDLE IN BOX,8667.49,2019,361,10
21381,MINI WOODEN HAPPY BIRTHDAY GARLAND,8649.91,5149,558,13
22073,RETRO SPOT STORAGE JAR,8647.13,2176,505,16
23534,WALL ART STOP FOR TEA ,8614.85,1388,262,9
22078,RIBBON REEL LACE DESIGN ,8580.16,4044,504,12
23082,SET 6 PAPER TABLE LANTERN HEARTS ,8577.51,2333,307,9
22354,RETRO SPOT PADDED SEAT CUSHION,8567.06,2258,285,11
21769,VINTAGE POST OFFICE CABINET,8562.52,134,50,3
22358,KINGS CHOICE TEA CADDY ,8561.9,2694,632,12
23078,ICE CREAM PEN LIP GLOSS ,8553.34,6831,257,12
22079,RIBBON REEL HEARTS DESIGN ,8553.04,5080,709,11
21932,SCANDINAVIAN PAISLEY PICNIC BAG,8549.47,3889,664,13
21186,WHITE DOVE HONEYCOMB PAPER GARLAND,8540.42,5277,380,6
21411,GINGHAM HEART  DOORSTOP RED,8534.49,2131,648,9
23493,VINTAGE DOILY TRAVEL SEWING KIT,8509.68,3970,430,14
48189,DOOR MAT FRIENDSHIP ,8494.01,1323,276,9
79323LP,LIGHT PINK CHERRY LIGHTS,8481.19,1433,170,3
23321,SMALL WHITE HEART OF WICKER,8473.27,4737,653,9
23535,WALL ART BICYCLE SAFETY,8469.99,1329,220,8
22329,ROUND CONTAINER SET OF 5 RETROSPOT,8463.75,5174,626,19
21244,BLUE  SPOTTY PLATE ,8452.07,5161,455,17
21874,GIN AND TONIC MUG,8451.84,6489,648,9
22275,WEEKEND BAG VINTAGE ROSE PAISLEY,8437.18,1019,323,11
22628,PICNIC BOXES SET OF 3 RETROSPOT ,8428.28,1752,358,16
21934,SKULL SHOULDER BAG,8402.97,4648,742,9
22689,DOORMAT MERRY CHRISTMAS RED ,8382.62,1094,266,9
22738,RIBBON REEL SNOWY VILLAGE,8382.54,4636,536,11
85049A,TRADITIONAL CHRISTMAS RIBBONS,8362.4,6337,722,11
85067,CREAM SWEETHEART WALL CABINET,8347.59,504,182,6
85064,CREAM SWEETHEART LETTER RACK,8327.01,1789,296,6
21238,RED SPOTTY CUP,8266.53,9589,933,21
84032B,CHARLIE + LOLA RED HOT WATER BOTTLE,8228.09,3430,627,8
22504,CABIN BAG VINTAGE RETROSPOT,8224.63,374,118,12
22796,PHOTO FRAME 3 CLASSIC HANGING,8223.44,823,327,10
22890,NOVELTY BISCUITS CAKE STAND 3 TIER,8213.47,839,278,11
22055,MINI CAKE STAND  HANGING STRAWBERY,8212.19,4945,762,13
20675,BLUE SPOTTY BOWL,8190.41,6573,707,22
82551,LAUNDRY 15C METAL SIGN,8163.85,5690,771,10
21116,OWL DOORSTOP,8099.22,1386,552,10
84508A,CAMOFLAGE DESIGN TEDDY,8096.58,3811,111,2
21115,ROSE CARAVAN DOORSTOP,8065.73,1262,444,13
84568,GIRLS ALPHABET IRON ON PATCHES ,8062.71,38574,314,8
22588,CARD HOLDER GINGHAM HEART,8053.97,2929,511,13
22592,CARDHOLDER HOLLY WREATH METAL,8043.33,2001,317,9
21870,I CAN ONLY PLEASE ONE PERSON MUG,8025.53,6398,669,6
22784,LANTERN CREAM GAZEBO ,7984.07,1598,395,10
22350,CAT BOWL ,7954.56,2861,345,9
21875,KINGS CHOICE MUG,7953.57,6860,432,5
22809,SET OF 6 T-LIGHTS SANTA,7950.9,2662,410,9
21976,PACK OF 60 MUSHROOM CAKE CASES,7946.03,14818,1002,24
22353,LUNCHBOX WITH CUTLERY FAIRY CAKES ,7933.19,3045,504,15
22813,PACK 3 BOXES BIRD PANNETONE ,7881.03,4039,407,11
21588,RETRO SPOT GIANT  TUBE MATCHES,7868.4,3398,306,7
22165,"DIAMANTE HEART SHAPED WALL MIRROR, ",7844.22,991,282,2
20717,STRAWBERRY SHOPPER BAG,7840.98,6342,781,14
22669,RED BABY BUNTING ,7838.37,2439,459,12
22550,HOLIDAY FUN LUDO,7835.96,2091,441,17
21110,LARGE CAKE TOWEL PINK SPOTS,7830.83,1652,341,14
23238,SET OF 4 KNICK KNACK TINS LONDON ,7825.56,1862,285,13
23007, SPACEBOY BABY GIFT SET,7758.7,499,185,13
22493,PAINT YOUR OWN CANVAS SET,7758.69,4822,446,9
22798,ANTIQUE GLASS DRESSING TABLE POT,7752.21,2491,381,5
21361,LOVE LARGE WOOD LETTERS ,7750.07,587,302,7
22739,RIBBON REEL CHRISTMAS SOCK BAUBLE,7744.26,4199,653,15
23204,CHARLOTTE BAG APPLES DESIGN,7741.94,7976,586,11
84968C,S/16 VINTAGE PISTACHIO CUTLERY,7731.24,644,196,8
22945,CHRISTMAS METAL TAGS ASSORTED ,7722.19,7857,373,12
22242,"HOOK, 5 HANGER , MAGIC TOADSTOOL",7692.99,4835,388,18
22779,WOODEN OWLS LIGHT GARLAND ,7666.64,2024,208,12
22360,"GLASS JAR, ENGLISH CONFECTIONERY",7662.45,2536,446,8
22199,FRYING PAN RED POLKADOT ,7643.67,1863,415,15
22224,WHITE LOVEBIRD LANTERN,7637.15,2404,416,9
22528,GARDENERS KNEELING PAD,7634.27,5831,563,3
21463,MIRRORED DISCO BALL ,7629.46,1376,312,7
22489,PACK OF 12 TRADITIONAL CRAYONS,7618.02,18076,810,20
22991,GIRAFFE WOODEN RULER,7608.79,3889,281,10
22827,RUSTIC  SEVENTEEN DRAWER SIDEBOARD,7605.0,49,37,3
22465,HANGING METAL STAR LANTERN,7581.9,4686,497,6
85065,CREAM SWEETHEART TRAYS,7575.44,624,260,5
82580,BATHROOM METAL SIGN,7558.36,13400,1388,12
85174,S/4 CACTI CANDLES,7555.39,1534,390,8
11001,ASSTD DESIGN RACING CAR PEN,7509.97,4885,265,12
21746,SMALL RED SPOT  WINDMILL,7478.37,5970,500,8
21876,POTTERING MUG,7472.99,5728,649,3
21114,LAVENDER SCENTED FABRIC HEART,7462.16,5783,523,13
22644,CERAMIC CHERRY CAKE MONEY BANK,7451.74,5095,644,11
72351A,SET/6 TURQUOISE BUTTERFLY T-LIGHTS,7442.19,3762,413,5
22626,BLACK KITCHEN SCALES,7430.96,867,359,18
22282,12 EGG HOUSE PAINTED WOOD,7406.65,565,219,9
22029,SPACE BOY BIRTHDAY CARD,7405.97,17895,1126,19
21737,SET 3 WICKER LOG BASKETS,7402.56,400,166,4
23382,BOX OF 6 CHRISTMAS CAKE DECORATIONS,7356.18,1875,221,12
21561,DINOSAUR LUNCHBOX WITH CUTLERY,7354.87,2988,534,14
22907,PACK OF 20 NAPKINS PANTRY DESIGN,7329.99,8745,877,19
22567,20 DOLLY PEGS RETROSPOT,7312.82,5810,539,17
21625,VINTAGE UNION JACK APRON,7297.42,1016,357,9
22577,WOODEN HEART CHRISTMAS SCANDINAVIAN,7283.02,14165,883,13
22781,GUMBALL MAGAZINE RACK,7259.42,890,320,9
23083,SET 6 PAPER TABLE LANTERN STARS ,7254.65,1933,250,7
22414,DOORMAT NEIGHBOURHOOD WITCH ,7249.34,1192,224,10
22618,COOKING SET RETROSPOT,7223.15,742,257,15
21700,BIG DOUGHNUT FRIDGE MAGNETS,7219.46,6470,547,20
21981,PACK OF 12 WOODLAND TISSUES ,7213.86,26472,592,16
37450,CERAMIC CAKE BOWL + HANGING CAKES,7129.39,2475,412,13
22187,GREEN CHRISTMAS TREE CARD HOLDER,7117.75,2159,388,7
23236,DOILEY STORAGE TIN,7106.21,2509,339,20
10002,INFLATABLE POLITICAL GLOBE ,7097.9,8836,391,12
22810,SET OF 6 T-LIGHTS SNOWMEN,7092.08,2312,366,7
21984,PACK OF 12 PINK PAISLEY TISSUES ,7077.05,25509,460,13
21107,CREAM SLICE FLANNEL PINK SPOT ,7075.4,2463,341,12
23320,GIANT 50'S CHRISTMAS CRACKER,7072.16,2668,344,9
23215,JINGLE BELL HEART ANTIQUE SILVER,7044.64,3567,216,4
21992,VINTAGE PAISLEY STATIONERY SET,7039.27,3437,693,10
21497,FANCY FONTS BIRTHDAY WRAP,7030.5,17625,490,11
23543,WALL ART KEEP CALM ,7019.01,1237,106,7
21903,MAN FLU METAL SIGN,7018.19,3476,430,7
22563,HAPPY STENCIL CRAFT,7012.61,6012,571,8
22938,CUPCAKE LACE PAPER SET 6,7006.3,3746,286,15
23283,DOORMAT VINTAGE LEAVES DESIGN ,7003.38,994,233,9
23293,SET OF 12 FAIRY CAKE BAKING CASES,7001.99,8486,562,18
22498,WOODEN REGATTA BUNTING,6969.44,1141,389,7
22845,VINTAGE CREAM CAT FOOD CONTAINER,6967.9,1026,410,15
22780,LIGHT GARLAND BUTTERFILES PINK,6963.38,1850,188,8
37448,CERAMIC CAKE DESIGN SPOTTED MUG,6962.8,4640,567,19
22377,BOTTLE BAG RETROSPOT ,6935.68,3623,441,14
23254,CHILDRENS CUTLERY DOLLY GIRL ,6932.16,1710,307,22
35004B,SET OF 3 BLACK FLYING DUCKS,6932.15,1500,280,3
21563,RED HEART SHAPE LOVE BUCKET ,6931.79,2802,372,9
20973,12 PENCIL SMALL TUBE WOODLAND,6930.47,10066,715,14
22378,WALL TIDY RETROSPOT ,6924.52,3783,560,17
21768,WALL MOUNTED VINTAGE ORGANISER,6924.04,510,166,5
22311,OFFICE MUG WARMER BLACK+SILVER ,6923.9,2154,325,14
22085,PAPER CHAIN KIT SKULLS ,6907.47,2546,234,11
22220,CAKE STAND LOVEBIRD 2 TIER WHITE,6905.34,747,272,11
23109,LED TEA LIGHTS,6878.37,2401,277,8
22575,METAL MERRY CHRISTMAS WREATH,6876.45,3199,362,10
85220,SMALL FAIRY CAKE FRIDGE MAGNETS,6875.0,12236,5,4
37500,TEA TIME TEAPOT IN GIFT BOX,6869.72,887,268,14
22431,WATERING CAN BLUE ELEPHANT,6865.03,3406,634,11
22430,ENAMEL WATERING CAN CREAM,6861.19,1414,372,11
23103,BELL HEART DECORATION,6859.36,4080,383,6
22746,POPPY'S PLAYHOUSE LIVINGROOM ,6858.92,2979,609,17
47502,POLKADOT CUTLERY 24 PCS IN TRAY,6855.75,640,79,5
22059,CERAMIC STRWBERRY DESIGN MUG,6847.35,5084,514,13
23541,WALL ART CLASSIC PUDDINGS ,6823.91,872,152,4
21989,PACK OF 20 SKULL PAPER NAPKINS,6822.88,8584,674,17
47599B,BLUE PARTY BAGS ,6822.14,3568,295,15
85175,CACTI T-LIGHT CANDLES,6808.38,15922,455,11
22898,CHILDRENS APRON APPLES DESIGN,6805.23,3263,497,12
23297,SET 40 HEART SHAPE PETIT FOUR CASES,6792.23,4303,163,14
22432,WATERING CAN PINK BUNNY,6792.11,3559,530,15
23008,DOLLY GIRL BABY GIFT SET,6753.51,435,135,15
23229,VINTAGE DONKEY TAIL GAME ,6739.71,1869,256,14
22221,CAKE STAND LOVEBIRD 2 TIER PINK,6732.66,907,159,12
22661,CHARLOTTE BAG DOLLY GIRL DESIGN,6730.55,8319,655,15
22526,WHEELBARROW FOR CHILDREN ,6727.91,546,210,6
23480,MINI LIGHTS WOODLAND MUSHROOMS,6726.64,1800,220,16
23247,BISCUIT TIN 50'S CHRISTMAS,6715.93,2206,315,13
21592,RETRO SPOT  CIGAR BOX MATCHES ,6695.35,5991,515,10
22080,RIBBON REEL SPOTS DESIGN ,6685.13,3987,546,13
85047,WHITE BEADED GARLAND STRING 20LIGHT,6683.38,1054,243,4
23169,CLASSIC GLASS SWEET JAR,6671.14,1558,317,9
21494,ROTATING LEAVES T-LIGHT HOLDER,6670.58,3932,533,8
85014D,PINK/BROWN DOTS RUFFLED UMBRELLA,6670.4,1919,91,10
85068,CREAM SWEETHEART SHELF + HOOKS,6655.19,961,200,8
85062,PEARL CRYSTAL PUMPKIN T-LIGHT HLDR,6638.25,4049,365,7
22142,CHRISTMAS CRAFT WHITE FAIRY ,6637.04,4419,548,11
21240,BLUE  SPOTTY CUP,6600.87,7643,786,22
16156S,WRAP PINK FAIRY CAKES ,6600.62,16761,423,14
79067,CORONA MEXICAN TRAY,6593.83,1662,414,8
84968A,S/16 VINTAGE ROSE CUTLERY,6589.08,533,208,7
22849,BREAD BIN DINER STYLE MINT,6577.03,419,171,11
22833,HALL CABINET WITH 3 DRAWERS,6567.17,193,15,2
21201,TROPICAL  HONEYCOMB PAPER GARLAND ,6560.47,2757,246,7
15060B,FAIRY CAKE DESIGN UMBRELLA,6558.58,1438,462,11
22332,SKULLS PARTY BAG + STICKER SET,6553.55,4178,390,14
22364,GLASS JAR DIGESTIVE BISCUITS,6548.8,2067,354,12
22578,WOODEN STAR CHRISTMAS SCANDISPOT,6534.73,13429,825,12
21500,PINK SPOTS  WRAP ,6521.0,16150,498,19
21239,PINK  SPOTTY CUP,6520.64,7457,773,22
22596,CHRISTMAS STAR WISH LIST CHALKBOARD,6515.6,6371,450,11
22065,CHRISTMAS PUDDING TRINKET POT ,6504.24,8786,504,10
22148,EASTER CRAFT 4 CHICKS ,6499.79,3247,311,14
23311,VINTAGE CHRISTMAS STOCKING ,6488.2,2390,347,12
47559B,TEA TIME OVEN GLOVE,6469.29,5232,738,17
23553,LANDMARK FRAME CAMDEN TOWN ,6457.15,569,69,1
23188,VINTAGE  2 METER FOLDING RULER,6451.07,3473,339,7
22783,SET 3 WICKER OVAL BASKETS W LIDS,6443.95,489,49,6
23571,TRADITIONAL NAUGHTS & CROSSES,6436.61,2859,268,9
23134,LARGE ZINC HEART WALL ORGANISER,6431.11,1065,38,2
22063,CERAMIC BOWL WITH STRAWBERRY DESIGN,6426.86,2327,376,11
22848,BREAD BIN DINER STYLE PINK,6409.7,399,158,12
22906,12 MESSAGE CARDS WITH ENVELOPES,6405.54,3469,507,7
22979,PANTRY WASHING UP BRUSH,6401.97,4097,390,15
22582,PACK OF 6 SWEETIE GIFT BOXES,6390.91,2544,314,18
84520B,PACK 20 ENGLISH ROSE PAPER NAPKINS,6389.42,7465,754,13
23307,SET OF 60 PANTRY DESIGN CAKE CASES ,6379.59,12063,654,19
22460,EMBOSSED GLASS TEALIGHT HOLDER,6372.7,4834,386,5
23172,REGENCY TEA PLATE PINK,6360.91,3871,306,14
22185,SLATE TILE NATURAL HANGING,6338.03,3968,476,5
22435,SET OF 9 HEART SHAPED BALLOONS,6330.24,5029,572,13
22830,UTILTY CABINET WITH HOOKS,6324.05,309,22,2
84884A,ANT WHITE WIRE HEART SPIRAL,6312.62,1722,315,4
22278,OVERNIGHT BAG VINTAGE ROSE PAISLEY,6292.01,1066,407,13
22196,SMALL HEART MEASURING SPOONS,6288.05,6734,1050,16
22855,FINE WICKER HEART ,6274.05,5020,453,7
21730,GLASS STAR FROSTED T-LIGHT HOLDER,6273.44,1278,334,7
72802C,VANILLA SCENT CANDLE JEWELLED BOX,6251.44,2228,287,5
21584,RETRO SPOT SMALL TUBE MATCHES,6246.6,3876,393,9
20751,FUNKY WASHING UP GLOVES ASSORTED,6241.68,2941,559,13
21714,CITRONELLA CANDLE GARDEN POT,6236.16,4324,535,5
84832,ZINC WILLIE WINKIE  CANDLE STICK,6233.23,6888,660,15
85178,VICTORIAN SEWING KIT,6218.32,5628,335,15
21078,SET/20 STRAWBERRY PAPER NAPKINS ,6213.39,7242,767,14
22222,CAKE PLATE LOVEBIRD WHITE,6210.34,1499,409,15
22826,LOVE SEAT ANTIQUE WHITE METAL,6210.0,58,41,3
21499,BLUE SPOTS  WRAP,6207.84,15452,468,19
21586,KINGS CHOICE GIANT TUBE MATCHES,6203.7,2664,259,5
22772,PINK DRAWER KNOB ACRYLIC EDWARDIAN,6192.61,4580,336,8
21591,COSY HOUR CIGAR BOX MATCHES ,6185.58,4124,410,7
22167,"WALL MIRROR , DIAMANTE OVAL SHAPE",6154.31,697,310,3
23192,BUNDLE OF 3 ALPHABET EXERCISE BOOKS,6142.29,3533,357,11
22331,WOODLAND PARTY BAG + STICKER SET,6135.5,3732,451,18
22737,RIBBON REEL CHRISTMAS PRESENT ,6131.72,3412,539,11
21667,GLASS CAKE COVER AND PLATE,6126.25,354,163,6
22841,ROUND CAKE TIN VINTAGE GREEN,6114.28,784,316,12
23118,PARISIENNE JEWELLERY DRAWER ,6102.18,813,258,9
22361,GLASS JAR DAISY FRESH COTTON WOOL,6089.42,1857,508,13
21918,SET 12 KIDS COLOUR  CHALK STICKS,6084.24,14747,821,20
22491,PACK OF 12 COLOURED PENCILS,6067.87,7554,405,15
85038,6 CHOCOLATE LOVE HEART T-LIGHTS,6057.64,2905,413,9
21832,CHOCOLATE CALCULATOR,6034.19,3439,488,13
22045,SPACE BOY GIFT WRAP,6034.14,14667,478,19
23526,WALL ART DOG LICENCE ,6021.4,1012,144,5
21407,BROWN CHECK CAT DOORSTOP ,6014.84,1317,470,7
23296,SET OF 6 TEA TIME BAKING CASES,5988.05,4981,383,16
21452,TOADSTOOL MONEY BOX,5984.36,1952,440,16
23312,VINTAGE CHRISTMAS GIFT SACK,5968.3,1424,219,7
22964,3 PIECE SPACEBOY COOKIE CUTTER SET,5966.25,2853,434,14
84509A,ENGLISH ROSE PLACEMATS,5962.14,1535,410,11
23052,RECYCLED ACAPULCO MAT TURQUOISE,5949.34,654,278,15
22899,CHILDREN'S APRON DOLLY GIRL ,5939.99,2841,443,16
21313,GLASS HEART T-LIGHT HOLDER ,5926.55,6889,432,5
22660,DOORMAT I LOVE LONDON,5924.93,891,203,14
22441,GROW YOUR OWN BASIL IN ENAMEL MUG,5910.21,2726,503,11
22951,60 CAKE CASES DOLLY GIRL DESIGN,5909.85,11232,675,22
23154,SET OF 4 JAM JAR MAGNETS,5907.36,2732,249,16
48197,DOOR MAT BIRD ON THE WIRE,5905.64,898,225,6
22241,"GARLAND , WOODEN  "" HAPPY EASTER""",5899.92,4379,485,4
22200,FRYING PAN PINK POLKADOT ,5882.61,1317,364,9
85132C,CHARLIE AND LOLA FIGURES TINS,5881.19,2069,310,10
23113,PANTRY CHOPPING BOARD,5868.5,1154,57,10
22971,QUEENS GUARD COFFEE MUG,5849.29,2431,274,6
21988,PACK OF 6 SKULL PAPER PLATES,5848.68,7855,428,16
23485,BOTANICAL GARDENS WALL CLOCK ,5843.92,262,83,5
21577,SAVE THE PLANET COTTON TOTE BAG,5827.87,2593,480,22
22119, PEACE WOODEN BLOCK LETTERS,5825.77,938,371,7
37495,FAIRY CAKE BIRTHDAY CANDLE SET,5811.35,1581,337,20
22115,METAL SIGN EMPIRE TEA,5786.62,2913,514,7
22687,DOORMAT CHRISTMAS VILLAGE,5784.67,895,149,7
22070,SMALL RETRO SPOT MUG IN BOX  RED,5768.99,1853,333,16
21528,DAIRY MAID TRADITIONAL TEAPOT ,5763.22,910,267,5
21703,BAG 125g SWIRLY MARBLES,5742.31,14797,587,12
84968B,S/16 VINTAGE IVORY CUTLERY,5732.41,432,138,5
22341,LOVE GARLAND PAINTED ZINC ,5728.71,3483,247,7
23205,CHARLOTTE BAG VINTAGE ALPHABET ,5728.08,5859,472,10
22060,LARGE CAKE STAND HANGING HEARTS,5719.21,737,164,8
22335,HEART DECORATION PAINTED ZINC ,5717.76,8756,542,9
22653,BUTTON BOX ,5716.64,3078,398,8
82599,FANNY'S REST STOPMETAL SIGN,5706.52,2585,538,6
22854,CREAM SWEETHEART EGG HOLDER,5700.99,1173,252,5
22156,HEART DECORATION WITH PEARLS ,5687.78,6327,619,5
21900,"KEY FOB , SHED",5632.05,8472,871,5
22602,RETROSPOT WOODEN HEART DECORATION,5629.21,6643,568,16
21207,SKULL AND CROSSBONES  GARLAND ,5628.89,3618,287,16
84971S,SMALL HEART FLOWERS HOOK ,5627.17,6636,478,8
22534,MAGIC DRAWING SLATE SPACEBOY ,5625.16,13159,623,15
40016,CHINESE DRAGON PAPER LANTERNS,5604.14,15694,252,6
22168,"ORGANISER WOOD, ANTIQUE WHITE ",5603.43,674,322,10
22443,GROW YOUR OWN HERBS SET OF 3,5601.05,705,282,10
22801,ANTIQUE GLASS PEDESTAL BOWL,5591.0,1368,326,7
22670,FRENCH WC SIGN BLUE METAL,5590.61,4492,445,10
22763,KEY CABINET MA CAMPAGNE,5590.27,677,145,6
22186,RED STAR CARD HOLDER,5573.11,2041,362,8
85061W,WHITE JEWELLED HEART DECORATION,5567.01,6440,503,7
23531,WALL ART BIG LOVE ,5559.11,979,114,4
23126,DOLLCRAFT GIRL AMELIE KIT,5556.79,1114,298,11
22203,MILK PAN RED RETROSPOT,5537.49,1416,401,15
21112,"SWISS ROLL TOWEL, PINK  SPOTS",5531.5,2234,196,7
22775,PURPLE DRAWERKNOB ACRYLIC EDWARDIAN,5531.31,3903,316,10
22483,RED GINGHAM TEDDY BEAR ,5529.07,1901,363,17
23177,TREASURE ISLAND BOOK BOX,5528.04,2535,273,16
23133,LARGE IVORY HEART WALL ORGANISER,5525.4,782,155,4
20983,12 PENCILS TALL TUBE RED SPOTTY,5521.78,6342,677,16
23158,SET OF 5 LUCKY CAT MAGNETS ,5517.99,2635,257,11
23583,LUNCH BAG PAISLEY PARK  ,5513.83,3395,338,8
21587,COSY HOUR GIANT TUBE MATCHES,5508.45,2211,295,3
22437,SET OF 9 BLACK SKULL BALLOONS,5505.41,6566,464,15
21363,HOME SMALL WOOD LETTERS,5505.03,1020,428,5
37446,MINI CAKE STAND WITH HANGING CAKES,5502.08,3813,435,11
79029,GLASS HONEYPOT WASP CATCHER,5501.12,2958,362,5
20978,36 PENCILS TUBE SKULLS,5497.33,4163,584,12
21069,VINTAGE BILLBOARD TEA MUG,5485.68,5157,296,5
22842,BISCUIT TIN VINTAGE RED,5484.08,844,246,14
16161P,WRAP ENGLISH ROSE ,5477.4,13298,444,18
72756,FAIRY CAKE CANDLES,5472.89,4021,130,5
85063,CREAM SWEETHEART MAGAZINE RACK,5460.64,310,182,6
22571,ROCKING HORSE RED CHRISTMAS ,5445.43,6091,553,17
21432,SET OF 3 CASES WOODLAND DESIGN,5441.86,943,240,15
22476,EMPIRE UNION JACK TV DINNER TRAY,5426.22,1358,285,8
84968D,S/16 VINTAGE RED CUTLERY,5419.21,474,108,8
23135,SMALL ZINC HEART WALL ORGANISER,5416.18,1541,45,1
21491,SET OF THREE VINTAGE GIFT WRAPS,5404.06,2897,256,9
84937,KASHMIR FOLKART TUMBLERS,5396.64,2543,125,6
22218,CAKE STAND LACE WHITE,5378.41,1235,266,15
23494,VINTAGE DOILY DELUXE SEWING KIT ,5377.81,813,208,13
22175,PINK OWL SOFT TOY,5372.77,1850,381,11
21993,FLORAL FOLK STATIONERY SET,5366.54,2907,603,11
35832,WOOLLY HAT SOCK GLOVE ADVENT STRING,5347.75,1739,192,9
22030,SWALLOWS GREETING CARD,5333.92,13059,716,12
84950,ASSORTED COLOUR T-LIGHT HOLDER,5331.65,8027,289,8
22998,TRAVEL CARD WALLET KEEP CALM,5314.9,12490,546,6
22896,PEG BAG APPLES DESIGN,5299.12,2096,380,10
22564,ALPHABET STENCIL CRAFT,5296.4,4630,361,6
85132A,CHARLIE + LOLA BISCUITS TINS,5293.38,1365,260,8
22472,TV DINNER TRAY DOLLY GIRL,5275.94,1115,261,14
21718,RED METAL BEACH SPADE ,5274.07,4047,476,7
22433,WATERING CAN GREEN DINOSAUR,5271.06,2818,436,14
21713,CITRONELLA CANDLE FLOWERPOT,5254.66,2783,411,4
21071,VINTAGE BILLBOARD DRINK ME MUG,5252.7,4475,513,6
22894,TABLECLOTH RED APPLES DESIGN ,5228.78,569,198,10
22117,METAL SIGN HER DINNER IS SERVED ,5222.49,1769,234,11
22691,DOORMAT WELCOME SUNRISE,5221.99,761,221,8
23132,SMALL IVORY HEART WALL ORGANISER,5219.1,1034,155,4
22509,SEWING BOX RETROSPOT DESIGN ,5215.01,394,192,11
21872,GLAMOROUS  MUG,5213.49,5125,345,8
22426,ENAMEL WASH BOWL CREAM,5198.99,1348,380,9
22374,AIRLINE BAG VINTAGE JET SET RED,5197.47,1042,445,13
23263,SET OF 3 WOODEN HEART DECORATIONS,5184.69,3893,487,11
22412,METAL SIGN NEIGHBOURHOOD WITCH ,5182.86,2417,419,5
23157,SET OF 6 NATIVITY MAGNETS ,5170.1,2570,171,11
22593,CHRISTMAS GINGHAM STAR,5169.16,5812,442,16
22610,PENS ASSORTED FUNNY FACE,5153.28,12757,292,6
20977,36 PENCILS TUBE WOODLAND,5149.99,3856,503,17
23165,LARGE CERAMIC TOP STORAGE JAR,5147.66,3118,286,9
21471,STRAWBERRY RAFFIA FOOD COVER,5144.38,1419,326,7
23162,REGENCY TEA STRAINER,5143.69,1412,176,9
21495,SKULLS WRAP,5140.3,12515,378,11
22956,36 FOIL HEART CAKE CASES,5130.22,2617,296,15
22075,6 RIBBONS ELEGANT CHRISTMAS ,5122.94,3384,386,7
22318,FIVE HEART HANGING DECORATION,5119.71,1626,408,15
21544,SKULLS  WATER TRANSFER TATTOOS ,5119.69,6131,522,13
22732,3D VINTAGE CHRISTMAS STICKERS ,5115.26,3856,360,11
22276,WASH BAG VINTAGE ROSE PAISLEY,5112.83,1956,392,20
21706,"FOLDING UMBRELLA , RED/WHITE SPOT",5111.71,1360,263,12
21578,WOODLAND DESIGN  COTTON TOTE BAG,5108.42,2224,397,21
23397,FOOT STOOL HOME SWEET HOME ,5097.65,489,217,7
23234,BISCUIT TIN VINTAGE CHRISTMAS,5088.45,1725,280,12
21056,DOCTOR'S BAG SOFT TOY,5086.63,559,199,12
23295,SET OF 12 MINI LOAF BAKING CASES,5078.43,6140,455,15
23198,PANTRY MAGNETIC  SHOPPING LIST,5068.4,3346,489,15
46000S,POLYESTER FILLER PAD 40x40cm,5054.7,3486,383,10
22107,PIZZA PLATE IN BOX,5050.01,1280,395,9
22583,PACK OF 6 HANDBAG GIFT BOXES,5044.8,1903,380,16
23314,VINTAGE CHRISTMAS TABLECLOTH,5037.96,409,119,5
22604,SET OF 4 NAPKIN CHARMS CUTLERY,5029.02,2045,265,9
22957,SET 3 PAPER VINTAGE CHICK PAPER EGG,5023.5,1778,219,14
21896,POTTING SHED TWINE,5011.31,2412,303,7
22688,DOORMAT PEACE ON EARTH BLUE,5000.6,899,99,7
84796B,BLUE SAVANNAH PICNIC HAMPER FOR 2,4999.79,600,182,6
23310,BUBBLEGUM RING ASSORTED,4997.28,12050,246,10
47568,ENGLISH ROSE DESIGN PEG BAG,4993.52,2389,416,10
23556,LANDMARK FRAME COVENT GARDEN ,4974.51,439,56,2
85184C,S/4 VALENTINE DECOUPAGE HEART BOX,4953.66,2296,357,12
23570,TRADITIONAL PICK UP STICKS GAME ,4944.37,2782,293,8
20963,APPLE BATH SPONGE,4937.62,3646,543,12
22574,HEART WOODEN CHRISTMAS DECORATION,4930.01,5386,443,13
22800,ANTIQUE TALL SWIRLGLASS TRINKET POT,4924.62,1211,289,4
20961,STRAWBERRY BATH SPONGE ,4901.57,3684,549,13
23010,CIRCUS PARADE BABY GIFT SET,4896.55,316,112,11
20681,PINK SPOTTY CHILDS UMBRELLA,4882.54,1436,355,15
23351,ROLL WRAP 50'S CHRISTMAS,4880.65,3539,361,10
21534,DAIRY MAID LARGE MILK JUG,4877.81,959,364,4
22027,TEA PARTY BIRTHDAY CARD,4877.11,11459,864,19
22128,PARTY CONES CANDY ASSORTED,4872.09,4013,202,17
23503,PLAYING CARDS KEEP CALM & CARRY ON,4864.3,3646,345,8
21249,WOODLAND  HEIGHT CHART STICKERS ,4862.04,1686,269,16
22442,GROW YOUR OWN FLOWERS SET OF 3,4852.77,877,181,9
22474,SPACEBOY TV DINNER TRAY,4845.06,987,269,15
84270,ASSTD DESIGN BUBBLE GUM RING,4840.47,23013,482,9
21328,BALLOONS  WRITING SET ,4836.13,2535,685,9
23554,LANDMARK FRAME OXFORD STREET,4830.53,424,59,2
23555,LANDMARK FRAME NOTTING HILL ,4818.07,424,54,2
22304,COFFEE MUG BLUE PAISLEY DESIGN,4816.98,2428,177,9
21916,SET 12 RETRO WHITE CHALK STICKS,4815.77,11154,748,8
85049G,CHOCOLATE BOX RIBBONS ,4813.65,3902,546,12
22434,BALLOON PUMP WITH 10 BALLOONS,4811.49,2587,299,12
21986,PACK OF 12 PINK SPOT TISSUES ,4808.57,13536,487,13
72807B,SET/3 OCEAN SCENT CANDLE JEWEL BOX,4803.03,1093,241,8
22399,MAGNETS PACK OF 4 CHILDHOOD MEMORY,4799.6,4092,285,15
23389,SPACEBOY MINI BACKPACK,4780.54,1122,244,13
22305,COFFEE MUG PINK PAISLEY DESIGN,4777.83,2293,148,8
22672,FRENCH BATHROOM SIGN BLUE METAL,4775.95,2870,383,9
23159,SET OF 5 PANCAKE DAY MAGNETS,4771.76,2321,230,19
23184,BULL DOG BOTTLE OPENER,4764.5,874,266,9
23569,TRADTIONAL ALPHABET STAMP SET,4752.31,961,202,11
23286,BLUE VINTAGE SPOT BEAKER,4747.62,5048,222,14
21811,CHRISTMAS HANGING HEART WITH BELL,4742.29,6461,429,8
22736,RIBBON REEL MAKING SNOWMEN ,4742.23,2633,446,12
23558,LANDMARK FRAME LONDON BRIDGE ,4741.37,418,55,2
22601,CHRISTMAS RETROSPOT ANGEL WOOD,4732.39,5425,445,15
22562,MONSTERS STENCIL CRAFT,4726.05,4013,412,10
22451,SILK PURSE BABUSHKA RED,4725.49,1397,267,12
82581,TOILET METAL SIGN,4712.05,8507,942,11
23241,TREASURE TIN GYMKHANA DESIGN,4709.07,2184,374,16
21506,"FANCY FONT BIRTHDAY CARD, ",4707.38,11302,694,14
84031A,CHARLIE+LOLA RED HOT WATER BOTTLE ,4706.52,1153,333,10
23176,ABC TREASURE BOOK BOX ,4697.58,2167,229,17
21864,UNION JACK FLAG PASSPORT COVER ,4692.08,1965,431,5
22743,MAKE YOUR OWN FLOWERPOWER CARD KIT,4684.21,1539,378,10
22721,SET OF 3 CAKE TINS SKETCHBOOK,4678.71,1022,300,12
22926,IVORY GIANT GARDEN THERMOMETER,4655.97,762,247,8
15044B,BLUE PAPER PARASOL ,4655.94,1673,192,7
21990,MODERN FLORAL STATIONERY SET,4646.23,2500,519,10
10135,COLOURING PENCILS BROWN TUBE,4642.6,4273,339,7
22573,STAR WOODEN CHRISTMAS DECORATION,4631.33,5127,434,12
37447,CERAMIC CAKE DESIGN SPOTTED PLATE,4625.49,2934,374,13
22760,"TRAY, BREAKFAST IN BED",4608.86,361,124,9
51014A,"FEATHER PEN,HOT PINK",4603.92,6748,385,11
22747,POPPY'S PLAYHOUSE BATHROOM,4602.72,2088,430,15
22594,CHRISTMAS GINGHAM TREE,4599.97,5011,431,14
21878,PACK OF 6 SANDCASTLE FLAGS ASSORTED,4595.79,5596,418,7
22908,PACK OF 20 NAPKINS RED APPLES,4590.55,5674,510,14
21068,VINTAGE BILLBOARD LOVE/HATE MUG,4587.91,4398,400,8
21564,PINK  HEART SHAPE LOVE BUCKET ,4580.57,1968,301,10
21064,BOOM BOX SPEAKER BOYS,4578.19,909,185,8
21109,"LARGE CAKE TOWEL, CHOCOLATE SPOTS",4573.15,1185,237,8
23285,PINK VINTAGE SPOT BEAKER,4572.41,4807,192,14
15044D,RED PAPER PARASOL,4568.51,1598,231,7
23404,HOME SWEET HOME BLACKBOARD,4561.76,1011,169,7
23168,CLASSIC SUGAR DISPENSER,4559.92,3292,343,8
23275,SET OF 3 HANGING OWLS OLLIE BEAK,4557.97,3749,341,11
85184D,S/4 BLUE ROUND DECOUPAGE BOXES,4549.73,8312,67,8
22449,SILK PURSE BABUSHKA PINK,4548.79,1373,327,19
21537,RETRO SPOTS PUDDING BOWL,4547.84,1054,273,12
22733,3D TRADITIONAL CHRISTMAS STICKERS,4543.52,3526,365,12
22312,OFFICE MUG WARMER POLKADOT,4543.25,1321,295,15
21614,SET OF 12 ROSE BOTANICAL T-LIGHTS,4541.12,1628,198,8
84279P, CHERRY BLOSSOM  DECORATIVE FLASK,4540.55,1157,309,12
84997b,RED 3 PIECE RETROSPOT CUTLERY SET,4534.32,539,90,1
23309,SET OF 60 I LOVE LONDON CAKE CASES ,4527.2,8332,430,8
21143,ANTIQUE GLASS HEART DECORATION ,4526.78,2255,212,4
20966,SANDWICH BATH SPONGE,4518.18,3165,455,9
23163,REGENCY SUGAR TONGS,4515.22,1832,209,7
23112,PARISIENNE CURIO CABINET,4514.58,547,242,12
22299,PIG KEYRING WITH LIGHT & SOUND ,4507.13,3967,209,9
21810,CHRISTMAS HANGING STAR WITH BELL,4496.76,7114,378,6
84968E,S/16 VINTAGE BLACK CUTLERY,4490.48,387,98,5
21967,PACK OF 12 SKULL TISSUES,4484.51,15917,515,13
22548,HEADS AND TAILS SPORTING FUN,4483.1,3585,463,11
72807A,SET/3 ROSE CANDLE IN JEWELLED BOX,4476.62,972,233,9
23167,SMALL CERAMIC TOP STORAGE JAR ,4476.01,5847,238,11
23530,WALL ART ONLY ONE PERSON ,4465.97,1062,88,5
21012,ANTIQUE ALL GLASS CANDLESTICK,4457.0,2365,314,3
22291,"SPRING DEC , HANGING CHICK CREAM",4456.43,3223,276,5
84969,ASSORTED COLOUR SET 6 TEASPOONS,4453.88,1000,354,13
23288,GREEN VINTAGE SPOT BEAKER,4444.23,4625,186,12
22071,SMALL RETRO SPOT MUG IN BOX  WHITE,4442.25,1552,273,15
22227,"DECORATION, HANGING HEART+MIRROR ",4436.86,6151,679,5
21913,VINTAGE SEASIDE JIGSAW PUZZLES,4430.7,1157,311,14
79341,WILLOW BRANCH LIGHTS.,4423.69,725,80,2
22202,MILK PAN PINK RETROSPOT,4415.12,1094,273,9
20674,GREEN SPOTTY BOWL,4414.8,3462,476,16
22744,MAKE YOUR OWN MONSOON CARD KIT,4414.19,1565,324,10
21899,"KEY FOB , GARAGE DESIGN",4411.73,6804,655,6
22425,ENAMEL COLANDER CREAM,4406.75,867,312,8
47580,TEA TIME DES TEA COSY,4405.46,1697,363,12
85053,FRENCH ENAMEL CANDLEHOLDER,4401.12,2046,397,12
72802B,OCEAN SCENT CANDLE IN JEWELLED BOX,4394.94,1590,222,6
20665,RED SPOTTY PURSE ,4377.37,1368,364,17
22797,CHEST OF DRAWERS GINGHAM HEART ,4375.26,250,146,7
22892,SET OF SALT AND PEPPER TOADSTOOLS,4374.56,3562,299,10
15039,SANDALWOOD FAN,4361.73,5119,313,8
84598,BOYS ALPHABET IRON ON PATCHES,4360.46,20799,221,6
79320, FLAMINGO LIGHTS,4357.38,904,150,7
23349,ROLL WRAP VINTAGE CHRISTMAS,4355.1,3231,348,8
22611,VINTAGE UNION JACK SHOPPING BAG,4353.75,909,202,8
22497,SET OF 2 TINS VINTAGE BATHROOM ,4349.33,947,291,13
22530,MAGIC DRAWING SLATE DOLLY GIRL ,4344.84,10274,495,15
20967,GREY FLORAL FELTCRAFT SHOULDER BAG,4338.83,1144,327,11
22600,CHRISTMAS RETROSPOT STAR WOOD,4320.05,4961,452,15
21355,TOAST ITS - I LOVE YOU ,4315.58,3527,361,11
22454,MEASURING TAPE BABUSHKA RED,4310.84,1540,194,13
21556,CERAMIC STRAWBERRY MONEY BOX,4310.55,1628,305,9
20982,12 PENCILS TALL TUBE SKULLS,4309.25,4928,608,13
22285,"DECORATION HEN ON NEST, HANGING",4307.53,2739,278,6
21245,GREEN  SPOTTY PLATE ,4305.54,2589,316,16
21153,RED SPOTTY TABLECLOTH ,4294.69,393,139,8
23050,RECYCLED ACAPULCO MAT GREEN,4286.55,497,205,12
22723,SET OF 6 HERB TINS SKETCHBOOK,4282.57,1169,303,10
23237,SET OF 4 KNICK KNACK TINS LEAVES ,4278.54,1054,178,12
21470,FLOWER VINE RAFFIA FOOD COVER,4269.92,1121,331,6
22851,SET 20 NAPKINS FAIRY CAKES DESIGN ,4250.11,5221,560,10
70006,LOVE HEART POCKET WARMER,4239.52,4482,315,11
21609,SET 12 LAVENDER  BOTANICAL T-LIGHTS,4239.4,1516,228,6
22807,SET OF 6 T-LIGHTS TOADSTOOLS,4229.82,1421,314,9
23089,GLASS BON BON JAR,4217.73,2355,229,6
21707,"FOLDING UMBRELLA , BLACK/BLUE  SPOT",4209.7,1010,175,10
21743,STAR PORTABLE TABLE LIGHT ,4209.57,1447,203,3
23012,GLASS APOTHECARY BOTTLE PERFUME,4208.96,1074,251,11
23144,ZINC T-LIGHT HOLDER STARS SMALL,4197.83,5089,275,10
22127,PARTY CONES CARNIVAL ASSORTED,4190.61,3498,162,12
21474,SWEETHEART CREAM STEEL FOLDIN BENCH,4189.5,210,94,4
84580,MOUSE TOY WITH PINK T-SHIRT,4163.45,1086,466,10
21901,"KEY FOB , BACK DOOR ",4158.86,6300,733,4
23110,PARISIENNE KEY CABINET ,4158.68,702,257,12
21590,KINGS CHOICE CIGAR BOX MATCHES ,4151.28,3456,302,3
23486,ANTIQUE HEART SHELF UNIT,4145.47,275,74,4
21349,IVY HEART WREATH,4139.33,567,180,9
84596B,SMALL DOLLY MIX DESIGN ORANGE BOWL,4131.54,6301,750,11
20981,12 PENCILS TALL TUBE WOODLAND,4125.99,4782,533,19
21911,GARDEN METAL SIGN ,4125.64,2569,355,7
72349B,SET/6 PURPLE BUTTERFLY T-LIGHTS,4125.6,2025,300,3
23306,SET OF 36 DOILIES PANTRY DESIGN,4123.38,2808,279,13
22359,GLASS JAR KINGS CHOICE,4120.07,1297,212,7
22778,GLASS CLOCHE SMALL,4119.49,1045,212,7
22125,UNION JACK HOT WATER BOTTLE ,4118.84,658,194,4
21812,GARLAND WITH HEARTS AND BELLS,4116.57,841,216,9
21472,LADYBIRD + BEE RAFFIA FOOD COVER,4115.32,1066,292,6
21679,SKULLS  STICKERS,4109.15,4955,381,10
16161U,"WRAP,SUKI AND FRIENDS",4105.92,10076,320,13
23255,CHILDRENS CUTLERY CIRCUS PARADE,4101.37,1015,159,17
22731,3D CHRISTMAS STAMPS STICKERS ,4099.41,3061,289,7
22639,SET OF 4 NAPKIN CHARMS HEARTS,4097.54,1679,294,6
23193,BUFFALO BILL TREASURE BOOK BOX,4097.28,1930,181,11
22777,GLASS CLOCHE LARGE,4092.06,483,110,3
22284,HEN HOUSE DECORATION,4090.4,2508,314,4
22314,OFFICE MUG WARMER CHOC+BLUE,4088.83,1163,271,13
23194,GYMKHANNA TREASURE BOOK BOX,4086.37,1839,221,12
23009,I LOVE LONDON BABY GIFT SET,4082.52,263,103,8
22788,BROCANTE COAT RACK,4073.41,486,91,7
35924,HANGING FAIRY CAKE DECORATION,4068.32,2171,198,8
18097C,WHITE TALL PORCELAIN T-LIGHT HOLDER,4067.68,1818,226,4
22245,"HOOK, 1 HANGER ,MAGIC GARDEN",4063.49,4717,432,17
21717,EASTER TIN BUCKET,4062.54,1562,180,12
21055,TOOL BOX SOFT TOY ,4059.16,407,234,14
21648,ASSORTED TUTTI FRUTTI SMALL PURSE,4056.71,2997,245,9
23340,VINTAGE CHRISTMAS CAKE FRILL,4053.88,2512,153,3
22445,PENCIL CASE LIFE IS BEAUTIFUL,4052.12,1321,298,14
23081,GREEN METAL BOX ARMY SUPPLIES,4046.5,484,140,9
21192,WHITE BELL HONEYCOMB PAPER ,4043.89,2237,243,3
22057,CERAMIC PLATE STRAWBERRY DESIGN,4043.02,3081,264,7
85206A,CREAM FELT EASTER EGG BASKET,4034.06,2358,327,11
21034,REX CASH+CARRY JUMBO SHOPPER,4028.0,4240,2189,9
22053,EMPIRE DESIGN ROSETTE,4023.39,4553,89,4
22959,WRAP CHRISTMAS VILLAGE,4008.42,9801,287,13
21987,PACK OF 6 SKULL PAPER CUPS,4001.71,6438,399,15
23129,HEART SHAPED HOLLY WREATH,3999.5,950,172,10
85123a,WHITE HANGING HEART T-LIGHT HOLDER,3992.39,597,101,1
23130,MISTLETOE HEART WREATH GREEN,3988.98,962,184,5
21813,GARLAND WITH STARS AND BELLS,3987.4,848,200,5
22612,TEA COSY VINTAGE UNION JACK,3984.99,1001,111,4
22118,JOY WOODEN BLOCK LETTERS,3984.85,823,293,5
22536,MAGIC DRAWING SLATE PURDEY,3980.29,10169,396,10
22475,SKULL DESIGN TV DINNER TRAY,3940.48,781,268,8
21846,PINK DIAMANTE PEN IN GIFT BOX,3937.4,1649,275,5
22965,3 TRADITIONAl BISCUIT CUTTERS  SET,3936.95,1890,275,13
46000M,POLYESTER FILLER PAD 45x45cm,3932.35,2537,358,9
37340,MULTICOLOUR SPRING FLOWER MUG,3932.18,13680,212,5
22272,FELTCRAFT DOLL MARIA,3930.96,1397,317,13
23557,LANDMARK FRAME BAKER STREET ,3930.27,350,32,1
72802A,ROSE SCENT CANDLE IN JEWELLED BOX,3925.9,946,193,7
22579,WOODEN TREE CHRISTMAS SCANDINAVIAN,3923.47,7291,595,11
22980,PANTRY SCRUBBING BRUSH,3914.96,2366,297,11
22843,BISCUIT TIN VINTAGE GREEN,3912.51,603,185,9
21351,CINAMMON & ORANGE WREATH,3911.1,1132,185,5
23049,RECYCLED ACAPULCO MAT RED,3896.84,456,186,12
21627,ELEPHANT CARNIVAL POUFFE,3885.73,201,120,5
22591,CARDHOLDER GINGHAM CHRISTMAS TREE,3884.75,1359,212,7
22790,"MIRROR, ARCHED GEORGIAN",3884.0,200,1,1
23552,BICYCLE PUNCTURE REPAIR KIT ,3883.99,1864,124,6
21067,VINTAGE RED TEATIME MUG,3883.22,4800,279,9
22962,JAM JAR WITH PINK LID,3878.85,4638,382,19
22162,HEART GARLAND RUSTIC PADDED,3877.46,1261,279,4
23032,DRAWER KNOB CRACKLE GLAZE IVORY,3876.78,2342,207,10
21447,12 IVORY ROSE PEG PLACE SETTINGS,3872.64,2799,349,9
22478,BIRDHOUSE GARDEN MARKER ,3867.19,2784,322,11
85040B,SET/4 BLUE FLOWER CANDLES IN BOWL,3865.05,2480,268,4
22494,EMERGENCY FIRST AID TIN ,3857.23,2860,486,22
21329,DINOSAURS  WRITING SET ,3857.2,2126,583,6
22774,RED DRAWER KNOB ACRYLIC EDWARDIAN,3856.28,2981,197,8
71038,WHITE HANGING BEADS CANDLE HOLDER,3854.65,729,150,2
23253,16 PIECE CUTLERY SET PANTRY DESIGN,3848.86,258,70,9
22589,CARDHOLDER GINGHAM STAR,3845.52,1389,258,9
23131,MISTLETOE HEART WREATH CREAM,3840.13,943,117,5
23111,PARISIENNE SEWING BOX,3839.24,312,139,9
22544,MINI JIGSAW SPACEBOY,3826.98,9545,360,16
84558A,3D DOG PICTURE PLAYING CARDS,3825.78,1324,227,6
22765,NEWSPAPER STAND,3825.25,338,58,4
21100,CHARLIE AND LOLA CHARLOTTE BAG,3824.13,2553,280,8
22458,CAST IRON HOOK GARDEN FORK,3820.95,1532,181,4
85049C,ROMANTIC PINKS RIBBONS ,3817.55,3037,524,16
21845,DAIRY MAID STRIPE MUG,3812.3,2540,161,5
22398,MAGNETS PACK OF 4 SWALLOWS,3809.15,4334,451,14
23542,WALL ART 70'S ALPHABET ,3800.16,506,89,7
22292,"SPRING DEC , HANGING CHICK  YELLOW",3797.02,2794,239,5
22769,CHALKBOARD KITCHEN ORGANISER,3795.68,179,47,3
21486,PINK HEART DOTS HOT WATER BOTTLE,3794.05,1154,310,7
84016,FLAG OF ST GEORGE CAR FLAG,3791.67,1004,62,2
23299,FOOD COVER WITH BEADS SET 2 ,3784.13,1015,148,9
84356,POMPOM CURTAIN,3777.99,751,134,7
23092,LARGE ANTIQUE WHITE PHOTO FRAME,3773.58,525,136,5
85232D,SET/3 DECOUPAGE STACKING TINS,3766.17,724,237,17
23127,DOLLCRAFT GIRL NICOLE,3763.95,737,197,10
85114B,IVORY ENCHANTED FOREST PLACEMAT,3747.89,2076,235,7
22461,SAVOY ART DECO CLOCK,3735.28,417,152,1
21795,SET OF 3 BLUE STRIPE BASKET,3734.94,441,80,2
23091,ZINC HERB GARDEN CONTAINER,3725.07,591,217,4
23182,TOILET SIGN OCCUPIED OR VACANT,3718.09,3777,446,5
23064,CINDERELLA CHANDELIER ,3717.56,221,23,4
22782,SET 3 WICKER STORAGE BASKETS ,3712.3,254,84,6
22166,"WALL MIRROR , RECT DIAMANTE, PINK/",3705.49,454,166,1
21866,UNION JACK FLAG LUGGAGE TAG,3703.64,2227,484,6
20692,FLORAL ELEPHANT SOFT TOY,3699.76,912,144,6
21246,RED SPOTTY BIG BOWL,3695.53,751,210,16
85040A,S/4 PINK FLOWER CANDLES IN BOWL,3684.56,2090,424,10
84352,SILVER CHRISTMAS TREE BAUBLE STAND ,3684.13,216,133,7
22902,TOTE BAG I LOVE LONDON,3680.88,1797,218,9
23013,GLASS APOTHECARY BOTTLE TONIC,3678.11,925,225,8
20785,FUSCHIA RETRO BAR STOOL,3672.35,102,37,2
23497,CLASSIC CHROME BICYCLE BELL ,3660.37,2561,202,12
21784,SHOE SHINE BOX ,3657.68,302,187,6
23191,BUNDLE OF 3 RETRO NOTE BOOKS,3656.94,2218,293,9
22823,CHEST NATURAL WOOD 20 DRAWERS,3655.0,32,18,3
22944,CHRISTMAS METAL POSTCARD WITH BELLS,3646.62,4913,168,9
21054,NURSE'S BAG SOFT TOY,3645.4,394,190,10
22704,WRAP RED APPLES ,3638.26,8853,302,14
22095,LADS ONLY TISSUE BOX,3637.62,3379,321,2
21509,COWBOYS AND INDIANS BIRTHDAY CARD ,3637.03,8817,636,11
22603,CHRISTMAS RETROSPOT TREE WOOD,3635.56,4225,416,14
23085,ANTIQUE SILVER BAUBLE LAMP  ,3635.23,381,87,4
23294,SET OF 6 SNACK LOAF BAKING CASES,3631.05,4420,365,15
22452,MEASURING TAPE BABUSHKA PINK,3629.1,1371,263,15
84968F,S/16 VINTAGE SKY BLUE CUTLERY,3622.76,301,134,9
23210,WHITE ROCKING HORSE HAND PAINTED,3617.78,2902,207,13
21191,LARGE WHITE HONEYCOMB PAPER BELL  ,3610.52,1544,215,5
22176,BLUE OWL SOFT TOY,3598.8,1201,271,12
22531,MAGIC DRAWING SLATE CIRCUS PARADE  ,3591.98,8314,435,14
20886,BOX OF 9 PEBBLE CANDLES,3589.5,1793,326,8
21794,CLASSIC FRENCH STYLE BASKET NATURAL,3585.98,716,181,3
22334,DINOSAUR PARTY BAG + STICKER SET,3582.06,2248,271,10
21179,NO JUNK MAIL METAL SIGN,3570.87,4322,529,8
20784,RED RETRO BAR STOOL,3570.87,101,37,1
23332,IVORY WICKER HEART LARGE,3570.76,2076,301,5
22320,BIRDS MOBILE VINTAGE DESIGN,3568.82,602,182,19
22939,APRON APPLE DELIGHT,3560.35,708,188,11
82494l,WOODEN FRAME ANTIQUE WHITE ,3545.55,424,88,1
22076,6 RIBBONS EMPIRE  ,3542.43,2380,393,10
22428,ENAMEL FIRE BUCKET CREAM,3540.58,480,203,3
22862,LOVE HEART NAPKIN BOX ,3538.76,790,241,6
22822,CREAM WALL PLANTER HEART SHAPED,3534.77,608,194,5
20786,BLACK RETRO BAR STOOL,3533.9,99,32,1
47505,MINATURE COLOURED GARDENING SET,3532.37,738,181,8
23353,6 GIFT TAGS VINTAGE CHRISTMAS ,3517.52,4016,335,11
22309,TEA COSY RED  STRIPE,3517.33,1344,278,10
21466,RED FLOWER CROCHET FOOD COVER,3517.29,937,280,4
21469,POLKA DOT RAFFIA FOOD COVER,3512.01,1173,213,4
23189,SET OF 12 FORK CANDLES,3507.51,1249,142,8
21507,"ELEPHANT, BIRTHDAY CARD, ",3495.4,8322,590,14
23232,WRAP VINTAGE PETALS  DESIGN,3478.92,8626,243,8
37501,TEA TIME TEA SET IN GIFT BOX,3478.66,490,183,12
21327,SKULLS WRITING SET ,3476.94,1967,521,6
21902,"KEY FOB , FRONT  DOOR ",3472.74,5457,502,6
22762,CUPBOARD 3 DRAWER MA CAMPAGNE,3468.1,216,138,8
22183,CAKE STAND VICTORIAN FILIGREE MED,3465.22,613,220,3
22440,BALLOON WATER BOMB PACK OF 35,3463.67,8676,320,7
22764,"RUSTIC WOODEN CABINET, GLASS DOORS",3462.49,183,25,3
21364,PEACE SMALL WOOD LETTERS,3461.72,476,173,2
23350,ROLL WRAP VINTAGE SPOT ,3456.33,2721,314,8
22172,METAL SHELF WITH RAIL ,3451.82,378,186,7
23426,METAL SIGN DROP YOUR PANTS,3450.21,1277,210,7
23388,WOODLAND MINI BACKPACK,3448.69,825,157,11
22503,CABIN BAG VINTAGE PAISLEY,3447.2,149,57,10
21039,RED SPOTTY SHOPPING BAG,3445.67,1319,233,12
23536,WALL ART VILLAGE SHOW ,3442.13,626,85,5
22154,ANGEL DECORATION 3 BUTTONS ,3440.73,7986,354,5
22459,CAST IRON HOOK GARDEN TROWEL,3440.58,1394,182,6
23065,LARGE DECO JEWELLERY STAND,3439.94,274,100,6
23156,SET OF 5 MINI GROCERY MAGNETS,3437.85,1672,212,13
22972,CHILDREN'S SPACEBOY MUG,3436.61,2001,269,10
21123,SET/10 IVORY SPOTTY PARTY CANDLES,3435.56,2785,263,15
23354,6 GIFT TAGS 50'S CHRISTMAS ,3431.89,3743,332,10
84031B,CHARLIE LOLA BLUE HOT WATER BOTTLE ,3428.64,868,289,10
23014,GLASS APOTHECARY BOTTLE ELIXIR,3427.48,858,213,9
84472,PINK AND LILAC QUILTED THROW ,3402.32,87,30,3
23239,SET OF 4 KNICK KNACK TINS POPPIES,3399.49,853,186,11
22794,SWEETHEART WIRE MAGAZINE RACK,3399.24,402,217,6
22477,WATERING CAN GARDEN MARKER,3398.03,2443,284,9
21211,SET OF 72 SKULL PAPER  DOILIES,3390.29,2422,244,11
20702,PINK PADDED MOBILE,3385.95,803,257,17
44230,SQUARE MIRROR CURTAIN,3381.62,347,53,2
21830,ASSORTED CREEPY CRAWLIES,3380.94,8119,278,4
22792,FLUTED ANTIQUE CANDLE HOLDER,3380.5,3632,280,3
22891,TEA FOR ONE POLKADOT,3379.44,692,252,7
18098C,PORCELAIN BUTTERFLY OIL BURNER,3375.76,1264,261,4
22223,CAKE PLATE LOVEBIRD PINK,3374.78,728,179,10
22419,LIPSTICK PEN RED,3374.55,7067,539,11
22047,EMPIRE GIFT WRAP,3372.0,8300,263,7
84813,SET OF 4 DIAMOND NAPKIN RINGS,3364.5,426,101,2
84797A,PINK HAWAIIAN PICNIC HAMPER FOR 4,3361.25,481,44,4
21917,SET 12 KIDS  WHITE CHALK STICKS,3358.33,8082,485,15
84828,JUNGLE POPSICLES ICE LOLLY HOLDERS,3352.8,2521,367,14
22136,LOVE HEART SOCK HANGER,3348.92,2000,280,9
21352,EUCALYPTUS & PINECONE  WREATH,3340.71,917,171,3
15058B,PINK WHITE SPOTS GARDEN PARASOL,3327.67,438,156,10
22572,ROCKING HORSE GREEN CHRISTMAS ,3326.77,3686,401,13
22773,GREEN DRAWER KNOB ACRYLIC EDWARDIAN,3321.28,2495,243,7
22863,SOAP DISH BROCANTE,3314.12,1156,184,13
84849B,FAIRY SOAP SOAP HOLDER,3309.99,1972,301,11
84510A,SET OF 4 ENGLISH ROSE COASTERS,3309.21,2439,491,12
84975,HEART SHAPED MIRROR,3308.65,2015,221,5
23395,BELLE JARDINIERE CUSHION COVER,3305.83,761,220,10
22963,JAM JAR WITH GREEN LID,3304.66,3955,350,15
22281,EASTER TREE YELLOW BIRDS,3303.71,514,151,7
21111,"SWISS ROLL TOWEL, CHOCOLATE  SPOTS",3300.6,1409,226,11
21829,DINOSAUR KEYRINGS ASSORTED,3297.92,15269,424,13
21820,GLITTER HEART GARLAND WITH BELLS ,3297.75,836,200,4
22122,SET OF 2 FANCY FONT TEA TOWELS,3295.98,1097,198,6
84944,SET OF 6 KASHMIR FOLKART BAUBLES,3291.53,1168,207,8
37410,BLACK AND WHITE PAISLEY FLOWER MUG,3288.65,25707,33,2
21467,CHERRY CROCHET FOOD COVER,3286.25,1031,262,9
20992,JAZZ HEARTS PURSE NOTEBOOK,3285.58,6224,464,6
23308,SET OF 60 VINTAGE LEAF CAKE CASES ,3279.21,6151,394,13
22967,SET 3 SONG BIRD PAPER EGGS ASSORTED,3277.31,1173,139,11
22310,KNITTED MUG COSY IVORY COLOUR ,3272.61,1802,242,6
21333,CLASSIC WHITE FRAME,3268.8,1082,229,8
23053,RECYCLED ACAPULCO MAT PINK,3262.57,365,165,15
22313,OFFICE MUG WARMER PINK,3260.17,1023,144,11
21557,SET OF 6 FUNKY BEAKERS,3259.89,956,315,6
84997d,PINK 3 PIECE MINI DOTS CUTLERY SET,3258.31,390,86,1
21477,STRING OF 20 ROSE LIGHTS,3248.94,273,45,2
79164,BLACK WINE GLASS,3247.85,3689,96,1
22194,BLACK DINER WALL CLOCK,3246.1,377,163,9
21732,RED HANGING METAL STAR TLIGHT HLDR,3244.57,933,62,2
84837,WHITE SWEETHEARTS CABINET 4 DRAWERS,3235.54,253,146,2
23393,HOME SWEET HOME CUSHION COVER ,3230.41,807,236,9
21628,TRIANGULAR POUFFE VINTAGE ,3230.13,167,89,6
23230,WRAP ALPHABET DESIGN,3228.42,8001,236,12
23035,DRAWER KNOB CERAMIC IVORY,3226.09,2209,195,8
21949,SET OF 6 STRAWBERRY CHOPSTICKS,3224.28,2636,281,11
23051,RECYCLED ACAPULCO MAT BLUE,3223.49,365,162,11
22927,GREEN GIANT GARDEN THERMOMETER,3221.91,502,177,6
84596F,SMALL MARSHMALLOWS PINK BOWL,3218.6,4743,621,11
21473,SWEETHEART CREAM STEEL TABLE RECT,3212.16,157,90,3
22816,CARD MOTORBIKE SANTA,3210.99,7422,471,13
21705,BAG 500g SWIRLY MARBLES,3210.66,2563,235,5
22473,TV DINNER TRAY VINTAGE PAISLEY,3210.17,833,218,9
79323GR,GREEN CHERRY LIGHTS,3209.36,532,83,3
21519,GIN & TONIC DIET GREETING CARD ,3205.43,7482,563,14
85227,SET/6 3D KIT CARDS FOR KIDS,3197.07,3553,485,15
22406,MONEY BOX KINGS CHOICE DESIGN,3195.61,2523,228,8
21786,RAIN HAT WITH RED SPOTS,3193.59,7801,493,9
23342,MINT DINER WALL CLOCK,3193.41,375,165,10
22700,BLACK AND WHITE DOG BOWL,3187.86,1394,102,8
22805,BLUE DRAWER KNOB ACRYLIC EDWARDIAN,3182.73,2330,245,9
20956,PORCELAIN T-LIGHT HOLDERS ASSORTED,3179.0,2396,257,2
22325,MOBILE VINTAGE HEARTS ,3178.58,704,230,16
22702,BLACK AND WHITE CAT BOWL,3164.72,1593,99,8
21272,SALLE DE BAIN HOOK,3163.65,2384,361,8
82578,KITCHEN METAL SIGN,3160.39,5645,730,11
22372,AIRLINE BAG VINTAGE WORLD CHAMPION ,3158.25,618,299,14
84912B,GREEN ROSE WASHBAG,3156.4,1149,271,7
21765,HANGING METAL BIRD BATH,3155.89,381,154,7
23323,WHITE WICKER STAR ,3155.18,1473,306,5
15058A,BLUE WHITE SPOTS GARDEN PARASOL,3153.73,476,149,8
21408,SPOTTY PINK DUCK DOORSTOP,3146.69,719,249,8
47504K,ENGLISH ROSE GARDEN SECATEURS,3138.49,2673,324,9
22347,PIZZA SLICE DISH,3126.68,2722,116,5
22757,LARGE RED BABUSHKA NOTEBOOK ,3120.33,2721,329,10
23346,SPACEBOY BEAKER,3117.34,2632,188,12
22754,SMALL RED BABUSHKA NOTEBOOK ,3116.19,3986,521,14
22208,WOOD STAMP SET THANK YOU,3113.48,2405,458,9
22177,5 HOOK BLACKBOARD ORGANISER ,3111.41,326,126,4
22375,AIRLINE BAG VINTAGE JET SET BROWN,3109.28,615,302,9
22925,BLUE GIANT GARDEN THERMOMETER,3108.46,506,202,8
22129,PARTY CONES CANDY TREE DECORATION,3105.32,3258,177,14
22067,CHOC TRUFFLE GOLD TRINKET POT ,3105.24,1905,266,10
22037,ROBOT BIRTHDAY CARD,3096.24,7192,651,14
79072,TEATIME CAKE TIN WITH HANDLE,3093.15,285,108,6
21206,STRAWBERRY HONEYCOMB  GARLAND ,3092.65,2170,244,8
84279B,CHERRY BLOSSOM DECORATIVE FLASK,3088.17,811,218,13
23461,SWEETHEART BIRD HOUSE,3082.71,857,107,2
20985,HEART CALCULATOR,3081.76,2395,313,12
35001W,HAND OPEN SHAPE DECO.WHITE,3078.67,973,200,2
22712,CARD DOLLY GIRL ,3067.53,7447,527,18
21626,VINTAGE UNION JACK PENNANT,3060.9,1515,214,2
23329,DECORATIVE WICKER HEART LARGE,3056.34,1778,261,4
22755,SMALL PURPLE BABUSHKA NOTEBOOK ,3054.99,3833,531,12
15044C,PURPLE PAPER PARASOL,3050.88,973,237,7
21354,TOAST ITS - BEST MUM,3050.82,2534,228,9
22930,BAKING MOULD HEART MILK CHOCOLATE,3049.0,1200,198,9
22576,SWALLOW WOODEN CHRISTMAS DECORATION,3045.24,3364,365,13
23390,DOLLY GIRL MINI BACKPACK,3042.19,751,170,13
23242,TREASURE TIN BUFFALO BILL ,3037.11,1476,223,13
22402,MAGNETS PACK OF 4 VINTAGE COLLAGE,3036.47,3450,262,13
22277,COSMETIC BAG VINTAGE ROSE PAISLEY,3028.34,1443,258,14
22519,CHILDS GARDEN BRUSH PINK,3023.43,1445,269,10
22132,RED LOVE HEART SHAPE CUP,3011.51,3361,400,14
21688,SILVER PLATE CANDLE BOWL SMALL,3010.86,967,151,5
22664,TOY TIDY DOLLY GIRL DESIGN,3008.88,1446,274,11
23231,WRAP DOILEY DESIGN,3008.34,7277,260,19
84912A,PINK ROSE WASHBAG,3007.69,1097,235,7
22905,CALENDAR IN SEASON DESIGN,2998.48,1090,200,6
22184,CAKE STAND VICTORIAN FILIGREE LARGE,2997.21,402,154,6
22974,CHILDRENS DOLLY GIRL MUG,2994.29,1748,239,9
22674,FRENCH TOILET SIGN BLUE METAL,2985.09,2399,306,9
84997c,BLUE 3 PIECE POLKADOT CUTLERY SET,2984.28,356,80,1
21821,GLITTER STAR GARLAND WITH BELLS ,2983.81,736,168,4
85049D,BRIGHT BLUES RIBBONS ,2982.96,2378,418,13
22811,SET OF 6 T-LIGHTS CACTI ,2978.66,1040,149,4
22955,36 FOIL STAR CAKE CASES ,2975.57,1490,206,15
20752,RETRO BLUE SPOTTY WASHING UP GLOVES,2960.68,1536,374,11
22518,CHILDS GARDEN BRUSH BLUE,2954.45,1419,276,11
21948,SET OF 6 CAKE CHOPSTICKS,2952.69,2310,280,7
22581,WOOD STOCKING CHRISTMAS SCANDISPOT,2946.87,3653,415,10
22990,COTTON APRON PANTRY DESIGN,2942.18,638,168,10
22450,SILK PURSE BABUSHKA BLUE,2939.12,874,201,13
22983,CARD BILLBOARD FONT,2938.52,6916,571,15
22480,RED TEA TOWEL CLASSIC DESIGN,2936.83,2425,287,9
23211,RED ROCKING HORSE HAND PAINTED,2933.07,2331,164,10
22696,WICKER WREATH LARGE,2926.62,1480,315,4
22803,IVORY EMBROIDERED QUILT ,2925.49,78,45,5
22897,OVEN MITT APPLES DESIGN,2923.91,1974,306,9
21214,SET OF 72 IVORY PAPER DOILIES,2922.27,2007,203,9
23056,FLOWERS CHANDELIER T-LIGHT HOLDER,2916.87,966,43,4
22293,"SPRING DEC , HANGING CHICK  GREEN",2909.66,2066,239,5
22818,CARD CHRISTMAS VILLAGE,2899.38,6670,430,13
23290,SPACEBOY CHILDRENS BOWL,2899.1,2437,215,14
21324,HANGING MEDINA LANTERN SMALL,2898.82,1031,187,6
21709,FOLDING UMBRELLA  CHOC/WHITE  SPOT,2896.52,700,120,5
23345, DOLLY GIRL BEAKER,2891.25,2455,179,11
22949,36 DOILIES DOLLY GIRL,2888.88,2028,183,14
21693,SMALL HAMMERED SILVER CANDLEPOT ,2887.6,949,134,6
21465,PINK FLOWER CROCHET FOOD COVER,2886.89,796,190,3
21439,BASKET OF TOADSTOOLS,2881.34,2289,250,12
22914,BLUE COAT RACK PARIS FASHION,2881.3,600,186,14
23427,STOOL HOME SWEET HOME ,2873.08,238,116,5
21682,LARGE MEDINA STAMPED METAL BOWL ,2866.59,579,155,7
23212,HEART WREATH DECORATION WITH BELL,2865.89,2300,195,7
22671,FRENCH LAUNDRY SIGN BLUE METAL,2865.85,1720,256,5
21424,WOODLAND STORAGE BOX LARGE ,2861.64,955,142,8
47480,HANGING PHOTO CLIP ROPE LADDER,2858.13,1737,154,8
23504,PLAYING CARDS JUBILEE UNION JACK,2857.64,1934,221,4
85199S,SMALL HANGING IVORY/RED WOOD BIRD,2855.45,6156,518,8
22155,STAR DECORATION RUSTIC,2855.22,6332,378,4
23196,RETRO LEAVES MAGNETIC NOTEPAD,2848.04,1876,308,11
22101,MIRROR MOSAIC VOTIVE HOLDER,2847.28,1934,121,2
51014C,"FEATHER PEN,COAL BLACK",2845.78,4390,275,10
22217,T-LIGHT HOLDER HANGING LACE,2844.85,2394,220,4
21508,VINTAGE KID DOLLY CARD ,2844.16,6802,549,15
21683,MEDIUM MEDINA STAMPED METAL BOWL ,2837.13,962,157,6
22710,WRAP I LOVE LONDON ,2831.78,7209,174,10
22315,200 RED + WHITE BENDY STRAWS,2830.77,2200,407,11
22161,HEART DECORATION RUSTIC HANGING ,2825.76,6842,524,9
22145,CHRISTMAS CRAFT HEART STOCKING ,2824.06,1340,206,10
22081,RIBBON REEL FLORA + FAUNA ,2823.66,1584,316,9
22650,CERAMIC PIRATE CHEST MONEY BANK,2821.22,1852,297,12
21360,JOY LARGE WOOD LETTERS,2820.26,444,103,3
84519A,TOMATO CHARLIE+LOLA COASTER SET,2815.01,1208,206,5
22597,MUSICAL ZINC HEART DECORATION ,2811.83,4657,305,10
84754,S/15 SILVER GLASS BAUBLES IN BAG,2810.95,2213,241,4
22651,GENTLEMAN SHIRT REPAIR KIT ,2809.84,3253,292,10
22525,CHILDRENS GARDEN GLOVES PINK,2807.41,1974,343,13
21188,3D HEARTS  HONEYCOMB PAPER GARLAND,2806.8,918,135,7
21744,SNOWFLAKE PORTABLE TABLE LIGHT ,2806.35,931,237,6
22482,BLUE TEA TOWEL CLASSIC DESIGN,2805.68,2372,232,9
85183B,CHARLIE & LOLA WASTEPAPER BIN FLORA,2799.26,1775,175,9
21728,METAL MEDINA LANTERN ,2798.61,300,42,1
84909A,PINK PAISLEY QUILT ,2797.55,209,30,2
85132B,CHARLIE AND LOLA TABLE TINS,2795.9,922,126,8
85015,SET OF 12  VINTAGE POSTCARD SET,2789.19,2925,263,17
21796,SET OF 3 RED STRIPE BASKETS,2782.19,324,67,2
23396,LE JARDIN BOTANIQUE CUSHION COVER,2780.53,662,208,7
22675,FRENCH KITCHEN SIGN BLUE METAL,2778.78,2238,279,9
72800E,4 IVORY DINNER CANDLES SILVER FLOCK,2772.4,1459,314,6
21808,"CHRISTMAS GARLAND STARS,TREES",2771.78,1016,150,5
22416,36 DOILIES SPACEBOY DESIGN ,2769.24,1973,179,13
23190,BUNDLE OF 3 SCHOOL EXERCISE BOOKS  ,2761.9,1702,203,8
22231,JIGSAW TREE WITH BIRDHOUSE,2759.47,2168,311,14
85035C,ROSE 3 WICK MORRIS BOX CANDLE,2759.29,1380,212,7
23266,SET OF 3 WOODEN STOCKING DECORATION,2757.57,2064,342,9
21224,SET/4 SKULL BADGES,2756.95,2219,327,9
23147,SINGLE ANTIQUE ROSE HOOK IVORY,2755.1,1870,266,9
15058C,ICE CREAM DESIGN GARDEN PARASOL,2753.72,470,122,5
84795C,OCEAN STRIPE HAMMOCK ,2752.59,325,132,3
21818,GLITTER CHRISTMAS HEART ,2751.29,4434,326,4
23341,PINK DINER WALL CLOCK,2749.85,308,122,11
21788,KIDS RAIN MAC BLUE,2749.74,3404,217,15
22066,LOVE HEART TRINKET POT,2745.55,3458,290,9
22376,AIRLINE BAG VINTAGE JET SET WHITE,2744.57,548,262,10
47503J,SET/3 FLORAL GARDEN TOOLS IN BAG,2743.23,347,77,3
23100,SILVER BELLS TABLE DECORATION,2743.13,2169,266,9
22436,12 COLOURED PARTY BALLOONS,2739.05,4295,304,9
22524,CHILDRENS GARDEN GLOVES BLUE,2736.2,1940,300,11
22495,SET OF 2 ROUND TINS CAMEMBERT ,2735.44,956,245,13
22828,REGENCY MIRROR WITH SHUTTERS,2730.0,18,12,2
23407,SET OF 2 TRAYS HOME SWEET HOME,2729.33,267,134,7
23333,IVORY WICKER HEART MEDIUM,2721.7,2110,249,6
23164,REGENCY CAKE SLICE,2718.65,578,92,8
21096,SET/6 FRUIT SALAD  PAPER PLATES,2715.96,15924,144,8
22479,DAISY GARDEN MARKER,2714.96,1956,221,5
23489,VINTAGE BELLS GARLAND,2709.23,913,165,4
23292,SPACE BOY CHILDRENS CUP,2704.58,2182,224,15
22500,SET OF 2 TINS JARDIN DE PROVENCE,2700.56,593,208,8
72799E,IVORY PILLAR CANDLE SILVER FLOCK,2699.22,1265,192,5
22094,RED POLKA DOT TISSUE BOX,2698.52,3598,355,13
22152,PLACE SETTING WHITE STAR,2698.44,6357,257,6
22937,BAKING MOULD CHOCOLATE CUPCAKES,2695.84,1024,172,11
23264,SET OF 3 WOODEN SLEIGH DECORATIONS,2694.56,1966,317,12
22028,PENNY FARTHING BIRTHDAY CARD,2693.73,6408,516,17
22713,CARD I LOVE LONDON ,2690.93,6257,386,5
21204,DAISIES  HONEYCOMB GARLAND ,2686.35,1609,208,7
21742,LARGE ROUND WICKER PLATTER ,2683.8,442,200,3
22471,TV DINNER TRAY AIR HOSTESS ,2683.26,644,189,13
21923,RED/CREAM STRIPE FRINGE HAMMOCK,2678.54,339,120,5
22758,LARGE PURPLE BABUSHKA NOTEBOOK  ,2677.18,2476,337,11
90057,DIAMANTE RING ASSORTED IN BOX.,2675.88,1804,37,3
85049F,BABY BOOM RIBBONS ,2671.5,2140,327,15
22735,RIBBON REEL SOCKS AND MITTENS,2670.85,1499,257,10
85049B,LUSH GREENS RIBBONS,2665.8,2136,346,9
22270,HAPPY EASTER HANGING DECORATION,2664.92,692,165,8
22190,LOCAL CAFE MUG,2660.31,1428,259,5
21897,POTTING SHED CANDLE CITRONELLA,2659.06,872,114,4
21422,PORCELAIN ROSE SMALL,2655.72,3203,152,4
22439,6 ROCKET BALLOONS ,2655.54,3977,385,9
23146,TRIPLE HOOK ANTIQUE IVORY ROSE,2655.13,801,234,8
85034B,3 WHITE CHOC MORRIS BOXED CANDLES,2645.64,1195,158,7
84849D,HOT BATHS SOAP HOLDER,2645.31,1574,266,6
85034C,3 ROSE MORRIS BOXED CANDLES,2643.12,1325,212,6
90062,CARNIVAL BRACELET,2642.42,208,114,1
22146,EASTER CRAFT IVY WREATH WITH CHICK,2640.93,1417,112,7
84012,MAGIC SHEEP WOOL GROWING FROM PAPER,2638.63,1841,183,8
82597,BOMBS AWAY METAL SIGN,2624.26,1236,221,2
23054,RECYCLED ACAPULCO MAT LAVENDER,2621.43,297,131,12
22933,BAKING MOULD EASTER EGG MILK CHOC,2621.32,952,124,6
47585A,PINK FAIRY CAKE CUSHION COVER,2620.38,1086,150,9
22046,TEA PARTY  WRAPPING PAPER ,2613.5,6375,208,16
37502,TEA TIME MUG IN GIFT BOX,2611.59,872,176,8
21215, IVORY PAPER CUP CAKE CASES ,2607.3,4504,305,9
21171,BATHROOM METAL SIGN ,2601.93,1860,264,7
85035B,CHOCOLATE 3 WICK MORRIS BOX CANDLE,2598.76,999,140,5
21288,STRIPEY CHOCOLATE NESTING BOXES,2595.84,993,229,9
22415,WHITE TISSUE REAM,2591.7,326,210,4
21642,ASSORTED TUTTI FRUTTI PEN,2588.06,4425,269,5
21589,SWALLOW GIANT TUBE MATCHES,2583.45,1119,89,5
21262,WHITE GOOSE FEATHER CHRISTMAS TREE ,2583.07,640,145,7
21653,GLASS ETCHED T-LIGHT HOLDER LARGE,2576.17,1251,120,5
22342,HOME GARLAND PAINTED ZINC ,2572.58,1845,236,7
20960,WATERMELON BATH SPONGE,2570.92,1908,220,7
20668,DISCO BALL CHRISTMAS DECORATION,2570.81,21916,397,7
22829,SWEETHEART WIRE WALL TIDY,2568.07,251,125,6
22153,ANGEL DECORATION STARS ON DRESS,2565.07,5918,312,6
82567,"AIRLINE LOUNGE,METAL SIGN",2559.93,1231,500,4
21680,WOODLAND  STICKERS,2554.15,2939,277,9
21792,CLASSIC FRENCH STYLE BASKET GREEN ,2551.7,498,145,2
21898,POTTING SHED ROSE CANDLE,2544.71,829,119,3
20787,BLUE RETRO BAR STOOL,2535.1,69,32,1
21203,BUTTERFLIES  HONEYCOMB GARLAND,2530.3,1541,149,5
23424,GINGHAM RECIPE BOOK BOX,2529.42,466,136,7
23681,LUNCH BAG RED VINTAGE DOILY,2526.69,1577,134,6
22742,MAKE YOUR OWN PLAYTIME CARD KIT,2526.27,1017,191,10
21323,HANGING MEDINA LANTERN LARGE,2523.89,744,84,3
21431,GREEN GINGHAM FLOWER JEWELLERY BOX,2519.61,1488,283,11
85054,FRENCH ENAMEL POT W LID,2518.63,923,214,9
22911,PAPER CHAIN KIT LONDON,2516.3,874,177,7
22091,EMPIRE TISSUE BOX,2515.29,3202,339,7
23316,RED REFECTORY CLOCK ,2511.59,251,111,10
21616,4 PEAR BOTANICAL DINNER CANDLES,2503.58,1164,200,6
21686,MEDINA STAMPED METAL STOOL,2500.09,66,34,1
21462,"NURSERY A,B,C PAINTED LETTERS",2499.66,424,180,8
84840,SWEETHEART CARRY-ALL BASKET,2498.76,287,144,4
22789,T-LIGHT HOLDER SWEETHEART HANGING,2498.16,1276,209,2
85041,SET/4 PINK ORCHID CANDLES IN BOWL,2498.12,1858,100,3
23367,SET 12 COLOUR PENCILS SPACEBOY ,2495.75,3285,289,12
22676,FRENCH BLUE METAL DOOR SIGN 1,2491.27,1847,313,7
21924,BLUE/CREAM STRIPE FRINGE HAMMOCK,2486.66,315,124,4
84509B,FAIRY CAKE PLACEMATS,2486.54,657,202,13
85206B,PINK FELT EASTER EGG BASKET,2485.55,1543,187,5
21809,CHRISTMAS HANGING TREE WITH BELL,2484.64,3050,225,6
85116,BLACK CANDELABRA T-LIGHT HOLDER,2480.9,2040,197,6
21823,PAINTED METAL HEART WITH HOLLY BELL,2480.33,2487,238,3
22306,SILVER MUG BONE CHINA TREE OF LIFE,2474.79,1710,173,9
22021,BLUE FELT EASTER EGG BASKET,2473.21,1439,241,7
22362,GLASS JAR PEACOCK BATH SALTS,2472.48,768,259,9
22852,DOG BOWL VINTAGE CREAM,2467.11,565,160,9
21789,KIDS RAIN MAC PINK,2464.19,2950,227,16
22540,MINI JIGSAW CIRCUS PARADE ,2464.09,6286,198,14
85036A,GARDENIA 1 WICK MORRIS BOXED CANDLE,2463.96,638,183,3
23352,ROLL WRAP 50'S RED CHRISTMAS ,2462.95,1803,215,6
21330,WOODLAND ANIMAL  WRITING SET ,2460.67,1456,207,6
84509F,NEW ENGLAND PLACEMATS,2456.1,2781,46,4
21106,CREAM SLICE FLANNEL CHOCOLATE SPOT ,2455.09,801,175,10
21747,SMALL SKULL WINDMILL,2453.6,2050,155,5
21873,IF YOU CAN'T STAND THE HEAT MUG,2448.37,2079,210,5
21274,EMBOSSED HEART 3 DRAWER SHELF,2446.19,177,108,4
84795B,SUNSET CHECK HAMMOCK,2442.69,306,98,4
22448,PIN CUSHION BABUSHKA RED,2440.13,757,124,10
22537,MAGIC DRAWING SLATE DINOSAUR,2439.42,5902,371,10
22609,PENS ASSORTED SPACEBALL,2438.18,7165,207,6
22973,CHILDREN'S CIRCUS PARADE MUG,2433.43,1428,168,8
22613,PACK OF 20 SPACEBOY NAPKINS,2432.47,3065,285,14
85035A,GARDENIA 3 WICK MORRIS BOXED CANDLE,2429.81,663,194,8
23406,HOME SWEET HOME KEY HOLDER,2428.91,457,112,3
21973,SET OF 36 MUSHROOM PAPER DOILIES,2428.73,1676,211,17
22566,FELTCRAFT HAIRBAND PINK AND PURPLE,2427.25,2896,317,7
23265,SET OF 3 WOODEN TREE DECORATIONS,2423.54,1784,317,9
35001G,HAND OPEN SHAPE GOLD,2414.6,760,109,5
22321,BIRD DECORATION RED SPOT,2413.62,2608,315,16
21741,COSY SLIPPER SHOES LARGE GREEN,2411.77,739,202,8
85034A,3 GARDENIA MORRIS BOXED CANDLES,2411.07,859,149,4
22986,GINGHAM ROSE WRAP,2410.9,5845,206,15
23400,SHELF WITH 4 HOOKS HOME SWEET HOME,2409.34,461,108,4
21187,WHITE BELL HONEYCOMB PAPER GARLAND ,2409.32,1446,161,4
10133,COLOURING PENCILS BROWN TUBE,2407.59,3882,299,8
85059,FRENCH ENAMEL WATER BASIN,2403.64,702,214,5
21540,DAIRY MAID CERAMIC BUTTER DISH,2403.45,1325,89,2
21696,SMALL SILVER TRELLIS CANDLEPOT,2398.65,798,116,5
22421,LIPSTICK PEN FUSCHIA,2398.21,4816,429,8
22453,MEASURING TAPE BABUSHKA BLUE,2396.17,868,152,14
22246,"GARLAND, MAGIC GARDEN 1.8M",2389.08,1112,196,4
23028,DRAWER KNOB CRACKLE GLAZE BLUE,2387.03,1375,139,13
84818,DANISH ROSE PHOTO FRAME,2385.59,1790,216,9
23048,SET OF 10 LANTERNS FAIRY LIGHT STAR,2384.97,581,106,8
21826,EIGHT PIECE DINOSAUR SET,2383.24,1833,266,5
21824,PAINTED METAL STAR WITH HOLLY BELLS,2382.38,2803,228,5
23498,CLASSIC BICYCLE CLIPS ,2378.48,1644,106,4
21615,4 LAVENDER BOTANICAL DINNER CANDLES,2377.42,1187,175,8
22642,SET OF 4 NAPKIN CHARMS STARS   ,2376.52,1000,151,6
21464,DISCO BALL ROTATOR BATTERY OPERATED,2376.0,560,222,6
23437, 50'S CHRISTMAS GIFT BAG LARGE,2373.63,1939,131,6
47570,ENGLISH ROSE TABLE CLOTH,2373.01,220,79,5
21126,SET OF 6 GIRLS CELEBRATION CANDLES,2372.98,2343,296,14
21468,BUTTERFLY CROCHET FOOD COVER,2372.64,672,148,3
23436,GIFT BAG LARGE VINTAGE CHRISTMAS,2367.39,1979,114,6
85172,HYACINTH BULB T-LIGHT CANDLES,2361.92,4479,159,6
84459B,YELLOW METAL CHICKEN HEART ,2358.57,1480,221,5
23401,RUSTIC MIRROR WITH LACE HEART,2354.87,459,83,3
23412,HEART MIRROR ANTIQUE WHITE,2354.8,358,77,1
21437,24 HANGING EASTER EGGS FLORAL TUB,2354.67,678,115,3
21947,SET OF 6 HEART CHOPSTICKS,2351.59,1711,313,12
21708,FOLDING UMBRELLA  CREAM/MULTI  SPOT,2351.33,614,133,7
84536A,ENGLISH ROSE NOTEBOOK A7 SIZE,2349.58,5198,644,12
85107,CUT GLASS T-LIGHT HOLDER OCTAGON,2346.19,1231,78,1
85199L,LARGE HANGING IVORY & RED WOOD BIRD,2344.15,3545,281,10
85114A,BLACK ENCHANTED FOREST PLACEMAT,2341.84,1410,107,3
22251,BIRDHOUSE DECORATION MAGIC GARDEN,2340.15,1888,306,5
21804,WHITE CHRISTMAS GARLAND STARS TREES,2338.85,620,153,2
16237,SLEEPING CAT ERASERS,2337.66,10938,606,8
85114C,RED ENCHANTED FOREST PLACEMAT,2335.78,1221,174,8
22409,MONEY BOX BISCUITS DESIGN,2335.48,1720,172,12
85106,CUT GLASS HEXAGON T-LIGHT HOLDER,2333.74,1208,66,1
85176,SEWING SUSAN 21 NEEDLE SET,2331.38,2776,316,8
21651,HANGING GLASS ETCHED TEALIGHT,2327.53,1436,137,7
21819,GLITTER CHRISTMAS STAR ,2323.92,3938,268,6
23197,SKETCHBOOK MAGNETIC SHOPPING LIST,2323.8,1492,252,9
22785,SQUARECUSHION COVER PINK UNION FLAG,2318.59,427,130,5
22539,MINI JIGSAW DOLLY GIRL,2314.5,5747,264,17
23371,SET 36 COLOUR PENCILS SPACEBOY ,2313.53,1712,192,11
22363,GLASS JAR MARMALADE ,2312.25,783,174,9
22831,WHITE BROCANTE SOAP DISH,2309.9,782,144,10
20658,RED SPOTTY LUGGAGE TAG,2308.93,1623,378,9
21482,MUSHROOM BLUE HOT WATER BOTTLE,2308.56,744,189,9
22133,PINK LOVE HEART SHAPE CUP,2304.11,2508,338,12
23029,DRAWER KNOB CRACKLE GLAZE GREEN,2303.92,1352,156,13
23330,DECORATIVE WICKER HEART MEDIUM,2299.47,1804,231,4
17091J,VANILLA INCENSE IN TIN,2297.99,4086,189,5
22336,DOVE DECORATION PAINTED ZINC ,2296.65,4736,233,10
23360,SET 8 CANDLES VINTAGE DOILEY,2296.15,1187,119,6
22163,HEART STRING MEMO HOLDER HANGING,2294.86,1288,209,7
22024,RAINY LADIES BIRTHDAY CARD,2294.83,5478,449,11
21638,ASSORTED TUTTI FRUTTI NOTEBOOK,2294.51,1048,153,6
22948,METAL DECORATION NAUGHTY CHILDREN ,2294.47,2245,198,7
22935,BAKING MOULD ROSE MILK CHOCOLATE,2294.07,771,68,5
21655,HANGING RIDGE GLASS T-LIGHT HOLDER,2287.64,1402,90,6
84913A,SOFT PINK ROSE TOWEL ,2287.26,629,274,6
23128,FELTCRAFT BOY JEAN-PAUL KIT,2283.41,453,142,11
23252,VINTAGE RED ENAMEL TRIM JUG ,2276.61,607,141,8
85183A,CHARLIE & LOLA WASTEPAPER BIN BLUE,2275.75,1512,143,8
85014C,BLUE/BROWN DOTS RUFFLED UMBRELLA,2270.73,547,72,3
21710,FOLDING UMBRELLA  PINK/WHITE  SPOT,2270.2,731,116,9
21125,SET 6 FOOTBALL CELEBRATION CANDLES,2270.14,2169,265,15
85045,GREEN CHRISTMAS TREE STRING 20LIGHT,2264.09,476,87,3
51014L,"FEATHER PEN,LIGHT PINK",2263.15,3493,231,10
20931,BLUE POT PLANT CANDLE ,2260.93,676,160,6
22716,CARD CIRCUS PARADE,2259.74,5330,460,17
15056n,EDWARDIAN PARASOL NATURAL,2259.44,180,121,1
21681,GIANT MEDINA STAMPED METAL BOWL ,2254.71,235,81,4
21476,STEEL SWEETHEART ROUND TABLE CREAM,2249.41,144,87,4
84469,ROSE DES PADDED FLOOR CUSHION,2249.41,664,44,4
22286,"DECORATION , WOBBLY RABBIT , METAL ",2245.3,1964,199,3
23093,SMALL PARISIENNE HEART PHOTO FRAME ,2244.22,941,144,3
23079,TOADSTOOL BEDSIDE LIGHT ,2243.35,253,109,8
21398,RED  SPOTTY COFFEE  MUG,2242.41,2299,129,8
23326,HANGING MINI COLOURED BOTTLES,2237.71,3443,77,7
22920,HERB MARKER BASIL,2237.46,3526,274,8
21620,S/4 ROSE    BOTANICAL  CANDLE,2236.73,1105,234,5
84691,PACK 20 DOLLY PEGS,2231.45,2754,240,9
22074,6 RIBBONS SHIMMERING PINKS ,2231.19,2165,299,8
22514,CHILDS GARDEN SPADE BLUE,2228.12,1094,238,7
23438, RED SPOT GIFT BAG LARGE,2227.42,1823,111,6
22824,3 TIER SWEETHEART GARDEN SHELF,2225.85,63,50,4
22069, BROWN  PIRATE TREASURE CHEST ,2225.08,986,279,5
22711,WRAP CIRCUS PARADE,2220.84,5402,182,10
23501,KEY RING BASEBALL BOOT UNION JACK,2220.37,1823,116,4
20770,ABSTRACT CIRCLE JOURNAL ,2218.36,1056,210,6
17084R,ASSORTED INCENSE PACK,2213.97,12137,68,3
22853,CAT BOWL VINTAGE CREAM,2208.82,646,147,8
23403,LETTER HOLDER HOME SWEET HOME,2207.86,626,136,3
21617,4 LILY  BOTANICAL DINNER CANDLES,2202.51,854,178,3
21774,DECORATIVE CATS BATHROOM BOTTLE,2201.26,1748,384,8
85039B,S/4 IVORY MINI ROSE CANDLE IN BOWL,2200.05,1666,274,2
22182,CAKE STAND VICTORIAN FILIGREE SMALL,2200.03,571,180,5
22338,STAR DECORATION PAINTED ZINC ,2198.11,6154,279,12
23302,KNEELING MAT HOUSEWORK  DESIGN,2194.62,1544,236,5
21195,PINK  HONEYCOMB PAPER BALL ,2194.2,1017,156,7
21611,SET OF 12 LILY BOTANICAL T-LIGHTS,2193.99,754,155,5
23020,GLASS  SONGBIRD STORAGE JAR,2191.84,180,76,12
21291,SMALL SPOTTY CHOCOLATE GIFT BAG ,2184.91,2534,162,8
21359,RELAX LARGE WOOD LETTERS,2182.38,211,78,3
23031,DRAWER KNOB CRACKLE GLAZE PINK,2182.0,1296,157,9
22913,RED COAT RACK PARIS FASHION,2179.39,462,131,12
23445,ICE CREAM BUBBLES,2177.84,2688,103,9
22714,CARD BIRTHDAY COWBOY,2174.73,5315,364,15
22802,FAUX FUR CHOCOLATE THROW,2173.05,121,68,2
22932,BAKING MOULD TOFFEE CUP CHOCOLATE,2169.93,963,75,7
85103, SILVER T-LIGHT SETTING,2166.93,319,88,2
85216,ASSORTED CAKES FRIDGE MAGNETS,2165.92,2867,190,11
21421,PORCELAIN ROSE LARGE ,2163.23,1807,110,4
21643,ASSORTED TUTTI FRUTTI MIRROR,2161.81,1536,210,5
22708,WRAP DOLLY GIRL,2161.5,5375,161,14
22515,CHILDS GARDEN SPADE PINK,2161.28,1057,216,7
20764,ABSTRACT CIRCLES SKETCHBOOK ,2161.01,692,200,6
21905,MORE BUTTER METAL SIGN ,2159.97,1624,267,5
22677,FRENCH BLUE METAL DOOR SIGN 2,2158.09,1589,284,8
22931,BAKING MOULD HEART WHITE CHOCOLATE,2157.85,902,137,11
23370,SET 36 COLOURING PENCILS DOILY,2157.85,1555,158,9
23005,TRAVEL CARD WALLET I LOVE LONDON,2147.55,4783,248,3
22695,WICKER WREATH SMALL,2147.32,1501,245,4
23161,REGENCY CAKE FORK,2145.3,1715,98,7
84670,JAPANESE CROCHETED ANIMAL,2140.06,5223,194,7
23213,STAR WREATH DECORATION WITH BELL,2139.67,1683,156,8
23066,SMALL DECO JEWELLERY STAND,2137.81,259,85,5
22023,EMPIRE BIRTHDAY CARD,2136.46,5112,445,7
21070,VINTAGE BILLBOARD MUG ,2124.75,2063,239,6
72799F,IVORY PILLAR CANDLE GOLD FLOCK,2116.01,1136,113,5
22859,EASTER TIN BUNNY BOUQUET,2115.57,1266,172,13
22308,TEA COSY BLUE STRIPE,2115.41,683,218,8
21865,PINK UNION JACK  PASSPORT COVER ,2115.06,908,312,3
22279,POCKET BAG BLUE PAISLEY RED SPOT,2114.62,1448,223,9
85099b,JUMBO BAG RED RETROSPOT,2111.64,419,25,1
23046,PAPER LANTERN 9 POINT DELUXE STAR,2111.49,349,36,3
84854,GIRLY PINK TOOL SET,2109.17,387,113,7
23251,VINTAGE RED ENAMEL TRIM MUG ,2107.0,1713,121,6
23233,WRAP POPPIES  DESIGN,2105.5,5175,159,6
21803,CHRISTMAS TREE STAR DECORATION,2105.22,4853,344,5
84676,BATH DUCK WATERING CAN,2102.46,848,110,6
40018F,CHERRY DESIGN PAPERLANTERNS,2102.28,1093,120,7
22996,TRAVEL CARD WALLET VINTAGE TICKET,2099.97,4813,418,4
22832,BROCANTE SHELF WITH HOOKS,2097.65,191,87,8
23152,IVORY SWEETHEART WIRE LETTER RACK ,2095.65,558,162,4
23315,IVORY REFECTORY CLOCK,2094.24,213,86,6
21619,4 VANILLA BOTANICAL CANDLES,2092.89,1139,220,7
21640,ASSORTED TUTTI FRUTTI  FOB NOTEBOOK,2088.42,2269,224,5
35953,FOLKART STAR CHRISTMAS DECORATIONS,2084.72,3930,171,8
79323S, SILVER CHERRY LIGHTS,2084.32,334,56,2
85049H,URBAN BLACK RIBBONS ,2080.94,2076,343,11
21657,MILK BOTTLE WITH GLASS STOPPER ,2079.11,272,125,4
21058,PARTY INVITES WOODLAND,2078.5,2422,289,14
84990,60 GOLD AND SILVER FAIRY CAKE CASES,2077.59,4276,204,4
22928,YELLOW GIANT GARDEN THERMOMETER,2077.02,301,121,5
84796A,PINK HAWAIIAN PICNIC HAMPER FOR 2,2072.95,284,111,4
22400,MAGNETS PACK OF 4 HOME SWEET HOME,2072.29,2473,247,10
21356,TOAST ITS - FAIRY FLOWER,2071.8,1624,367,8
21200,MULTICOLOUR HONEYCOMB PAPER GARLAND,2071.76,1425,129,5
21802,CHRISTMAS TREE HEART DECORATION,2070.52,4738,346,6
23227,FILIGREE HEART BUTTERFLY WHITE ,2070.06,1642,117,4
20686,DOLLY MIXTURE CHILDREN'S UMBRELLA,2069.19,605,192,8
37476,CONDIMENT TRAY 4 BOWLS AND 4 SPOONS,2066.64,212,81,4
84459A,PINK METAL CHICKEN HEART ,2066.32,1272,211,6
22903,CALENDAR FAMILY FAVOURITES,2062.82,747,84,5
21077,SET/20 WOODLAND PAPER NAPKINS ,2060.65,2793,198,10
84509G,FAIRY CAKE PLACEMATS ,2060.45,806,161,8
23291,DOLLY GIRL CHILDRENS CUP,2060.28,1635,197,15
85016,SET OF 6 VINTAGE NOTELETS KIT,2056.16,1688,170,10
22719,GUMBALL MONOCHROME COAT RACK,2056.1,1516,246,5
23490,T-LIGHT HOLDER HANGING LOVE BIRD,2055.27,548,102,3
21504,SKULLS GREETING CARD,2050.38,5021,337,5
22201,FRYING PAN BLUE POLKADOT ,2047.12,511,168,9
23500,KEY RING BASEBALL BOOT ASSORTED ,2044.58,1631,107,6
22261,FELT EGG COSY WHITE RABBIT ,2041.11,2119,266,8
84763,ZINC FINISH 15CM PLANTER POTS,2039.79,1638,176,3
21348,PINK SPOTS CHOCOLATE NESTING BOXES ,2039.69,845,137,6
21397,BLUE  SPOTTY EGG CUP ,2039.46,2171,183,5
22068, BLACK PIRATE TREASURE CHEST,2039.35,1139,295,4
22799,SWEETHEART WIRE FRUIT BOWL,2037.84,255,110,6
21630,FLOOR CUSHION ELEPHANT CARNIVAL,2037.6,167,99,5
22405,MONEY BOX POCKET MONEY DESIGN,2035.9,1674,230,14
22211,WOOD STAMP SET FLOWERS,2033.9,1538,303,7
21612,SET 12 WILDFLOWER BOTANICAL T-LIGHT,2025.77,698,114,4
21695,SMALL SILVER FLOWER CANDLE POT,2022.98,654,106,3
23268,SET OF 2 CERAMIC CHRISTMAS REINDEER,2019.59,1448,90,11
79160,HEART SHAPE WIRELESS DOORBELL,2019.27,966,228,2
21389,IVORY HANGING DECORATION  BIRD,2013.96,2304,272,5
23289,DOLLY GIRL CHILDRENS BOWL,2013.7,1622,192,14
47591C,BLUE FAIRY CAKE CHILD'S APRON,2012.43,1051,159,4
22520,CHILDS GARDEN TROWEL BLUE ,2012.13,2295,377,9
23358,HOT STUFF HOT WATER BOTTLE,2012.13,595,90,8
23529,WALL ART DOLLY GIRL ,2011.99,637,37,3
22496,SET OF 2 ROUND TINS DUTCH CHEESE,2010.84,736,199,13
20703,BLUE PADDED SOFT MOBILE,2010.47,475,172,15
23274,STAR T-LIGHT HOLDER WILLIE WINKIE,2009.95,1183,123,6
79323G,GOLD  CHERRY LIGHTS,2007.88,314,61,1
22098,BOUDOIR SQUARE TISSUE BOX,2005.01,2900,335,11
22614,PACK OF 12 SPACEBOY TISSUES,2003.81,5883,388,13
22521,CHILDS GARDEN TROWEL PINK,2002.3,2303,387,10
35971,ROSE FOLKART HEART DECORATIONS,2001.52,2003,234,3
20846,ZINC HEART LATTICE T-LIGHT HOLDER,2000.73,1471,178,7
22343,PARTY PIZZA DISH RED WHITE SPOT ,1996.51,3312,191,13
22438,BALLOON ART MAKE YOUR OWN FLOWERS,1995.51,1502,190,6
23357,HOT WATER BOTTLE SEX BOMB,1993.6,453,105,7
21629,SQUARE FLOOR CUSHION VINTAGE PINK ,1993.17,181,109,1
22599,CHRISTMAS MUSICAL ZINC STAR,1991.29,3135,194,7
22559,SEASIDE FLYING DISC,1990.63,1585,206,8
22262,FELT EGG COSY CHICKEN,1986.36,2058,335,8
85217,ASSORTED ICE CREAM FRIDGE MAGNETS,1985.75,2875,166,11
20871,OPULENT VELVET SET/3 CANDLES,1984.35,1276,131,5
84872A,TEATIME FUNKY FLOWER BACKPACK FOR 2,1983.54,177,102,1
23075,DOUBLE CERAMIC PARLOUR HOOK,1981.05,477,83,6
85231B,CINAMMON SET OF 9 T-LIGHTS,1979.93,2156,411,7
23145,ZINC T-LIGHT HOLDER STAR LARGE,1979.48,2084,170,10
22204,MILK PAN BLUE RETROSPOT,1978.04,538,171,11
23068,ALUMINIUM STAMPED HEART,1976.89,813,139,6
21692,SILVER LATTICE VANILLA CANDLE POT,1970.37,519,130,3
21647,ASSORTED TUTTI FRUTTI LARGE PURSE,1966.48,880,163,7
21991,BOHEMIAN COLLAGE STATIONERY SET,1966.07,1118,301,3
22753,SMALL YELLOW BABUSHKA NOTEBOOK ,1965.0,2382,428,11
21082,SET/20 FRUIT SALAD PAPER NAPKINS ,1963.85,7187,167,6
23374,RED SPOT PAPER GIFT BAG,1962.83,2456,131,7
85185B,PINK HORSE SOCK PUPPET,1961.51,628,207,5
23228,FILIGREE HEART BIRD WHITE ,1960.0,1492,126,4
20984,12 PENCILS TALL TUBE POSY,1959.84,5907,260,14
23235,STORAGE TIN VINTAGE LEAF,1957.69,739,108,9
22210,WOOD STAMP SET BEST WISHES,1953.0,1618,304,10
46775D,SUNSET COLOUR CHUNKY KNITTED THROW,1949.21,154,96,5
84581,DOG TOY WITH PINK CROCHET SKIRT,1947.65,513,242,8
21538,DAIRY MAID  PUDDING BOWL,1947.01,1314,54,1
22307,GOLD MUG BONE CHINA TREE OF LIFE,1942.18,1272,126,7
22565,FELTCRAFT HAIRBANDS PINK AND WHITE ,1940.36,2129,295,8
21773,DECORATIVE ROSE BATHROOM BOTTLE,1939.49,1665,319,3
20684,STRAWBERRY DREAM CHILDS UMBRELLA,1936.87,585,182,8
21581,SKULLS  DESIGN  COTTON TOTE BAG,1935.17,1188,214,8
20716,PARTY FOOD SHOPPER BAG,1935.06,1539,254,8
22513,DOORSTOP FOOTBALL DESIGN,1928.57,593,175,6
21983,PACK OF 12 BLUE PAISLEY TISSUES ,1925.59,6275,340,10
21043,APRON MODERN VINTAGE COTTON,1924.93,679,142,4
23094,LE GRAND TRAY CHIC SET,1924.92,152,79,8
40001, WHITE BAMBOO RIBS LAMPSHADE,1920.88,2492,125,4
22985,"WRAP, BILLBOARD FONTS DESIGN",1916.24,4772,138,6
23155,KNICKERBOCKERGLORY MAGNET ASSORTED ,1914.73,2233,137,12
21445,12 PINK ROSE PEG PLACE SETTINGS,1912.23,1539,151,5
22522,CHILDS GARDEN FORK BLUE ,1911.76,2246,345,10
21677,HEARTS  STICKERS,1909.21,2176,288,6
22587,FELTCRAFT HAIRBAND RED AND BLUE,1909.03,2188,337,8
21659,GLASS CAKE STAND,1906.65,121,67,4
84519B,CARROT CHARLIE+LOLA COASTER SET,1905.47,871,218,5
85162B,BLACK RETRODISC LAMPSHADE,1905.15,977,13,2
23491,VINTAGE JINGLE BELLS HEART,1897.76,228,79,3
22678,FRENCH BLUE METAL DOOR SIGN 3,1896.84,1411,256,7
85232A,SET/3 POLKA DOT STACKING TINS,1894.83,376,140,9
21287,SCENTED VELVET LOUNGE CANDLE ,1893.75,4134,96,4
16169E,WRAP 50'S  CHRISTMAS,1892.46,4563,150,9
23434,3 RAFFIA RIBBONS 50'S CHRISTMAS ,1892.07,2105,201,8
22523,CHILDS GARDEN FORK PINK,1891.6,2193,366,11
16016,LARGE CHINESE STYLE SCISSOR,1891.1,2338,110,7
23394,POSTE FRANCE CUSHION COVER,1888.9,438,155,5
21687,SILVER PLATE CANDLE BOWL LARGE,1886.23,481,110,2
21894,POTTING SHED SEED ENVELOPES,1886.22,1352,262,5
22858,EASTER TIN KEEPSAKE,1882.29,1138,142,13
21547,CERAMIC BIRDHOUSE CRESTED TIT SMALL,1877.98,728,124,6
84856S,SMALL TAHITI BEACH BAG,1877.21,467,33,3
21761,WOOD AND GLASS MEDICINE CABINET,1874.65,67,26,3
21841,BABY MOUSE RED GINGHAM DRESS,1874.47,441,138,7
21085,SET/6 WOODLAND PAPER CUPS,1873.33,13732,69,8
21613,S/12 VANILLA  BOTANICAL T-LIGHTS,1873.25,636,149,5
23359,SET OF 12 T-LIGHTS VINTAGE DOILEY,1872.31,993,80,4
21241,GREEN SPOTTY CUP,1871.62,2216,263,12
23090,VINTAGE GLASS T-LIGHT HOLDER,1870.86,2238,153,6
22535,MAGIC DRAWING SLATE BUNNIES ,1869.22,4469,311,10
21091,SET/6 WOODLAND PAPER PLATES,1868.7,13700,48,8
23525,WALL ART BUFFALO BILL ,1867.57,583,54,2
20772,GARDEN PATH JOURNAL,1866.5,975,167,6
22686,FRENCH BLUE METAL DOOR SIGN No,1864.91,1410,224,6
21394,RED SPOTTY BEAKER ,1864.63,4005,150,12
70007,HI TEC ALPINE HAND WARMER,1861.82,1373,234,7
79302M,"ART LIGHTS,FUNK MONKEY",1860.6,654,114,4
21391,FRENCH EMROIDR LAVENDER SCENT HEART,1856.48,1440,187,5
22680,FRENCH BLUE METAL DOOR SIGN 5,1854.2,1383,237,8
22586,FELTCRAFT HAIRBAND PINK AND BLUE,1852.34,2126,315,9
22533,MAGIC DRAWING SLATE BAKE A CAKE ,1848.96,4680,250,12
22317,FIVE CATS HANGING DECORATION,1848.31,592,172,15
21161,KEEP OUT BOYS DOOR HANGER ,1846.12,2385,218,5
84797B,BLUE SAVANNAH PICNIC HAMPER FOR 4,1845.2,323,33,3
21618,4 WILDFLOWER BOTANICAL CANDLES,1845.11,704,149,4
84006,MAGIC TREE -PAPER FLOWERS,1844.45,1964,226,4
23378,PACK OF 12 50'S CHRISTMAS TISSUES,1842.42,4003,188,6
85162C,WHITE RETRODISC LAMPSHADE,1841.7,904,46,2
22324,BLUE POLKADOT KIDS BAG,1841.51,681,158,7
21357,TOAST ITS - DINOSAUR,1841.51,1399,225,7
85173,SET/6 FROG PRINCE T-LIGHT CANDLES,1841.25,1021,154,4
21158,MOODY GIRL DOOR HANGER ,1832.7,2613,334,5
22770,MIRROR CORNICE,1829.52,114,73,7
72816,SET/3 CHRISTMAS DECOUPAGE CANDLES,1826.04,1456,153,8
85164B,BLACK BAROQUE CUCKOO CLOCK,1825.18,140,65,3
21529,RETRO SPOT CERAMIC TOASTRACK,1824.94,513,156,5
84327A,PINK JUMPER LARRY THE LAMB,1824.47,961,125,2
23148,MINIATURE ANTIQUE ROSE HOOK IVORY,1820.46,2144,257,10
22922,FRIDGE MAGNETS US DINER ASSORTED,1819.8,2109,116,12
21088,SET/6 FRUIT SALAD PAPER CUPS,1816.73,16615,137,7
21384,IVORY HANGING DECORATION  BUTTERFLY,1815.29,1923,154,2
90167,BEADED LOVE HEART JEWELLERY SET,1809.67,2207,112,4
23160,REGENCY TEA SPOON,1809.48,1462,77,8
22254,FELT TOADSTOOL LARGE,1808.46,1411,152,11
22422,TOOTHPASTE TUBE PEN,1805.29,2787,377,11
47566b,TEA TIME PARTY BUNTING,1803.61,217,116,1
21548,CERAMIC BIRDHOUSE FINCH BLUE ROOF,1802.67,691,115,5
21163,DO NOT TOUCH MY STUFF DOOR HANGER ,1802.52,2829,282,4
21280,VINTAGE KITCHEN PRINT VEGETABLES,1800.44,3333,70,5
85127,SMALL SQUARE CUT GLASS CANDLESTICK,1800.31,292,89,3
84748,FOLK FELT HANGING MULTICOL GARLAND,1796.12,1174,97,3
47591B,SCOTTIES DES CHILD'S APRON,1795.5,1114,297,6
37343,SPOTS DESIGN MUG W PINK INSIDE,1792.1,1129,108,3
22103,MIRROR MOSAIC T-LIGHT HOLDER ROUND,1790.34,1764,74,4
22975,SPACEBOY CHILDRENS EGG CUP,1788.51,1322,210,7
21205,MULTICOLOUR 3D BALLS GARLAND,1787.69,683,158,5
23317,BLUE REFECTORY CLOCK ,1787.41,174,83,7
23057,GEMSTONE CHANDELIER T-LIGHT HOLDER,1783.52,776,48,4
22209,WOOD STAMP SET HAPPY BIRTHDAY,1782.9,1434,266,8
21662,VINTAGE GLASS COFFEE CADDY,1782.56,274,111,2
21294,ETCHED GLASS COASTER,1778.75,2346,144,6
20729,RED SPOTTY CANDY BAG,1778.12,5262,121,7
22446,PIN CUSHION BABUSHKA PINK,1775.38,625,192,10
84535B,FAIRY CAKES NOTEBOOK A6 SIZE,1767.18,2712,342,12
22546,MINI JIGSAW PURDEY,1767.16,4384,187,10
21000,ROSE DU SUD COSMETICS BAG,1766.92,696,100,9
84507B,STRIPES DESIGN MONKEY DOLL,1764.03,1349,116,2
21652,GLASS ETCHED T-LIGHT HOLDER MEDIUM,1761.59,903,81,7
23096,PETIT TRAY CHIC,1759.79,1047,148,4
20767,BLUE PAISLEY JOURNAL ,1759.46,819,186,5
21927,BLUE/CREAM STRIPE CUSHION COVER ,1758.24,1284,194,4
10125,MINI FUNKY DESIGN TAPES,1758.2,2151,181,6
21189,WHITE HONEYCOMB PAPER GARLAND ,1754.29,814,131,5
23372,SET 36 COLOUR PENCILS DOLLY GIRL,1752.79,1391,153,10
23399,HOME SWEET HOME HANGING HEART,1752.35,1922,240,4
84843,WHITE SOAP RACK WITH 2 BOTTLES,1748.91,283,113,8
21275,ZINC TOP  2 DOOR WOODEN SHELF ,1748.38,251,57,4
21281,VINTAGE KITCHEN PRINT SEAFOOD,1747.28,3689,71,5
21780,MA CAMPAGNE 4 DRAWER WALL SHELF,1745.85,203,32,3
85060,WOOD FAN WITH FLOWER DESIGN,1745.62,1448,88,3
23101,SILVER STARS TABLE DECORATION,1744.61,2037,219,10
22035,VINTAGE CARAVAN GREETING CARD ,1743.02,4109,365,8
21637,ASSORTED SANSKRIT MINI NOTEBOOK,1741.72,1358,93,7
21760,FRENCH STYLE WALL DRESSER,1740.0,15,13,2
21090,SET/6 COLLAGE PAPER PLATES,1736.53,3119,283,10
22516,CHILDS GARDEN RAKE BLUE,1736.32,854,174,6
23244,ROUND STORAGE TIN VINTAGE LEAF,1733.98,936,112,11
23181,BULL DOG BOTTLE TOP WALL CLOCK,1733.57,201,82,5
22026,BANQUET BIRTHDAY  CARD  ,1733.44,4066,370,10
37342,SPOTTY COFFEE CUP & SAUCER,1731.4,1629,132,6
21895,POTTING SHED SOW 'N' GROW SET,1731.35,557,88,4
22123,PING MICROWAVE APRON,1729.79,661,171,5
22319,HAIRCLIPS FORTIES FABRIC ASSORTED,1729.24,3035,178,12
72817,SET/2 CHRISTMAS DECOUPAGE CANDLES,1729.1,1590,229,8
23122,PARTY CHARMS 50 PIECES,1727.75,2253,138,9
23073,GEORGIAN TRINKET BOX,1719.0,144,62,4
22706,WRAP COWBOYS  ,1714.24,4272,127,12
21576,LETS GO SHOPPING COTTON TOTE BAG,1713.75,743,211,13
21283,NATURAL BARK CANDLE SMALL,1710.45,537,85,5
22679,FRENCH BLUE METAL DOOR SIGN 4,1708.19,1272,234,8
22673,FRENCH GARDEN SIGN BLUE METAL,1707.52,1350,202,6
22934,BAKING MOULD EASTER EGG WHITE CHOC,1707.47,589,78,7
20996,JAZZ HEARTS ADDRESS BOOK,1707.11,6343,347,5
20990,SPRING FLOWER CHOPSTICKS SET/5,1706.14,895,106,3
23214,JINGLE BELL HEART ANTIQUE GOLD,1705.44,794,109,6
21251,DINOSAUR HEIGHT CHART STICKER SET,1704.61,599,135,11
84795A,PASTEL STRIPE HAMMOCK ,1703.97,209,72,3
82615,PINK MARSHMALLOW SCARF KNITTING KIT,1698.72,619,92,4
21446,12 RED ROSE PEG PLACE SETTINGS,1697.36,1277,254,10
21284,RETRO SPOT CANDLE  SMALL,1694.05,1561,143,8
21645,ASSORTED TUTTI FRUTTI ROUND BOX,1692.15,999,142,6
85039A,SET/4 RED MINI ROSE CANDLE IN BOWL,1691.23,1466,260,4
17129F,DEEP BLUE GLASS GEMS IN BAG,1691.22,1584,149,1
21157,RED SPOTTY WASHBAG,1690.55,714,186,9
21382,SET/4 SPRING FLOWER DECORATION,1690.01,1247,157,3
85131A,BEADED PEARL HEART WHITE ON STICK,1688.13,2083,205,4
22323,PINK POLKADOT KIDS BAG,1687.21,637,119,7
85221,ASSORTED COLOUR SILK COIN PURSE,1685.46,3558,48,3
21278,VINTAGE KITCHEN PRINT PUDDINGS,1685.05,2770,121,8
85036C,ROSE 1 WICK MORRIS BOXED CANDLE,1684.02,898,140,3
18098c,PORCELAIN BUTTERFLY OIL BURNER,1682.01,332,142,1
23368,SET 12 COLOUR PENCILS DOLLY GIRL ,1681.5,2382,239,11
21633,SUNFLOWER DECORATIVE PARASOL,1675.86,176,73,3
46776F,WOVEN ROSE GARDEN CUSHION COVER ,1675.73,487,157,1
84913B,MINT GREEN ROSE TOWEL,1672.37,442,210,7
35809A,ENAMEL PINK TEA CONTAINER,1671.82,1139,180,10
22410,MONEY BOX HOUSEKEEPING DESIGN,1671.21,1366,200,10
23366,SET 12 COLOURING PENCILS DOILY,1670.55,2253,199,10
85049a,TRADITIONAL CHRISTMAS RIBBONS,1669.64,499,53,1
21448,12 DAISY PEGS IN WOOD BOX,1666.63,970,225,2
21694,SMALL REGAL  SILVER CANDLEPOT ,1663.96,580,73,2
21162,TOXIC AREA  DOOR HANGER ,1661.86,2407,290,9
22025,RING OF ROSES BIRTHDAY CARD,1661.01,4011,293,11
23505,PLAYING CARDS I LOVE LONDON ,1660.04,1207,122,7
23270,SET OF 2 CERAMIC PAINTED HEARTS ,1659.37,1183,132,9
37441,ASSORTED WHITE EMBOSSED CHINA MUGS,1652.4,706,55,1
35241,ENAMEL BLUE RIM BISCUIT BIN,1651.49,312,133,14
23483,HANGING  BUTTERFLY T-LIGHT HOLDER,1651.36,1340,76,4
21426,WOODLAND STORAGE BOX SMALL,1649.17,1029,102,9
23273,HEART T-LIGHT HOLDER WILLIE WINKIE,1649.05,969,113,8
21332,MOROCCAN BEATEN METAL MIRROR,1644.17,270,50,3
21545,CERAMIC BIRDHOUSE BUTTERFLY SMALL,1643.07,698,84,4
48195,DOOR MAT GREEN PAISLEY ,1642.97,271,88,6
23348,CHILDRENS TOY COOKING UTENSIL SET,1642.13,750,173,8
21286,RETRO SPOT CANDLE  LARGE,1638.19,1009,103,9
21279,VINTAGE KITCHEN PRINT FRUITS,1637.01,3530,104,6
21656,RIDGED GLASS POSY VASE ,1636.68,995,143,7
85180A,RED HEARTS LIGHT CHAIN ,1636.42,629,100,3
21541,DINOSAURS WATER TRANSFER TATTOOS ,1636.24,1907,203,8
21801,CHRISTMAS TREE DECORATION WITH BELL,1633.83,3789,276,4
35471D,SET OF 3 BIRD LIGHT PINK FEATHER ,1633.63,2278,368,10
23391, I LOVE LONDON MINI BACKPACK,1632.32,390,89,9
22705,WRAP GREEN PEARS ,1630.86,3883,157,10
21593,SWALLOW CIGAR BOX MATCHES ,1630.56,1392,97,2
20802,SMALL GLASS SUNDAE DISH CLEAR,1630.05,1067,119,2
21837,CROSS STITCH ALPHABET CUSHION COVER,1628.59,245,92,4
21793,CLASSIC FRENCH STYLE BASKET BROWN,1627.36,353,103,2
84619,BLUE GINGHAM ROSE QUILT ,1622.96,72,29,3
21675,BUTTERFLIES STICKERS,1620.84,1829,278,9
22099,CARAVAN SQUARE TISSUE BOX,1620.79,2152,314,11
22106,MIRROR MOSAIC HURRICANE LAMP ,1620.34,515,83,3
84919,L BLUE C/COVER W PINK/YELLOW FLOWER,1619.84,291,43,3
22260,FELT EGG COSY BLUE RABBIT ,1618.21,1576,258,7
23280,FOLDING BUTTERFLY MIRROR HOT PINK ,1614.99,2024,159,10
23217,LAUREL HEART ANTIQUE SILVER,1613.82,1309,99,1
23287,RED VINTAGE SPOT BEAKER,1613.59,1891,202,13
22517,CHILDS GARDEN RAKE PINK,1612.53,815,158,6
21849,SILVER DIAMANTE PEN IN GIFT BOX,1611.98,660,144,2
21867,PINK UNION JACK  LUGGAGE TAG,1611.63,1182,325,3
21383,PACK OF 12 STICKY BUNNIES,1609.28,2233,344,7
22976,CIRCUS PARADE CHILDRENS EGG CUP ,1607.82,1235,165,5
23462,ROCOCO WALL MIRROR WHITE,1607.04,80,46,3
22912,YELLOW COAT RACK PARIS FASHION,1606.98,338,119,9
35810A,ENAMEL PINK COFFEE CONTAINER,1605.57,1206,173,11
21542,WOODLAND WATER TRANSFER TATTOOS ,1605.0,1882,192,8
21550,CERAMIC BIRDHOUSE CRESTED TIT LARGE,1601.21,301,73,1
22786,CUSHION COVER PINK UNION JACK,1600.93,255,99,4
21579,LOLITA  DESIGN  COTTON TOTE BAG,1597.41,1044,147,13
23226,FILIGREE HEART DAISY WHITE,1596.67,1247,99,6
21289,LARGE STRIPES CHOCOLATE GIFT BAG,1594.31,1449,106,7
72803A,ROSE SCENT CANDLE JEWELLED DRAWER,1591.75,733,102,5
20986,BLUE CALCULATOR RULER,1591.09,1251,218,5
35160,BUDDHA INCENSE HOLDER ASSORTED,1590.64,2180,56,2
20735,BLACK MINI TAPE MEASURE ,1589.03,1545,214,2
20902,VINTAGE KEEPSAKE BOX PARIS DAYS,1588.8,212,121,6
85170A,SET/6 IVORY BIRD T-LIGHT CANDLES,1587.16,849,85,2
84536B,FAIRY CAKES NOTEBOOK A7 SIZE,1583.91,3541,415,10
85036B,CHOCOLATE 1 WICK MORRIS BOX CANDLE,1583.66,612,91,5
15056bl,EDWARDIAN PARASOL BLACK,1583.52,126,93,1
21925,UNION STRIPE CUSHION COVER ,1582.33,1217,171,2
22608,PENS ASSORTED FUNKY JEWELED ,1582.31,5772,172,5
85222,ASSORTED COLOUR SILK COSMETIC PURSE,1581.78,1407,53,2
23369,SET 36 COLOUR PENCILS LOVE LONDON,1581.06,1105,129,7
21099,SET/6 STRAWBERRY PAPER CUPS,1580.34,13388,36,5
20766,GARDEN PATH SKETCHBOOK,1578.59,525,164,5
21282,NATURAL BARK CANDLE LARGE,1577.53,369,71,4
21711,FOLDING UMBRELLA  WHITE/RED  SPOT,1575.73,385,74,5
84789,ENCHANTED BIRD PLANT CAGE,1573.51,448,127,3
79323B,BLACK CHERRY LIGHTS,1572.45,243,59,3
21631,HIPPY CHIC DECORATIVE PARASOL,1571.75,221,54,1
21092,SET/6 STRAWBERRY PAPER PLATES,1571.5,12846,28,5
22915,ASSORTED BOTTLE TOP  MAGNETS ,1570.76,3461,206,14
15059A,ENGLISH ROSE EDWARDIAN PARASOL,1567.0,509,4,1
22681,FRENCH BLUE METAL DOOR SIGN 6,1565.78,1171,195,7
21610,SET 12 PEAR BOTANICAL T-LIGHTS,1564.32,549,104,4
85194L,HANGING SPRING FLOWER EGG LARGE,1562.33,1820,149,5
21972,SET OF 36 DINOSAUR PAPER DOILIES,1562.27,1056,172,11
21399,BLUE  SPOTTY  COFFEE MUG,1559.32,2392,120,7
21276,TWO EMBOSSED HEART MINI DRAWERS,1558.94,677,29,4
23524,WALL ART HORSE & PONY ,1557.63,481,63,3
20893,HANGING BAUBLE T-LIGHT HOLDER SMALL,1555.79,675,86,3
22337,ANGEL DECORATION PAINTED ZINC ,1550.96,2509,156,10
75131,METAL TUBE CHIME ON BAMBOO,1549.77,1220,71,2
21851,LILAC DIAMANTE PEN IN GIFT BOX,1549.57,645,159,2
21002,ROSE DU SUD DRAWSTRING BAG,1547.54,429,190,9
22322,BIRD DECORATION GREEN  SPOT,1546.71,1634,277,7
22982,PANTRY PASTRY BRUSH,1545.02,1155,213,11
16033,MINI HIGHLIGHTER PENS,1544.52,15121,50,6
20768,GREEN FERN JOURNAL ,1544.39,771,152,3
21822,GLITTER CHRISTMAS TREE WITH BELLS,1542.1,1132,162,4
85136C,RED SHARK HELICOPTER,1541.22,190,130,3
85125,SMALL ROUND CUT GLASS CANDLESTICK,1539.99,317,66,3
22340,NOEL GARLAND PAINTED ZINC ,1539.28,1825,188,9
84795D,SEASIDE STRIPE HAMMOCK,1538.79,189,83,4
22288,"DECORATION , HANGING METAL RABBIT",1538.53,1316,131,4
21146,ANTIQUE GLASS RIDGED HANGING BALL,1537.07,801,59,3
85177,BASKET OF FLOWERS SEWING KIT,1534.13,1838,149,6
23267,SET OF 4 SANTA PLACE SETTINGS,1531.95,1202,111,10
72008,FROSTED BOX 9 WHITE T-LIGHT CANDLES,1531.82,3820,221,6
23250,VINTAGE RED TRIM ENAMEL BOWL ,1531.03,1179,110,9
84659A,WHITE TRAVEL ALARM CLOCK,1527.32,611,235,4
22682,FRENCH BLUE METAL DOOR SIGN 7,1526.88,1168,185,6
21785,RAIN PONCHO ,1524.79,2016,112,6
21661,VINTAGE GLASS TEA CADDY,1517.26,240,100,3
22157,ANGEL DECORATION WITH LACE PADDED,1516.85,1775,134,3
21634,ASSORTED MINI MADRAS NOTEBOOK,1512.76,1773,71,3
21807,WHITE CHRISTMAS STAR DECORATION,1511.53,3433,191,4
22815,CARD PSYCHEDELIC APPLES,1511.4,3532,349,9
22137,BATHROOM SET LOVE HEART DESIGN,1511.23,607,44,6
21009,ETCHED GLASS STAR TREE DECORATION,1509.99,1059,107,3
22683,FRENCH BLUE METAL DOOR SIGN 8,1509.18,1135,195,7
21066,VINTAGE RED MUG,1508.44,2293,135,2
23528,WALL ART SPACEBOY,1504.49,479,50,4
84856L,LARGE TAHITI BEACH BAG,1504.15,239,82,3
84526,GIANT BLACK SUNGLASSES,1503.64,538,34,1
85159B,"WHITE TEA,COFFEE,SUGAR JARS",1503.5,659,88,9
21051,RIBBONS PURSE ,1502.98,760,133,10
21739,COSY SLIPPER SHOES SMALL GREEN,1502.0,511,184,7
84510B,SET OF 4 FAIRY CAKES COASTERS ,1501.05,1187,162,3
21190,PINK HEARTS PAPER GARLAND,1500.39,918,118,6
23271,CHRISTMAS TABLE CANDLE SILVER SPIKE,1499.38,1734,107,8
21199,PINK  HEART CONFETTI IN TUBE,1495.7,1305,150,9
85160A,WHITE BIRD GARDEN DESIGN MUG,1493.75,8816,32,2
85167B,BLACK GRAND BAROQUE PHOTO FRAME,1493.53,727,64,3
22052,VINTAGE CARAVAN GIFT WRAP,1492.0,3600,131,10
85055,FRENCH ENAMEL UTENSIL HOLDER,1491.81,371,116,5
23334,IVORY WICKER HEART SMALL,1491.75,2271,136,3
79030G,"TUMBLER, NEW ENGLAND",1491.21,1766,125,9
21065,BOOM BOX SPEAKER GIRLS,1491.03,613,127,3
22393,PAPERWEIGHT VINTAGE COLLAGE,1489.77,841,125,6
23559,WOODLAND BUNNIES LOLLY MAKERS,1488.65,652,127,10
20734,SILVER MINI TAPE MEASURE ,1485.68,1598,120,7
23392,SPACEBOY ROCKET LOLLY MAKERS,1485.43,667,118,10
21644,ASSORTED TUTTI FRUTTI HEART BOX,1485.22,1106,150,3
21392,RED SPOTTY PUDDING BOWL,1484.43,7548,51,8
84997a,GREEN 3 PIECE POLKADOT CUTLERY SET,1481.78,178,81,1
20733,GOLD MINI TAPE MEASURE ,1481.1,1961,310,6
85198,ASSORTED FARMYARD ANIMALS IN BUCKET,1479.7,3871,54,5
35965,FOLKART HEART NAPKIN RINGS,1476.16,645,183,4
21317,GLASS SPHERE CANDLE STAND MEDIUM,1475.32,360,79,2
21410,COUNTRY COTTAGE  DOORSTOP GREEN,1475.25,315,153,6
20761,BLUE PAISLEY SKETCHBOOK,1475.2,470,156,5
21198,WHITE HEART CONFETTI IN TUBE,1473.95,1283,120,6
21869,POTTING SHED COFFEE MUG,1473.33,1267,113,2
84616,SILVER ROCCOCO CHANDELIER,1472.62,72,25,2
22390,PAPERWEIGHT CHILDHOOD MEMORIES,1468.92,821,85,9
84637,KITCHEN FLOWER POTS WALL PLAQUE,1467.21,586,115,6
23034,DRAWER KNOB CERAMIC BLACK,1466.07,991,92,8
35637A,IVORY STRING CURTAIN WITH POLE ,1464.58,552,54,4
23365,SET 12 COLOUR PENCILS LOVE LONDON,1464.38,1859,175,6
22093,MOTORING TISSUE BOX,1464.33,2376,290,9
21159,MOODY BOY  DOOR HANGER ,1463.16,2118,253,4
47591d,PINK FAIRY CAKE CHILDRENS APRON,1461.6,290,74,1
23470,CARD HOLDER LOVE BIRD LARGE ,1460.5,232,84,4
85135C,RED DRAGONFLY HELICOPTER,1459.83,179,123,2
22929,SCHOOL DESK AND CHAIR ,1459.75,23,17,8
22228,BUNNY WOODEN PAINTED WITH BIRD ,1458.3,1729,280,6
85098B,BLUE FLYING SINGING CANARY,1456.94,366,115,7
23086,ZINC  STAR T-LIGHT HOLDER ,1455.18,1228,48,5
22396,MAGNETS PACK OF 4 RETRO PHOTO,1453.66,1917,195,11
22316,200 BENDY SKULL STRAWS,1452.82,1273,124,7
21292,SMALL STRIPES CHOCOLATE GIFT BAG ,1450.91,2477,93,8
22249,DECORATION WHITE CHICK MAGIC GARDEN,1449.96,1654,258,5
84596G,SMALL CHOCOLATES PINK BOWL,1448.67,2233,359,9
22817,CARD SUKI BIRTHDAY,1447.53,3419,360,8
22287,"DECORATION , WOBBLY CHICKEN, METAL ",1447.3,1347,126,3
23249,VINTAGE RED ENAMEL TRIM PLATE,1445.9,854,82,7
35004G,SET OF 3 GOLD FLYING DUCKS,1444.91,363,78,2
84313C,ORANGE TV TRAY TABLE ,1442.39,548,73,2
20801,LARGE PINK GLASS SUNDAE DISH,1437.22,1096,118,4
85071A,BLUE CHARLIE+LOLA PERSONAL DOORSIGN,1436.34,1914,151,7
22545,MINI JIGSAW BUNNIES,1435.63,3484,193,10
15034,PAPER POCKET TRAVELING FAN ,1434.21,10266,264,10
23527,WALL ART ANIMALS AND NATURE ,1432.31,421,49,2
22819,"BIRTHDAY CARD, RETRO SPOT",1431.6,3379,333,13
20840,FRENCH FLORAL CUSHION COVER ,1428.41,886,95,6
20780,BLACK EAR MUFF HEADPHONES,1428.23,249,107,5
85169A,IVORY LOVE BIRD CANDLE,1427.08,1284,162,7
21532,DAIRY MAID SUGAR JAM BOWL,1423.91,1389,94,3
22917,HERB MARKER ROSEMARY,1423.62,2042,274,7
22924,FRIDGE MAGNETS LA VIE EN ROSE,1422.78,1581,105,7
21358,TOAST ITS - HAPPY BIRTHDAY,1422.47,1147,227,9
21828,EIGHT PIECE SNAKE  SET,1420.43,1118,193,5
90200D,PINK SWEETHEART BRACELET,1418.97,338,157,3
85032D,YULETIDE IMAGES GIFT WRAP SET,1417.78,1193,147,5
21738,COSY SLIPPER SHOES SMALL  RED ,1417.06,451,155,4
47503A,ASS FLORAL PRINT MULTI SCREWDRIVER,1416.84,2878,203,10
21011,GLITTER SNOW PEAR TREE DECORATION,1415.85,1869,133,3
21395,BLUE SPOTTY BEAKER ,1415.64,2980,117,10
85135B,BLUE DRAGONFLY HELICOPTER,1413.0,174,134,2
22756,LARGE YELLOW BABUSHKA NOTEBOOK ,1412.22,1217,225,7
22339,CHRISTMAS TREE PAINTED ZINC ,1407.5,3552,156,9
85017B,ENVELOPE 50 BLOSSOM IMAGES,1407.39,2251,327,16
21684,SMALL MEDINA STAMPED METAL BOWL ,1405.94,1747,110,5
22685,FRENCH BLUE METAL DOOR SIGN 0,1405.87,1087,163,6
23104,IVORY PANTRY HANGING LAMP ,1405.42,118,46,4
22923,FRIDGE MAGNETS LES ENFANTS ASSORTED,1402.41,1674,98,10
23119,PACK OF 6 LARGE FRUIT STRAWS ,1402.32,2283,152,10
23055,IVORY CHANDELIER T-LIGHT HOLDER,1401.43,658,41,4
85087,CANDY SPOT CUSHION COVER,1401.11,421,147,5
21910,WAY OUT METAL SIGN ,1399.83,1067,112,5
22916,HERB MARKER THYME,1398.04,2006,271,7
22977,DOLLY GIRL CHILDRENS EGG CUP,1397.66,1061,154,5
21277,FRENCH STYLE EMBOSSED HEART CABINET,1397.19,58,52,4
22984,CARD GINGHAM ROSE ,1396.78,3410,220,12
84562A,PINK/WHITE RIBBED MELAMINE JUG,1394.16,171,81,7
23040,PAPER LANTERN 9 POINT SNOW STAR ,1394.03,253,43,6
84819,DANISH ROSE ROUND SEWING BOX,1393.76,914,98,12
47503K,ASSORTED FLORAL SECATEURS,1393.34,3179,45,3
35957,SMALLFOLKART BAUBLE CHRISTMAS DEC,1392.78,3787,169,3
22250,DECORATION  BUTTERFLY  MAGIC GARDEN,1392.19,1529,267,4
23376,PACK OF 12 VINTAGE CHRISTMAS TISSUE,1389.59,3051,160,3
84685,BEACH HUT KEY CABINET,1388.91,439,129,4
84665,SQUARE CHERRY BLOSSOM CABINET,1388.5,230,48,3
21530,DAIRY MAID CERAMIC TOASTRACK,1388.13,966,172,4
46776B,WOVEN BERRIES CUSHION COVER ,1386.07,432,156,2
35599D,PINK AND WHITE CHRISTMAS TREE 120CM,1384.21,409,106,5
21285,RETRO SPOT CANDLE  MEDIUM,1383.67,1012,101,7
20762,GREEN FERN SKETCHBOOK ,1381.53,466,142,4
20866,BLUE ROSE FABRIC MIRROR,1381.44,1287,198,9
84396,6 HOOK JEWELLERY STAND BLACK DRESS,1380.52,552,50,2
23414,ZINC BOX SIGN HOME,1378.75,141,64,5
35962,12 ASS ZINC CHRISTMAS DECORATIONS,1376.98,593,97,2
23546,WRAP PAISLEY PARK ,1375.5,3275,121,14
20704,MR ROBOT SOFT TOY,1371.42,361,80,9
21059,PARTY INVITES DINOSAURS,1369.81,1621,224,9
21209,MULTICOLOUR HONEYCOMB FAN,1369.69,1477,138,10
23000,TRAVEL CARD WALLET TRANSPORT,1369.12,3171,281,9
22050,PINK PAISLEY ROSE GIFT WRAP,1364.5,3325,116,12
23221,REINDEER HEART DECORATION SILVER,1363.87,1537,150,8
35649,VINTAGE BEAD COSMETIC BAG ,1362.9,1826,54,2
22269,EGG CUP NATURAL CHICKEN,1362.71,1524,209,5
16235,RECYCLED PENCIL WITH RABBIT ERASER,1362.27,5943,325,6
22918,HERB MARKER PARSLEY,1361.42,1975,274,8
85071B,RED CHARLIE+LOLA PERSONAL DOORSIGN,1360.2,2448,174,5
84965B,BLUE KASHMIRI COFFEE TABLE ,1359.95,27,4,1
35598D,PINK/WHITE CHRISTMAS TREE 60CM,1359.17,1764,112,7
85141,JARDIN ETCHED GLASS FRUITBOWL,1355.99,191,82,3
21945,STRAWBERRIES  DESIGN FLANNEL ,1355.72,1903,254,7
23469,CARD HOLDER LOVE BIRD SMALL,1355.24,332,72,7
23061,VINTAGE EMBOSSED HEART,1355.18,1033,120,4
22684,FRENCH BLUE METAL DOOR SIGN 9,1353.71,1019,170,7
84466,TOP SECRET PEN SET,1352.11,1259,76,1
17129D,CLEAR COLOUR GLASS GEMS IN BAG,1351.18,1125,39,1
21580,RABBIT  DESIGN  COTTON TOTE BAG,1349.88,551,176,7
22481,BLACK TEA TOWEL CLASSIC DESIGN,1349.34,1305,229,4
21775,DECORATIVE FLORE BATHROOM BOTTLE,1347.62,883,284,4
20798,CLEAR MILKSHAKE GLASS,1345.95,569,88,4
72818,CHRISTMAS DECOUPAGE CANDLE,1345.1,2465,144,6
47593B,SCOTTIES DESIGN BABY BIB,1343.89,2367,370,10
21219,SET/4 BADGES BALLOON GIRL,1340.82,1038,184,8
22051,BLUE SCANDINAVIAN PAISLEY WRAP,1338.5,3225,118,10
85032A,ROMANTIC IMAGES GIFT WRAP SET,1336.76,1448,163,7
84569D,PACK 6 HEART/ICE-CREAM PATCHES,1335.06,1059,189,11
23538,WALL ART VINTAGE HEART,1334.49,332,33,1
20993,JAZZ HEARTS MEMO PAD,1334.11,10967,32,3
22893,MINI CAKE STAND T-LIGHT HOLDER,1330.5,2774,187,8
20933,YELLOW POT PLANT CANDLE,1329.49,505,53,2
22701,PINK DOG BOWL,1329.43,677,161,4
21926,RED/CREAM STRIPE CUSHION COVER ,1327.77,1011,148,4
85200,BUNNY EGG BOX,1321.59,1047,107,5
23405,HOME SWEET HOME 2 DRAWER CABINET,1321.38,254,73,3
22761,CHEST 7 DRAWER MA CAMPAGNE,1320.48,54,37,5
72800B,S/4 PURPLE DINNER CANDLE BLK FLOCK,1320.13,1002,99,4
35648,VINTAGE BEAD PINK PURSE ,1319.81,1057,150,4
22232,3 PIECE JIGSAW TOADSTOOLS,1318.99,1109,158,13
20760,GARDEN PATH POCKET BOOK,1317.91,5555,85,5
84658,WHITE STITCHED CUSHION COVER,1317.81,231,71,6
22097,SWALLOW SQUARE TISSUE BOX,1317.69,2100,272,10
22181,SNOWSTORM PHOTO FRAME FRIDGE MAGNET,1317.65,1567,146,10
21880,RED AND WHITE SPOT TAPE,1314.24,2519,335,14
84688,BEACH HUT DESIGN BLACKBOARD,1313.52,422,81,4
23373,VINTAGE CHRISTMAS PAPER GIFT BAG,1313.39,1608,100,5
85170D,SET/6 PINK BIRD T-LIGHT CANDLES,1311.09,727,155,3
21248,DOOR HANGER  MUM + DADS ROOM,1309.7,1050,163,8
82613D,METAL SIGN CUPCAKE SINGLE HOOK,1309.46,1198,280,11
21842,PINK HEART CANDY BUTTON CALCULATOR,1308.74,551,47,4
84609,TALL ROCOCO CANDLE HOLDER,1306.22,144,39,2
22543,MINI JIGSAW BAKE A CAKE ,1304.61,3300,125,10
85025C,PINK HEART SHAPE PHOTO FRAME,1304.18,729,133,2
85231G,ORANGE SCENTED SET/9 T-LIGHTS,1304.06,1496,269,3
20765,CHRYSANTHEMUM SKETCHBOOK ,1302.56,452,156,2
20738,GREEN MINI TAPE MEASURE ,1301.72,1610,74,5
16225,RATTLE SNAKE EGGS,1298.93,1530,174,3
22105,MIRROR MOSAIC GOBLET CANDLE HOLDER,1298.91,693,57,4
17091A,LAVENDER INCENSE IN TIN,1298.77,2096,121,5
79191C,RETRO PLASTIC ELEPHANT TRAY,1298.01,1624,161,9
22258,FELT FARM ANIMAL RABBIT,1294.8,1345,136,5
22267,EASTER DECORATION EGG BUNNY ,1292.72,1473,122,4
46776A,WOVEN BUBBLE GUM CUSHION COVER,1291.65,408,122,2
85006,SET 4 NURSERY DES ROUND BOXES,1289.31,3049,37,6
84625A,PINK NEW BAROQUECANDLESTICK CANDLE,1287.49,861,89,8
21063,PARTY INVITES JAZZ HEARTS,1286.87,1492,241,8
46775E,CANDY POP CHUNKY KNITTED THROW ,1282.9,101,51,2
22919,HERB MARKER MINT,1281.94,1833,268,7
20777,CHRYSANTHEMUM NOTEBOOK,1280.97,3669,175,6
22999,TRAVEL CARD WALLET RETRO PETALS,1280.31,2960,230,8
22214,CANDLE PLATE LACE WHITE,1279.79,549,92,7
84816,DANISH ROSE BEDSIDE CABINET,1278.35,33,20,3
22268,EASTER DECORATION SITTING BUNNY,1278.09,2562,252,4
22389,PAPERWEIGHT SAVE THE PLANET,1276.12,659,94,6
21689,SILVER VANILLA  FLOWER CANDLE POT,1275.62,344,64,3
21425,SKULLS STORAGE BOX LARGE,1274.93,505,95,2
21759,METAL WALL SHELF UNIT WITH HOOKS,1274.47,30,13,2
23072,MARIE ANTOINETTE TRINKET BOX SILVER,1273.76,334,30,4
21549,CERAMIC BIRDHOUSE RED ROOF SMALL,1270.39,547,52,3
85136A,YELLOW SHARK HELICOPTER,1269.06,156,119,4
85163B,BLACK BAROQUE WALL CLOCK ,1268.66,115,66,4
21253,SET OF PICTURE FRAME  STICKERS,1266.5,343,128,4
22808,SET OF 6 T-LIGHTS EASTER CHICKS,1264.53,427,85,4
77101A,UNION FLAG WINDSOCK,1263.47,1088,92,2
85130A,BEADED PEARL HEART WHITE LARGE,1262.09,737,93,4
85159A,"BLACK TEA,COFFEE,SUGAR JARS",1261.68,494,83,4
22062,CERAMIC BOWL WITH LOVE HEART DESIGN,1261.15,769,139,5
22290,STANDING METAL RABBIT WITH EGG,1260.82,688,82,1
79163,BLACK CHAMPAGNE GLASS,1260.63,1845,66,2
21752,GLASS CAKE STAND MIRRORED BASE,1259.76,78,38,6
48173c,DOOR MAT BLACK FLOCK ,1259.39,78,39,1
22280,POCKET BAG PINK PAISELY BROWN SPOT,1258.34,884,166,6
40003,WHITE BAMBOO RIBS LAMPSHADE,1258.27,1151,61,2
22921,HERB MARKER CHIVES ,1256.54,1806,239,6
21145,ANTIQUE GLASS PLACE SETTING,1256.21,869,49,3
23511,EMBROIDERED RIBBON REEL EMILY ,1256.17,573,101,11
23071,MARIE ANTOIENETT TRINKET BOX GOLD,1255.1,319,24,5
20825,GOLD WINE GLASS,1255.08,361,7,1
20731,POSY CANDY BAG,1254.17,4143,74,3
79066K,RETRO MOD TRAY,1250.32,1434,249,7
84967B,BLUE KASHMIRI OCCASIONAL TABLE,1249.45,24,11,1
23067,HANGING ENGRAVED METAL HEART,1249.11,297,85,3
20707,CRAZY DAISY HEART DECORATION,1248.69,1616,203,7
21438,TUB 24 HANGING EASTER EGGS SPOTTY,1248.57,378,38,3
21883,STARS GIFT TAPE ,1244.4,2414,233,11
84910A,PINK PAISLEY CUSHION COVER ,1242.29,434,54,2
23138,SINGLE WIRE HOOK IVORY HEART,1238.76,884,87,3
85162A,SILVER RETRODISC LAMPSHADE,1234.27,607,20,2
22216,T-LIGHT HOLDER WHITE LACE,1232.43,1406,122,4
20771,CHRYSANTHEMUM  JOURNAL,1229.73,629,145,5
23539,WALL ART LOVES' SECRET ,1227.95,247,42,1
16046,TEATIME PEN CASE & PENS,1227.75,10061,66,2
84559A,3D SHEET OF DOG STICKERS,1227.51,1359,241,5
22403,MAGNETS PACK OF 4 VINTAGE LABELS ,1223.8,1736,221,9
23142,IVORY WIRE KITCHEN ORGANISER,1220.82,121,40,5
72819,CUPID DESIGN SCENTED CANDLES,1219.83,710,100,7
23598,PAPER BUNTING VINTAGE PARTY,1218.48,428,48,5
72232,FENG SHUI PILLAR CANDLE,1216.38,6402,126,2
21904,HOUSE WRECKING METAL SIGN ,1216.22,764,151,2
22233,JIGSAW RABBIT AND BIRDHOUSE,1215.65,953,170,8
22265,EASTER DECORATION NATURAL CHICK,1215.56,1853,182,4
21261,GREEN GOOSE FEATHER CHRISTMAS TREE ,1214.7,292,84,6
21490,SET OF THREE 50'S GIFT WRAPS ,1214.5,639,57,1
84687,BEACH HUT SHELF W 3 DRAWERS,1214.01,315,74,6
22256,FELT FARM ANIMAL CHICKEN,1213.83,943,130,8
84823,DANISH ROSE FOLDING CHAIR,1210.0,120,29,4
22252,BIRDCAGE DECORATION MAGIC GARDEN,1206.81,981,120,11
22102,MIRROR MOSAIC T-LIGHT HOLDER ,1206.54,1851,62,3
21396,RED SPOTTY EGG CUP ,1205.25,948,78,6
85129D,BEADED CRYSTAL HEART PINK SMALL,1204.83,800,175,1
21130,COLOURFUL STANDING GNOME,1204.38,722,50,6
21366,MIRRORED WALL ART PHOTO FRAMES,1203.57,247,82,2
21650,ASSORTED TUTTI FRUTTI BRACELET,1203.52,3262,216,6
84674,FLYING PIG WATERING CAN,1202.49,468,110,8
23026,DRAWER KNOB VINTAGE GLASS STAR,1201.04,557,65,5
84815,SET OF 3 DANISH ROSE PLANTERS,1200.82,930,57,9
23444,Next Day Carriage,1200.0,79,79,1
84313B,BLUE TV TRAY TABLE ,1198.0,229,85,5
84678,CLASSICAL ROSE SMALL VASE,1196.29,623,90,5
20934,SET/3 POT PLANT CANDLES,1195.97,199,76,4
84830,LARGE ENGLISH ARBORETUM,1195.15,113,7,1
21393,BLUE  SPOTTY PUDDING BOWL,1191.71,5253,47,7
85118,HEART T-LIGHT HOLDER,1189.42,2132,86,3
22615,PACK OF 12 CIRCUS PARADE TISSUES ,1189.36,3866,196,10
84750A,PINK SMALL GLASS CAKE STAND,1189.23,544,105,4
21815, STAR  T-LIGHT HOLDER ,1187.67,750,107,6
47503E,ASS FLORAL PRINT SCISSORS,1186.9,6842,25,5
21312,LARGE CHUNKY GLASS ROMAN BOWL,1185.92,300,27,1
85124C,GREEN JUICY FRUIT PHOTO FRAME,1185.05,449,127,4
22806,SET OF 6 T-LIGHTS WEDDING CAKE ,1184.42,442,60,4
21806,WHITE CHRISTMAS HEART DECORATION,1183.63,2717,133,3
23041,PAPER LANTERN 9 POINT SNOW STAR,1178.48,272,54,1
22718,CARD CAT AND TREE ,1178.34,2691,271,11
23225,CHERUB HEART DECORATION SILVER ,1177.0,1356,89,5
22048,BIRTHDAY BANQUET GIFT WRAP,1176.8,2840,103,9
23431,NATURAL HANGING QUILTED HEARTS ,1175.38,1454,77,8
72598,SET/12 TAPER CANDLES,1175.15,1270,169,4
22814,CARD PARTY GAMES ,1173.88,2783,301,13
23523,WALL ART TREASURE AHOY ,1173.81,360,41,2
20892,SET/3 TALL GLASS CANDLE HOLDER PINK,1171.83,106,41,3
22264,FELT FARM ANIMAL WHITE BUNNY ,1171.73,2036,181,7
37475,SET/4 COLOURFUL MIXING BOWLS,1170.51,117,73,6
23418,LAVENDER TOILETTE BOTTLE,1168.08,558,80,4
23508,MINI PLAYING CARDS DOLLY GIRL ,1165.13,2631,132,10
23515,EMBROIDERED RIBBON REEL DAISY ,1164.98,579,72,12
22253,6 CROCHET STRAWBERRIES,1164.53,969,94,6
21942,SKULLS DESIGN FLANNEL,1164.5,1689,233,4
23269,SET OF 2 CERAMIC CHRISTMAS TREES,1163.13,786,97,6
17021,NAMASTE SWAGAT INCENSE,1163.04,4436,102,2
21649,ASSORTED TUTTI FRUTTI PHOTO FRAME,1162.89,421,29,1
23566,EGG CUP MILKMAID HEIDI,1159.43,883,84,6
21763,VINTAGE WOODEN BAR STOOL,1157.9,43,17,5
84847,FLORAL BATHROOM SET,1157.23,2332,51,3
22255,FELT TOADSTOOL  SMALL,1156.78,1218,152,8
23507,MINI PLAYING CARDS BUFFALO BILL ,1156.51,2884,129,10
21413,PERIWINKLE T-LIGHT HOLDER,1156.22,3174,60,1
21316,SMALL CHUNKY GLASS ROMAN  BOWL,1154.97,695,49,1
20867,PINK ROSE FABRIC MIRROR,1154.45,1141,161,9
20669,RED HEART LUGGAGE TAG,1153.2,824,232,7
20622,VIPPASSPORT COVER ,1152.83,590,135,6
23402,HOME SWEET HOME 3 PEG HANGER ,1151.03,297,69,3
84596E,SMALL LICORICE DES PINK BOWL,1149.52,1136,211,7
21817,GLITTER CHRISTMAS TREE,1148.06,1772,149,3
20932,PINK POT PLANT CANDLE,1147.72,334,82,4
21555,CERAMIC STRAWBERRY TRINKET TRAY,1146.67,431,135,7
22116,METAL SIGN HIS DINNER IS SERVED,1145.2,835,202,4
22040,BOTANICAL ROSE GIFT WRAP,1144.3,2815,94,6
20832,RED FLOCK LOVE HEART PHOTO FRAME,1143.71,1714,164,2
84750B,BLACK SMALL GLASS CAKE STAND,1142.02,609,78,2
22715,CARD WEDDING DAY,1140.67,2731,221,12
23506,MINI PLAYING CARDS SPACEBOY ,1139.2,2747,156,10
85110,BLACK SILVER FLOWER T-LIGHT HOLDER,1138.04,11520,23,2
22598,CHRISTMAS MUSICAL ZINC TREE,1137.26,1799,150,5
37424,WHITE WITH BLACK CATS MUG,1136.38,5251,110,2
84360,TABLE LAMP WHITE SHADE WOOD BASE,1136.19,217,43,1
22230,JIGSAW TREE WITH WATERING CAN,1135.78,1659,198,9
20700,GREEN CAT FLORAL CUSHION COVER ,1135.22,421,104,3
85212,MINI PAINTED GARDEN DECORATION ,1134.65,2872,126,5
21850,BLUE  DIAMANTE PEN IN GIFT BOX,1132.15,460,114,3
84625C,BLUE NEW BAROQUE CANDLESTICK CANDLE,1130.37,804,78,8
85224,ASSORTED COLOUR SILK GLASSES CASE,1129.36,2008,67,1
21040,MODERN VINTAGE COTTON SHOPPING BAG,1128.4,895,70,6
37482B,CUBIC MUG BLUE POLKA DOT,1127.91,1251,9,2
22532,MAGIC DRAWING SLATE LEAP FROG ,1125.47,2919,186,9
21010,ETCHED GLASS BIRD TREE DECORATION,1122.26,856,86,4
21944,KITTENS DESIGN FLANNEL,1120.14,1798,211,7
23510,MINI PLAYING CARDS GYMKHANA,1119.22,2522,126,9
47504H,ENGLISH ROSE SPIRIT LEVEL ,1118.92,1031,143,8
23411, TRELLIS COAT RACK,1118.61,227,57,3
17096,ASSORTED LAQUERED INCENSE HOLDERS,1117.94,6243,79,2
22997,TRAVEL CARD WALLET UNION JACK,1115.93,2595,227,3
21632,VINTAGE PINK DECORATIVE PARASOL,1114.46,134,55,3
23513,EMBROIDERED RIBBON REEL SUSIE ,1114.26,566,70,10
84631,FRUIT TREE AND BIRDS WALL PLAQUE,1114.11,289,51,3
85131D,BEADED CRYSTAL HEART PINK\ON STICK,1112.66,1466,277,4
20615,BLUE SPOTTY PASSPORT COVER,1111.47,647,204,4
21666, RIDGED GLASS T-LIGHT HOLDER,1110.71,1767,88,4
23375,50'S CHRISTMAS PAPER GIFT BAG,1108.89,1352,104,3
23433,HANGING QUILTED PATCHWORK APPLES,1108.58,1258,89,10
21202,DOLLY HONEYCOMB GARLAND,1108.43,857,69,6
21758,VINTAGE SHELLS PRINT,1107.92,138,82,2
84358,FLOOR LAMP SHADE WOOD BASE,1107.43,122,30,1
20755,BLUE PAISLEY POCKET BOOK,1105.8,5162,128,5
20782,CAMOUFLAGE EAR MUFF HEADPHONES,1105.44,171,92,4
37479B,CUBIC MUG FLOCK BLUE ON BROWN,1103.5,1256,34,3
84559B,3D SHEET OF CAT STICKERS,1102.02,1234,205,5
21839,MUMMY MOUSE RED GINGHAM RIBBON,1101.94,204,86,2
84638,SMALL KITCHEN FLOWER POTS PLAQUE,1101.55,400,69,4
47587A,PINK FAIRY CAKE COASTER,1099.88,2706,26,3
22709,WRAP WEDDING DAY,1099.58,2799,77,10
21131,GOLD STANDING GNOME,1098.86,276,50,5
21779,MA CAMPAGNE MINI WOODEN CHEST,1097.8,301,22,2
84509C,DOTTY PLACEMATS ,1097.33,279,98,5
84707A,SILVER JEWELLED MIRROR TRINKET TRAY,1095.63,130,66,4
84989A,75 GREEN FAIRY CAKE CASES,1095.07,2123,158,6
84791,GINGHAM HEART DECORATION,1094.98,337,108,3
85093,CANDY SPOT EGG WARMER HARE,1094.97,1363,155,6
84247E,PACK/12 XMAS FUN CARD,1093.55,386,106,5
21690,SILVER  CANDLEPOT JARDIN ,1092.09,285,101,2
72815,3 WICK CHRISTMAS BRIAR CANDLE ,1091.83,283,72,3
23087,ZINC  HEART T-LIGHT HOLDER,1090.66,868,69,3
23432,PRETTY HANGING QUILTED HEARTS,1090.02,1278,76,9
85008,SET OF 3 CONEY ISLAND OVAL BOXES,1088.69,274,103,6
23102,SILVER HEARTS TABLE DECORATION,1086.65,1288,162,7
22511,RETROSPOT BABUSHKA DOORSTOP,1084.16,407,116,8
84923,PINK BUTTERFLY HANDBAG W BOBBLES,1080.87,248,159,1
22821,GIFT BAG PSYCHEDELIC APPLES,1080.6,1711,191,5
85078,SCANDINAVIAN 3 HEARTS NAPKIN RING,1079.44,2284,166,5
22860,EASTER TIN CHICKS PINK DAISY,1079.0,623,116,10
21827,EIGHT PIECE CREEPY CRAWLIE SET,1078.89,843,148,4
21061,PARTY INVITES FOOTBALL,1078.01,1433,169,9
23347,I LOVE LONDON BEAKER,1077.3,860,98,7
85099f,JUMBO BAG STRAWBERRY,1077.08,213,27,1
85126,LARGE ROUND CUTGLASS CANDLESTICK,1075.91,157,36,3
35651,VINTAGE BEAD PINK SCARF ,1073.75,460,65,4
72800D,S/4 BLUE DINNER CANDLE SILVER FLOCK,1071.21,651,92,3
85163A,WHITE BAROQUE WALL CLOCK ,1070.92,104,58,5
21269,ANTIQUE CREAM CUTLERY SHELF ,1070.82,117,67,6
35646,VINTAGE BEAD PINK EVENING BAG,1068.91,647,108,3
21664,RIDGED GLASS STORAGE JAR CREAM LID,1068.57,268,73,2
72800F,4 IVORY DINNER CANDLES GOLD FLOCK,1067.84,825,72,4
23033,DRAWER KNOB CERAMIC RED,1067.6,720,75,6
22856,ASSORTED EASTER DECORATIONS  BELLS,1067.35,883,33,5
85144,JARDIN ETCHED GLASS BUTTER DISH,1065.25,291,76,4
21725,SWEETIES  STICKERS,1064.12,1159,183,6
20839,FRENCH PAISLEY CUSHION COVER ,1063.77,642,121,5
23516,EMBROIDERED RIBBON REEL SOPHIE  ,1062.35,297,45,7
23331,DECORATIVE WICKER HEART SMALL,1062.28,1596,114,2
37327,ASSTD MULTICOLOUR CIRCLES MUG,1062.22,1746,93,1
22995,TRAVEL CARD WALLET SUKI,1062.0,2389,270,3
85179B,WHITE BITTY LIGHT CHAIN ,1061.25,247,46,1
22857,ASSORTED EASTER GIFT TAGS,1060.18,1244,69,10
21825,PAINTED METAL TREE WITH HOLLY BELLS,1058.99,737,83,4
22134,LADLE LOVE HEART RED ,1057.57,2374,307,9
20783,HEART EAR MUFF HEADPHONES,1056.89,166,56,3
22049,WRAP CHRISTMAS SCREEN PRINT,1056.75,3625,119,6
16047,POP ART PEN CASE & PENS,1056.4,10614,32,2
20671,BLUE TEATIME PRINT BOWL ,1052.47,797,146,5
84908B,BLUE 5 PATCH FLOWER CUSHION COVER,1052.29,435,35,1
84908A,PINK 5 PATCH FLOWER CUSHION COVER ,1052.11,433,37,1
23327,HANGING CLEAR MINI BOTTLE,1051.14,1734,42,3
22953,BIRTHDAY PARTY CORDON BARRIER TAPE,1051.05,842,130,6
84965A,PINK KASHMIRI COFFEE TABLE ,1050.0,20,3,1
18007,ESSENTIAL BALM 3.5g TIN IN ENVELOPE,1048.76,11424,79,6
21814,HEART T-LIGHT HOLDER ,1048.51,691,107,4
85104,SILVER GLASS T-LIGHT SET,1048.09,359,60,1
72750B,"F.FAIRY S/3 CANDLE/GLASS,LAVENDER",1047.2,496,39,3
84030e,ENGLISH ROSE HOT WATER BOTTLE,1047.16,128,51,1
82616C,MIDNIGHT GLAMOUR SCARF KNITTING KIT,1045.94,640,149,2
23419,HOME SWEET HOME BOTTLE ,1045.8,474,87,4
46775A,BUBBLE GUM CHUNKY KNITTED THROW ,1044.23,83,32,2
21721,CANDY SHOP  STICKER SHEET,1042.72,1140,156,9
22266,EASTER DECORATION HANGING BUNNY,1042.71,2546,174,3
84405A,S/3 PINK COL METAL BASKET W HANDLE,1042.16,129,50,4
20652,BLUE SPOTTY LUGGAGE TAG ,1041.06,1525,179,8
21014,SWISS CHALET TREE DECORATION ,1040.36,1975,207,5
85124A,PINK JUICY FRUIT PHOTO FRAME,1037.13,377,95,4
22717,CARD DOG AND BALL ,1036.09,2444,221,10
84985A,SET OF 72 GREEN PAPER DOILIES,1034.08,655,163,8
23088,ZINC HEART FLOWER T-LIGHT HOLDER,1033.28,795,79,3
85160B,BLACK BIRD GARDEN DESIGN MUG,1032.7,6155,37,2
84709B,PINK OVAL JEWELLED MIRROR,1032.33,179,90,4
21417,COCKLE SHELL DISH,1032.31,505,121,2
85180B,PINK HEARTS LIGHT CHAIN ,1031.48,365,70,4
22643,SET OF 4 NAPKIN CHARMS LEAVES   ,1029.98,474,103,2
22247,BUNNY DECORATION MAGIC GARDEN,1027.89,1190,192,3
84686,BEACH HUT MIRROR,1027.79,389,76,3
21836,GINGHAM OVEN GLOVE RED HEART ,1026.63,253,104,6
23545,WRAP RED DOILEY,1025.6,2480,85,13
35923,CANDY HEART HANGING DECORATION,1025.02,1546,114,4
84596L,BISCUITS SMALL BOWL LIGHT BLUE,1023.14,1543,262,7
21427,SKULLS STORAGE BOX SMALL,1023.02,517,127,5
35599B,BLACK CHRISTMAS TREE 120CM,1022.09,276,55,6
23452,HEART MINI PORTRAIT FRAME,1021.76,518,87,4
35653,VINTAGE BEAD NOTEBOOK,1020.92,320,118,4
21636,MADRAS NOTEBOOK MEDIUM,1020.84,1032,107,4
20619,TROPICAL PASSPORT COVER ,1020.73,580,196,6
84929,ASSTD FRUIT+FLOWERS FRIDGE MAGNETS,1020.72,3120,94,9
23153,ZINC SWEETHEART WIRE LETTER RACK,1020.69,263,90,2
22420,LIPSTICK PEN BABY PINK,1020.27,2118,246,8
47589,CONGRATULATIONS BUNTING,1019.63,185,79,4
85031C,CURIOUS IMAGES SCRAP BOOK SET,1017.48,481,107,3
23544,WALL ART MID CENTURY MODERN ,1015.78,164,20,1
72586,"S/6 HALLOWEEN GHOST T LIGHTS, 5CM H",1014.34,2309,188,6
20730,STRAWBERRY CANDY BAG,1011.7,2218,102,5
85170C,SET/6 EAU DE NIL BIRD T-LIGHTS,1009.85,549,109,4
23107,WHITE WIRE PLANT POT HOLDER,1009.51,359,73,4
21084,SET/6 COLLAGE PAPER CUPS,1008.81,2929,227,9
84905,PINK BUTTERFLY C/COVER ,1007.91,269,105,2
71279,PINK GLASS CANDLEHOLDER,1007.52,304,85,3
23460,SWEETHEART WALL TIDY ,1007.08,108,43,3
47310M,"SMALL POP BOX,FUNKY MONKEY",1006.19,747,174,3
82613B,"METAL SIGN,CUPCAKE SINGLE HOOK",1005.64,905,232,10
21127,COLOURFUL FISHING GNOME,1003.98,298,51,4
21250,SET OF SKULL WALL STICKERS,1003.45,404,61,5
23121,PACK OF 6 COCKTAIL PARASOL STRAWS,1002.54,2506,120,6
22108,PING! MICROWAVE PLATE,1002.26,320,133,4
23281,FOLDING BUTTERFLY MIRROR RED  ,1000.82,1280,104,9
85018D,YULETIDE IMAGES S/6 PAPER BOXES,1000.5,799,86,3
82616B,FRAPPUCINO SCARF KNITTING KIT,1000.27,614,136,3
84907,PINK/YELLOW PATCH CUSHION COVER,999.17,391,36,2
23533,WALL ART GARDEN HAVEN ,998.64,215,36,2
20617,FIRST CLASS PASSPORT COVER ,997.2,499,106,9
35958,FOLKART ZINC STAR CHRISTMAS DEC,996.53,1145,88,4
22529,MAGIC DRAWING SLATE GO TO THE FAIR ,996.45,2470,162,7
23517,EMBROIDERED RIBBON REEL REBECCA ,996.38,334,63,8
20705,MRS ROBOT SOFT TOY,996.19,273,53,7
84660C,PINK STITCHED WALL CLOCK,995.6,726,86,3
85025B,EAU DE NILE HEART SHAPE PHOTO FRAME,995.36,575,102,3
84918,CREAM C/COVER W YELLOW/GREEN FLOWER,995.12,208,63,2
20773,BLUE PAISLEY NOTEBOOK,993.68,3357,127,3
72484,ROSES IN WHITE HEART CANDLE ,991.38,1818,66,2
85049e,SCANDINAVIAN REDS RIBBONS,990.69,297,63,1
84964B,BLUE PAINTED KASHMIRI TABLE ,990.0,17,2,1
21335,LIBRARY LAMP,989.62,42,28,2
78124,MAGAZINE RACK GEBRA ASSORTED ,987.36,737,33,4
20878,SET/9 CHRISTMAS T-LIGHTS SCENTED ,986.26,764,97,2
20661,BLUE SPOTTY PURSE ,985.96,900,126,7
21303,FILIGREE WALL MIRROR  ANTIQUE WHITE,985.54,96,30,3
23380,PACK OF 12 VINTAGE DOILY TISSUES,983.5,2344,123,8
23518,EMBROIDERED RIBBON REEL RACHEL ,983.3,362,45,8
85019B,BLOSSOM  IMAGES NOTEBOOK SET,982.47,718,47,7
21208,PASTEL COLOUR HONEYCOMB FAN,980.27,1079,123,10
21691,SILVER VANILLA FLOWER CANDLE POT,979.74,254,84,2
72814,SET/3 CHRISTMAS BRIAR CANDLES,979.17,269,57,4
22512,DOORSTOP RACING CAR DESIGN,978.79,389,75,4
23514,EMBROIDERED RIBBON REEL SALLY ,977.39,478,74,11
20774,GREEN FERN NOTEBOOK,977.33,3493,126,4
23512,EMBROIDERED RIBBON REEL ROSIE,977.32,501,58,12
20830,SILVER PHOTO FRAME,977.21,413,84,3
22104,MIRROR MOSAIC CANDLE PLATE,974.72,1191,101,1
90175A,WHITE GLASS CHUNKY CHARM BRACELET,973.4,108,63,2
84873a,FUNKY FLOWER PICNIC BAG FOR 4,973.36,88,59,1
85111,SILVER GLITTER FLOWER VOTIVE HOLDER,972.63,2931,81,2
85124B,BLUE JUICY FRUIT PHOTO FRAME,971.62,366,105,3
85189,HANGING BUTTERFLY  EGG,971.35,1180,70,4
84800L,LARGE WHITE/PINK ROSE ART FLOWER,970.79,650,38,4
85130D,BEADED CRYSTAL HEART PINK LARGE,970.4,795,112,1
21129,SILVER FISHING GNOME ,970.29,127,62,1
21562,HAWAIIAN GRASS SKIRT ,970.28,678,74,6
20998,ROSE DU SUD OVEN GLOVE,969.23,332,132,8
85197,SET OF 12 MINI BUNNIES IN A BUCKET,967.86,1673,79,5
23183,MOTHER'S KITCHEN SPOON REST ,967.17,226,85,7
20758,ABSTRACT CIRCLES POCKET BOOK,967.02,5441,100,4
21299,EDWARDIAN TOILET ROLL UNIT ,966.35,166,34,2
17012C,ORIGAMI LAVENDER INCENSE/CANDL SET ,965.5,862,118,3
21726,MULTI HEARTS  STICKERS,964.06,1114,168,7
21060,PARTY INVITES BALLOON GIRL,962.75,1288,152,5
85032B,BLOSSOM IMAGES GIFT WRAP SET,961.14,994,153,8
85032C,CURIOUS IMAGES GIFT WRAP SET,960.49,894,165,6
21641,ASSORTED TUTTI FRUTTI KEYRING BALL,959.59,1674,116,3
22994,TRAVEL CARD WALLET RETROSPOT,958.2,2197,221,7
72753B,S/3 FLWR FAIRY LAVENDER CANDLES,957.73,445,14,2
21805,WHITE CHRISTMAS TREE DECORATION ,957.63,2221,105,3
90147,CHUNKY SILVER NECKLACE PASTEL FLOWE,957.35,95,61,1
84664,CHERRY BLOSSOM BATHROOM CABINET,955.35,193,51,1
84341B,SMALL PINK MAGIC CHRISTMAS TREE,954.32,1791,137,4
20778,GARDEN PATH NOTEBOOK ,952.61,3616,94,4
22096,PINK PAISLEY SQUARE TISSUE BOX ,951.61,1680,196,7
22143,CHRISTMAS CRAFT HEART DECORATIONS,947.08,448,73,2
23540,WALL ART THE MAGIC FOREST ,947.06,150,14,2
37492B,BLUE YELLOW FLOWER PIGGY BANK,946.72,489,44,2
21331,MOROCCAN BEATEN METAL DISH LARGE,946.68,110,30,6
35954,SMALL FOLKART STAR CHRISTMAS DEC,946.55,2387,127,3
23178,JAM CLOCK MAGNET,943.92,330,70,9
85031A,ROMANTIC IMAGES SCRAP BOOK SET,943.44,477,102,3
21720,CAKE SHOP  STICKER SHEET,941.71,1082,115,10
20831,GOLD PHOTO FRAME,940.56,480,81,5
20775,DAISY NOTEBOOK ,939.8,3611,118,2
84817,DANISH ROSE DECORATIVE PLATE,937.44,1059,80,9
85121B,RETRO LAUNDRY TUB PINK,936.74,86,48,5
84963A,PINK PAINTED KASHMIRI CHAIR,935.15,27,10,2
85226A,WHITE/BLUE PULL BACK RACING CAR,934.72,1717,153,8
22647,CERAMIC LOVE HEART MONEY BANK,934.59,1067,85,4
82001s,VINYL RECORD FRAME SILVER,932.98,125,29,1
20903,VINTAGE KEEPSAKE BOX TRAVELOGUE,932.5,189,87,4
82607A,GLASS BONBON JAR PARFUME AUX FLEURE,932.47,670,161,2
85019A,ROMANTIC IMAGES NOTEBOOK SET,932.04,651,50,1
47504E,ENGLISH ROSE SCISSORS,931.86,4387,48,6
23179,CLOCK MAGNET MUM'S KITCHEN,930.48,324,53,8
72800C,S/4 PINK DINNER CANDLE SILVER FLOCK,929.94,662,82,3
84826,ASSTD DESIGN 3D PAPER STICKERS,929.43,1805,65,6
23413,DECORATIVE VINTAGE COFFEE  BOX,929.11,177,60,4
21264,WHITE GOOSE FEATHER TREE 60CM ,927.66,394,70,5
37330,SPOTS MUG,927.46,517,28,2
21724,PANDA AND BUNNIES STICKER SHEET,926.47,1038,187,5
22703,PINK CAT BOWL,926.01,515,167,4
23099,FRENCH CARRIAGE LANTERN,925.35,137,59,2
23002,TRAVEL CARD WALLET SKULLS,925.29,2145,197,2
22936,BAKING MOULD ROSE WHITE CHOCOLATE,925.22,288,54,5
21220,SET/4 BADGES DOGS,924.97,684,166,7
85130B,BEADED CRYSTAL HEART GREEN LARGE,921.69,912,84,3
85121C,RETRO LAUNDRY TUB PISTACHIO,918.91,98,53,6
72529W,WHITE ADVENT CANDLE,918.75,464,47,2
21702,SET 5 MINI GATEAUX  FRIDGE MAGNETS,918.68,2636,8,5
72045D,ROSES ON BLUE TEACUP CANDLE ,918.65,539,6,1
84600,NEW BAROQUE JEWELLERY BOX ,918.27,108,52,5
85214,TUB 24 PINK FLOWER PEGS,917.58,533,178,2
23338,EGG FRYING PAN RED ,915.4,431,109,4
21007,ETCHED GLASS DROPLET DECORATION,914.67,1927,48,2
20757,RED DAISY POCKET BOOK ,914.5,5375,86,2
46000P,POLYESTER FILLER PAD 65CMx65CM,913.75,215,50,3
37482P,CUBIC MUG PINK POLKA DOT,913.54,680,87,5
46776C,WOVEN FROST CUSHION COVER,913.52,260,99,3
84086C,PINK/PURPLE RETRO RADIO,913.39,305,94,9
21320,GLASS CHALICE GREEN  LARGE ,913.34,398,57,3
35598B,BLACK CHRISTMAS TREE 60CM,911.77,961,64,8
21676,FLOWERS  STICKERS,909.87,1212,162,5
21147,JINGLE BELLS TREE DECORATION,909.46,494,128,2
84974,S/2 ZINC HEART DESIGN PLANTERS,909.4,92,61,1
23472, NINE DRAWER OFFICE TIDY,909.37,59,34,6
72349b,SET/6 PURPLE BUTTERFLY T-LIGHTS,907.35,218,121,1
23004,TRAVEL CARD WALLET PANTRY,906.94,2011,227,7
22164,STRING OF STARS CARD HOLDER,906.83,322,51,4
22707,WRAP MONSTER FUN ,905.94,2157,83,8
22248,DECORATION  PINK CHICK MAGIC GARDEN,904.86,1016,182,4
21318,GLASS CHALICE BLUE SMALL ,903.72,974,95,7
20803,SMALL PINK GLASS SUNDAE DISH,903.5,1166,88,4
21480,PINK STRIPE HOT WATER BOTTLE,902.47,286,59,1
21444,BLUE CHALET BIRDFEEDER,902.03,291,36,3
23532,WALL ART WORK REST AND PLAY  ,901.58,210,31,3
84660B,BLACK STITCHED WALL CLOCK,901.06,747,62,3
85031B,BLOSSOM IMAGES SCRAP BOOK SET,901.04,497,86,3
84820,DANISH ROSE TRINKET TRAYS,900.95,325,55,10
21270,ANTIQUE CREAM CUTLERY CUPBOARD,899.93,78,53,4
20941,FROG CANDLE,898.79,999,126,5
20913,SET/5 BLUE SPOTTY LID GLASS BOWLS,898.72,314,43,2
21062,PARTY INVITES SPACEMAN,897.12,1078,140,11
23502,PLAYING CARDS VINTAGE DOILY ,896.41,714,95,9
17109B,FLOWER FAIRY INCENSE LAVENDER,896.34,4542,17,3
84760L,LARGE HANGING GLASS+ZINC LANTERN,896.0,560,1,1
90200C,BLUE SWEETHEART BRACELET,895.84,211,103,3
20759,CHRYSANTHEMUM POCKET BOOK ,895.38,5782,65,3
90200E,GREEN SWEETHEART BRACELET,895.2,214,95,3
84666,SQUARE CHERRY BLOSSOM CABINET,892.7,226,33,1
85194S,HANGING SPRING FLOWER EGG SMALL,889.46,1760,133,3
17012B,ORIGAMI JASMINE INCENSE/CANDLE SET,885.02,728,131,3
20991,JAZZ HEARTS MAGNETIC MEMO PAD,884.56,7084,32,4
22486,PLASMATRONIC LAMP,881.9,106,41,2
23479,WIRE EGG BASKET ,880.23,114,45,4
84925F,PSYCHEDELIC WALL THERMOMETER,878.21,716,36,2
72799A,BLACK PILLAR CANDLE SILVER FLOCK,877.8,612,18,1
23423,PANTRY 3 HOOK ROLLING PIN HANGER,876.9,219,66,6
21185, HOME SWEET HOME  BLACKBOARD,876.29,132,44,3
21635,MADRAS NOTEBOOK LARGE ,873.99,403,45,2
22547,MINI JIGSAW DINOSAUR ,873.73,2041,200,8
21338,MARAKESH LANTERN SMALL ,873.25,199,14,1
20936,FORKED CACTUS CANDLE,872.9,342,80,2
85165,CANDY PINK FRENCH BOUDOIR CLOCK,872.76,90,58,2
21293,MIRRORED DOVE WALL DECORATION,872.34,343,86,3
20897,VINTAGE NOTEBOOK PARIS DAYS,872.31,358,77,4
20894,HANGING BAUBLE T-LIGHT HOLDER LARGE,871.55,282,92,2
21414,SCALLOP SHELL SOAP DISH,870.89,1637,37,4
23220,REINDEER HEART DECORATION GOLD,869.98,994,105,4
21128,GOLD FISHING GNOME,868.25,129,59,4
17033,"BROCADE PURSE,SMALL ARCH BUTTON",867.84,3280,69,1
21478,SILVER SKULL HOT WATER BOTTLE ,865.48,207,96,2
85166B,BLACK METAL BAROQUE PHOTO FRAME,864.1,510,38,2
85161,ACRYLIC GEOMETRIC LAMP,863.85,51,33,3
21376,LARGE  TALL CAMPHOR WOOD TOADSTOOL ,860.36,188,49,2
21255,"FRENCH BOTTLE , LAVENDER",860.08,476,96,2
84632,DECORATIVE HANGING SHELVING UNIT,859.25,15,11,3
84578,ELEPHANT TOY WITH BLUE T-SHIRT,858.66,223,115,2
84849A,HELLO SAILOR BLUE SOAP HOLDER,857.23,484,107,7
17107D,"FLOWER FAIRY,5 SUMMER B'DRAW LINERS",856.8,336,94,5
20756,GREEN FERN POCKET BOOK,856.66,5734,65,4
85208,SET/12 FUNKY FELT FLOWER PEG IN BAG,855.84,429,94,1
22510,GINGHAM BABUSHKA DOORSTOP,855.32,325,93,7
84660A,WHITE STITCHED WALL CLOCK,855.26,860,51,3
47563A,RETRO LONGBOARD IRONING BOARD COVER,853.44,347,155,2
22820,GIFT BAG BIRTHDAY,852.93,1365,112,8
85071C,"CHARLIE+LOLA""EXTREMELY BUSY"" SIGN",852.53,1291,143,3
84951A,S/4 PISTACHIO LOVEBIRD COASTERS,852.1,624,137,2
21458,2 PICTURE BOOK EGGS EASTER BUNNY,849.24,768,88,5
47367B,PAIR PADDED HANGERS PINK CHECK,849.17,246,99,5
90161C,ANT COPPER LIME BOUDICCA BRACELET,849.0,170,101,2
21375,LARGE CAMPHOR WOOD FIELD MUSHROOM ,847.59,139,65,3
21719,LOVELY BONBON STICKER SHEET,845.36,942,153,8
22229,BUNNY WOODEN PAINTED WITH FLOWER ,845.3,1007,189,6
84509a,ENGLISH ROSE PLACEMATS,844.74,113,75,1
37423,WHITE WITH BLACK CATS PLATE,843.88,6168,70,2
21552,CERAMIC BIRDHOUSE BLACK ROSE  LARGE,843.55,166,37,2
85231L,LAVENDER SCENTED SET/9 T-LIGHTS,841.75,1043,120,3
21300,ANTIQUE EDWARDIAN DRESSER,841.7,53,12,3
23564,EGG CUP MILKMAID INGRID,841.31,644,76,5
23551,PACK OF 12 PAISLEY PARK TISSUES ,841.01,1843,141,7
40018E,TEA TIME PAPER LANTERNS,840.92,386,83,4
84782A,PINK 3 TIER GLASS PLATE STAND,840.45,119,26,2
17039,INLAID WOOD INCENSE HOLDER,837.88,3707,43,2
84762B,PINK PICNIC BARBECUE BUCKET,837.77,113,48,3
20776,ABSTRACT CIRCLES NOTEBOOK,834.31,3259,86,5
85213,MINI  ZINC GARDEN DECORATIONS ,834.14,1391,82,7
82613C,"METAL SIGN,CUPCAKE SINGLE HOOK",833.81,776,193,4
21654,RIDGED GLASS FINGER BOWL,833.59,1201,86,2
84920,PINK FLOWER FABRIC PONY,831.63,208,91,6
85196,EASTER BUNNIES ON A STICK,831.04,1564,71,6
22135,LADLE LOVE HEART PINK,829.85,1662,330,6
20699,MOUSEY LONG LEGS SOFT TOY,828.36,301,95,6
23017,APOTHECARY MEASURING JAR,826.28,67,22,5
85188A,GREEN METAL SWINGING BUNNY,825.82,945,106,3
84534B,FAIRY CAKE NOTEBOOK A5 SIZE,825.43,871,197,5
79342B,BROWN FLOWER LIGHTS,824.95,119,34,1
21551,CERAMIC BIRDHOUSE BUTTERFLY LARGE,824.95,169,22,1
21374,MIRRORED WALL ART SKULLS,824.67,474,72,4
22825,DECORATIVE PLANT POT WITH FRIEZE,822.87,103,40,1
22289,"DECORATION , HANGING METAL CHICKEN",822.48,768,80,3
37333,"RETRO ""TEA FOR ONE"" ",819.95,148,61,2
85187,S/12 MINI RABBIT EASTER,819.78,481,114,3
22344,PARTY PIZZA DISH PINK+WHITE SPOT ,819.75,1596,136,11
23186,FRENCH STYLE STORAGE JAR CAFE ,819.46,1982,71,5
16011, ANIMAL STICKERS,819.06,3906,116,3
20769,DAISY JOURNAL ,819.01,442,82,5
17012A,ORIGAMI VANILLA INCENSE/CANDLE SET ,818.71,731,99,3
21222,SET/4 BADGES BEETLES,817.17,629,140,7
22408,MONEY BOX CONFECTIONERY DESIGN,816.17,664,99,7
23324,RUSTIC STRAWBERRY JAMPOT LARGE ,816.04,399,44,4
23106,ZINC HEARTS PLANT POT HOLDER,815.59,291,53,1
84970s,HANGING HEART ZINC T-LIGHT HOLDER,813.86,387,103,1
72801G,S/4 BURGUNDY WINE DINNER CANDLES,813.62,1337,67,1
22447,PIN CUSHION BABUSHKA BLUE,813.16,252,84,7
85145,JARDIN ETCHED GLASS LARGE BELL JAR,813.0,92,31,1
20901,VINTAGE KEEPSAKE BOX PINK FLOWER,812.93,92,68,3
47594B,SCOTTIES DESIGN WASHBAG,812.29,410,124,8
20833,SHAKER THROW  QUILTED,811.8,52,5,1
47574A,ENGLISH ROSE SCENTED HANGING FLOWER,810.48,578,133,6
21454,PAINTED PINK RABBIT ,809.3,939,199,3
84922,PINK BUTTERFLY WASHBAG,808.22,342,17,1
23022,SMALL BONNE JAM JAR  T-LIGHT HOLDER,808.16,422,24,2
22058,CERAMIC LOVE HEARTS DESIGN MUG,807.64,528,117,3
85044,RED REINDEER STRING OF 20 LIGHTS,806.35,150,41,1
84767,ZINC POLICE BOX LANTERN,806.22,195,6,2
84951B,S/4 BLACK LOVEBIRD COASTERS,802.73,565,121,2
23409,PHOTO FRAME LINEN AND LACE LARGE,801.68,215,43,3
85017A,ENVELOPE 50 ROMANTIC IMAGES,800.65,1167,181,9
21723,ALPHABET HEARTS STICKER SHEET,799.61,899,144,6
21015,DARK BIRD HOUSE TREE DECORATION,797.91,1722,195,6
21455,PAINTED YELLOW WOODEN DAISY,797.27,901,171,2
20997,ROSE DU SUD CUSHION COVER ,796.74,170,83,6
37494A,FAIRY CAKE CERAMIC BUTTER DISH,796.39,238,52,3
84625D,WHITE NEWBAROQUE CANDLESTICK CANDLE,796.29,651,53,4
23487,SWEET HEART CAKE CARRIER,795.58,80,44,4
20910,VINTAGE PHOTO ALBUM PARIS DAYS,794.52,110,50,2
23521,WALL ART CAT AND BIRD ,793.37,413,44,2
35915C,PEACH KNITTED HEN ,793.32,662,82,4
23335,EGG FRYING PAN IVORY ,792.86,378,98,5
23519,EMBROIDERED RIBBON REEL CLAIRE,792.31,224,24,6
45008C,DECORATIVE NET CANOPY CREAM,792.07,83,34,6
84712B,PINK JEWELLED PHOTO FRAME,791.01,101,61,2
90200B,BLACK SWEETHEART BRACELET,788.2,186,86,2
23568,EGG CUP HENRIETTA HEN CREAM ,787.52,630,48,3
23115,RED APPLES CHOPPING BOARD   ,785.17,155,47,5
90200A,PURPLE SWEETHEART BRACELET,783.66,185,105,2
72799C,PINK PILLAR CANDLE SILVER FLOCK,783.1,471,48,1
20989,URBAN CHIC CHOPSTICKS SET/5,782.18,407,57,2
37461,FUNKY MONKEY MUG,779.89,743,97,1
85130C,BEADED CRYSTAL HEART BLUE  LARGE,779.14,684,71,3
84761,IVORY HANGING BIRD PLANTER ,776.5,279,64,3
21456,2 PICTURE BOOK EGGS EASTER CHICKS,776.05,738,66,4
22640,SET OF 4 NAPKIN CHARMS 3 KEYS ,775.59,361,92,4
35095B,RED VICTORIAN FABRIC OVAL BOX,773.78,1964,183,3
21554,CERAMIC BIRDHOUSE RED ROOF LARGE,773.7,168,23,2
85135A,YELLOW DRAGONFLY HELICOPTER,770.49,96,65,1
84663A,GRASS HOPPER WOODEN WALL CLOCK ,770.11,377,68,6
72755C,FLOWER FAIRY OIL BURNER SET ROSE,767.0,592,14,2
72750A,"F.FAIRY S/3 CANDLE/GLASS,LILY/VALLY",766.85,383,16,2
47581B,FAIRY CAKE WICKER PICNIC BASKET ,766.52,47,37,3
84029C,BROWN FURRY HOT WATER BOTTLE,766.19,204,48,1
23140,TRIPLE WIRE HOOK IVORY HEART,766.1,182,52,2
16259,PIECE OF CAMO STATIONERY SET,766.09,5473,55,4
23006,TRAVEL CARD WALLET FLOWER MEADOW,765.27,1764,174,5
84952C,MIRROR LOVE BIRD T-LIGHT HOLDER,765.13,413,47,1
16244B,MAXWELL 2 TONE BLUE 60 PAGE PHOTO A,765.02,345,29,1
22124,SET OF 2 TEA TOWELS PING MICROWAVE,764.92,303,135,3
23550,WRAP ALPHABET POSTER  ,763.1,1855,64,5
35811A,ENAMEL PINK SUGAR CONTAINER,762.97,434,84,2
23458,DOLLY CABINET 3 DRAWERS ,762.45,51,30,4
84762C,GREEN PICNIC BARBECUE BUCKET,761.25,105,43,2
21377,SMALL CAMPHOR WOOD FIELD  MUSHROOM,760.83,527,101,3
23025,DRAWER KNOB VINTAGE GLASS BALL,760.8,350,54,4
90209C,PINK ENAMEL+GLASS HAIR COMB,760.79,402,68,2
22638,SET OF 4 NAPKIN CHARMS CROWNS ,760.73,415,79,5
23123,COCKTAIL SWORDS 50 PIECES,760.4,936,96,5
90161B,ANT COPPER TURQ BOUDICCA BRACELET,759.33,152,80,2
84620,BLUE GINGHAM ROSE CUSHION COVER,758.51,123,51,4
85131B,BEADED CRYSTAL HEART GREEN ON STICK,758.34,980,226,1
23282,FOLDING BUTTERFLY MIRROR IVORY ,757.86,812,137,6
21194,PINK  HONEYCOMB PAPER FAN,757.8,581,99,8
21298,EDWARDIAN 2 DRAWER WALL CABINET ,755.8,52,14,1
21415,CLAM SHELL SMALL ,755.57,361,89,3
21001,ROSE DU SUD WASHBAG ,754.96,149,96,7
17165B,ASS COL LARGE SAND GECKO P'WEIGHT,754.83,813,64,1
23454,THREE MINI HANGING FRAMES,753.95,179,59,3
84821,DANISH ROSE DELUXE COASTER,752.7,1330,76,7
23223,CHRISTMAS TREE HANGING SILVER ,751.85,803,91,2
90209B,GREEN ENAMEL+GLASS HAIR COMB,751.75,390,104,1
23124,18PC WOODEN CUTLERY SET DISPOSABLE,751.38,567,43,4
72800A,S/4 BLACK DINNER CANDLE SILVER FLOC,750.91,677,49,2
84653,GREEN ROSE QUILT ,750.48,14,12,1
21319,GLASS CHALICE GREEN  SMALL ,750.33,510,66,4
21344,MOROCCAN BEATEN METAL DISH,749.82,166,26,4
84615,PINK ROUND BUTTERFLY MIRROR ,748.48,240,21,2
35647,VINTAGE BEAD PINK SHADE ,748.24,563,75,1
84842,HELLO SAILOR BATHROOM SET,747.9,1506,36,2
20854,BLUE PATCH PURSE PINK HEART,747.73,462,116,4
84689,S/2 BEACH HUT TREASURE CHESTS,742.9,312,40,4
21221,SET/4 BADGES CUTE CREATURES,740.94,557,112,5
23325,RUSTIC STRAWBERRY JAM POT SMALL,740.94,462,35,4
21503,TOYBOX  WRAP ,740.42,1801,64,8
23114,VINTAGE LEAF CHOPPING BOARD  ,737.95,149,45,10
84033,FLAG OF ST GEORGE ,737.03,393,51,3
79030D,"TUMBLER, BAROQUE",736.6,1022,64,5
21133,PAINTED BIRD ASSORTED CHRISTMAS,736.57,424,44,2
47503F,ASS FLORAL PRINT TORCH,736.55,2571,12,2
22100,SKULLS SQUARE TISSUE BOX,734.94,1021,143,6
84715,SET OF 6 ICE CREAM SKITTLES,734.89,241,47,5
23435,3 RAFFIA RIBBONS VINTAGE CHRISTMAS,734.79,827,100,4
84708B,PINK JEWELLED PHOTO FRAME ,732.79,142,54,4
85230F,JASMINE VOTIVE CANDLE,732.66,2970,63,5
21443,OLIVE CHALET BIRDFEEDER,731.68,258,27,1
21365,MIRRORED WALL ART STARS,731.53,476,81,4
21378,SMALL TALL CAMPHOR WOOD TOADSTOOL,730.62,561,89,2
21026,SPACE OWL,730.5,558,134,7
23562,SET OF 6 RIBBONS PERFECTLY PRETTY  ,730.37,253,45,5
20657,TROPICAL LUGGAGE TAG,728.97,1879,120,6
35095A,BLUE VICTORIAN FABRIC OVAL BOX,728.92,1813,169,5
85017C,ENVELOPE 50 CURIOUS IMAGES,728.17,1097,125,10
23522,WALL ART DOG AND BALL ,727.44,354,32,2
84971L,LARGE HEART FLOWERS HOOK   ,727.26,588,62,2
21379, CAMPHOR WOOD PORTOBELLO MUSHROOM,726.73,656,129,2
84976,RECTANGULAR SHAPED MIRROR,726.12,675,57,6
22345,PARTY PIZZA DISH BLUE+WHITE SPOT ,724.69,1483,134,10
85088,CANDY SPOT HAND BAG,723.85,347,79,8
10134,COLOURING PENCILS BROWN TUBE,723.63,627,56,4
84595E,LARGE TORTILLA DESIGN RED BOWL,723.57,367,43,3
84569A,PACK 3 IRON ON DOG PATCHES,722.44,576,117,10
72131,COLUMBIAN CANDLE RECTANGLE,721.53,763,63,2
20701,PINK CAT FLORAL CUSHION COVER ,721.49,353,50,3
84684,BEACH HUT PHOTO FRAME,720.7,609,40,3
82613A,"METAL SIGN,CUPCAKE SINGLE HOOK",718.72,533,119,5
85186A,EASTER BUNNY GARLAND OF FLOWERS,718.66,1548,165,4
23222,CHRISTMAS TREE HANGING GOLD,718.53,799,77,4
35951,FOLKART BAUBLE CHRISTMAS DECORATION,717.99,1352,46,3
21265,PINK GOOSE FEATHER TREE 60CM,717.41,323,36,5
21457,2 PICTURE BOOK EGGS EASTER DUCKS,717.25,686,66,4
35915B,BLUE KNITTED HEN ,717.03,565,70,5
21076,SET/20 COLLAGE PAPER NAPKIN ,715.4,844,95,5
90082D,DIAMANTE BOW BROOCH BLACK COLOUR,715.15,111,56,1
22641,SET OF 4 NAPKIN CHARMS INSTRUMENT,715.06,303,71,3
20763,DAISY SKETCHBOOK ,714.23,269,76,2
20850,ZINC HEART LATTICE PLANTER BOWL,713.8,820,23,2
16015,MEDIUM CHINESE STYLE SCISSOR,711.88,1573,66,1
23042,PAPER LANTERN 7 POINT SNOW STAR,711.51,103,28,1
21442,GREEN BIRDHOUSE DECORATION,710.03,978,139,7
23070,EDWARDIAN HEART PHOTO FRAME,709.54,160,44,2
21740,COSY SLIPPER SHOES LARGE RED,706.86,204,70,3
21308,LOUVRE VANITY MIRROR,705.9,132,6,1
21386,IVORY HANGING DECORATION  EGG,705.74,1196,112,3
22981,PANTRY APPLE CORER,705.58,472,109,7
22036,DINOSAUR BIRTHDAY CARD,705.19,1673,137,6
84869,CANDY BUTTON PHOTO ALBUM,703.54,302,26,2
84563A,PINK & WHITE BREAKFAST TRAY,703.0,142,64,7
90161D,ANT COPPER PINK BOUDICCA BRACELET,702.79,141,77,2
84872a,TEATIME FUNKY FLOWER BACKPACK FOR 2,702.59,64,50,1
84952B,BLACK LOVE BIRD T-LIGHT HOLDER,701.74,427,48,2
84931B,BLUE SCOTTIE DOG W FLOWER PATTERN,701.48,279,87,4
84917,WHITE HAND TOWEL WITH BUTTERFLY,698.66,232,56,3
21674,RIDGED GLASS PENDANT LAMPSHADE,697.8,44,10,3
84584,PINK GINGHAM CAT WITH SCARF,696.75,282,75,8
85231E,STRAWBERRY SCENTED SET/9 T-LIGHTS,696.08,836,108,3
85096,HILDA CANDY SPOT RABBIT,695.91,167,70,3
23120,PACK OF 6 SMALL FRUIT STRAWS,695.41,1716,113,5
23187,FRENCH STYLE STORAGE JAR BONBONS,695.06,2338,75,7
35964,FOLKART CLIP ON STARS,694.25,1192,138,4
20898,VINTAGE NOTEBOOK TRAVELOGUE,693.92,327,55,4
72755D,FLOWER FAIRY OIL BURNER SET SUMMER,693.25,533,13,2
17012F,ORIGAMI SANDLEWOOD INCENSE/CAND SET,693.2,591,112,3
20862,PINK PATCH PENCIL CASE BLUE HEART,691.14,325,37,4
72753A,S/3 FLWR FAIRY LILLY CANDLES,690.24,315,14,3
22034,ROBIN CHRISTMAS CARD,689.87,1656,98,9
17165D,ASS COL LARGE SAND FROG P'WEIGHT,689.67,723,98,2
37444C,PINK BREAKFAST CUP AND SAUCER ,689.27,1659,59,4
20856,DENIM PATCH PURSE PINK BUTTERFLY,688.94,417,126,6
84865,NEW BAROQUE BLACK PHOTO ALBUM,687.8,83,53,4
22033,BOTANICAL ROSE GREETING CARD,686.97,1615,129,6
84986B,SET OF 36 SILVER PAPER DOILIES,685.46,464,80,6
23597,PAPER BUNTING PAISLEY PARK,684.97,251,33,5
47594A,CAROUSEL DESIGN WASHBAG,684.46,346,107,7
90160C,TURQ+RED BOUDICCA LARGE BRACELET,684.22,98,46,2
21263,GREEN GOOSE FEATHER TREE 60CM,683.82,306,62,4
21197,MULTICOLOUR  CONFETTI IN TUBE,683.26,466,48,8
85084,HOLLY TOP CHRISTMAS STOCKING,683.1,684,88,2
62094B,TURQ ICE CREAM BUM BAG ,683.05,306,68,5
37492D,PURPLE GREEN FLOWER PIGGY BANK,682.99,361,26,1
85023B,EAU DE NILE JEWELLED PHOTOFRAME,682.35,293,38,4
84925D,LA PALMIERA WALL THERMOMETER,680.0,453,27,2
21847,GREEN  DIAMANTE PEN IN GIFT BOX,679.58,348,73,2
90184C,BLACK CHUNKY BEAD BRACELET W STRAP,679.13,75,51,2
21750, LARGE SKULL WINDMILL,678.58,313,64,3
75013B,"STRING OF 8 BUTTERFLIES,PINK",677.87,395,82,2
84916,HAND TOWEL PALE BLUE W FLOWERS,676.91,267,63,4
84824,DANISH ROSE UMBRELLA STAND,676.45,38,32,3
23428,IVORY RETRO KITCHEN WALL CLOCK,675.91,77,33,4
21879,HEARTS GIFT TAPE,674.66,1579,159,7
21884,CAKES AND BOWS GIFT  TAPE,673.21,1455,167,8
37474,SET/4 2 TONE EGG SHAPE MIXING BOWLS,670.95,65,47,5
22042,CHRISTMAS CARD SINGING ANGEL,670.64,1841,141,8
46776E,WOVEN CANDY CUSHION COVER ,670.52,207,79,1
90184B,AMETHYST CHUNKY BEAD BRACELET W STR,670.23,74,48,2
85203,HANGING WOOD AND FELT BUTTERFLY ,670.11,1469,235,5
72023F,RED ORGANIC CANDLE IN GLASS,669.62,640,51,1
85205B,PINK FELT EASTER RABBIT GARLAND,669.38,241,62,4
16169K,WRAP FOLK ART,669.25,2100,61,5
23024,LARGE BONNE JAM JAR  T-LIGHT HOLDER,667.85,255,11,3
21441,BLUE BIRDHOUSE DECORATION,667.32,941,136,10
17012D,ORIGAMI ROSE INCENSE/CANDLE SET ,667.14,524,120,3
21247,SET OF RED SALAD SERVERS ,666.22,423,82,6
71403,"PINK/WHITE ""KEEP CLEAN"" BULLET BIN",664.9,179,72,4
85019C,CURIOUS  IMAGES NOTEBOOK SET,663.94,426,26,3
22056,CERAMIC PLATE LOVE HEART DESIGN,662.83,611,35,3
85168B,BLACK BAROQUE CARRIAGE CLOCK,662.12,73,53,2
85188B,PINK METAL SWINGING BUNNY,661.73,749,77,3
23547,WRAP FLOWER SHOP  ,661.5,1575,62,5
17109C,FLOWER FAIRY INCENSE ROSE,661.23,3124,15,2
23482,PEARLISED IVORY HEART LARGE ,661.02,418,39,3
84993A,75 GREEN PETIT FOUR CASES,660.79,1498,181,5
21764,VINTAGE WOODEN PLATE RACK,659.15,17,11,4
21307,SET/4 BUTTERFLY MIRROR MAGNETS,658.47,753,76,2
22054,MINI CAKE STAND HANGING HEARTS,658.31,363,80,4
85186C,BUNNY EGG GARLAND,658.19,1400,156,5
46776D,WOVEN SUNSET CUSHION COVER ,658.07,153,76,2
85028S,FRENCH CHATEAU SMALL FRUITBOWL,656.82,430,34,4
85215,ASSORTED CHEESE FRIDGE MAGNETS,656.24,850,71,7
85028L,FRENCH CHATEAU LARGE FRUIT BOWL ,654.01,271,27,3
21350,GINGHAM HEART WREATH,653.65,227,45,3
20618,QUEEN OF THE SKIES PASSPORT COVER ,652.74,299,139,4
17164B,ASS COL SMALL SAND GECKO P'WEIGHT,651.6,1632,92,2
20714,POSY SHOPPER BAG,649.82,1580,28,2
21134,VICTORIAN METAL POSTCARD CHRISTMAS,649.74,379,49,3
23224,CHERUB HEART DECORATION GOLD,649.02,738,71,4
85185D,FROG SOCK PUPPET,647.91,199,70,4
21003,ROSE DU SUD CUSHION COVER,647.75,109,64,4
17084N,FAIRY DREAMS INCENSE ,647.66,2798,191,1
22391,PAPERWEIGHT HOME SWEET HOME,645.39,327,68,5
17181,CIRCLE OF FRIENDS CANDLE HOLDER,645.21,354,68,3
47597,NEW ENGLAND TEATOWELS,644.88,322,126,2
23408,PHOTO FRAME LINEN AND LACE SMALL,644.8,310,59,3
84766,SILVER ROCOCO CANDLE STICK,643.95,201,28,2
84247G,"DECOUPAGE,GREETING CARD,",643.84,1511,113,8
21816,CHRISTMAS TREE T-LIGHT HOLDER,643.14,426,54,4
84520D,PACK OF 20 FAIRY CAKE PAPER NAPKINS,641.17,701,96,4
16169M,WRAP DAISY CARPET ,640.95,2060,60,4
84507C,BLUE CIRCLES DESIGN MONKEY DOLL,639.74,435,73,2
35004P,SET OF 3 PINK FLYING DUCKS,638.97,120,43,1
21665,TRIANGULAR RIDGED GLASS POSY HOLDER,638.8,879,78,3
84601A,NEW BAROQUE IVORY CUSHION COVER ,638.34,260,15,2
47592A,CAROUSEL DES CHILD'S OVERALL,637.37,331,101,5
84707B,PINK JEWELLED MIRROR TRINKET TRAY,636.94,81,53,3
16169N,WRAP BLUE RUSSIAN FOLKART,636.75,2050,57,8
23492,VINTAGE JINGLE BELLS WREATH,635.38,76,28,2
20819,SILVER TEDDY BEAR,635.24,229,66,9
22043,CHRISTMAS CARD SCREEN PRINT ,634.92,2234,131,7
23456,MEDIUM PARLOUR PICTURE FRAME ,634.1,158,36,2
20696,FLORAL SOFT CAR TOY,633.18,153,62,7
22263,FELT EGG COSY LADYBIRD ,632.48,842,111,5
23453,OVAL  MINI PORTRAIT FRAME,631.58,324,51,5
23216,LAUREL HEART ANTIQUE GOLD,630.73,525,45,2
84964A,PINK PAINTED KASHMIRI TABLE,630.0,11,2,1
90195A,PURPLE GEMSTONE BRACELET,629.95,75,46,1
22092,BLUE PAISLEY TISSUE BOX,629.94,964,148,7
90199C,5 STRAND GLASS NECKLACE CRYSTAL,629.74,106,37,1
90143,SILVER BRACELET W PASTEL FLOWER,629.7,83,45,1
84596J,MIXED NUTS LIGHT GREEN BOWL,629.26,814,142,5
23019,SMALL APOTHECARY MEASURING JAR ,629.05,81,28,5
15056p,EDWARDIAN PARASOL PINK,628.72,50,41,1
85230E,STRAWBRY SCENTED VOTIVE CANDLE,628.41,2445,66,3
23027,DRAWER KNOB VINTAGE GLASS HEXAGON,627.95,295,30,4
71101E,STANDING FAIRY POLE SUPPORT ,627.83,779,49,4
23471,SIX DRAWER OFFICE TIDY,626.74,66,28,2
20694,FLORAL PINK MONSTER,626.08,167,56,5
85218,S/5 MINI ICE CREAM FRIDGE MAGNETS,625.2,1992,2,2
21004,ROSE DU SUD CHILDS APRON,625.07,137,71,4
22346,PARTY PIZZA DISH GREEN+WHITE SPOT ,624.23,1316,107,8
82616A,BUBBLE GUM SCARF KNITTING KIT,624.21,316,52,3
16012,FOOD/DRINK SPUNGE STICKERS,623.13,2973,87,6
85114c,RED ENCHANTED FOREST PLACEMAT,622.72,188,43,1
85092,CANDY SPOT TEA COSY,622.57,391,24,3
23425,STORAGE TIN HOME SWEET HOME,621.44,275,56,5
23180,MUM'S KITCHEN CLOCK,621.09,122,49,5
84051,ASS COLOUR GLOWING TIARAS,620.73,761,64,4
20689,RETRO SISTERS EXPRESSO CUPS,620.05,430,42,7
20655,QUEEN OF SKIES LUGGAGE TAG,619.75,421,198,4
16156N,"WRAP, FRIENDSHIP ON GREEN",619.5,1475,56,1
84876D,BLUE HEART COMPACT MIRROR,619.27,336,37,1
90198A,VINTAGE ROSE BEAD BRACELET RASPBERR,617.92,146,86,2
18094C,WHITE/BLUE RECT CERAMIC OIL BURNER,616.91,446,100,4
82095,HEART BUTTONS JEWELLERY BOX,616.21,102,49,4
72772,SET/4 SCENTED CANDLES IN RAMEKINS,615.84,457,9,1
84932C,SMALL ORIENTAL BLUE FOLDING STOOL,615.4,282,34,8
84859A,SILVER DISCO HANDBAG,613.53,293,60,3
47583A,SET OF 3 WICKER BASKET ROSE,612.82,71,6,1
22538,MINI JIGSAW GO TO THE FAIR,612.55,1446,88,7
37351,ORANGE FLOWER MUG ,612.51,5404,11,2
23018,LARGE APOTHECARY MEASURING JAR ,612.16,51,21,3
79190B,RETRO PLASTIC POLKA TRAY,611.93,1503,138,4
79315W,FLYING SAUCER TABLE LIGHT IN WHITE,611.51,199,13,1
35972,DAISY FOLKART HEART DECORATION,611.38,440,88,1
20781,GOLD EAR MUFF HEADPHONES,611.28,110,67,4
21173,LOO ROLL  METAL SIGN ,611.26,342,79,3
84858C,PINK RIVIERA HANDBAG,611.07,347,30,1
21416,CLAM SHELL LARGE,610.56,753,25,3
gift_0001_30,Dotcomgiftshop Gift Voucher £30.00,610.09,24,24,1
20695,FLORAL BLUE MONSTER,608.83,143,62,4
21440,12 MINI TOADSTOOL PEGS,608.81,481,103,3
84563B,BLUE & WHITE BREAKFAST TRAY,607.79,133,63,6
62096A,PINK/YELLOW FLOWERS HANDBAG,607.79,395,93,3
85169D,PINK LOVE BIRD CANDLE,606.49,522,89,5
20863,BLUE PATCH PENCIL CASE PINK HEART,605.73,295,52,4
23520,EMBROIDERED RIBBON REEL RUBY ,604.3,168,33,5
17109D,FLOWER FAIRY INCENSE BOUQUET,603.38,1260,41,4
82011C,BATHROOM SCALES FOOTPRINTS IN SAND,602.68,133,73,2
84932A,SMALL GREEN PEONY FOLDING STOOL,602.6,262,24,7
84846A,SCENTED CANDLE IN DIGITALIS TIN,601.17,265,59,1
85117,NIGHTINGALE COATHOOK WHITE,600.92,351,62,2
21167,WHITE SAGE INCENSE,600.17,2495,118,1
85146,JARDIN ETCHED GLASS SMALL BELL JAR,599.38,118,31,1
16236,KITTY PENCIL ERASERS,599.31,2666,271,7
82605,OLD DOC.RUSSEL METAL SIGN,599.27,270,128,2
47469,ASSORTED SHAPES PHOTO CLIP SILVER ,597.53,1225,40,2
84682,CLASSICAL ROSE DISH,596.94,295,51,1
90010B,BLACK/WHITE GLASS/SILVER BRACELET,596.74,65,36,1
20794,BLUE  TILE HOOK,596.08,213,50,3
72122,COFFEE SCENT PILLAR CANDLE,595.23,588,126,2
84569B,PACK 3 FIRE ENGINE/CAR PATCHES,594.68,463,84,7
23377,PACK OF 12 DOLLY GIRL TISSUES,593.62,1354,137,6
84924A,WAKE UP COCKEREL CALENDAR SIGN ,593.5,139,65,3
21553,CERAMIC BIRDHOUSE FINCH BLUE  LARGE,593.17,92,41,2
20849,ZINC HEART LATTICE DOUBLE PLANTER,593.03,674,24,2
20804,GLASS CHICKEN BUTTER DISH,592.51,333,63,1
21223,SET/4 BADGES WOODLAND ANIMAL,592.08,496,47,5
85113,POLKA DOT PISTACHIO PAIL,591.66,285,49,4
21304,ARCHED GREY MIRROR,591.58,86,18,2
84963B,BLUE PAINTED KASHMIRI CHAIR,591.5,18,6,1
21322,GLASS SPHERE CANDLE STAND LARGE ,590.45,301,14,2
85230B,CINNAMON SCENTED VOTIVE CANDLE,588.88,2216,72,6
21256,"FRENCH BOTTLE, BRASSERIE DES ARTIST",588.64,326,65,1
37444A,YELLOW BREAKFAST CUP AND SAUCER,587.84,2716,49,3
21893,POTTING SHED SEED TIN,587.8,172,20,2
23499,SET 12 VINTAGE DOILY CHALK ,587.49,1315,115,5
47421,ASSORTED COLOUR LIZARD SUCTION HOOK,586.98,1497,88,5
84934,ASSTD DESIGN POP ART SLIM PEN,586.5,687,13,4
23565,EGG CUP MILKMAID HELGA ,586.31,410,63,5
84569C,PACK 4 FLOWER/BUTTERFLY PATCHES,584.93,415,89,6
21016,LIGHT BIRD HOUSE TREE DECORATION,584.55,836,89,4
23537,WALL ART I LOVE LONDON ,581.13,111,34,2
85202,HANGING WOOD AND FELT HEART,581.01,1225,228,3
20935,ROUND CACTUS CANDLE,580.38,302,49,1
16238,PARTY TIME PENCIL ERASERS,580.1,2525,248,7
21419,CONCH SHELL,577.69,1259,19,2
35922,EASTER BUNNY WREATH,575.99,97,36,6
17013D,ORIGAMI ROSE INCENSE IN TUBE,575.76,1069,32,3
22044,CHRISTMAS CARD STACK OF PRESENTS,575.48,2000,93,5
23016,GLASS TWIST BON BON JAR,575.25,74,24,1
23125,6PC WOOD PLATE SET DISPOSABLE,574.88,459,38,3
84932D,SMALL ORIENTAL RED FOLDING STOOL,574.71,239,21,5
85169B,BLACK LOVE BIRD CANDLE,574.18,483,102,3
84675,FROG KING WATERING CAN,571.71,206,62,4
85119,WATERING CAN SINGLE HOOK PISTACHIO,570.84,414,41,4
16162L,THE KING GIFT BAG,570.43,8101,30,2
85129A,"WHITE PEARL BEADED HEART, SMALL",570.41,445,81,3
23455,SMALL PARLOUR PICTURE FRAME,569.43,207,36,4
84773,RED ROSE AND LACE C/COVER,569.35,193,50,3
85169C,EAU DE NIL LOVE BIRD CANDLE,569.33,506,72,4
85086A,CANDY SPOT HEART DECORATION,568.73,587,153,4
23069,EDWARDIAN PHOTO FRAME,568.71,90,33,3
23219,LAUREL STAR ANTIQUE SILVER ,568.6,430,64,3
47559b,TEA TIME OVEN GLOVE,568.58,171,46,1
84806B,WHITE CANDYSTUFT ARTIFICIAL FLOWER,568.02,450,32,3
23381,PACK OF 12 VINTAGE LEAF TISSUES ,567.95,1509,83,4
85014b,RED/WHITE DOTS RUFFLED UMBRELLA,567.74,45,39,1
16169C,WRAP BLUE REINDEER,567.0,1350,43,4
20838,FRENCH LATTICE CUSHION COVER ,565.8,446,63,4
85071D,CHARLIE+LOLA MY ROOM DOOR SIGN,564.16,890,115,2
21881,CUTE CATS TAPE,563.4,1345,120,7
23272,TREE T-LIGHT HOLDER WILLIE WINKIE,562.22,364,44,4
37345,ASSTD HEARTS DESIGN MUGS,561.05,321,9,2
16049,TEATIME GEL PENS ASST,560.48,3169,32,1
21311,SET/4 BIRD MIRROR MAGNETS ,559.81,733,101,2
85090,CANDY SPOT APRON,559.28,106,54,4
21160,KEEP OUT GIRLS DOOR HANGER ,558.94,795,59,2
85020,ROUND PINK HEART MIRROR,558.69,251,61,3
23451,SQUARE MINI PORTRAIT FRAME,558.12,278,54,3
84306,S/3 PINK SQUARE PLANTERS ROSES,557.48,48,31,2
21371,MIRRORED WALL ART POPPIES,556.01,404,64,7
23074,EMBOSSED HEART TRINKET BOX,555.59,250,49,3
20823,GOLD WINE GOBLET,555.47,261,21,1
23457,LARGE PARLOUR PICTURE FRAME,554.83,113,32,2
22394,PAPERWEIGHT KINGS CHOICE ,554.45,349,57,3
90120D,WHITE MURANO TWIST BRACELET,554.13,134,40,1
23473,WOODLAND SMALL RED FELT HEART,552.85,679,52,8
84859C,PINK DISCO HANDBAG,552.72,304,40,3
84683,CLASSICAL ROSE CANDLESTAND,551.86,564,52,3
84805B,BLUE CLIMBING HYDRANGA ART FLOWER,551.4,340,9,3
84509c,DOTTY PLACEMATS ,550.98,73,48,1
90195B,BLACK GEMSTONE BRACELET,550.19,62,29,1
47021G,SET/6 BEAD COASTERS GAUZE BAG GOLD,549.52,716,73,3
90203,SILVER CHARM NECKLACE 70CM,549.27,73,35,1
85129C,BEADED CRYSTAL HEART BLUE SMALL,548.99,420,70,2
21373,MIRRORED WALL ART SNOWFLAKES,548.89,636,61,4
85091,CANDY SPOT BREAD BASKETS,548.81,343,20,2
23549,WRAP BIRD GARDEN ,548.1,1305,52,6
20888,SET 3 JARDIN DE FEMME SCENT CANDLES,547.74,367,19,2
85030,FRENCH CHATEAU OVAL PLATTER,547.35,213,31,4
23484,HEART TRELLIS TRIPLE T-LIGHT HOLDER,547.35,185,36,1
90058B,CRYSTAL STUD EARRINGS ASSORTED COL ,547.24,1118,30,1
72267,PREMIUM CHURCH CANDLE,546.96,273,48,1
85027L,FRENCH CHATEAU LARGE PLATTER ,546.45,191,41,7
72801C,S/4 ROSE PINK DINNER CANDLES,546.36,720,57,3
35969,FOLKART CROWN TABLE DECORATIONS,545.77,525,78,6
90175D,TIGRIS EYE CHUNKY CHARM BRACELET,545.72,60,42,1
21339,MARAKESH LANTERN LARGE,544.5,30,13,2
20943,SET/6 GINGERBREAD STAR T-LIGHTS,543.96,384,73,5
23043,PAPER LANTERN 9 POINT HOLLY STAR 40,543.51,81,23,1
84596K,JELLY BABIES YELLOW SMALL BOWL,543.41,428,93,3
84592,CROCHET ROSE PURSE WITH SUEDE BACK,542.3,175,48,4
84984B,RED PEONY DES C/COVER ,541.3,322,16,2
20659,ECONOMY LUGGAGE TAG,539.76,374,145,4
90010E,AMBER GLASS/SILVER BRACELET,539.01,60,36,1
85179A,GREEN BITTY LIGHT CHAIN,538.99,222,74,4
23398,HANGING HEART BONHEUR,538.75,610,78,6
21017,RED BIRD HOUSE TREE DECORATION,538.44,662,90,3
84804B,BLUE DELPHINIUM ARTIFICIAL FLOWER,537.37,367,21,2
16048,TEATIME ROUND PENCIL SHARPENER ,537.18,3462,107,7
21418,STARFISH SOAP DISH,536.39,195,68,2
84414B,FUSCHIA/GREEN STRIPE WOOLLY BLANKET,536.24,78,9,2
71270,PHOTO CLIP LINE,535.4,378,88,5
84661B,BLACK SQUARE TABLE CLOCK,535.28,244,52,4
23660,HENRIETTA HEN MUG ,534.66,306,42,4
85142,JARDIN ETCHED GLASS GINGER JAR,534.38,61,38,2
20653,CHERRY BLOSSOM LUGGAGE TAG,533.79,2006,83,5
16169P,WRAP GREEN RUSSIAN FOLKART ,533.75,1750,48,5
21734,SMALL MARAKESH LANTERN ON STICK,533.24,98,31,2
85039C,S/4 BLACK MINI ROSE CANDLE IN BOWL,532.86,546,121,1
84827,ASS DES PHONE SPONGE CRAFT STICKER,532.69,1093,38,4
21943,CAKES AND RABBITS DESIGN FLANNEL ,532.48,593,151,7
71143,SILVER BOOK MARK WITH BEADS,532.02,356,103,1
21336,GOLD WASHBAG,530.51,1824,44,3
23139,SINGLE WIRE HOOK PINK HEART,530.15,415,29,2
84799,SPRIG LAVENDER ARTIFICIAL FLOWER,530.03,679,32,3
90160D,PINK BOUDICCA LARGE BRACELET,529.22,76,25,2
21403,BLUE EGG  SPOON,529.02,2326,159,9
16202B,PASTEL BLUE PHOTO ALBUM ,528.56,1039,22,4
23060,HEART BEADED TRELLIS DECORATION,528.17,249,44,2
84931A,PINK SCOTTIE DOG W FLOWER PATTERN,526.44,209,86,4
84875B,GREEN SQUARE COMPACT MIRROR,526.01,377,41,2
16168M,FUNKY MONKEY GIFT BAG MEDIUM,525.01,1713,104,2
84657,GREEN ROSE CUSHION COVER,523.43,247,21,3
85226C,BLUE PULL BACK RACING CAR,523.41,991,85,3
72728,ROSE SCENT CANDLES IN GLASS,523.15,643,55,3
22861,EASTER TIN CHICKS IN GARDEN,522.93,305,50,7
22407,MONEY BOX FIRST ADE DESIGN,522.37,439,76,6
46118,FUNKY MONKEY CUSHION COVER,522.05,374,74,2
23336,EGG FRYING PAN PINK ,521.33,226,87,4
21459,YELLOW EASTER EGG HUNT START POST,520.55,263,44,2
35810B,ENAMEL BLUE RIM COFFEE CONTAINER,519.81,326,69,9
90114,SUMMER DAISIES BAG CHARM,519.2,207,113,3
20793,BLUE TILED TRAY,518.5,281,22,2
84706D,CHERRY BLOSSOM TABLE CLOCK ,518.09,221,17,4
20868,SILVER FABRIC MIRROR,518.07,882,71,4
84762A,WHITE PICNIC BARBECUE BUCKET,517.43,59,29,3
84970l,SINGLE HEART ZINC T-LIGHT HOLDER,516.96,247,71,1
84247L,FAWN AND MUSHROOM GREETING CARD,513.33,1173,113,7
72807c,SET/3 VANILLA SCENTED CANDLE IN BOX,511.98,60,44,1
79337,BLUE FLOCK GLASS CANDLEHOLDER,511.93,1200,22,3
23136,IVORY WIRE SWEETHEART LETTER TRAY,511.89,135,49,3
84989B,75 BLACK FAIRY CAKE CASES,510.7,1010,58,3
84782C,GREEN 3 TIER GLASS PLATE STAND,509.9,74,18,3
21117,BLOND DOLL DOORSTOP,509.58,334,29,4
20753,RETRO PINK SPOT WASHING UP GLOVES,509.0,218,56,3
21882,SKULLS TAPE,508.25,1064,129,7
20654,FIRST CLASS LUGGAGE TAG ,507.91,400,122,8
84915,HAND TOWEL PINK FLOWER AND DAISY,507.83,241,41,4
35967,FOLK ART METAL STAR T-LIGHT HOLDER,507.59,966,117,2
84218,BOX/12 CHICK & EGG IN BASKET,507.41,263,99,5
35004S,SET OF 3 SILVER FLYING DUCKS,505.4,145,24,1
22541,MINI JIGSAW LEAP FROG,505.19,1247,69,8
23021,GLASS BONNE JAM JAR,504.97,121,28,6
37352,BIRD IN TREE MUG ,504.55,4643,8,2
84877B,GREEN ROUND COMPACT MIRROR,504.43,291,43,3
20845,ZINC HEART LATTICE 2 WALL PLANTER,502.27,76,24,2
23560,SET OF 6 RIBBONS COUNTRY STYLE,502.07,173,27,4
90014A,SILVER/MOP ORBIT NECKLACE,502.01,55,40,1
16219,HOUSE SHAPE PENCIL SHARPENER,501.25,3358,129,6
23117,POPPY FIELDS CHOPPING BOARD,501.23,93,45,5
20865,PATCHWORK PENCIL CASE BUTTERFLY ,500.49,251,33,4
84809A,WHITE CHRYSANTHEMUMS ART FLOWER,500.04,288,23,3
35471A,SET OF 3 BIRD L.BLUE FEATHER,499.31,421,85,4
22031,BOTANICAL LAVENDER BIRTHDAY CARD,499.03,1137,143,3
20864,DENIM PATCH PENCIL CASE BUTTERFLY,498.14,252,30,4
23466,TUSCAN VILLA DOVECOTE BIRD FEEDER,498.03,55,27,2
23045,PAPER LANTERN 5 POINT STAR MOON 30,497.98,118,25,3
21132,SILVER STANDING GNOME   ,497.86,98,49,6
35600D,PINK AND WHITE CHRISTMAS TREE 180CM,497.7,141,13,2
85230A,OPIUM SCENTED VOTIVE CANDLE,497.04,1992,48,3
85170B,SET/6 BLACK BIRD T-LIGHT CANDLES,496.91,293,62,1
84798B,PURPLE FOXGLOVE ARTIIFCIAL FLOWER,492.9,326,10,2
16239,BALLERINA HEART DECORATION.,492.17,347,21,2
51020B,STRIPY DESIGN SHOWER CAP,491.87,1087,62,1
90160B,RED BOUDICCA LARGE BRACELET,490.92,71,29,2
84876B,GREEN HEART COMPACT MIRROR,490.81,346,43,2
21663,VINTAGE GLASS SUGAR CADDY,488.16,76,32,1
72132,COLUMBIAN CUBE CANDLE,487.5,562,31,2
22259,FELT FARM ANIMAL HEN,485.45,592,76,2
90192,JADE DROP EARRINGS W FILIGREE,484.31,97,56,3
84875D,BLUE SQUARE COMPACT MIRROR,483.75,371,37,1
72127,COLUMBIAN CANDLE ROUND ,483.44,396,73,1
23218,LAUREL STAR ANTIQUE GOLD,483.03,379,40,3
84901,BLACK FACE LAMB WITH PANTS,482.38,126,77,1
84926E,FLOWERS TILE COASTER,482.28,1108,54,2
23691,WRAP KEEP CALM BIRTHDAY,481.5,1175,38,2
22038,BOTANICAL LAVENDER GIFT WRAP ,481.0,1150,45,5
16244A,MAXWELL 2 TONE PINK 60 PAGE PHOTO A,479.41,186,28,1
21518,BANK ACCOUNT  GREETING  CARD ,479.36,1131,111,5
21536,DAIRY MAID  SMALL  MILK JUG,478.94,223,64,3
23422,PANTRY HOOK BALLOON WHISK ,477.89,213,47,5
37492C,GREEN BLUE FLOWER PIGGY BANK,477.3,242,25,1
84508B,STRIPES DESIGN TEDDY,476.71,178,80,3
72750C,"F.FAIRY S/3 CANDLE/GLASS, ROSE",476.4,232,15,3
20662,FIRST CLASS HOLIDAY PURSE ,476.35,730,51,6
23561,SET OF 6 RIBBONS PARTY,476.0,170,16,3
47422,ASSORTED MONKEY SUCTION CUP HOOK,475.56,1218,85,4
85109,PINK BOUDOIR T-LIGHT HOLDER,475.43,4211,20,3
85136B,BLUE SHARK HELICOPTER,473.77,59,47,1
40046A,RED DAISY PAPER LAMPSHADE,472.07,355,62,4
gift_0001_20,Dotcomgiftshop Gift Voucher £20.00,471.06,28,26,1
90120C,GREEN MURANO TWIST BRACELET,470.8,111,60,1
84884a,ANT WHITE WIRE HEART SPIRAL,470.18,56,39,1
84948,SILVER HANGING T-LIGHT HOLDER DOME,469.11,279,38,3
79071B,ENGLISH ROSE METAL WASTE BIN,469.1,154,67,2
85211,S/4 GROOVY CAT MAGNETS,469.05,307,79,2
35911A,MULTICOLOUR RABBIT EGG WARMER,468.79,389,98,5
72799B,PURPLE PILLAR CANDLE BLACK FLOCK,467.71,322,16,2
84952A,CLEAR LOVE BIRD T-LIGHT HOLDER,467.65,167,41,2
85014a,BLACK/BLUE POLKADOT UMBRELLA,467.0,37,31,1
72225C,LAVENDER SCENT CAKE CANDLE,466.38,1926,38,4
51020A,SUMMER FUN DESIGN SHOWER CAP,465.81,1305,52,2
23379,PACK OF 12 RED APPLE TISSUES,465.36,1220,77,5
85204,HANGING WOOD AND FELT FLOWER,462.76,2360,160,5
72801D,S/4 SKY BLUE DINNER CANDLES,462.42,566,63,2
84972L,GIANT PINK HEART MEMO HOLDER,462.15,117,46,1
84984A,GREEN PEONY DES C/COVER,462.12,266,17,3
20616,CHERRY BLOSSOM PASSPORT COVER,461.88,287,124,2
90145,SILVER HOOP EARRINGS WITH FLOWER,461.81,76,46,4
72789,BASKET/8 SCENTED LOVE TOKEN CANDLES,461.53,122,46,2
90201B,BLACK ENAMEL FLOWER RING,460.23,156,56,4
16207B,PINK HEART RED HANDBAG,457.65,265,46,2
23023,RIDGED BONNE JAM JAR T-LIGHT HOLDER,457.62,286,27,2
72128,COLUMBIAN CANDLE ROUND,455.84,730,98,2
90120B,BLUE MURANO TWIST BRACELET,455.68,108,43,2
16218,CARTOON  PENCIL SHARPENERS,454.52,4632,101,4
21757,LIGHTHOUSE PRINTED METAL SIGN,454.3,80,43,1
20621,ECONOMY PASSPORT COVER ,453.77,208,34,2
90010A,MIDNIGHT BLUE GLASS/SILVER BRACELET,452.8,50,31,1
23509,MINI PLAYING CARDS FUN FAIR ,452.72,1065,68,5
84597C,RETRO PINK BALL ASHTRAY ,452.23,365,45,5
23548,WRAP MAGIC FOREST ,451.5,1075,43,5
82081,PINK HEARTS PHOTO ALBUM,451.35,174,23,2
17164D,ASS COL SMALL SAND FROG P'WEIGHT,450.78,1159,34,1
90198B,VINTAGE ROSE BEAD BRACELET BLACK,450.4,106,51,2
16161M,WRAP  PINK FLOCK,449.5,1075,40,2
90013B,BLACK VINTAGE EARRINGS,445.88,108,82,1
90013A,MIDNIGHT BLUE VINTAGE EARRINGS,445.7,118,79,3
84857C,PINK MONTE CARLO HANDBAG,445.03,197,17,2
21027,NINJA RABBIT PINK,444.87,363,86,5
62096B,PURPLE/TURQ FLOWERS HANDBAG,441.99,257,83,2
16243B,BROWN COZY SQUARE PHOTO ALBUM,441.77,212,8,1
85230G,ORANGE VOTIVE CANDLE,439.68,1728,48,4
90154,LAZER CUT NECKLACE W PASTEL BEADS,439.65,59,7,1
79030A,"TUMBLER, ENGLISH ROSE",438.25,171,33,6
23044,PAPER LANTERN 9 POINT HOLLY STAR S,435.74,104,28,2
84859B,BLUE DISCO HANDBAG,435.41,283,19,1
84510F,SET OF 4 NEW ENGLAND COASTERS ,435.25,1101,40,1
84798A,PINK FOXGLOVE ARTIIFCIAL FLOWER,432.45,195,10,2
37464,ROBOT MUG IN DISPLAY BOX,432.43,317,84,3
21678,PAISLEY PATTERN  STICKERS,432.31,582,84,6
90082B,DIAMANTE BOW BROOCH RED COLOUR,431.8,68,31,1
84858B,BLUE RIVIERA HANDBAG,431.0,326,9,1
23058,CHRISTMAS HANGING SNOWFLAKE,430.86,490,48,4
84802B,PURPLE ANEMONE ARTIFICIAL FLOWER,430.35,435,18,2
84968e,SET OF 16 VINTAGE BLACK CUTLERY,429.62,17,14,1
84422,PINK/BLUE DISC/MIRROR STRING,429.61,783,39,1
20851,ZINC HEART LATTICE TRAY OVAL ,429.57,335,29,2
16045,POPART WOODEN PENCILS ASST,429.44,9312,75,4
22395,PAPERWEIGHT VINTAGE PAISLEY,428.94,237,56,5
21520,BOOZE & WOMEN GREETING CARD ,428.45,995,113,5
84966B,BLUE KASHMIRI BOXED MIRROR,428.0,33,4,1
84801A,PINK HYDRANGEA ART FLOWER,427.44,272,15,1
21028,NINJA RABBIT BLACK,426.41,324,93,2
20857,BLUE ROSE PATCH PURSE PINK BUTTERFL,425.7,258,81,5
90184A,AMBER CHUNKY BEAD BRACELET W STRAP,425.57,47,26,2
20715,LITTLE FLOWER SHOPPER BAG,424.0,400,1,1
45016,DECORATIVE NET CANOPY LEOPARD,423.73,101,26,1
16207A,PINK STRAWBERRY HANDBAG ,423.53,143,76,2
16008,SMALL FOLDING SCISSOR(POINTED EDGE),423.46,3143,86,8
47579,TEA TIME BREAKFAST BASKET,422.97,186,57,2
21729,SMALL MARAKESH METAL  LANTERN ,422.9,124,31,1
85097B,BLUE ROCKING SINGING CANARY,420.92,107,42,4
46126A,ELVIS WALLHANGING / CURTAIN,419.99,317,48,2
84967C,GREEN KASHMIRI OCCASIONAL TABLE,419.85,9,4,1
84770,ROUND GEORGIAN SILVER MIRROR,419.25,135,16,1
21736,GOLD SCROLL GLASS T-LIGHT HOLDER,418.89,205,30,2
84007,MAGIC GARDEN MOUNT FUJI,418.22,159,41,1
72780,BLACK SILOUETTE CANDLE PLATE,418.18,514,44,3
22032,BOTANICAL LILY GREETING CARD,418.12,980,111,7
84532B,FAIRY CAKES RECTANGLUAR BOXES,417.58,54,31,3
72803B,OCEAN SCENT CANDLE JEWELLED DRAWER,416.38,94,40,1
21025,SPACE FROG,416.14,314,85,4
35240,ENAMEL BLUE RIM OVAL TRAY SET/2,416.01,49,39,1
37444B,BLUE BREAKFAST CUP AND SAUCER ,415.5,2012,29,3
84529C,YELLOW KNITTED KIDS RUCKSACK,414.74,78,37,3
84804A,CREAM DELPHINIUM ARTIFICIAL FLOWER,414.08,224,19,1
85112,S/3 TEAR DROP CUT GLASS DECORATION,414.02,466,35,1
90206C,CRYSTAL DIAMANTE STAR BROOCH,412.65,82,59,1
23459,DOLLY CABINET 2 DRAWERS ,412.5,33,19,2
20666,ECONOMY HOLIDAY PURSE,412.45,911,46,4
23415,HOME SWEET HOME HOOK,412.18,328,47,5
21698,MOCK LOBSTER FRIDGE MAGNET,411.52,539,119,4
84873A,FUNKY FLOWER PICNIC BAG FOR 4,411.1,33,17,1
84711A,SILVER OVAL SHAPE TRINKET BOX,410.85,44,25,4
21341,KASBAH LANTERN WITH GLASS ,410.64,72,29,3
90149,SILVER FLOWR PINK SHELL NECKLACE,410.26,62,9,1
16169F,WRAP BLIZZARD,409.5,975,34,2
84595B,LARGE TRIFLE DESIGN L BLUE BOWL,408.9,230,16,2
21252,SET OF MEADOW  FLOWER STICKERS,408.66,168,22,3
84510C,SET OF 4 POLKADOTS COASTERS,406.6,277,104,2
90180A,BLACK+WHITE NECKLACE W TASSEL,406.59,45,29,1
23339,EGG FRYING PAN BLUE ,405.0,175,77,4
84984D,ORIENTAL RED C/COVER ,404.91,159,21,3
72801E,S/4 FESTIVE GREEN DINNER CANDLES,404.75,769,24,1
82076,BEECH WOOD PHOTO FRAME ,403.64,290,19,1
79191B,RETRO PLASTIC POLKA TRAY,403.28,485,72,5
90124B,BLUE MURANO TWIST NECKLACE,401.35,40,31,1
84932B,SMALL PINK PEONY FOLDING STOOL,401.3,189,17,5
84984C,ORIENTAL BLUE C/COVER ,401.16,232,16,2
23576,SNACK TRAY RED VINTAGE DOILY,400.04,198,38,4
23429,RED RETRO KITCHEN WALL CLOCK,400.01,47,23,4
90120A,PINK MURANO TWIST BRACELET,399.92,94,42,1
23039,T-LIGHT HOLDER SILVER HEART HANDLE,399.71,199,29,2
85007,SET OF 3 VINTAGE TEA TIME BOXES,399.62,143,22,3
16156L,"WRAP, CAROUSEL",399.0,950,36,8
84673B,BLUE FLY SWAT,398.38,510,139,4
84497,BUTTONS AND STRIPES NOTEBOOK ,398.38,100,41,1
20889,JARDIN DE FEMME SCENTED CANDLE,398.04,657,13,3
D,Discount,397.89,196,5,1
85167A,WHITE GRAND BAROQUE PHOTO FRAME,396.8,176,14,1
90158,ST TROPEZ NECKLACE,396.5,79,65,1
84877D,BLUE ROUND COMPACT MIRROR,395.21,167,47,3
84726,LILLIES CANVAS PICTURE,394.85,233,5,1
90201D,GREEN ENAMEL FLOWER RING,394.33,134,58,3
22869,NUMBER TILE COTTAGE GARDEN 1,393.63,167,57,3
23661,MILK MAIDS MUG ,393.59,219,34,2
23116,VEGETABLE GARDEN CHOPPING BOARD,392.34,78,23,3
90208,PAIR OF ENAMEL FLOWER CLUSTER SLIDE,391.91,161,70,3
23150,IVORY SWEETHEART SOAP DISH,390.75,148,49,5
47562,ENGLISH ROSE IRONING BOARD COVER,390.0,104,42,1
84081,WHITE CERAMIC PARTY SET (5PCS),389.3,100,20,1
79051A,SMOKEY GREY COLOUR D.O.F. GLASS,389.3,954,62,4
16044,POP-ART FLUORESCENT PENS,389.22,6193,3,2
23337,EGG FRYING PAN MINT ,388.75,180,69,3
90002D,FLOWER BURST SILVER RING CRYSTAL,388.24,110,37,1
84429A,MEDIUM PINK BUDDHA HEAD ,386.55,112,44,4
84760S,SMALL HANGING GLASS+ZINC LANTERN,386.31,240,39,3
84292,ROSE PINK METAL FOLDING CHAIR,385.98,44,14,2
90082A,DIAMANTE BOW BROOCH GREEN COLOUR,385.46,60,33,1
90070,RUBY GLASS CLUSTER BRACELET,385.15,63,35,2
16258A,SWIRLY CIRCULAR RUBBERS IN BAG,384.33,1080,107,6
90201A,PURPLE ENAMEL FLOWER RING,382.84,130,54,3
90035B,"PEARL & SHELL 42""NECKL. PINK",380.89,43,4,1
20670,VIP HOLIDAY PURSE,378.85,694,48,3
85026B,EAU DE NILE JEWELLED T-LIGHT HOLDER,378.6,313,33,1
84533B,FAIRY CAKES ROUND NESTING BOXES,377.93,59,24,4
20976,12 PENCILS SMALL TUBE POSY,376.99,550,77,3
85033G,SET/6 GOLD REINDEER T-LIGHT CANDLES,376.05,236,33,2
20663,QUEEN OF THE SKIES HOLIDAY PURSE ,374.43,1076,46,4
20906,VINTAGE NOTEBOOK BEAUTY GIRL,374.14,103,50,2
22870,NUMBER TILE COTTAGE GARDEN 2,374.13,157,49,3
84741C,CITRUS GARLAND FELT FLOWERS ,374.09,186,53,2
90134,OLD ROSE COMBO BEAD NECKLACE,373.88,127,97,1
79190A,RETRO PLASTIC 70'S TRAY,372.67,808,122,4
35968,FOLK ART METAL HEART T-LIGHT HOLDER,372.46,785,78,3
84680,CLASSICAL ROSE URN,372.3,94,17,3
16216,LETTER SHAPE PENCIL SHARPENER,371.64,4158,89,2
78033,FLAG OF ST GEORGE CHAIR,370.6,76,16,2
90013C,GREEN VINTAGE EARRINGS ,370.51,92,60,3
84926D,LA PALMIERA TILE COASTER,370.35,777,50,4
79336,LIGHT PINK FLOCK GLASS CANDLEHOLDER,369.78,840,21,2
47504G,ENGLISH ROSE TAPE MEASURE,368.06,267,58,5
84898F,YELLOW FLOWERS FELT HANDBAG KIT,367.45,172,56,4
47503G,ASS FLORAL PRINT TAPE MEASURE,367.36,284,36,2
23575,SNACK TRAY PAISLEY PARK,367.35,179,34,3
21038,SET/4 MODERN VINTAGE COTTON NAPKINS,367.28,170,54,3
35915A,CREAM KNITTED HEN,365.76,288,1,1
90019A,SILVER M.O.P ORBIT BRACELET,365.61,70,52,3
90161A,ANT COPPER RED BOUDICCA BRACELET,365.23,73,46,1
85094,CANDY SPOT EGG WARMER RABBIT,364.94,763,111,4
90164B,WHITE  ROSEBUD PEARL BRACELET,362.94,67,35,1
23579,SNACK TRAY I LOVE LONDON,362.65,171,37,4
90160A,PURPLE BOUDICCA LARGE BRACELET,362.51,52,25,2
46000R,POLYESTER FILLER PAD 45x30cm,361.05,249,64,3
21946,PARTY TIME DESIGN FLANNEL,358.97,625,67,6
84402D,PINK DRESS JEWELLERY STAND ,358.93,373,13,1
90036E,"FLOWER GLASS GARLD NECKL36""AMETHYST",358.87,45,28,3
90178A,AMBER CHUNKY GLASS+BEAD NECKLACE,358.26,30,24,1
35912B,WHITE/PINK CHICK DECORATION,358.08,290,31,5
84711B,PINK OVAL SHAPE TRINKET BOX,357.71,39,30,2
84800M,MEDIUM WHITE/PINK ROSE ART FLOWER,357.22,250,27,1
90148,LONG SILVER NECKLACE PASTEL FLOWER,356.73,28,19,2
84881,BLUE WIRE SPIRAL CANDLE HOLDER,355.64,54,25,2
20799,PINK MILKSHAKE GLASS,355.33,200,26,3
72487,ROSES WHITE ROUND CANDLE,355.05,827,14,1
90014B,GOLD M PEARL  ORBIT NECKLACE,354.28,36,30,1
23420,PANTRY HOOK TEA STRAINER ,353.45,165,33,3
20950,SET/6  ANGEL T-LIGHTS WHITE/GOLD,353.39,687,84,3
23421,PANTRY HOOK SPATULA,353.36,162,34,4
84802A,WHITE ANEMONE ARTIFICIAL FLOWER,353.21,209,25,1
22039,BOTANICAL LILY GIFT WRAP,353.0,850,30,3
84870C,GREEN GEISHA GIRL ,352.86,99,44,5
35833P,4 PINK FLOCK CHRISTMAS BALLS,352.64,190,69,2
82011B,BATHROOM SCALES RUBBER DUCKS,352.55,94,49,3
84249D,FAIRY CAKE GREETINGS CARD,352.34,835,65,1
84809B,PINK CHRYSANTHEMUMS ART FLOWER,351.6,296,8,1
90201C,RED ENAMEL FLOWER RING,350.94,119,46,4
90175C,BLUE GLASS CHUNKY CHARM BRACELET,350.85,39,22,1
21306,SET/4 DAISY MIRROR MAGNETS,350.65,685,72,3
84535A,ENGLISH ROSE NOTEBOOK A6 SIZE,346.93,607,65,2
22257,FELT FARM ANIMAL SHEEP,346.73,420,60,3
23015,CORDIAL GLASS JUG,346.63,41,20,4
35914,PINK CHICK EGG WARMER + EGG CUP,345.85,246,60,3
84870B,BLUE GEISHA GIRL ,345.11,96,43,5
84801B,WHITE HYDRANGEA ART FLOWER,345.0,214,18,2
21722,SWEET PUDDING STICKER SHEET,343.78,363,84,5
35004c,SET OF 3 COLOURED  FLYING DUCKS,343.72,27,25,1
20940,SET/6 GARDEN GNOME T-LIGHT CANDLES,342.75,118,22,2
85129B,BEADED CRYSTAL HEART GREEN SMALL,342.62,254,60,2
90191,SILVER LARIAT 40CM,342.6,40,21,1
20847,ZINC HEART LATTICE CHARGER LARGE,341.97,81,28,3
72130,COLUMBIAN CANDLE ROUND,341.68,814,64,1
72811,SMALL ZINC/GLASS CANDLEHOLDER,340.45,445,22,2
17011F,ORIGAMI SANDLEWOOD INCENSE+FLOWER,340.41,386,21,3
75149N,STRING CRYSTALS NATURAL,340.0,272,25,1
22889,NUMBER TILE VINTAGE FONT No ,339.73,201,43,1
79303B,BLUE STAR BLOCK TABLE LAMP,339.57,109,10,1
84925A,WAKE UP COCKEREL WALL THERMOMETER,339.29,179,17,1
21420,OYSTER TRINKET BOX,338.66,122,34,2
84576,BLUE CAT BISCUIT BARREL PINK HEART,337.04,96,32,3
37467,PIG MUG IN TWO COLOUR DESIGNS,336.93,275,66,5
90173,PAIR BUTTERFLY HAIR CLIPS,336.88,89,56,2
90129B,TURQUOISE GLASS TASSLE BAG CHARM ,336.59,150,64,2
90018A,SILVER M.O.P ORBIT DROP EARRINGS,333.97,79,59,3
17109A,FLOWER FAIRY INCENSE LILY,333.61,709,13,2
23047,PAPER LANTERN 5 POINT SEQUIN STAR,333.5,58,26,1
21402,RED  EGG  SPOON,333.42,1698,152,9
20688,BEAUTY SPEED EXPRESSO CUPS,332.9,464,11,2
90000D,COPPER/OLIVE GREEN FLOWER NECKLACE,332.86,54,36,1
47583B,SET OF 3 WICKER BASKET TEA AND CAKE,332.6,27,6,1
85089,CANDY SPOT BUNNY,332.29,104,32,4
90175B,PINK GLASS CHUNKY CHARM BRACELET,332.19,37,28,1
35637C,PINK STRING CURTAIN WITH POLE,331.14,100,19,2
85024B,EAU DE NILE JEWELLED PHOTOFRAME,330.9,218,21,3
35921,EASTER BUNNY HANGING GARLAND,330.32,183,50,3
22878,NUMBER TILE COTTAGE GARDEN No,330.26,128,45,2
72739B,WHITE CHOCOLATE SCENT CANDLE,328.39,394,28,2
85131C,BEADED CRYSTAL HEART BLUE ON STICK,327.35,447,75,3
17012E,ORIGAMI OPIUM INCENSE/CANDLE SET ,326.36,294,35,2
84902,PINK KNITTED COW STUFFED TOY,326.33,84,53,1
84706A,ENGLISH ROSE TABLE CLOCK,325.88,137,7,3
21309,LOUVRE CHALKBOARD,325.6,49,5,1
90209A,PURPLE ENAMEL+GLASS HAIR COMB,325.5,173,10,3
23037,CANDLE HOLDER SILVER MADELINE,325.16,196,20,2
17091B,JASMINE TEA INCENSE IN TIN,324.48,282,53,2
23478,WOODLAND LARGE PINK FELT HEART,324.4,285,13,3
84509E,CAROUSEL PLACEMATS ,323.36,161,32,2
23695,DOILY THANK YOU CARD,323.32,765,59,4
90197B,BLACK GLASS BRACELET W HEART CHARMS,322.52,64,51,2
85070,ANT WHITE SWEETHEART TABLE W 3 DRAW,320.0,3,3,1
85033S,SET/6 SILVER REINDEER T-LIGHTS,319.95,260,52,2
21401,BLUE PUDDING SPOON,319.07,1444,125,6
84795b,SUNSET CHECK HAMMOCK,317.72,19,17,1
84933C,LARGE BLUE ORIENTAL FOLDING STOOL,317.0,136,6,2
84673A,PINK FLY SWAT,316.14,502,103,2
84933A,LARGE GREEN PEONY FOLDING STOOL,314.35,131,6,3
18096C,WHITE ROUND PORCELAIN TLIGHT HOLDER,314.0,123,21,3
84522,PINK PARTY SUNGLASSES,313.81,187,27,3
46000U,POLYESTER FILLER PAD 30CMx30CM,313.75,251,51,5
84906,PINK B'FLY C/COVER W BOBBLES,313.42,67,22,3
35638B,PINK/BLUE STRING CURTAIN ,313.29,118,11,1
84838,ANT WHITE HIGH RISE BIRD BOX,312.5,50,4,1
90016B,GOLD/M.O.P PENDANT ORBIT NECKLACE,312.14,37,30,1
84671B,CROCHET BEAR WITH BLUE STRIPES,311.87,111,35,2
84219,BOX/12 MOTHER & CHICK IN BASKET/BOW,311.51,140,31,3
90098,NECKLACE+BRACELET PINK BUTTERFLY,311.48,141,57,3
22872,NUMBER TILE COTTAGE GARDEN 4,311.3,136,39,3
35979,SIX STRING SCANDINAVIAN HEART DECS,311.03,94,28,1
62095B,TURQOISE ICE CREAM SUNHAT,310.83,292,21,3
84623,PINK GINGHAM ROSE FLOOR CUSHION,310.44,56,14,1
90036D,"FLOWER GLASS GARLAND NECKL.36""BLACK",310.24,39,17,1
84933B,LARGE PINK PEONY FOLDING STOOL,309.15,136,6,3
84661A,WHITE SQUARE TABLE CLOCK,308.99,222,43,4
20795,LARGE BLUE PROVENCAL CERAMIC BALL,308.7,135,29,3
21196,ROUND WHITE CONFETTI IN TUBE,308.54,179,24,7
77081,FLOWER WINDMILL,308.38,242,33,2
44235,ASS COL CIRCLE MOBILE ,307.2,824,28,1
47593A,CAROUSEL DESIGN BABY BIB,306.67,303,99,5
23495,SET OF 3 PANTRY WOODEN SPOONS,306.66,225,41,2
90185D,CRYSTAL DIAMANTE EXPANDABLE RING,306.08,72,37,1
90196A,PURPLE GEMSTONE NECKLACE 45CM,306.0,24,13,1
16254,TRANSPARENT ACRYLIC TAPE DISPENSER,305.66,941,41,2
84926A,WAKE UP COCKEREL TILE COASTER,305.59,673,54,3
21030,SPACE CADET RED,304.65,250,54,5
20800,LARGE GLASS SUNDAE DISH CLEAR,303.96,1005,5,2
90129A,PINK GLASS TASSLE BAG CHARM ,303.68,156,76,2
84627,CANDY STRIPE ROSE C/COVER ,303.45,51,21,1
84247N,PACK/12 BLUE FOLKART CARDS,303.38,115,55,3
79190D,RETRO PLASTIC DAISY TRAY,303.3,657,114,4
72753D,S/3 FLWR FAIRY SUMMER CANDLES,302.4,144,9,2
85147,JARDIN ETCHED GLASS CANDLEHLDR LONG,301.95,61,19,1
23430,BLUE RETRO KITCHEN WALL CLOCK,301.88,36,18,4
35645,VINTAGE BEAD PINK JEWEL BOX,301.81,61,34,3
21321,GLASS CHALICE BLUE  LARGE ,301.8,122,18,1
47471,RAINBOW PEGS PHOTO CLIP STRING,301.11,435,70,2
90035C,"PEARL & SHELL 42""NECKL. IVORY",301.0,28,5,1
22954,HEN PARTY CORDON BARRIER TAPE,300.14,243,51,2
84800S,SMALL WHITE/PINK ROSE ART FLOWER,299.54,394,20,1
23440,PAINT YOUR OWN EGGS IN CRATE,299.36,164,5,2
17001,HEAVENS SCENT FRAGRANCE OILS ASSTD,299.35,1211,23,2
90124A,PINK MURANO TWIST NECKLACE,299.28,30,20,1
90030B,RED KUKUI COCONUT SEED NECKLACE,298.02,140,37,5
35981C,WHITE SNOW SCANDINAVIAN STOCKING ,298.0,590,73,1
84508C,BLUE CIRCLES DESIGN TEDDY,297.63,109,46,2
84882,GREEN WIRE STANDING CANDLE HOLDER,296.93,68,38,1
84482,BUTTONS DESIGN JEWELLERY BOX,296.77,76,34,1
90115,SUMMER BUTTERFLIES BAG CHARM,296.53,115,63,2
20869,GOLD FABRIC MIRROR,296.37,530,55,4
35920,FOUR RABBIT EASTER DECORATIONS,296.34,1070,24,3
16202A,PASTEL PINK PHOTO ALBUM ,296.0,663,22,3
DCGSSGIRL,GIRLS PARTY BAG,295.63,92,23,1
21697,SET 5 MINI DOUGHNUT FRIDGE MAGNET ,295.08,372,7,6
84192,ASSORTED COLOUR METAL CAT ,294.85,245,45,1
47578A,ENGLISH ROSE SMALL SCENTED FLOWER,294.33,324,81,3
21144,PINK POODLE HANGING DECORATION ,294.19,545,62,6
21367,MIRRORED WALL ART GENTS,293.7,215,64,1
21388,IVORY HANGING DECORATION  CHICKEN,293.57,315,30,1
16212,FUNKY GIRLZ ASST MAGNETIC MEMO PAD,292.86,375,44,3
72801F,S/4 FESTIVE RED DINNER CANDLES,292.5,234,25,1
DCGS0076,SUNJAR LED NIGHT NIGHT LIGHT,292.09,18,15,1
37422,WHITE WITH BLACK CATS BOWL,292.08,434,73,1
23567,EGG CUP HENRIETTA HEN PINK,291.58,211,38,2
84529A,PINK KNITTED KIDS RUCKSACK,290.78,50,19,1
20826,SILVER APERITIF GLASS,290.72,355,14,1
23410,CURIO CABINET LINEN AND LACE ,290.1,36,18,2
22871,NUMBER TILE COTTAGE GARDEN 3 ,289.39,127,30,3
90185C,BLACK DIAMANTE EXPANDABLE RING,288.95,68,35,2
90185B,AMETHYST DIAMANTE EXPANDABLE RING,288.68,68,35,2
72812,LARGE ZINC/GLASS CANDLEHOLDER,288.46,105,31,3
20987,GEISHA GIRL CHOPSTICKS SET/5,288.35,131,22,1
20821,GOLDIE LOOKING MIRROR,286.42,42,25,1
90014C,SILVER/BLACK ORBIT NECKLACE,284.68,29,20,1
37413,ICON MUG REVOLUTIONARY,284.49,703,83,2
20980,36 PENCILS TUBE POSY,283.56,234,60,2
82093,HEART SHAPE BUTTON FRAME ,283.49,139,28,1
16052,TEATIME PUSH DOWN RUBBER,283.0,850,36,3
84977,WIRE FLOWER T-LIGHT HOLDER,282.58,224,45,2
85049g,CHOCOLATE BOX RIBBONS ,281.44,115,52,1
21095,SET/6 POSIES PAPER PLATES,281.37,303,42,3
23481,PEARLISED IVORY HEART SMALL ,281.17,228,32,2
90163A,PINK ROSEBUD & PEARL NECKLACE,280.71,37,24,1
47586A,PINK FAIRY CAKE CUSHION COVER,280.63,204,32,3
84457,SET/3 RABBITS FLOWER SKIPPPING ROPE,280.43,293,67,3
21412,VINTAGE GOLD TINSEL REEL,279.84,277,76,4
84926F,PSYCHEDELIC TILE COASTER,279.15,485,43,2
72739C,DARK CHOCOLATE SCENTCANDLE,279.08,326,23,1
84625B,BLCK NEW BAROQUE CANDLESTICK CANDLE,279.0,180,17,4
90085,CRYSTAL STILETTO PHONE CHARM,278.85,313,31,1
90122A,PINK CRYSTAL+GLASS BRACELET,278.84,56,32,1
84927F,PSYCHEDELIC TILE HOOK,277.53,336,65,3
35096A,BLUE VICTORIAN FABRIC HEART BOX,277.49,777,51,2
90146,FINE SILVER NECKLACE W PASTEL FLOWE,276.49,41,20,1
75178,ASSTD COL BUTTERFLY/CRYSTAL W/CHIME,276.43,499,27,2
84966C,GREEN KASHMIRI BOXED MIRROR,276.0,23,2,1
21372,MIRRORED WALL ART TABLE LAMP,275.87,158,53,4
23137,ZINC WIRE SWEETHEART LETTER TRAY,275.62,83,23,2
84924F,PSYCHEDELIC METAL SIGN CALENDAR,274.55,975,10,2
21193,WHITE HONEYCOMB PAPER FAN ,274.37,111,23,1
23141,TRIPLE WIRE HOOK PINK HEART,272.91,79,25,2
84924D,LA PALMIERA METAL SIGN CALENDAR,272.61,764,15,2
22875,NUMBER TILE COTTAGE GARDEN 7,272.56,124,31,3
79303D,LILAC FLOWER BLOCK TABLE LAMP,272.45,78,19,1
22868,NUMBER TILE COTTAGE GARDEN 0 ,272.33,125,28,3
84499,BLACK FLOWER CANDLE PLATE,272.17,326,41,1
22874,NUMBER TILE COTTAGE GARDEN 6,272.02,126,29,3
90032,IVORY SHELL HEART NECKLACE,271.88,48,24,1
22877,NUMBER TILE COTTAGE GARDEN 9,271.64,128,28,3
23474,WOODLAND SMALL BLUE FELT HEART,270.96,312,38,6
90028,NEW BAROQUE LARGE NECKLACE BLK/WHIT,270.27,32,27,1
44234,ASSORTED CIRCULAR MOBILE,270.22,1246,70,2
47351B,BLUE  VOILE LAMPSHADE,269.9,98,14,2
90129E,PURPLE GLASS TASSLE BAG CHARM,269.78,133,61,1
47591A,CAROUSEL DES CHILD'S APRON,269.54,163,70,4
85195,HANGING HEART BASKET,269.44,146,17,3
90122C,TURQUOISE CRYSTAL+GLASS BRACELET,269.1,54,30,1
72793,BLACK BOX MIRROR LANTERN,268.75,55,10,1
20818,GOLD TEDDY BEAR,268.5,87,30,3
21032,SPACE CADET WHITE,268.41,216,53,3
47481,50CM METAL STRING WITH  7 CLIPS,268.38,328,46,6
90157,RIVIERA NECKLACE,268.23,54,25,2
22873,NUMBER TILE COTTAGE GARDEN 5,266.71,121,32,4
90096,NECKLACE+BRACELET SET BLUE BLOSSOM,266.44,113,54,1
23476,WOODLAND LARGE RED FELT HEART,264.72,205,22,6
21370,MIRRORED WALL ART FOXY,264.67,56,23,1
21950,SET OF 6 DOTS CHOPSTICKS,263.63,211,18,1
90040B,MURANO STYLE GLASS BRACELET BLACK,263.59,73,38,2
84613C,BLUE NEW BAROQUE FLOCK CANDLESTICK,262.71,63,13,1
22876,NUMBER TILE COTTAGE GARDEN 8,262.59,121,26,3
21268,VINTAGE BLUE TINSEL REEL,262.5,399,53,5
84806A,PINK CANDYSTUFT ARTIFICIAL FLOWER,261.91,319,20,4
17038,PORCELAIN BUDAH INCENSE HOLDER,261.51,2659,56,2
85095,THREE CANVAS LUGGAGE TAGS,261.04,175,50,4
79328,BLUE FLOCK GLASS CANDLEHOLDER,260.76,594,17,2
72799D,BLUE PILLAR CANDLE SILVER FLOCK,260.67,78,19,2
90073,VINTAGE ENAMEL & CRYSTAL EARRINGS,260.52,52,36,1
84597B,RETRO BROWN BALL ASHTRAY ,259.37,205,27,3
22882,NUMBER TILE VINTAGE FONT 3,259.29,127,51,1
90035A,"PEARL & SHELL 42""NECKL. GREEN",257.55,24,16,1
84520b,PACK 20 ENGLISH ROSE PAPER NAPKINS,257.4,110,10,1
85179C,PINK BITTY LIGHT CHAIN,257.15,116,40,2
84371,BIG PINK POODLE,257.1,30,6,1
10123C,HEARTS WRAPPING TAPE ,257.01,654,67,5
84660c,PINK STITCHED WALL CLOCK,256.84,34,31,1
47503H,ASS FLORAL PRINT SPIRIT LEVEL ,256.18,164,67,1
90081C,LILY BROOCH OLIVE COLOUR,255.56,51,37,1
72801d,S/4 SKY BLUE DINNER CANDLES,254.98,103,61,1
90196B,BLACK GEMSTONE NECKLACE 45CM,254.73,20,15,1
85232b,SET/3 RUSSIAN DOLL STACKING TINS,254.47,25,22,1
84461,12 PINK HEN+CHICKS IN BASKET,253.79,99,40,3
gift_0001_50,Dotcomgiftshop Gift Voucher £50.00,253.59,6,6,1
90087,CRYSTAL SEA HORSE PHONE CHARM,252.88,313,55,2
90081A,LILY BROOCH AMETHYST COLOUR,252.7,51,26,1
21493, VINTAGE DESIGN GIFT TAGS,252.45,272,30,2
79338,DARK PINK FLOCK GLASS CANDLEHOLDER,252.29,553,13,1
23149,ANTIQUE IVORY WIRE BOWL SMALL,251.45,99,21,2
DCGSSBOY,BOYS PARTY BAG,251.35,77,21,1
90170,DAISY HAIR BAND,251.27,151,74,4
20836,FRENCH PAISLEY CUSHION COVER,250.0,224,22,2
90181B,AMETHYST GLASS/SHELL/PEARL NECKLACE,249.95,27,26,1
21460,GREEN EASTER EGG HUNT START POST,249.65,113,27,2
84993B,75 BLACK PETIT FOUR CASES,249.54,565,89,3
46307,ROSES BLUE BASE CUSHION COVER ,249.33,53,34,1
90129C,GREEN GLASS TASSLE BAG CHARM,248.36,110,52,1
84030c,KNITTED RAINBOW HOT WATER BOTTLE,248.0,32,13,1
23465,TUSCAN VILLA BIRD FEEDER,247.63,29,16,2
84621,BLUE GINGHAM ROSE FLOOR CUSHION ,247.26,29,15,1
90036C,"FLOWER GLASS GARLAND NECKL.36""BLUE",246.83,31,15,1
35818P,"ACRYLIC JEWEL ICICLE, PINK",246.65,563,27,2
82011A,"BATHROOM SCALES, TROPICAL BEACH",246.58,59,34,2
90119,METALIC LEAVES BAG CHARMS,245.62,98,43,2
90210B,CLEAR ACRYLIC FACETED BANGLE,243.85,106,28,2
23475,WOODLAND SMALL PINK FELT HEART,242.18,286,31,5
23143,ZINC WIRE KITCHEN ORGANISER,239.97,30,16,3
84247K,"FOLK ART GREETING CARD,pack/12",239.38,77,30,3
20855,PINK PATCH PURSE BLUE HEART,239.25,145,49,3
90210D,PURPLE ACRYLIC FACETED BANGLE,238.68,143,24,2
22880,NUMBER TILE VINTAGE FONT 1,238.38,114,39,1
84629,WHITE 3 FRAME BIRDS AND TREE ,237.8,24,13,2
82553,POP'S GREASY SPOON METAL SIGN,237.73,114,42,1
90185A,AMBER DIAMANTE EXPANDABLE RING,237.53,56,27,2
37508,NEW ENGLAND CERAMIC CAKE SERVER,237.22,92,48,1
82585,SWEET VALENCIA CANDLE+CUP,237.15,165,50,1
23580,SNACK TRAY HAPPY FOREST  ,236.87,117,26,3
21369,MIRRORED WALL ART SPLODGES,236.73,135,24,3
90133,TEAL/FUSCHIA COL BEAD NECKLACE,236.46,47,36,1
44217M,MULTICOLOUR FEATHERS CURTAIN,236.4,72,3,1
20891,LARGE GLASS ROSE SCENTED CANDLE ,236.33,684,3,1
37483,ENGLISH ROSE MUG IN GIFT BOX,235.44,144,13,1
90199B,5 STRAND GLASS NECKLACE AMETHYST,234.98,37,32,1
20736,PINK MINI TAPE MEASURE ,234.35,291,20,1
21226,POCKET MIRROR WOODLAND,234.3,216,41,3
84796a,PINK HAWAIIAN PICNIC HAMPER FOR 2,234.28,28,20,1
17084P,DRAGONS BLOOD INCENSE,233.68,1041,73,2
23036,T-LIGHT HOLDER SILVER PETIT FOUR ,233.67,185,17,1
84797b,BLUE SAVANNAH PICNIC HAMPER FOR 4,232.62,21,19,1
35991,SET/6 BLACK SNOWFLAKE T-LIGHTS ,232.5,403,57,1
16256B,FLOWER PENCIL/RUBBER+5 MINI PENCILS,232.35,524,36,2
90211B,JET BLACK LAS VEGAS NECKLACE 45CM,231.99,39,28,2
23447,PINK BUNNY EASTER EGG BASKET,231.9,158,4,2
16202C,BEIGE PHOTO ALBUM,230.59,97,12,3
90116,FRUIT SALAD BAG CHARM,230.54,108,65,2
90164A,PINK ROSEBUD PEARL BRACELET,230.39,40,25,2
23446,BLUE BUNNY EASTER EGG BASKET,230.25,157,3,2
22884,NUMBER TILE VINTAGE FONT 5,229.89,113,41,1
72781,BLACK SILOUETTE CANDLE PLATE ,229.5,121,15,3
90122B,JADE CRYSTAL+GLASS BRACELET,228.99,46,26,1
21639,ASSORTED TUTTI FRUTTI KEYRING,228.65,259,15,2
90090,PINK CRYSTAL HEART PHONE CHARM,227.72,263,25,1
35809B,ENAMEL BLUE RIM TEA CONTAINER,227.54,104,33,4
71028B,SILVER BLUE EGG T-LIGHT HOLDER,227.48,494,13,1
35833G,4 GOLD FLOCK CHRISTMAS BALLS,227.38,136,35,2
90186A,AMETHYST HOOP EARRING FLORAL LEAF,227.33,77,37,1
84705C,PINK FLOCK PHOTO FRAME ,227.33,162,8,1
72750D,F.FAIRY S/3 CANDLE/GLASS,226.5,110,11,2
23003,TRAVEL CARD WALLET VINTAGE ROSE ,226.2,542,54,3
90003D,CRYSTAL PAIR HEART HAIR SLIDES,226.17,60,32,2
90155,RESIN NECKLACE W PASTEL BEADS,226.16,30,21,2
84966A,PINK KASHMIRI BOXED MIRROR,225.95,13,4,1
35597B,BLACKCHRISTMAS TREE 30CM,225.35,79,8,3
90019C,SILVER BLACK ORBIT BRACELET,224.4,42,36,1
84927E,FLOWERS TILE HOOK,224.31,494,30,3
90125D,PURPLE BERTIE GLASS BEAD BAG CHARM,223.74,136,36,2
84690,S/2 BEACH HUT STOOLS,222.6,28,15,2
85039a,SET/4 RED MINI ROSE CANDLE IN BOWL,222.53,67,47,1
16258B,DAISY ERASERS IN BAG,221.48,1017,17,1
17011C,ORIGAMI LAVENDER INCENSE+FLOWER,221.4,335,2,1
90005A,JADE GREEN ENAMEL HAIR COMB,221.09,108,59,2
21102,"CANDLE IN JAR COLLAGE , VANILLA",221.08,82,20,2
17013B,ORIGAMI JASMINE INCENSE IN TUBE,221.03,256,3,1
72807b,SET/3 OCEAN SCENT CANDLE JEWEL BOX,220.94,26,19,1
84725,FREESTYLE CANVAS ART PICTURE,220.75,135,30,1
17090A,LAVENDER INCENSE 40 CONES IN TIN,220.75,215,28,2
90024B,NEW BAROQUE B'FLY NECKLACE RED,220.74,26,23,3
62086A,PINK RETRO BIG FLOWER BAG,220.35,113,24,1
90124C,GREEN MURANO TWIST NECKLACE,220.21,22,16,1
90123A,PINK HEART OF GLASS BRACELET,220.02,37,20,1
47343A,FUSCHIA FLOWER PURSE WITH BEADS,219.67,209,28,3
72225D,VANILLA SCENT CAKE CANDLE ,219.46,962,11,2
90056,CHUNKY CRACKED GLAZE NECKLACE IVORY,218.99,20,15,1
85168A,WHITE BAROQUE CARRIAGE CLOCK,218.9,22,15,1
90058A,CRYSTAL STUD EARRINGS CLEAR DISPLAY,218.88,576,13,1
22881,NUMBER TILE VINTAGE FONT 2,218.82,112,36,1
90214A,"LETTER ""A"" BLING KEY RING",218.75,219,107,1
22883,NUMBER TILE VINTAGE FONT 4,217.26,110,35,1
35817P,"ACRYLIC JEWEL SNOWFLAKE,PINK",216.7,420,11,1
35793,S/3 PUPPIES CHRISTMAS DECORATIONS,216.33,108,16,1
37492A,YELLOW RED FLOWER PIGGY BANK,216.07,108,11,2
84807,RED POPPY ARTIFICIAL FLOWER,215.93,233,7,1
84927D,LA PALMIERA TILE HOOK,215.89,955,30,4
90036A,FLOWER GARLAND NECKLACE RED,215.76,27,20,1
84247C,PACK/12 BLUE REINDEER CARD,215.35,73,23,3
21368,MIRRORED WALL ART LADIES,215.34,203,49,1
84744,S/6 SEW ON CROCHET FLOWERS,215.03,169,40,5
21543,BUTTERFLY WATER TRANSFER TATTOOS ,215.0,284,24,1
22885,NUMBER TILE VINTAGE FONT 6 ,214.47,113,36,1
48179,DOOR MAT SWEET HOME,214.47,34,11,1
51012C,"FEATHER DUSTER, COAL BLACK",213.75,171,28,1
16201A,PASTEL PINK PHOTO ALBUM,213.37,101,9,1
21400,RED PUDDING SPOON,213.07,1078,91,5
84805A,CREAM CLIMBING HYDRANGA ART FLOWER,212.85,147,8,2
47574B,ENGLISH ROSE SCENTED HANGING HEART,212.5,50,29,1
84313A,PINK TV TRAY TABLE ,212.42,38,19,3
90210A,GREY ACRYLIC FACETED BANGLE,210.29,89,22,2
20827,GOLD APERITIF GLASS,209.36,173,8,1
20814,SILVER FINCH DECORATION,208.89,189,13,1
90036F,"FLOWER GLASS GARLD NECKL36""TURQUOIS",208.31,26,17,1
84706F,RED PEONY TABLE CLOCK,208.3,34,18,3
90016A,SILVER/M.O.P PENDANT ORBIT NECKLACE,207.86,29,16,1
37485,ENGLISH ROSE TEA SET IN GIFT BOX,207.69,49,16,2
90040A,MURANO STYLE GLASS BRACELET RED,207.05,53,34,2
17014D,ORIGAMI ROSE INCENSE CONES,204.36,479,9,2
21018,BIRD BOX CHRISTMAS TREE DECORATION,203.92,236,50,2
35824B,"HANGING FLOWERS+MIRROR,BLUE",203.24,528,6,2
20890,SMALL GLASS ROSE SCENTED CANDLE,202.62,605,4,1
37506,NEW ENGLAND MILK JUG W GIFT BOX,202.3,34,27,1
48103,DOOR MAT KISS MY.......,201.73,35,10,3
84723,CHERRY BLOSSOM CANVAS ART PICTURE,201.3,54,12,1
72754A,FLOWER FAIRY POTPOURRI CUSHION LILY,201.24,292,5,1
20672,PINK TEATIME PRINT BOWL,201.0,138,36,2
79403,FROSTED WHITE BASE ,200.68,217,37,2
90144,SILVER DROP EARRINGS WITH FLOWER,199.45,53,33,2
90003C,MIDNIGHT BLUE PAIR HEART HAIR SLIDE,199.16,53,37,2
90000A,RASPBERRY ANT COPPER FLOWER NECKLAC,198.98,33,21,2
84797a,PINK HAWAIIAN PICNIC HAMPER FOR 4,198.84,18,17,1
47504F,ENGLISH ROSE TORCH,198.11,528,15,2
22330,72 ROUND PINK DOILIES,197.9,128,22,4
37471,MULTICOLOUR DOTS PLATE,197.85,1405,10,2
84855,BLOKEY SILVER TOOL SET,196.7,36,16,1
90029,NEW BAROQUE SMALL NECKLACE BLACK,195.14,23,12,1
84985B,SET OF 72 BLACK PAPER DOILIES ,194.96,128,24,3
23697,A PRETTY THANK YOU CARD,194.58,456,36,3
90129F,RED GLASS TASSLE BAG CHARM,194.51,87,45,3
72051S,BAG OF SILVER STONES,194.25,307,59,1
90130B,TURQ STONE/CRYSTAL EARRINGS,194.01,66,51,1
90065A,WHITE VINTAGE CRYSTAL BRACELET,193.96,28,17,1
35819B,"ACRYLIC HANGING JEWEL,BLUE",193.06,387,37,3
21582,KINGS CHOICE SMALL TUBE MATCHES,193.05,117,17,1
90094,NECKLACE+BRACELET SET FRUIT SALAD ,192.72,76,41,1
84893,ANT WHITE IRON BASKET,192.3,34,16,2
84255B,ORANGE COCKTAIL GLASS LAMP,192.26,66,19,1
84899F,YELLOW PURPLE DAISY FELT PURSE KIT,192.17,121,53,2
84926C,FAIRY CAKES TILE COASTER,192.1,140,32,3
90178B,PURPLE CHUNKY GLASS+BEAD NECKLACE,191.41,16,11,1
47570b,TEA TIME TABLE CLOTH,190.63,9,9,1
90210C,RED   ACRYLIC FACETED BANGLE,189.52,119,15,1
84803A,PINK ALLIUM  ARTIFICIAL FLOWER,189.28,112,17,2
85128,PLANTPOT SINGLE HOOK PISTACHIO,188.95,167,4,1
90214S,"LETTER ""S"" BLING KEY RING",188.89,191,92,2
84706B,FAIRY CAKES TABLE CLOCK,188.73,20,9,2
90159,COTE D'AZURE NECKLACE,188.58,38,20,1
84510a,SET OF 4 ENGLISH ROSE COASTERS,188.21,76,59,1
20837,FRENCH FLORAL CUSHION COVER ,188.07,165,18,3
90086,CRYSTAL FROG PHONE CHARM,186.96,219,49,1
79144B,PAINTED LIGHTBULB STAR+ MOON,186.91,360,98,4
85114b,IVORY ENCHANTED FOREST PLACEMAT,186.76,56,19,1
84452,METAL RABBIT LADDER EASTER ,186.16,198,45,2
16053,POPART COL BALLPOINT PEN ASST,185.73,4313,10,3
84877A,PINK ROUND COMPACT MIRROR,185.66,74,17,2
85114a,BLACK ENCHANTED FOREST PLACEMAT,185.64,56,17,1
35838A,S/6 MULTICOLOUR ORNAMENETAL CANDLE,185.25,181,21,1
79144C,PAINTED LIGHTBULB RAINBOW DESIGN,185.18,313,102,2
20968,GREEN FLORAL FELTCRAFT SHOULDER BAG,185.11,43,20,1
35911B,PINK/FLOWER RABBIT EGG WARMER ,184.76,159,24,2
23416,CHAMBRE HOOK,184.68,132,25,2
20957,PORCELAIN HANGING BELL SMALL,184.61,126,15,3
90211A,DIAMOND LAS VEGAS NECKLACE 45CM,184.39,31,23,2
84029D,LEOPARD PRINT HOT WATER BOTTLE,183.98,51,15,1
90125A,PINK BERTIE GLASS BEAD BAG CHARM,183.97,149,18,1
90000B,MIDNIGHT BLUE COPPER FLOWER NECKLAC,183.66,30,22,1
20796,SMALL BLUE PROVENCAL CERAMIC BALL,182.16,99,22,2
21031,SPACE CADET BLACK,181.71,147,42,2
84464,S/60 PINK FLUFFY CHICKS IN BOX,181.65,83,12,2
37379B,BLUE CHERRY BLOSSOM CUP & SAUCER,181.5,1122,3,3
84531A,PINK KNITTED EGG COSY,181.06,197,50,5
16043,POP ART PUSH DOWN RUBBER ,180.3,2145,13,2
35818B,"ACRYLIC JEWEL ICICLE, BLUE",180.05,408,11,2
47347B,BLUE FLOWER T-LIGHT HOLDER,179.88,240,11,1
90180B,PURPLE AMETHYST NECKLACE W TASSEL,179.88,18,14,1
84962,SET/3 COLOUR PAINTED KASHMIRI STOOL,179.85,3,2,1
84661C,PINK SQUARE TABLE CLOCK,179.75,150,25,2
21310,CAPIZ CHANDELIER,179.7,6,4,1
17011A,ORIGAMI VANILLA INCENSE+FLOWER ,179.56,261,12,2
90151,SILVER/NATURAL SHELL NECKLACE,178.67,21,11,1
90063A,WHITE VINT ART DECO CRYSTAL NECKLAC,178.48,21,13,2
90013D,PURPLE VINTAGE EARRINGS,178.11,46,17,2
90060F,FIRE POLISHED GLASS NECKL GREEN,178.03,30,20,1
84531B,BLUE KNITTED EGG COSY,177.66,201,47,6
85132a,CHARLIE + LOLA BISCUITS TINS,177.59,12,12,1
84968a,SET OF 16 VINTAGE ROSE CUTLERY,176.31,7,5,1
90072,RUBY DROP CHANDELIER EARRINGS,176.31,44,30,2
82607C,GLASS BONBON JAR. SUPERFINES,175.61,115,43,2
84564,6 SEGMENT COLOURED SNACK BOWL ,175.48,21,11,2
84967A,PINK KASHMIRI OCCASIONAL TABLE,174.9,3,3,1
22886,NUMBER TILE VINTAGE FONT 7,174.16,98,29,1
90019B,GOLD M.O.P ORBIT BRACELET,174.13,33,29,1
17014A,ORIGAMI VANILLA INCENSE CONES,173.49,277,17,1
90166,PINK & WHITE ROSEBUD RING,173.18,41,32,2
90018B,GOLD M.O.P ORBIT DROP EARRINGS,173.1,41,33,2
82587,TEXRIO TOMATOES CANDLE+CUP,173.03,133,45,1
21461,BLUE EASTER EGG HUNT START POST,172.99,83,24,2
75011,BLUE DAISY MOBILE,172.51,181,15,2
90123D,WHITE HEART OF GLASS BRACELET,172.39,29,14,1
90214C,"LETTER ""C"" BLING KEY RING",172.28,176,74,2
90204,PAIR OF ENAMEL BUTTERFLY HAIRCLIP,171.81,51,38,3
90186B,CRYSTAL HOOP EARRING FLORAL LEAF,171.22,58,32,1
85185C,COW  SOCK PUPPET,171.1,58,29,1
35916C,PINK FELT HANGING HEART W FLOWER,170.87,159,44,2
84706C,PINK FLOCK TABLE CLOCK ,170.8,84,4,1
90190C,SILVER/AMETHYST DROP EARRINGS LEAF,170.7,58,39,2
90063B,BLACK VINT ART DEC CRYSTAL NECKLACE,170.17,20,14,1
37479P,CUBIC MUG FLOCK PINK ON BROWN,169.86,184,38,4
85040a,S/4 PINK FLOWER CANDLES IN BOWL,169.75,51,34,1
90003B,ROSE COLOUR PAIR HEART HAIR SLIDES,169.62,45,27,2
37491C,GREEN/BLUE CERAMIC CANDLE HOLDER,169.17,59,11,1
90214L,"LETTER ""L"" BLING KEY RING",168.61,179,70,2
90065B,BLACK VINT ART DEC CRYSTAL BRACELET,168.37,24,18,1
85205A,IVORY FELT EASTER RABBIT GARLAND,168.3,66,23,1
21087,SET/6 POSIES PAPER CUPS,168.08,260,33,3
72351a,SET/6 TURQUOISE BUTTERFLY T-LIGHTS,167.52,40,30,1
90093,CLEAR CRYSTAL STAR PHONE CHARM,167.0,210,26,2
90123B,TURQUOISE HEART OF GLASS BRACELET,166.59,28,15,1
90214J,"LETTER ""J"" BLING KEY RING",166.52,162,91,1
90039D,FIRE POLISHED GLASS BRACELET GREEN,166.47,44,25,2
84231,EASTER BUNNY WITH BASKET ON BACK,166.21,230,51,1
90129D,AMBER GLASS TASSLE BAG CHARM,166.18,69,36,2
gift_0001_40,Dotcomgiftshop Gift Voucher £40.00,166.09,5,5,1
10123G,ARMY CAMO WRAPPING TAPE,165.56,2251,17,2
90162B,ANT SILVER LIME GREEN BOUDICCA RING,165.2,56,21,3
23694,PAISLEY PARK CARD,165.08,376,41,1
85024C,PINK SMALL JEWELLED PHOTOFRAME,165.0,100,46,1
47369B,BLUE GREEN EMBROIDERY COSMETIC BAG,164.98,58,33,1
16202E,BLACK PHOTO ALBUM ,162.73,82,14,1
90214K,"LETTER ""K"" BLING KEY RING",162.6,158,87,1
20693,FLORAL DINOSAUR GREEN,161.89,33,18,2
84927A,WAKE UP COCKEREL TILE HOOK,161.82,227,34,3
71496A,A4 WALL TIDY BLUE OFFICE,161.77,260,20,3
90042A,FRESHWATER PEARL BRACELET GOLD,160.79,63,33,1
90123C,GREEN HEART OF GLASS BRACELET,160.75,27,12,1
21353,SILVER SLEIGHBELL  WREATH,160.45,19,9,1
90059A,DIAMANTE HAIR GRIP PACK/2 CRYSTAL,160.36,96,50,3
22887,NUMBER TILE VINTAGE FONT 8,160.36,92,28,1
81952V,ROUND PURPLE CLOCK W/SUCKER,160.25,466,49,3
84599,CANDY STRIPE ROSE FLOOR CUSHION,160.15,15,6,1
23305,SET 4 PICNIC CUTLERY BLUEBERRY,159.9,82,9,3
37379A,PINK CHERRY BLOSSOM CUP & SAUCER,159.2,41,16,1
16054,POPART RECT PENCIL SHARPENER ASST,159.0,1210,39,4
85166A,WHITE METAL BAROQUE PHOTO FRAME,158.9,77,12,1
90048,GREEN WITH METAL BAG CHARM,158.89,31,8,1
22864,MUG AND COASTER SET RED CIRCLES,158.76,378,2,1
90183A,AMBER DROP EARRINGS W LONG BEADS,158.61,54,32,2
90022,EDWARDIAN DROP EARRINGS JET BLACK,158.6,42,37,2
90199A,5 STRAND GLASS NECKLACE BLACK,158.57,25,18,1
48175,DOOR MAT CAMOUFLAGE,158.04,39,2,1
84228,HEN HOUSE W CHICK STANDING,157.75,356,48,5
21489,BLUE WHITE SCARF HOT WATER BOTTLE,157.6,28,14,1
72140E,BEST DAD CANDLE LETTERS,157.57,219,30,2
23417,BATHROOM HOOK,157.5,146,28,2
90030C,BROWN KUKUI COCONUT SEED NECKLACE,157.24,88,17,5
23468,TUSCAN VILLA BIRD TABLE ,156.75,19,11,2
17178,FLAT PALM T-LIGHT HOLDER,156.65,133,25,1
46138B,BLUE CHENILLE SHAGGY CUSHION COVER ,156.29,71,25,2
84914A,PINK ROSE PICNIC RUG,155.7,6,5,1
20664,TROPICAL HOLIDAY PURSE ,155.41,57,31,1
47369A,PINK GREEN EMBROIDERY COSMETIC BAG,155.16,52,28,2
90212B,JET BLACK LAS VEGAS BRACELET ROUND,155.13,41,30,2
90099,NECKLACE+BRACELET SET BLUE HIBISCUS,155.07,49,28,3
23496,PANTRY KITCHEN THERMOMETER ,154.52,112,31,2
72801c,S/4 ROSE PINK DINNER CANDLES,153.67,62,36,1
47518F,ICON PLACEMAT POP ART ELVIS,153.14,903,34,5
84989a,75 GREEN FAIRY CAKE CASES,152.7,75,42,1
79192A,RETRO PLASTIC 70'S TRAY,152.64,114,35,1
84622,PINK GINGHAM ROSE CUSHION COVER,152.6,23,9,2
20952,PORCELAIN CHERUB BELL SMALL,151.14,330,25,3
90040C,MURANO STYLE GLASS BRACELET GOLD,150.56,42,22,1
79161A,ST GEORGE SET OF 10 PARTY LIGHTS,150.45,51,16,1
35980C,REDWHITE STRIPE SCANDINAVIAN HEART ,150.3,384,32,1
90042C,FRESHWATER PEARL BRACELET IVORY,150.21,59,26,1
84527,FLAMES SUNGLASSES PINK LENSES,150.01,79,25,1
17108D,FLOWER FAIRY SUMMER BOUQUET SACHET,149.1,355,23,3
90040D,MURANO STYLE GLASS BRACELET PINK,148.87,41,25,2
84709A,SILVER OVAL JEWELLED MIRROR,148.75,25,15,1
90214M,"LETTER ""M"" BLING KEY RING",147.42,146,68,1
84720,DOT MATRIX CANVAS ART PICTURE,147.05,35,3,1
84510c,SET OF 4 POLKADOT COASTERS,146.39,59,36,1
90002A,FLOWER BURST SILVER RING OPAL,146.25,39,17,1
10120,DOGGY RUBBER,146.1,680,77,2
90214E,"LETTER ""E"" BLING KEY RING",144.38,148,71,2
90016C,SILVER/BLACK PENDANT ORBIT NECKLACE,144.07,17,14,1
35610B,BLACK CHRISTMAS FLOCK DROPLET ,144.07,179,14,1
79191D,RETRO PLASTIC DAISY TRAY,143.87,138,56,1
84874B,BLUE TRAVEL FIRST AID KIT,143.41,87,38,3
90036B,"FLOWER GLASS GARLAND NECKL.36""GREEN",143.1,18,10,1
90177D,DROP DIAMANTE EARRINGS PURPLE,141.68,48,27,2
90202D,PINK ENAMEL FLOWER HAIR TIE,141.49,48,24,3
72740A,LARGE STRAWBERRY CHOCOLATE CANDLE,141.23,65,12,1
47590b,PINK HAPPY BIRTHDAY BUNTING,140.5,13,10,1
84617, NEW BAROQUE BLACK BOXES,140.25,11,7,4
84765,SILVER ROCOCO CANDELABRA,140.23,9,6,1
90194,SILVER LARIAT BLACK STONE EARRINGS,140.08,33,22,2
78026,SEAGRASS S/3 SQU LAUNDRY BOX,139.95,12,2,1
23463,VINTAGE ZINC WATERING CAN,139.4,13,8,2
90199D,5 STRAND GLASS NECKLACE AMBER,139.28,22,16,1
23304,SET 4 PICNIC CUTLERY CHERRY ,138.45,71,9,3
72754B,F FAIRY POTPOURRI CUSHIONS LAVENDER,137.54,170,8,2
35816P,"ACRYLIC JEWEL ANGEL,PINK",137.43,297,9,3
90156,RESIN BRACELET W PASTEL BEADS,137.37,25,14,2
84549,CROCHET WHITE RABBIT KEYRING ,137.27,75,16,2
84558a,3D DOG PICTURE PLAYING CARDS,136.99,23,21,1
S,SAMPLES,136.85,3,3,1
84614A,PINK BAROQUE FLOCK CANDLE HOLDER,136.73,19,11,2
72134,COLUMBIAN  CUBE CANDLE ,136.51,340,31,2
35824P,"HANGING FLOWERS+MIRROR,PINK",136.44,324,3,1
90023,FILIGREE DIAMANTE EARRINGS,135.98,32,22,2
90024E,NEW BAROQUE B'FLY NECKLACE MONTANA,135.98,16,11,1
90038A,GLASS AND PAINTED BEADS BRACELET TO,135.8,36,22,1
17011D,ORIGAMI ROSE INCENSE+FLOWER,135.7,209,4,2
77079,DOLPHIN WINDMILL,135.68,64,12,1
16020C,CLEAR STATIONERY BOX SET ,134.5,160,40,1
22879,NUMBER TILE VINTAGE FONT 0,134.4,82,21,1
35015,JACOBS LADDER SMALL,134.08,2072,39,4
84555A,YELLOW VW BEETLE CERAMIC MONEY BOX,133.85,47,17,1
90101,WHITE FRANGIPANI NECKLACE,133.7,53,30,2
35609A,PINK FEATHER CHRISTMAS DECORATION,133.23,447,24,4
46137D,GREEN CHENILLE SHAGGY RUG,132.75,45,4,1
90190B,GOLD/AMBER DROP EARRINGS W LEAF,132.58,45,15,2
90137,PINK COMBO MINI CRYSTALS NECKLACE,132.52,26,15,1
45013,FOLDING SHOE TIDY,132.0,48,8,2
47592B,SCOTTIES DESIGN CHILD'S OVERALL,131.9,67,29,2
90165B,WHITE ROSEBUD  PEARL EARRINGS,131.65,52,35,1
90003E,GREEN PAIR HEART HAIR SLIDES,131.62,35,24,2
72133,COLUMBIAN CANDLE RECTANGLE,131.38,116,35,1
35933,PINK STOCKING CHRISTMAS DECORATION,131.38,319,28,4
90138,WHITE/PINK MINI CRYSTALS NECKLACE,131.15,25,18,1
84656,WHITE ROSE C/COVER,130.9,22,13,1
22888,NUMBER TILE VINTAGE FONT 9 ,130.83,79,23,1
16119,FUNKY GIRL ADDRESS BOOK,130.71,273,8,2
84925E,FLOWERS WALL THERMOMETER,130.05,75,3,1
20899,VINTAGE NOTEBOOK RED ROSE,129.8,44,13,1
90190A,SILVER/CRYSTAL DROP EARRINGS W LEAF,129.59,44,31,1
84886,BLUE METAL WALL SHELF,129.35,13,10,1
10080,GROOVY CACTUS INFLATABLE,129.29,315,28,1
85160a,WHITE BIRD GARDEN DESIGN MUG,129.04,8,3,1
84858A,NATURAL RIVIERA HANDBAG,128.83,53,8,1
90174,BUTTERFLY HAIR BAND,128.66,51,33,2
90181A,AMBER GLASS/SHELL/PEARL NECKLACE,128.64,14,14,2
84251G,"GREETING CARD, OVERCROWDED POOL.",128.6,474,93,5
84559D,3D SHEET OF SEA WORLD STICKERS,128.41,149,32,1
90024D,NEW BAROQUE B'FLY NECKLACE PINK,127.5,15,13,2
84782B,BLACK 3 TIER GLASS PLATE STAND,127.5,10,6,2
85018C,S/6 PAPER BOXES CURIOUS IMAGES ,127.2,36,4,1
81950B,FLOWER BLUE CLOCK W/SUCKER,127.03,217,36,4
16168S,FUNKY MONKEY GIFT BAG SMALL,126.83,1283,11,1
23303,SET 4 PICNIC CUTLERY FONDANT,126.75,65,6,3
90168,2 DAISIES HAIR COMB,126.72,43,25,3
84367,LA STREGA CANVAS PICTURE ,126.3,74,8,1
82607E,GLASS BONBON JAR. D'AMANDES,126.25,101,26,1
gift_0001_10,Dotcomgiftshop Gift Voucher £10.00,126.21,15,14,1
90108,BLUE BLOSSOM HAIR CLIP,125.83,109,21,3
23578,SNACK TRAY RED GINGHAM,125.72,60,14,3
90002C,FLOWER BURST SILVER RING MIDN'T BLU,124.38,33,19,2
85190,PINK FLOWER HANGING HEART ,124.16,140,18,1
90162C,ANT SILVER FUSCHIA BOUDICCA RING,123.9,42,16,2
17191A,ROSE FLOWER CANDLE+INCENSE 16X16CM,123.75,33,12,1
20816,GOLD FLOWER CUSHION COVER ,123.6,24,7,2
22850,BREAD BIN DINER STYLE BLACK,123.6,8,2,1
23477,WOODLAND LARGE BLUE FELT HEART,123.47,92,13,4
21228,"POCKET MIRROR ""GLAMOROUS""",122.57,97,32,1
79308B,MOSAIC CANDLE DISH BLUE PURPLE,122.4,144,2,1
90205C,LARGE CRYSTAL DIAMANTE HAIRSLIDE,122.31,78,24,2
35916A,YELLOW FELT HANGING HEART W FLOWER,122.0,135,46,1
84199,GLOW IN DARK DOLPHINS,121.92,558,76,5
44242B,PINK FEATHERS CURTAIN,121.53,109,9,2
35916B,BLUE FELT HANGING HEART W FLOWER,121.33,133,47,1
79532,MOSAIC GLASS BALL CANDLEHOLDER,121.25,97,18,1
84288B,SET/2 BLUE  NOODLE BASKETS,120.9,62,25,1
23467,VINTAGE ZINC PLANTER  ,120.08,32,11,2
90051,CRACKED GLAZE NECKLACE RED,119.89,17,13,1
35607A,PINK FLUFFY CHRISTMAS DECORATION,118.81,556,32,4
90179C,BLACK FINE BEAD NECKLACE W TASSEL,118.73,20,17,1
90018C,SILVER BLACK ORBIT DROP EARRINGS,118.51,28,20,3
20887,BOX OF 6 PEBBLE CANDLES,118.39,18,8,1
90139,FLOWER BROOCH 4 ASSORTED COLOURS,118.24,23,18,1
20896,VINTAGE NOTEBOOK PINK FLOWER,118.0,40,16,2
90177C,DROP DIAMANTE EARRINGS CRYSTAL,117.9,40,27,2
84510E,SET OF 4 GREEN CAROUSEL COASTERS,117.77,148,28,1
84751B,BLACK MEDIUM GLASS CAKE STAND,117.44,40,21,1
35824C,"HANGING FLOWERS+MIRROR,CLEAR",117.05,235,8,2
23151,ZINC SWEETHEART SOAP DISH,116.82,62,22,1
71495B,CD WALL TIDY RED FLOWERS,116.61,306,19,3
23185,FRENCH STYLE STORAGE JAR JAM,116.59,323,32,2
72038P,PRICE'S CANDLE PEACH,116.5,1050,9,1
16206B,RED PURSE WITH PINK HEART,116.4,96,16,2
84921,CREAM AND PINK FLOWERS PONY ,116.25,31,18,1
90071,RUBY GLASS CLUSTER EARRINGS,115.29,92,76,1
20848,ZINC HEART LATTICE CHARGER SMALL,115.05,39,12,1
84462,3 PINK HEN+CHICKS IN BASKET,114.86,100,14,2
20698,LITTLE PINK MONSTER SOFT TOY,114.45,47,22,2
90049,IVORY GOLD METAL BAG CHARM,114.24,20,6,1
17090D,VANILLA INCENSE 40 CONES IN TIN,113.95,95,32,1
21089,SET/6 GREEN SPRING PAPER CUPS,113.84,325,41,4
90030A,SPOTTED WHITE NATURAL SEED NECKLACE,113.76,79,10,4
84705B,FAIRY CAKES PHOTO FRAME,113.27,84,3,1
84249A,"GREETING CARD,SQUARE, DOUGHNUTS",113.22,252,34,2
44236,PINK/PURPLE CIRCLE CURTAIN,112.32,64,13,1
90104,PURPLE FRANGIPANI HAIRCLIP,112.28,134,53,3
84539,KNITTED RABBIT DOLL ,112.2,68,14,1
71510,SQUARE METAL CANDLEHOLDER BASE,112.05,177,17,1
35966,FOLKART CHRISTMAS TREE T-LIGHT HOLD,111.34,255,26,1
10138,ASSORTED COLOUR JUMBO PEN,111.22,261,21,1
84493,BLUE/PINK NEST STRIPE BOX,111.12,1142,5,2
90103,PURPLE FRANGIPANI NECKLACE,110.85,44,30,2
90141A,GREEN PENDANT TRIPLE SHELL NECKLACE,110.46,21,18,2
82069,BEECH WOOD P/FRAME,109.85,17,11,1
85185F,LION SOCK PUPPET,109.15,37,20,1
84247H,PACK/12 DECOUPAGE CARD,109.13,42,20,1
20667,CHERRY BLOSSOM PURSE,108.69,40,24,1
90059D,DIAMANTE HAIR GRIP PACK/2 PERIDOT,108.43,65,41,3
35610A,PINK CHRISTMAS FLOCK DROPLET ,107.94,144,13,2
72753C,S/3 FLWR FAIRY ROSE CANDLES,107.68,43,6,2
90118,PINK DAISY BAG CHARM,107.39,42,29,2
35096B,RED VICTORIAN FABRIC HEART BOX,107.33,295,27,1
35840,FLAT GLASS  BAUBLE WHITE FLOCK ,107.13,45,11,1
23626,SET 10 CARDS DINKY TREE 17076,107.07,43,16,1
20697,LITTLE GREEN MONSTER SOFT TOY,106.8,44,25,1
84562B,BLUE/WHITE RIBBED MELAMINE JUG,106.59,10,7,1
90165A,PINK ROSEBUD PEARL EARRINGS,106.49,42,27,1
90169,DAISY HAIR COMB,106.49,42,25,2
22987,WRAP SUMMER ROSE DESIGN,105.84,252,11,1
84867A,PINK BABY GIRLS PHOTO ALBUM,105.82,16,4,3
35594,WOODEN CHRISTMAS TREE 3 HANGING,105.58,171,40,1
84458,S/3 RABBIT FLOWER/EGG/CARROT ROPE,105.4,124,20,2
16169D,WRAP WINTER FOREST,105.0,250,9,2
23574,PACKING CHARGE,105.0,14,14,3
90079,VINTAGE ENAMEL & CRYSTAL NECKLACE,104.77,21,13,1
21118,SHOPPING BAG DOORSTOP,104.25,69,7,1
21337,SILVER WASHBAG,103.53,33,12,1
35910A,MULTICOLOUR EASTER RABBIT ,103.35,53,13,2
84679,CLASSICAL ROSE TABLE LAMP,103.3,14,4,1
16248B,BLUE HOLE PUNCH,102.5,82,13,1
84613A,PINK NEW BAROQUE FLOCK CANDLESTICK,102.3,22,10,3
90024C,NEW BAROQUE B'FLY NECKLACE GREEN,101.97,12,11,1
90125C,TURQUOISE BERTIE GLASS BEAD CHARM,101.35,92,10,1
72369A,PINK CLEAR GLASS CANDLE PLATE,101.29,67,15,1
17084J,LOVE POTION MASALA INCENSE,101.01,481,21,2
85050,FRENCH ENAMEL SOAP DISH WITH LID,100.8,48,1,1
20861,GOLD COSMETIC BAG PINK STAR,100.8,48,19,2
72821,CUPID SCENTED CANDLE IN GLASS,100.65,61,15,1
84968d,SET OF 16 VINTAGE RED CUTLERY,100.37,4,4,1
75172,PAINTED SEA SHELL METAL WINDCHIME,100.31,97,11,1
78027,SEAGRASS S/2 CORNER LAUNDRY ,100.15,6,5,1
23611,SET 10 CARDS RED RIDING HOOD 17214,99.6,40,16,1
84465,15 PINK FLUFFY CHICKS IN BOX,99.46,33,24,1
90214R,"LETTER ""R"" BLING KEY RING",99.23,97,54,1
23464,VINTAGE ZINC WATERING CAN SMALL,99.2,18,8,1
84559a,3D SHEET OF DOG STICKERS,99.08,59,42,1
21266,VINTAGE SILVER TINSEL REEL,98.9,23,9,1
84575A,PINK DOG CANNISTER,98.8,24,13,1
90163B,WHITE ROSEBUD & PEARL NECKLACE,98.45,13,9,1
20835,FRENCH LATTICE CUSHION COVER ,98.04,81,11,2
84705D,CHERRY BLOSSOM PHOTO FRAME ,97.9,22,15,1
16161G,WRAP BAD HAIR DAY,97.5,975,33,4
90150,BLUE SHELL+SILVER NECKLACE,97.5,13,8,1
90067A,PINK VINTAGE VICTORIAN EARRINGS,97.24,33,16,1
17007B,S/3 POT POURI CUSHIONS BLUE COLOURS,96.6,46,8,1
90214G,"LETTER ""G"" BLING KEY RING",96.58,104,51,1
90089,PINK CRYSTAL SKULL PHONE CHARM,95.84,117,28,1
85132b,CHARLIE AND LOLA TABLE TINS,95.84,10,10,1
35913B,WHITE/PINK CHICK EASTER DECORATION,95.79,104,27,2
84891B,GREEN WIRE GOBLET CANDLEHOLDER,95.4,12,7,1
71406C,BLACK ORANGE SQUEEZER,95.38,223,37,3
90059E,DIAMANTE HAIR GRIP PACK/2 RUBY,94.95,57,35,3
72606A,BROWN ANTIQUE CUBE CANDLE,94.92,226,18,1
90202C,GREEN ENAMEL FLOWER HAIR TIE,94.42,32,26,2
84388,WISE MAN STAR SHAPE EGG PAN,93.99,73,25,1
21595,Dad's Cab Electronic Meter,93.89,11,11,1
90026A,GLASS BEAD HOOP NECKLACE BLACK,93.47,11,9,2
90214D,"LETTER ""D"" BLING KEY RING",93.37,103,53,1
17084A,TRANQUILITY MASALA INCENSE,92.82,442,18,1
90075,MONTANA DIAMOND CLUSTER NECKLACE,92.18,10,8,2
84753A,PINK EAU DE COLOGNE BOTTLE,92.17,97,24,1
21343,GOLD JEWELERY BOX,92.0,20,3,1
90177B,DROP DIAMANTE EARRINGS BLACK DIAMON,91.38,31,19,1
90112,PINK DOLLY HAIR CLIPS,91.25,84,21,1
20660,VIP LUGGAGE TAG ,91.25,73,29,2
84437A,S/6 PINK EASTER DECS IN BOX,90.95,106,20,2
90202A,PURPLE ENAMEL FLOWER HAIR TIE,90.9,31,23,2
79026B,"S/4 ICON COASTER,ELVIS LIVES",90.5,70,38,1
90039C,FIRE POLISHED GLASS BRACELET BLACK,90.46,24,13,1
72783,BLACK SIL'T SQU CANDLE PLATE ,90.3,43,9,3
35271S,GOLD PRINT PAPER BAG,89.58,439,22,1
17013C,ORIGAMI LAVENDER INCENSE IN TUBE,89.46,213,2,1
90001D,ANTIQUE OLIVE GREEN FLOWER EARRINGS,89.2,21,12,3
47598,NEW ENGLAND EGG WARMER,89.12,138,32,2
90162D,ANT SILVER PURPLE BOUDICCA RING,88.5,30,16,1
90162A,ANT SILVER TURQUOISE BOUDICCA RING,88.5,30,11,3
35638A,PINK AND BLACK STRING CURTAIN,88.05,39,6,1
71495A,CD WALL TIDY BLUE OFFICE,87.96,225,20,1
84596e,SMALL LICORICE DES PINK BOWL,87.85,35,22,1
84721,MANHATTAN CANVAS ART PICTURE,87.8,20,2,1
90092,BLUE CRYSTAL BOOT PHONE CHARM,87.51,102,12,2
84415B,BLUE FLOCK CUSHION COVER ,87.5,26,8,2
23442,12 HANGING EGGS HAND PAINTED,87.36,42,10,1
37462B,"PET MUG, BUDGIE",87.28,170,32,1
35822B,"ACRYLIC BEAD CHAIN, BLUE",87.02,229,1,1
35265,COLOURFUL FLOWER FRUIT BOWL,86.95,22,17,1
90088,CRYSTAL KEY+LOCK PHONE CHARM,86.7,101,14,1
23614,SET 10 CARDS 12 DAYS WRAP  17058,86.58,26,11,1
84251B,"GREETING CARD, STICKY GORDON",86.54,321,63,3
84424A,FOUR PICTURE WHITE GLASS FRAME,86.25,23,10,1
90012B,BLACK DROP CRYSTAL NECKLACE,85.9,17,6,1
90177E,DROP DIAMANTE EARRINGS GREEN,85.67,29,23,2
84454,WOBBLING METAL CHICKEN EASTER,85.53,93,18,2
85099c,JUMBO  BAG BAROQUE BLACK WHITE,85.17,17,10,1
35838B,S/6 SILVER ORNAMENETAL CANDLE,85.0,100,25,1
90026D,GLASS BEAD HOOP NECKLACE AMETHYST,85.0,10,8,1
90183B,AMETHYST DROP EARRINGS W LONG BEADS,84.89,29,25,1
17027A,INCENSE BAZAAR CANNABIS,84.84,228,2,1
46775B,BERRIES CHUNKY KNITTED THROW ,84.75,5,4,1
16051,TEATIME PENCIL W STAMP ASST,84.69,941,4,3
81952B,ROUND BLUE CLOCK W/SUCKER,84.56,254,20,2
84450B,YELLOW RABBIT SAT EASTER,84.55,139,35,3
84251F,"GREETING CARD, RITA",83.97,341,50,2
90141C,TURQ PENDANT TRIPLE SHELL NECKLACE,83.69,16,13,2
22016,Dotcomgiftshop Gift Voucher £100.00,83.33,1,1,1
90176D,DIAMANTE NECKLACE PURPLE,82.81,11,7,1
72779,SET/6 BLACK ROSE T-LIGHT CANDLES,82.81,49,16,1
90039B,FIRE POLISHED GLASS BRACELET MONTAN,82.8,22,12,2
84030C,KNITTED RAINBOW HOT WATER BOTTLE,82.78,21,6,1
90002B,FLOWER BURST SILVER RING ROSE,82.74,22,11,2
90189A,SILVER 2 STRAND NECKLACE-LEAF CHARM,82.64,11,8,1
90130A,WHITE STONE/CRYSTAL EARRINGS,82.51,28,16,1
90069,RUBY GLASS CLUSTER NECKLACE,82.5,11,5,1
21699,SET 5 MINI CHOCOLATE FRIDGE MAGNETS,82.44,108,3,2
90214H,"LETTER ""H"" BLING KEY RING",81.96,88,58,1
35610C,WHITE CHRISTMAS FLOCK DROPLET ,81.56,94,8,1
16201B,PASTEL BLUE PHOTO ALBUM,81.1,34,5,1
90121B,VINTAGE ROSE BEAD BRACELET BLUE,80.75,19,9,1
84596I,WRAP SWEETS LIGHT PINK SMALL BOWL,80.62,72,11,1
17011E,ORIGAMI OPIUM SCENT INCENSE+FLOWER,80.6,124,1,1
DCGS0069,OOH LA LA DOGS COLLAR,80.31,5,5,1
90214N,"LETTER ""N"" BLING KEY RING",80.2,82,47,1
90059F,DIAMANTE HAIR GRIP PACK/2 LT ROSE,79.87,48,27,3
90206A,GOLD DIAMANTE STAR BROOCH,79.6,16,12,1
90125B,AQUA BERTIE GLASS BEAD BAG CHARM,79.57,44,17,2
84795E,RIO PINK STRIPE HAMMOCK,79.5,10,6,1
84548,CROCHET BEAR RED/BLUE  KEYRING,79.2,48,14,2
90038B,GLASS AND PAINTED BEADS BRACELET OL,79.19,21,13,1
90064A,WHITE VINTAGE CRYSTAL EARRINGS,79.14,20,12,1
37509,NEW ENGLAND MUG W GIFT BOX,79.05,31,17,1
84251C,"GREETING CARD, TWO SISTERS.",78.96,259,54,3
84455,SET OF 3 RABBIT CARROTS EASTER,78.81,86,21,2
90064B,BLACK VINTAGE  CRYSTAL EARRINGS,78.75,21,12,1
72709,IVORY SCULPTED RND CANDLE ,78.2,92,15,2
35931,PINK STAR CHRISTMAS DECORATION,78.12,156,15,2
90060D,FIRE POLISHED GLASS NECKL BRONZE,77.35,13,9,1
21450,DISTRESSED CANDLE STICK WHITE,77.35,13,3,1
90050,CRACKED GLAZE NECKLACE IVORY,77.11,11,7,1
90176C,DIAMANTE NECKLACE,77.0,10,6,1
90214B,"LETTER ""B"" BLING KEY RING",76.98,80,43,1
84593,CROCHET ROSE DES CLOTHES HANGER,76.7,26,9,1
84425A,WHITE GLASS TV TRIPLE FRAME,76.6,18,9,1
90130C,GREEN STONE/CRYSTAL EARRINGS,76.58,26,25,1
90100,NECKLACE+BRACELET SET PINK DAISY,76.5,30,12,1
90020,FILIGREE DIAMANTE CHAIN,76.23,6,4,2
90176A,CLASSIC DIAMANTE NECKLACE JET,75.88,10,7,1
35815P,"ACRYLIC JEWEL SNOWFLAKE, PINK",75.88,168,7,2
84746,PINK EASTER HENS+FLOWER,75.81,24,17,1
20879,TREE OF NOAH FESTIVE SCENTED CANDLE,75.6,69,13,1
90140,PINK SWEETIE NECKLACE,75.54,10,8,1
62043B,BLUE CHECK BAG W HANDLE 34X20CM,75.16,54,10,1
37399,"ASS RETROSPOOF MUGS,SPORTS",75.0,143,6,1
16161E,WRAP BOUDOIR ,75.0,750,9,1
72802a,ROSE SCENT CANDLE IN JEWELLED BOX,74.97,9,4,1
72807a,SET/3 ROSE CANDLE IN JEWELLED BOX,74.79,9,6,1
84757,ENCHANTED GARDEN WROUGHT IRON TABLE,74.75,5,4,1
21267,VINTAGE PINK TINSEL REEL ,74.6,24,10,1
90012A,MIDNIGHT BLUE DROP CRYSTAL NECKLACE,74.38,13,7,1
90187B,GREEN DROP EARRINGS W BEAD CLUSTER,73.99,22,16,1
84899E,YELLOW + BROWN BEAR FELT PURSE KIT,73.93,53,21,2
90074,BLACK DIAMOND CLUSTER NECKLACE,73.86,8,7,1
15030,FAN BLACK FRAME ,73.66,254,27,1
79331,PINK FLOCK GLASS CANDLEHOLDER,73.6,60,9,1
84447,6 RABBIT CHAIN EASTER,73.27,70,20,3
16151A,FLOWERS HANDBAG blue and orange,72.5,52,5,1
84427B,BLACK GLASS TV DOUBLE P/FRAME 15X10,72.25,17,5,1
90027D,GLASS BEAD HOOP EARRINGS AMETHYST,72.18,23,16,1
90031,BILI NUT AND WOOD NECKLACE,71.9,52,9,4
90038C,GLASS AND BEADS BRACELET IVORY,71.46,19,9,1
35937,CERISE+GOLD CHRISTMAS STOCKING DEC,71.44,188,17,2
84925C,FAIRY CAKES  WALL THERMOMETER,71.4,28,10,1
84415A,PINK FLOCK SUEDE CUSHION COVER ,71.25,27,6,2
90037B,TINY CRYSTAL BRACELET GREEN,71.17,28,10,3
90179A,AMBER FINE BEAD NECKLACE W TASSEL,71.0,12,9,1
84803B,WHITE ALLIUM  ARTIFICIAL FLOWER,70.98,42,11,2
16256C,HEARTS PENCIL/RUBBER+5 MINI PENCILS,70.98,169,10,1
47420,ASSORTED COLOUR SUCTION CUP HOOK,70.87,373,40,1
84086B,YELLOW/BLUE RETRO RADIO,70.8,24,13,1
20958,PORCELAIN HANGING BELL LARGE,70.5,38,10,1
90202B,WHITE ENAMEL FLOWER HAIR TIE,70.49,24,16,2
90205A,LARGE MINT DIAMANTE HAIRSLIDE,70.22,42,24,2
90141B,IVORY PENDANT TRIPLE SHELL NECKLACE,70.03,14,10,2
90059C,DIAMANTE HAIR GRIP PACK/2 MONTANA,69.83,42,24,4
84705A,ENGLISH ROSE PHOTO FRAME ,69.75,15,8,1
90131,PINK/AMETHYST/GOLD NECKLACE,69.62,10,5,1
gift_0001_80,Dotcomgiftshop Gift Voucher £80.00,69.56,1,1,1
20820,SILVER LOOKING MIRROR,69.3,14,9,1
72140F,HAPPY ANNIVERSARY CANDLE LETTERS,69.18,175,15,7
90214P,"LETTER ""P"" BLING KEY RING",69.14,80,35,1
90037C,TINY CRYSTAL BRACELET BLUE,68.63,27,14,2
71215,METAL BASE FOR CANDLES,68.52,178,13,1
84857A,SILVER MONTE CARLO HANDBAG,68.0,8,3,1
DCGS0004,HAYNES CAMPER SHOULDER BAG,67.94,4,4,1
90026C,GLASS BEAD HOOP NECKLACE GREEN,67.82,8,6,1
90026B,GLASS BEAD HOOP NECKLACE MONTANA,67.82,8,7,1
90002E,FLOWER BURST SILVER RING GREEN,67.77,18,11,1
84864A,PINK PAISLEY PHOTO ALBUM,67.71,7,4,1
90078,PINK/WHITE GLASS DEMI CHOKER,67.64,9,5,1
90024F,NEW BAROQUE B'FLY NECKLACE CRYSTAL,67.61,8,6,1
47341B,BLUE TABLE RUN FLOWER,67.5,48,14,2
90212C,PURPLE LAS VEGAS BRACELET ROUND,67.5,18,8,2
84926B,SCOTTS ROSES TILE COASTER,67.5,54,10,1
47504J,ENGLISH ROSE SET/3 GARDEN TOOLS,67.25,5,4,1
35819P,"ACRYLIC HANGING JEWEL,PINK",66.55,95,7,2
90037A,TINY CRYSTAL BRACELET RED,66.31,26,12,1
40002,WHITE BAMBOO RIBS LAMPSHADE,66.3,78,1,1
85072,OCCASIONS GIFT CARD ASSORTMENT,66.0,120,1,1
79329,PINK FLOCK GLASS CANDLEHOLDER,65.94,100,7,1
17136A,BLUE STONES ON WIRE FOR CANDLE,65.94,795,37,2
84340,LARGE FIBRE OPTIC CHRISTMAS TREE,65.76,21,11,1
79406,FROSTED WHITE BASE ,65.62,259,21,1
90179B,PURPLE FINE BEAD NECKLACE W TASSEL,65.31,11,9,1
47016,LIGHT DECORATION BATTERY OPERATED,65.1,31,5,1
84551,CROCHET DOG KEYRING,64.35,39,8,1
90046,WHITE WITH METAL BAG CHARM,64.35,13,7,1
47348A,FUSCHIA VOILE POINTY SHOE DEC,63.96,104,17,3
79534,MULTICOLOUR GLASS PLATE,63.8,116,18,1
35973,GERANIUM FOLKART HEART DECORATION,63.75,51,18,1
85018B,S/6 PAPER BOXES BLOSSOM IMAGES ,63.75,15,10,1
85018A,S/6 PAPER BOXES ROMANTIC IMAGES,63.75,15,10,1
84582,PINK CROCHET CAT WITH SCARF,63.75,15,12,1
20791,BLUE TILED SET OF 3 DRAWERS,63.75,5,1,1
90188,DROP EARRINGS W FLOWER & LEAF,63.59,25,22,1
20905,VINTAGE KEEPSAKE BOX BEAUTY GIRL,63.5,10,4,1
37491D,PURPLE/BLUE CERAMIC CANDLE HOLDER,63.28,26,13,1
90214I,"LETTER ""I"" BLING KEY RING",62.7,64,29,1
84529B,BLUE KNITTED KID'S RUCKSACK,62.35,13,5,1
35607B,BLACK FEATHER CHRISTMAS DECORATION,62.3,312,17,1
72771B,BURG FLOCK GOLD CUP/CANDLE ,61.94,129,10,1
20620,RED SPOTTY PASSPORT COVER,61.76,15,14,1
35817B,"ACRYLIC JEWEL SNOWFLAKE,BLUE",61.3,143,3,1
35910B,PINK FLOWERS RABBIT EASTER,61.07,29,8,2
84660b,BLACK STITCHED WALL CLOCK,60.8,8,7,1
90034,WHITE SILVER NECKLACE SHELL GLASS,60.67,6,6,1
84875A,PINK SQUARE COMPACT MIRROR,60.0,16,12,1
37477B,"FLOWER FAIRY MUG+COASTER,LAVENDER",60.0,16,14,2
23629,SET 10 CARDS DRESSING UP 17077,59.76,24,10,1
90021,LASER CUT MULTI STRAND NECKLACE,59.75,5,4,1
84292B,BLUE COL METAL FOLDING CHAIR,59.75,9,6,1
90171,DAISY RING,59.65,47,27,1
gift_0001_70,Dotcomgiftshop Gift Voucher £70.00,59.57,1,1,1
44241C,BLUE BUTTERFLY ON SPRING,59.5,70,8,1
35654,VINTAGE BEAD FILLED PINK CUSHION,59.4,12,5,1
35001B,HAND OPEN SHAPE BLACK,59.33,17,6,1
90011B,BLACK CRYSTAL DROP EARRINGS,59.06,20,15,1
35909A,RABBIT EASTER DECORATION,59.0,20,5,1
17129C,SKY BLUE COLOUR GLASS GEMS IN BAG,58.83,87,12,1
85023C,PINK LARGE JEWELED PHOTOFRAME,58.65,23,12,1
81985A,"ICON ALARM CLOCK,FUSCHIA  PIN UP",58.65,23,7,1
90033,IVORY SHELL HEART EARRINGS,58.43,23,19,1
84226,HEN HOUSE W FAMILY IN BARN & NEST,58.31,77,18,2
35816B,"ACRYLIC JEWEL ANGEL,BLUE",58.07,139,3,1
35821B,"JEWELLED DECORATION,BLUE",57.0,150,3,1
85080,PADDED RED HEART DECORATION,56.18,114,23,1
47344B,BLUE FLOWER DES PURSE,56.16,54,10,2
85023A,CRYSTAL LARGE JEWELLED PHOTO FRAME,56.1,22,10,1
90182C,BLACK 3 BEAD DROP EARRINGS,55.74,19,13,2
90177A,CLASSIC DIAMANTE EARRINGS JET,55.69,19,14,2
90214T,"LETTER ""T"" BLING KEY RING",55.57,57,24,1
46115B,GREEN POP ART MAO CUSHION COVER ,55.48,292,23,1
22657,HEN & 2 CHICKS IN BASKET,55.25,65,8,1
84559b,3D SHEET OF CAT STICKERS,55.23,33,26,1
90001B,ANTIQUE MID BLUE FLOWER EARRINGS,55.12,13,10,3
85151,WELCOME METAL SIGN,55.0,44,8,1
72798C,SET/4 GARDEN ROSE DINNER CANDLE,54.76,29,16,1
90135A,ORANGE/FUSCHIA STONES NECKLACE,54.62,11,4,2
90142D,MOP PENDANT SHELL NECKLACE,54.59,11,5,1
90043,COPPER AND BRASS BAG CHARM,54.51,10,6,1
20953,PORCELAIN CHERUB BELL LARGE,54.45,33,9,2
90084,PINK CRYSTAL GUITAR PHONE CHARM,54.4,64,9,1
20870,OPULENT VELVET CANDLE IN BOX,54.3,30,8,1
84402B,PURPLE DRESS JEWELLERY STAND,54.09,63,5,2
84660a,WHITE STITCHED WALL CLOCK,52.7,7,5,1
84845C,CARNATION SQUARE HANDY TIN,52.5,42,14,1
37491A,YELLOW/PINK CERAMIC CANDLE HOLDER,51.66,19,14,1
90059B,DIAMANTE HAIR GRIP PACK/2 BLACK DIA,51.55,31,19,3
84951b,S/4 BLACK LOVEBIRD COASTERS,51.26,10,5,1
84845D,GERANIUM SQUARE HANDY TIN,51.25,41,11,2
90128A,PINK LEAVES AND BEADS PHONE CHARM,51.22,34,12,2
35071,ASSORTED SANTA CHRISTMAS DECORATION,51.14,50,7,2
84612B,SET/4 BLACK  BAROQUE FLOCK COASTER,51.0,20,4,1
20964,POLYESTER FILLER PAD 60x40cm,51.0,20,6,2
84968b,SET OF 16 VINTAGE IVORY CUTLERY,50.98,2,2,1
84968f,SET OF 16 VINTAGE SKY BLUE CUTLERY,50.98,2,2,1
90001C,ANTIQUE OPAL WHITE FLOWER EARRINGS,50.94,12,11,1
85069,CREAM SWEETHEART DOUBLE SHELF,50.85,3,1,1
85035b,CHOCOLATE 3 WICK MORRIS BOX CANDLE,50.82,6,6,1
85124a,PINK JUICY FRUIT PHOTO FRAME,50.6,10,9,1
37489A,YELLOW/PINK FLOWER DESIGN BIG MUG,50.46,48,26,1
72083A,STRAWBERY SWIRL FLARE CANDLE,50.4,24,7,1
90141E,ORANGE PENDANT TRIPLE SHELL NECKLAC,50.06,10,5,2
23603,SET 10 CARD KRAFT REINDEER 17084,49.8,20,14,1
72129,COLUMBIAN CANDLE ROUND ,49.76,75,19,1
37462E,"PET MUG, GOLDFISH",49.64,110,30,1
90052,CRACKED GLAZE NECKLACE BROWN,49.58,7,5,1
84537B,FAIRY CAKES GIFT BAG,49.14,117,11,1
35644,PAIR PINK/BLACK COATHANGERS,48.75,25,9,1
18097A,PINK TALL PORCELAIN T-LIGHT HOLDER ,48.45,19,14,1
35603C,SET/16 WHITE SHINY & MATT BAUBLES,48.3,83,25,1
90054,CRACKED GLAZE EARRINGS RED,48.11,19,19,1
90083,CRYSTAL CZECH CROSS PHONE CHARM,48.08,52,15,1
84608,ORNATE EDWARDIAN CANDLE HOLDER,47.7,6,4,1
21347,GOTHIC CARRIAGE LANTERN,47.6,8,4,1
85081,PADDED HOLLY CHRISTMAS DECORATION ,47.43,107,25,1
35909B,PINK FLOWERS RABBIT EASTER,47.2,16,7,1
20895,VINTAGE NOTEBOOK FRENCH LETTER ,47.2,16,4,1
90067B,BROWN VINTAGE VICTORIAN EARRINGS,47.12,16,6,1
84227,HEN HOUSE W CHICK IN NEST,47.04,112,13,1
90181C,BLACK GLASS/SHELL/PEARL NECKLACE,46.93,5,5,1
84596f,SMALL MARSHMALLOWS PINK BOWL,46.89,19,14,1
20988,TRELLIS FLOWER CHOPSTICKS SET/5,46.8,24,9,1
84857B,BLUE MONTE CARLO HANDBAG,46.8,24,1,1
90001A,ANTIQUE RASPBERRY FLOWER EARRINGS,46.6,11,10,1
84705F,RED PEONY PHOTO FRAME ,46.5,10,7,1
16050,TEATIME PENCIL WITH RUBBER,46.45,151,8,1
47341A,FUSCHIA TABLE RUN FLOWER ,46.25,29,7,3
72024U,LILAC VOTIVE CANDLE,46.2,220,11,1
85132c,CHARLIE AND LOLA FIGURES TINS,46.1,4,4,1
84626,CANDY STRIPE ROSE QUILT,45.95,1,1,1
35611B,BLACK ASSORTED DROPLET DECORATION,45.76,62,4,2
35809a,ENAMEL PINK TEA CONTAINER,45.75,11,11,1
72724,SET/6 CHRISTMAS ICICLE T-LIGHTS,45.0,36,11,1
35233,PASTA ENAMEL/BRASS CONTAINER,45.0,12,10,1
16161C,WRAP SPEED DEMONS ,45.0,450,2,1
23625,SET 6 CARDS SPARKLY REINDEER 17262,44.91,9,4,1
21685,MEDINA STAMPED METAL TRAY ,44.85,3,2,1
90135,ORANGE/WHT/FUSCHIA STONES NECKLACE,44.75,9,3,1
72796B,S/3 FRENCH VANILLA SQU CANDLE,44.55,27,13,1
90197D,AMBER GLASS BRACELET HEART CHARMS,44.55,9,4,1
79066k,RETRO MOD TRAY,44.37,27,17,1
90011A,MIDNIGHT BLUE CRYSTAL DROP EARRINGS,44.28,15,15,1
35085E,IVORY ROSE LAMPSHADE ,44.25,39,9,1
84586L,"PINK ROSES/GINGHAM PATCH RABBIT 8""",44.25,15,9,1
90125E,AMBER BERTIE GLASS BEAD BAG CHARM,44.19,18,17,1
35815B,"ACRYLIC JEWEL SNOWFLAKE,BLUE",43.94,95,3,1
17014C,ORIGAMI LAVENDER INCENSE CONES,43.75,97,2,1
79063C,"RETRO PILL BOX KEY CHAIN,THE KING",43.65,235,14,2
90042B,FRESHWATER PEARL BRACELET PINK,43.35,17,6,1
35822P,"ACRYLIC BEAD CHAIN, PINK",43.32,114,1,1
23038,T-LIGHT HOLDER SILVER SAUCER,42.92,44,8,1
84993a,75 GREEN PETIT FOUR CASES,42.71,51,30,1
21596,Hypochondriac Pill Stress Ball,42.64,10,9,1
90024A,NEW BAROQUE B'FLY NECKLACE BLACK,42.5,5,4,1
90126C,AMBER BERTIE MOBILE PHONE CHARM,42.1,21,5,2
72771C,BLACK FLOCK GOLD CANDLE,42.08,54,6,1
20860,GOLD COSMETICS BAG WITH BUTTERFLY,42.0,20,11,1
15060b,FAIRY CAKE DESIGN UMBRELLA,41.81,5,5,1
90152C,BLUE/NAT SHELL NECKLACE W PENDANT,41.65,7,4,1
90060C,FIRE POLISHED GLASS NECKL SILVER,41.65,7,3,1
90060B,FIRE POLISHED GLASS NECKL GOLD,41.65,7,5,1
84611B,BLACK NEW BAROQUE FLOCK BOX,41.65,7,4,1
85184B,SET 4 EASTER DECOUPAGE OVAL BOXES,41.3,14,7,1
23448,CREAM BUNNY EASTER EGG BASKET,41.25,25,3,1
90152B,BLUE/GREEN SHELL NECKLACE W PENDANT,41.21,7,6,1
90027C,GLASS BEAD HOOP EARRINGS GREEN,41.17,14,12,1
18096c,WHITE ROUND PORCELAIN TLIGHT HOLDER,41.14,8,6,1
21119,Glow In The Dark Shot Glasses ,41.01,3,3,1
84798C,WHITE FOXGLOVE ARTIIFCIAL FLOWER,40.8,16,3,1
44228,CANNABIS LEAF BEAD CURTAIN,40.8,48,3,1
90132,LIGHT TOPAZ TEAL/AQUA COL NECKLACE,40.72,8,8,1
47013C,WINE BOTTLE DRESSING DARK BLUE,40.52,147,28,1
90136,PALE PINK/AMETHYST STONE NECKLACE,40.47,4,3,1
90152A,SILVER/NAT SHELL NECKLACE W PENDANT,40.34,7,7,1
37468,HARDMAN MUG 3 ASSORTED,40.2,66,15,1
20994,JAZZ HEARTS SPIRAL NOTEPAD,39.95,47,12,1
47013A,WINE BOTTLE DRESSING LT.BLUE,39.87,141,25,1
79065A,TEATIME ROUND CAKE TINS ,39.8,4,1,1
35963,FOLKART ZINC CLIP ON ANGEL WINGS,39.52,104,16,1
90214F,"LETTER ""F"" BLING KEY RING",39.23,47,30,1
82545A,COGNAC AUX OEUFS METAL 1 HOOK,38.75,31,11,1
47567b,TEA TIME KITCHEN APRON,38.72,3,3,1
90130D,RED STONE/CRYSTAL EARRINGS,38.31,13,8,1
90027B,GLASS BEAD HOOP EARRINGS MONTANA,38.28,13,10,1
90183C,BLACK DROP EARRINGS W LONG BEADS,38.12,13,13,1
47518f,ICON PLACEMAT POP ART ELVIS,37.75,9,9,1
90176B,DIAMANTE NECKLACE BLACK ,37.62,5,4,1
85115B,S/4 BLACK DISCO PARTITION PANEL,37.62,6,2,1
90039A,FIRE POLISHED GLASS BRACELET RED,37.61,10,5,1
37112,YELLOW BIRDS FELT DES FOODCOVER,37.5,10,6,1
79413,GLASS WINE GLASS DECORATIONS,37.5,30,9,1
84509b,SET OF 4 FAIRY CAKE PLACEMATS,37.3,5,4,1
90126A,PINK BERTIE MOBILE PHONE CHARM,37.14,20,6,2
84251J,"GREETING CARD, THE BLACK CAT",37.04,74,17,2
72715,SPHERICAL IVORY CANDLE ,36.96,88,13,1
16162M,THE KING GIFT BAG 25x24x12cm,36.96,88,13,1
17014E,ORIGAMI OPIUM INCENSE CONES,36.6,95,6,2
90141D,ROSE PENDANT TRIPLE SHELL NECKLACE,36.33,7,5,2
90037D,TINY CRYSTALS BRACELET BLACK,35.87,14,8,1
37348,SET OF 4 PASTEL STACKING MUGS,35.7,14,7,1
84745B,BLUE HANGING GINGHAM EASTER HEN,35.7,85,20,1
85184c,S/4 VALENTINE DECOUPAGE HEART BOX,35.35,6,6,1
79063D,"RETRO PILL BOX , REVOLUTIONARY",35.33,190,12,1
90011C,GREEN CRYSTAL DROP EARRINGS,35.33,12,7,1
84510e,SET OF 4 GREEN CAROUSEL COASTERS,35.09,14,6,1
82613b,"METAL SIGN,CUPCAKE SINGLE HOOK",35.04,14,11,1
DCGS0058,MISO PRETTY  GUM,34.82,42,30,1
84868B,BLUE BABY BOY'S MEMORY BOX,34.75,5,4,1
37482p,CUBIC MUG PINK POLKA DOT,34.7,2,2,1
84546,CROCHET POODLE KEYRING,34.65,21,3,3
90081B,LILY BROOCH WHITE/SILVER COLOUR,34.65,7,3,1
35955,SMALL FOLKART CHRISTMAS TREE DEC,34.62,135,5,1
44265,M/COLOUR POM-POM CURTAIN,34.0,8,4,1
21120,*Boombox Ipod Classic,33.96,2,2,1
85035a,GARDENIA 3 WICK MORRIS BOXED CANDLE,33.88,4,4,1
90066A,PINK VINTAGE VICTORIAN CHOKER,33.75,5,2,1
47591b,SCOTTIES CHILDRENS APRON,33.6,8,4,1
84456,SET OF 3 RABBIT EGG EASTER,33.15,37,16,1
85079,EMBROIDERED REINDEER DECORATION,33.1,24,10,1
90076,MONTANA DIAMOND CLUSTER EARRINGS,33.0,12,7,2
84596b,SMALL DOLLY MIX DESIGN ORANGE BOWL,32.63,13,10,1
DCGS0003,BOXED GLASS ASHTRAY,32.59,13,13,1
82613c,"METAL SIGN,CUPCAKE SINGLE HOOK",32.48,13,12,1
37489B,BLUE/YELLOW FLOWER DESIGN BIG MUG,32.37,39,18,1
90214V,"LETTER ""V"" BLING KEY RING",32.33,41,27,1
90214O,"LETTER ""O"" BLING KEY RING",32.27,37,19,1
23632,SET 10 CARDS CHEERFUL ROBIN 17065,31.2,15,10,1
78034B,BLUE NETTING STORAGE HANGER,31.2,16,11,1
84745A,PINK HANGING GINGHAM EASTER HEN,31.08,74,19,1
37489D,PINK/GREEN FLOWER DESIGN BIG MUG,30.81,47,22,1
44091C,MULTICOLOUR CRUSOE CHECK LAMPSHADE,30.66,61,17,2
21919,Electronic Talking Breath-A-Loser,30.47,6,5,1
90025F,BAROQUE BUTTERFLY EARRINGS CRYSTAL,30.23,8,8,1
18010,ASSORTED FRAGRANCE BATH CONFETTI,30.16,64,9,1
37491B,BLUE/YELLOW CERAMIC CANDLE HOLDER,30.08,14,8,1
47563B,WAVELINE SURF IRONING BOARD COVER,30.0,8,6,1
84876C,SILVER HEART COMPACT MIRROR,30.0,8,5,1
90176E,DIAMANTE NECKLACE GREEN,29.98,4,3,1
37489C,GREEN/BLUE FLOWER DESIGN BIG MUG,29.96,29,14,1
21767,FRENCH STYLE WIRE DOOR CABINET ,29.95,1,1,1
78056,CAMOUFLAGE BACKPACK ON WHEELS,29.85,3,2,1
22351,DOTCOMGIFTSHOP TEA TOWEL,29.81,15,3,1
84985a,SET OF 72 GREEN PAPER DOILIES,29.8,10,8,1
40005B,BLUE ORGANDY ROUND LAMPSHADE W BEA,29.75,35,15,1
35598A,DUSTY PINK CHRISTMAS TREE 60CM,29.5,10,3,1
90027A,GLASS BEAD HOOP EARRINGS BLACK,29.48,10,7,1
46776f,WOVEN ROSE GARDEN CUSHION COVER ,28.91,7,1,1
44089C,LILAC GAUZE BUTTERFLY LAMPSHADE,28.56,68,18,1
21097,SET/6 GREEN SPRING  PAPER PLATE,28.05,33,8,1
90053,CRACKED GLAZE EARRINGS IVORY,27.78,11,11,1
17091F,SANDALWOOD INCENSE IN TIN,27.71,19,8,1
90128C,GREEN LEAVES AND BEADS PHONE CHARM,27.55,18,7,2
90128B,BLUE LEAVES AND BEADS PHONE CHARM,27.52,20,8,2
23613,SET 10 XMAS CARDS & BADGES 17070,27.39,11,6,1
23637,SET 10 CARDS OUT OF ORDER 17216,27.39,11,9,1
84867b,BLUE BABY BOY'S PHOTO ALBUM,27.14,2,1,1
90187A,BLUE DROP EARRINGS W BEAD CLUSTER,27.04,8,7,1
23702,High Resolution Image,27.0,4,3,2
17013F,ORIGAMI SANDLEWOOD INCENSE IN TUBE,26.7,62,5,2
90025E,BAROQUE BUTTERFLY EARRINGS MONTANA,26.5,7,7,1
90214Y,"LETTER ""Y"" BLING KEY RING",26.19,69,11,1
23636,SET 10 CARDS WISHING TREE 17116,26.19,9,7,1
90182A,AMBER 3 BEAD DROP EARRINGS,26.16,9,9,1
10124A,SPOTS ON RED BOOKCOVER TAPE,26.04,62,19,1
85164b,BLACK BAROQUE CUCKOO CLOCK,26.04,1,1,1
90041,PEARL AND CHERRY QUARTZ BRACLET,25.67,7,6,1
20954,*USB Office Mirror Ball,25.59,3,3,1
90142A,GREEN PENDANT SHELL NECKLACE,25.45,5,4,1
DCGS0070,CAMOUFLAGE DOG COLLAR,25.44,2,2,1
85035c,ROSE 3 WICK MORRIS BOX CANDLE,25.41,3,3,1
85036b,CHOCOLATE 1 WICK MORRIS BOX CANDLE,25.41,3,3,1
47552A,DOTS IRONING BOARD COVER,25.35,13,12,1
90055,CRACKED GLAZE EARRINGS BROWN,25.28,10,10,1
35597D,PINK/WHITE CHRISTMAS TREE 30CM,25.28,58,8,1
21594,Dr. Jam's Arouzer Stress Ball,25.27,6,6,1
72801g,S/4 BURGUNDY WINE DINNER CANDLES,25.1,10,3,1
35591T,TURQUOISE CHRISTMAS TREE ,25.0,20,11,1
23620,SET 10 CARDS PERFECT POST 17090,24.9,10,7,1
85034a,3 GARDENIA MORRIS BOXED CANDLES,24.87,3,3,1
84550,CROCHET LILAC/RED BEAR KEYRING,24.75,15,5,1
35633B,BLUE TINSEL GARLAND ,24.7,130,12,1
35596,WOOD XMAS TREE 9 FIG SHELVES,24.65,29,4,1
84450A,PINK RABBIT SITTING EASTER,24.18,52,5,2
37494a,FAIRY CAKE CERAMIC BUTTER DISH,24.16,4,3,1
84575B,BROWN DOG CANNISTER W BONE,23.8,4,3,2
79302m,"ART LIGHTS,FUNK MONKEY",23.77,4,4,1
90128D,PURPLE LEAVES AND BEADS PHONE CHAR,23.75,14,8,1
17014F,ORIGAMI SANDLEWOOD INCENSE CONES,23.7,61,4,2
47556b,TEA TIME TEA TOWELS ,23.64,4,4,1
90011E,AMBER CRYSTAL DROP EARRINGS,23.61,8,8,1
85040b,SET/4 BLUE FLOWER CANDLES IN BOWL,23.52,7,3,1
23623,SET 10 CARD CHRISTMAS WELCOME 17112,23.28,8,6,1
90095,NECKLACE+BRACELET SET PINK BLOSSOM,22.91,8,3,1
90025C,BAROQUE BUTTERFLY EARRINGS GREEN,22.56,6,6,1
90189B,GOLD 2 STRAND NECKLACE-LEAF CHARMS,22.5,3,2,1
85225,BLING KEY RING STAND,22.5,19,11,1
37477C,"FLOWER FAIRY MUG+COASTER,ROSE",22.5,6,1,1
23645,SET 10 CHRISTMAS CARDS HOHOHO 16956,22.41,9,4,1
23640,SET 10 CARDS SCOTTIE DOG 17211,22.41,9,8,1
90214Z,"LETTER ""Z"" BLING KEY RING",22.34,32,19,1
35652,VINTAGE BEAD CHAISE LONG JEWEL BOX,21.5,18,2,1
84387A,BIRD ON BRANCH CANVAS SCREEN,21.45,11,1,1
44092C,PURPLE/COPPER HANGING LAMPSHADE,21.25,25,12,1
21387,IVORY HANGING DECORATION  RABBIT,21.25,25,4,1
23692,WRAP A PRETTY THANK YOU,21.0,50,2,2
35603B,S/16 BLACK SHINY/MAT BAUBLES,21.0,50,2,1
DCGS0072,CAT CAMOUFLAGUE COLLAR,20.68,4,3,1
46776a,WOVEN BUBBLE GUM CUSHION COVER,20.65,5,1,1
10002R,ROBOT PENCIL SHARPNER,20.57,4,3,1
79172D,PURPLE TINT ACRYLIC FLOWER VASE,20.4,24,4,1
85232a,SET/3 POLKA DOT STACKING TINS,20.34,2,2,1
84536a,ENGLISH ROSE NOTEBOOK A7 SIZE,19.97,25,12,1
90082C,DIAMANTE BOW BROOCH WHITE COLOUR,19.93,3,3,1
23646,SET 10 CARDS JINGLE BELLS 16957,19.92,8,5,1
90127A,PINK BEADS+HAND PHONE CHARM,19.92,14,2,1
23616,SET 10 CARDS JINGLE BELLS 17217,19.92,8,7,1
23601,SET 10 CARDS SNOWY SNOWDROPS  17100,19.92,8,4,1
84570B,WHITE SATIN DRESS JEWEL STAND,19.8,4,2,1
37488A,YELLOW PINK FLOWER DESIGN BIG BOWL,19.77,31,5,1
37487B,YELLOW/ORANGE FLOWER DESIGN PLATE,19.72,68,2,1
20680,PINK FLOWERS CHILDS UMBRELLA,19.5,6,5,1
79062D,"RETRO TIN ASHTRAY,REVOLUTIONARY",19.4,52,4,1
81950V,FLOWER PURPLE CLOCK W/SUCKER,19.09,33,12,1
84030B,KNITTED POM POM HOT WATER BOTTLE,18.75,5,3,1
90025D,BAROQUE BUTTERFLY EARRINGS PINK,18.69,5,5,1
84732B,CUTE BIRD CEATURE SCREEN,18.48,28,6,1
84311,CAMOFLAGE CUSHION COVER,18.15,11,1,1
72796A,S/3 ENGLISH LAVENDER SQU CANDLE,18.15,11,6,1
84986b,SET OF 36 SILVER PAPER DOILIES,17.88,6,5,1
71050,SMALL SINGLE FLAME CANDLE HOLDER,17.85,51,8,1
18097B,BLUE TALL PORCELAIN T-LIGHT HOLDER,17.85,7,4,1
84614C,BLUE BAROQUE FLOCK CANDLE HOLDER,17.85,3,1,1
72801e,S/4 FESTIVE GREEN DINNER CANDLES,17.57,7,4,1
90182B,AMETHYST 3 BEAD DROP EARRINGS,17.53,6,6,1
23627,SET 10 CARDS XMAS GRAPHIC  17218,17.43,7,2,1
90077,BLACK DIAMOND CLUSTER EARRINGS,17.36,6,6,1
37482b,CUBIC MUG BLUE POLKA DOT,17.35,1,1,1
DCGS0066N,NAVY CUDDLES DOG HOODIE,17.3,2,2,1
84796b,BLUE SAVANNAH PICNIC HAMPER FOR 2,17.12,2,2,1
DCGS0068,DOGS NIGHT COLLAR,17.12,2,2,1
84993b,75 BLACK PETIT FOUR CASES,16.99,20,13,1
72803b,OCEAN SCENT CANDLE JEWELLED DRAWER,16.94,2,2,1
72805,VANILLA CANDLE IN EMBOSSED ZINC POT,16.9,10,3,1
47591c,BLUE FAIRY CAKE CHILD'S APRON,16.84,4,3,1
44089A,PINK GAUZE BUTTERFLY LAMPSHADE,16.8,40,13,1
21511,VINTAGE COLLAGE  GREETING  CARD ,16.8,40,2,1
72785A,S/4 CONTEMPORY PINK ROSEBUD CANDLES,16.8,8,4,1
23644,SET 10 CARDS CHRISTMAS TREE 16955,16.65,5,5,1
84031a,CHARLIE+LOLA RED HOT WATER BOTTLE ,16.63,1,1,1
84031b,CHARLIE LOLA BLUE HOT WATER BOTTLE ,16.63,1,1,1
85036a,GARDENIA 1 WICK MORRIS BOXED CANDLE,16.58,2,1,1
10124G,ARMY CAMO BOOKCOVER TAPE,16.38,38,11,1
85160b,BLACK BIRD GARDEN DESIGN MUG,16.13,1,1,1
47503J ,SET/3 FLORAL GARDEN TOOLS IN BAG,16.13,1,1,1
90102,WHITE FRANGIPANI HAIR CLIP,16.11,19,4,1
62074B,ELEPHANT CLIP W SUCTION CUP,15.96,38,13,1
84630,FLOWERS AND BIRDS WALL PLAQUE,15.9,2,1,1
84250M,"GREETING CARD, BLACKPOOL ROCK",15.9,28,13,2
35932,PINK CHRISTMAS TREE DECORATION,15.63,37,10,1
84912a,PINK ROSE WASHBAG,15.56,2,1,1
21560,TOADSTOOL  LUNCHBOX WITH CUTLERY,15.44,4,4,1
21853,GUMBALL CUSTOM CARS TOP TRUMPS GAME,15.4,3,3,1
37481,CUBIC MUG TEATIME CAKES,15.3,6,1,1
84509e,SET OF 4 CAROUSEL PLACEMATS ,15.24,2,1,1
85124c,GREEN JUICY FRUIT PHOTO FRAME,15.18,3,2,1
17174,ASSTD RASTA KEY-CHAINS,15.12,36,7,3
m,Manual,15.05,5,5,1
84206A,3 BLACK CATS W HEARTS BLANK CARD,15.01,79,10,2
90068,"RUBY GLASS NECKLACE 42""",15.0,2,2,1
23449,SET OF 6 EASTER RAINBOW CHICKS,15.0,12,1,1
21475,SWEETHEART CREAM STEEL FOLDIN CHAIR,14.95,1,1,1
23621,SET 10 CARDS DAVID'S MADONNA 17074,14.94,6,4,1
84509g,SET OF 4 FAIRY CAKE PLACEMATS ,14.92,2,2,1
84567,FROSTED GLASS WITH SILVER SURROUND,14.85,9,1,1
35650,VINTAGE BEAD PINK JEWEL STAND,14.85,3,3,1
90011D,PURPLE CRYSTAL DROP EARRINGS,14.75,5,5,1
SP1002,KID'S CHALKBOARD/EASEL,14.75,5,2,1
23634,SET 10 CARDS XMAS CHOIR 17068,14.55,5,5,1
84868A,PINK BABY GIRL'S MEMORY BOX,13.9,2,2,1
21852,EMPIRE TEDDY,13.9,2,2,1
84406b,CREAM CUPID HEARTS COAT HANGER,13.82,2,2,1
35597A,DUSTY PINK CHRISTMAS TREE 30CM,13.75,11,5,1
16245A,PINK MINI STATIONERY SET W CASE,13.75,11,7,1
35936,CERISE+GOLD CHRISTMAS TREE DEC,13.68,36,9,1
84814B,RHOMBUS CRYSTAL PERFUME BOTTLE,13.65,7,3,1
35443,RASTA IN BATH W SPLIFF ASHTRAY,13.6,16,10,2
84867a,PINK BABY GIRLS PHOTO ALBUM,13.57,1,1,1
79342b,BROWN FLOWER LIGHTS,13.57,1,1,1
21525,BEWARE OF THE CAT DOORMAT,13.5,2,2,1
79149B,SILICON STAR BULB  BLUE,13.44,32,14,1
85039b,S/4 IVORY MINI ROSE CANDLE IN BOWL,13.44,4,1,1
62097B,BLUE STRIPES SHOULDER BAG,13.37,11,4,1
23639,SET 10 CARDS MAGICAL TREE 17086,13.32,4,4,1
23607,SET 10 CARDS HATS & STOCKINGS 17081,13.28,8,7,1
85159b,"WHITE TEA,COFFEE,SUGAR JARS",13.0,1,1,1
35004s,SET OF 3 SILVER FLYING DUCKS,13.0,1,1,1
16192,PINK BALLET OPENING CUBE BOX ,12.9,3,1,1
84989b,75 BLACK FAIRY CAKE CASES,12.8,10,6,1
84247J,PACK/12 RUSSIAN DOLL CARDS,12.78,10,9,1
84648,NEW BAROQUE WALL MIRROR,12.75,1,1,1
85083,KISS REINDEER SCANDINAVIAN STOCKING,12.75,5,2,1
44092B,BLUE WHITE PLASTIC RINGS LAMPSHADE,12.75,15,6,1
72752B,"F.FAIRY,CANDLE IN GLASS,LAVENDER",12.75,3,2,1
21772,VINTAGE METAL CAKE STAND CREAM ,12.75,1,1,1
20812,EMBOSSED FLOWER TRELLIS PHOTO FRAME,12.75,5,3,1
DCGS0037,KEY-RING CORKSCREW,12.72,1,1,1
DCGS0075,CAMOUFLAGUE DOG LEAD,12.72,1,1,1
85157,SET OF 2 CHESTS CHOCOLAT AU LAIT,12.72,1,1,1
35004p,SET OF 3 PINK FLYING DUCKS,12.72,1,1,1
35751C,PURPLE CURRENT CANDLE RING,12.61,31,2,2
51012L,"FEATHER DUSTER, LIGHT PINK",12.5,10,6,1
35918B,BLUE FLORIBUNDA EGG WARMER,12.5,10,5,1
84743C,ORANGE FELT VASE + FLOWERS,12.5,10,6,1
23635,SET 10 CARDS CHRISTMAS HOLLY  17259,12.48,3,3,1
23654,SET 10 CARD SNOWMAN 16965,12.45,5,4,1
84596g,SMALL CHOCOLATES PINK BOWL,12.4,5,2,1
90000C,OPAL WHITE/SILVER FLOWER NECKLACE,12.32,2,2,1
44242A,LILAC FEATHERS CURTAIN,11.98,14,2,1
22206,"MUG , DOTCOMGIFTSHOP.COM ",11.82,14,10,1
85185E,DUCK SOCK PUPPET,11.8,4,2,1
85179a,GREEN BITTY LIGHT CHAIN,11.78,2,2,1
23608,SET 10 CARDS RUDOLPHS NOSE 17097,11.64,4,3,1
23605,SET 10 CARDS 12 DAYS OF XMAS 17059,11.64,4,1,1
90025B,BAROQUE BUTTERFLY EARRINGS RED,11.29,3,3,1
79070b,ENGLISH ROSE SQUARE CAKE TINS,11.26,1,1,1
84366,VENDETTA CANVAS PICTURE,11.25,3,3,1
17011B,ORIGAMI JASMINE INCENSE+FLOWER ,11.1,19,2,2
47590a,BLUE HAPPY BIRTHDAY BUNTING,11.02,1,1,1
72785B,S/4 CONTEMPORY RED ROSEBUD CANDLES,10.9,9,3,1
84732D,CUTE RABBIT CEATURE SCREEN ,10.89,15,6,2
84536b,FAIRY CAKES NOTEBOOK A7 SIZE,10.53,13,5,1
16169A,WRAP CHRISTMAS DECOUPAGE,10.5,25,1,1
17084G,MOON INCENSE,10.5,50,2,1
21496,WOODLAND CREATURES  WRAP,10.5,25,1,1
16169G,WRAP ROMANTIC DECOUPAGE,10.5,25,1,1
85124b,BLUE JUICY FRUIT PHOTO FRAME,10.23,2,2,1
21858,HIGH SCHOOL MUSICAL 3 TOP TRUMPS ,10.23,2,2,1
21857,STAR WARS TOP TRUMPS GAME,10.23,2,2,1
20939,ORANGE CANDLE,10.2,12,1,1
90214W,"LETTER ""W"" BLING KEY RING",10.17,19,8,1
85232d,SET/3 DECOUPAGE STACKING TINS,10.17,1,1,1
84661c,PINK SQUARE TABLE CLOCK,10.12,2,2,1
84661a,WHITE SQUARE TABLE CLOCK,10.02,2,2,1
23619,SET 10 CARDS POINSETTIA 17093,9.96,4,2,1
23650,SET 10 CARDS FILIGREE BAUBLE 16961,9.96,4,4,1
23624,SET 10 CARD PERFECT NATIVITY 17089,9.96,4,4,1
23615,SET 10 CARDS PRINTED GRAPHIC 17219,9.96,4,4,1
84971s,SMALL HEART FLOWERS HOOK ,9.96,6,3,1
84534b,FAIRY CAKE NOTEBOOK A5 SIZE,9.96,6,5,1
85049b,LUSH GREENS RIBBONS,9.94,4,3,1
85231g,ORANGE SCENTED SET/9 T-LIGHTS,9.78,6,6,1
81953P,ROUND ARTICULATED PINK CLOCK W/SUCK,9.57,33,6,1
20822,SILVER WINE GOBLET,9.3,2,1,1
72708,SCULPTED ROUND IVORY CANDLE ,9.24,44,5,2
23441,HAND PAINTED HANGING EASTER EGG,9.24,22,3,1
90184c,BLACK CHUNKY BEAD BRACELET W STRAP,9.15,1,1,1
62097A,PINK STRIPES SHOULDER BAG,8.85,3,3,1
18098B,BLUE PORCELAIN B'FLY OIL BURNER,8.85,3,3,1
35598C,WHITE CHRISTMAS TREE 60CM,8.85,3,3,1
20882,MODERN CHRISTMAS TREE CANDLE,8.85,3,2,1
71496B,A4 WALL TIDY RED FLOWERS,8.67,15,6,1
20739,*USB Office Glitter Lamp,8.65,1,1,1
21406,SPOTTY CAT DOORSTOP ,8.65,1,1,1
90013E,AMBER VINTAGE EARRINGS ,8.57,2,2,1
84572,6 HOOK JEWEL STAND LILAC DRESS,8.49,1,1,1
90126B,BLUE BERTIE MOBILE PHONE CHARM,8.48,3,3,1
84030b,KNITTED POM POM HOT WATER BOTTLE,8.46,1,1,1
44091A,BLUE CRUSOE CHECK LAMPSHADE,8.4,20,7,1
90111,BLUE HIBISCUS  HAIR CLIP,8.4,8,7,1
23612,SET 10 MINICARDS CUTE SNOWMAN 17071,8.3,5,2,1
72802c,VANILLA SCENT CANDLE JEWELLED BOX,8.29,1,1,1
85034b,3 WHITE CHOC MORRIS BOXED CANDLES,8.29,1,1,1
84029c,BROWN FURRY HOT WATER BOTTLE,7.78,1,1,1
20942,SET/6 GINGERBREAD TREE T-LIGHTS,7.5,6,4,1
90025A,BAROQUE BUTTERFLY EARRINGS BLACK,7.5,2,2,1
82011E,"BATHROOM SCALES, FAG BREAK",7.5,2,2,1
46037A,PINK CANVAS DES CUSHION COVER ,7.5,6,2,1
37438,FUNKY FLOWER COFFEE POT,7.5,2,2,1
82613a,"METAL SIGN,CUPCAKE SINGLE HOOK",7.48,3,3,1
23633,SET 10 CARDS WORLD CHILDREN 17067,7.47,3,3,1
84201B,HAPPY BIRTHDAY CARD STRIPEY TEDDY,7.41,39,8,1
35001P,HAND OPEN SHAPE PINK,6.98,2,2,1
85230C,ROSE SCENTED VOTIVE CANDLE,6.96,24,1,1
85230D,VANILLA SCENTED VOTIVE CANDLE,6.96,24,1,1
84705b,FAIRY CAKES PHOTO FRAME,6.86,2,2,1
37409,ASSORTED DESIGN FLOWER MUGS,6.8,8,4,1
48173A,DOOR MAT BLUE FLOCK,6.75,1,1,1
37484,ENGLISH ROSE TEA FOR ONE GIFT BOX,6.75,1,1,1
23604,SET 10 MINI SANTA & SNOWMAN  17087,6.64,4,2,1
20858,SILVER PURSE GOLD PINK BUTTERFLY,6.6,4,1,1
20678,LARGE BLACK DIAMANTE HAIRSLIDE,6.6,4,1,1
85231b,CINAMMON SET OF 9 T-LIGHTS,6.58,4,4,1
20884,MODERN CHRISTMAS TREE CANDLE ,6.3,3,3,1
79140,ASS WINDPROOF MARIJUANA LIGHTERS,6.3,15,2,1
20673,STRAWBERRIES PRINT BOWL,6.25,5,2,1
82072,WHITE WOOD SINGLE P/FRAME,6.25,5,3,1
37408,ASSORTED DESIGN GEISHA GIRL MUGS,6.25,5,1,1
23610,SET 10 CARDS CHRISTMAS ROBIN 17095,6.24,3,3,1
79051a,SMOKEY GREY COLOUR D.O.F. GLASS,6.04,1,1,1
85123b,ZINC HANGING HEART T-LITE HLDR,6.04,1,1,1
85077,KISSING REINDEER TABLE RUNNER,5.95,1,1,1
72751A,"F.FAIRY S/3 SML CANDLE,LILY/VALLEY",5.95,1,1,1
72751B,"F.FAIRY S/3 SML CANDLE, LAVENDER",5.95,1,1,1
72751C,"F.FAIRY S/3 SML CANDLE, ROSE",5.95,1,1,1
85184d,S/4 BLUE ROUND DECOUPAGE BOXES,5.91,1,1,1
35821P,"JEWELLED DECORATION,PINK",5.9,2,2,1
18098A,PINK PORCELAIN B'FLY OIL BURNER,5.9,2,2,1
79303A,WHITE ROHMBIC BLOCK TABLE LAMP,5.9,2,1,1
35823P,"ACRYLIC BEAD GARLAND,PINK",5.9,2,2,1
85186B,BUNNY BUNCH OF FLOWERS,5.88,14,2,1
35051B,PINK BEADED CONE CHRISTMAS,5.88,14,2,1
37326,FAIRY DESIGN MUGS,5.86,3,3,2
23617,SET 10 CARDS SWIRLY XMAS TREE 17104,5.82,2,1,1
23638,SET 10 CARDS ROBIN WATERPUMP  17096,5.82,2,2,1
23652,SET 10 CARD CHRISTMAS STAMPS 16963,5.82,2,1,1
23630,SET 10 CARDS HANGING BAUBLES 17080,5.48,2,2,1
35537,CANDLE RING W/CLEAR BEADS,5.46,13,3,1
21838,DADDY MOUSE RED GINGHAM BOW TIE,5.45,1,1,1
35751D,PINK CURRENT CANDLE RING,5.32,28,1,1
16010,FOLDING CAMPING SCISSOR W/KNIF & S,5.28,44,5,1
16215,FUNKY GIRLZ MAGNETIC TO DO LIST ,5.2,8,3,1
21860,DR WHO TOP TRUMPS GAME,5.17,1,1,1
21854,EURO FOOTBALL STARS TOP TRUMPS GAME,5.17,1,1,1
71434B,"BLACK RND BULLET""KEEP CLEAN"" BIN",5.1,2,2,1
71101A,ANGEL ON KNEES METAL POLE 100CM H,5.1,6,1,1
90142C,ROSE PINK PENDANT SHELL NECKLACE,5.09,1,1,1
90142B,IVORY PENDANT SHELL NECKLACE,5.09,1,1,1
84942,KASHMIR FOLKART HEART DISHES,5.07,3,3,1
72740B,LARGE WHITE CHOCOLATE CANDLE,5.06,1,1,1
DCGS0041,HAYNES MINI-COOPER PLAYING CARDS,5.06,1,1,1
20877,MODERN CHRISTMAS BAUBLE CANDLE ,5.04,12,5,1
79151B,"SILICON CUBE 25W, BLUE",5.04,12,3,1
84596j,MIXED NUTS LIGHT GREEN BOWL,5.02,2,2,1
23649,SET 10 CARDS DECK THE HALLS 16960,4.98,2,2,1
47593b,SCOTTIE DOGS BABY BIB,4.98,6,1,1
84661b,BLACK SQUARE TABLE CLOCK,4.96,1,1,1
85232C,RUSSIAN FOLKART STACKING TINS,4.95,1,1,1
37451,CERAMIC CAKE TEAPOT WITH CHERRY,4.95,1,1,1
85043,RED HEART CANDY POP LIGHTS,4.95,1,1,1
84971l,LARGE HEART FLOWERS HOOK   ,4.92,2,1,1
85049d,BRIGHT BLUES RIBBONS ,4.92,2,2,1
90214U,"LETTER ""U"" BLING KEY RING",4.73,13,2,1
45014,FOLDING SHIRT TIDY,4.65,1,1,1
81953B,ROUND ARTICULATED BLUE CLOCK W/SUCK,4.64,14,8,1
72529w,WHITE ADVENT CANDLE,4.3,1,1,1
79157V,UBO-LIGHT TRIOBASE PURPLE,4.25,5,3,1
79157B,UBO-LIGHT TRIOBASE BLUE,4.25,5,3,1
72752A,"F.FAIRY,CANDLE IN GLASS,LILY/VALLEY",4.25,1,1,1
21409,SPOTTY COCKEREL DOORSTOP,4.25,1,1,1
47594a,CAROUSEL DESIGN WASHBAG,4.21,1,1,1
84255A,PINK GLASS COCKTAIL LAMP,4.2,2,2,1
46776b,WOVEN BERRIES CUSHION COVER ,4.13,1,1,1
46776e,WOVEN CANDY CUSHION COVER ,4.13,1,1,1
72084B,CHOCOLATE ICE CREAM CANDLE,3.9,2,1,1
37432,MUG PINK AND PURPLE ARABIC DESIGN,3.9,6,1,1
35995,SET/6 BLACK GLITTER REINDEER CANDLE,3.78,5,5,1
40046C,PINK BUTTERFLY PAPER LAMPSHADE,3.75,3,3,1
90004A,JADE GREEN PAIR ENAMEL HAIR SLIDES,3.75,1,1,1
35974,S/6 CHRISTMAS TREE PLACE SETTING,3.75,1,1,1
84731,3 BIRDS CANVAS SCREEN,3.69,3,3,1
35818C,"ACRYLIC JEWEL ICICLE, CLEAR ",3.43,1,1,1
21081,SET/20 POSIES PAPER NAPKINS,3.4,4,4,1
84559d,3D SHEET OF SEA WORLD STICKERS,3.38,2,1,1
23643,SET 10 CARDS CHRISTMAS BAUBLE 16954,3.33,1,1,1
20683,RAIN GIRL CHILDS UMBRELLA,3.25,1,1,1
84985b,SET OF 72 BLACK PAPER DOILIES ,2.98,1,1,1
20885,BOX OF 3 PEBBLE CANDLES,2.95,1,1,1
79301,FEATHER HEART LIGHTS,2.95,1,1,1
23602,SET 10 CARDS 3 WISE MEN 17107,2.91,1,1,1
23628,SET 10 CARDS TRIANGLE ICONS  17220,2.91,1,1,1
23609,SET 10 CARDS SNOWY ROBIN 17099,2.91,1,1,1
90183c,BLACK DROP EARRINGS W LONG BEADS,2.9,1,1,1
DCGS0044,HANDZ-OFF CAR FRESHENER,2.57,1,1,1
21036,SET/2 TEA TOWELS MODERN VINTAGE,2.55,1,1,1
47569,ENGLISH ROSE DESIGN SHOPPING BAG,2.55,1,1,1
47554,S/3 COLOURS FLOCK TEA TOWELS,2.55,1,1,1
35999,S/6 SCANDINAVIAN HEART T-LIGHT,2.55,1,1,1
90091,CRYSTAL DRAGONFLY PHONE CHARM,2.55,3,2,1
20881,MODERN CHRISTMAS TREE CANDLE,2.55,3,2,1
47556,SET/2 SPOTTY + ROSE TEA TOWELS ,2.55,1,1,1
85171,S/2 HYACINTH BULB CANDLES,2.55,1,1,1
17028J,INCENSE BAZAAR PEACH,2.52,6,1,1
47593a,CAROUSEL DESIGN BABY BIB,2.51,1,1,1
DCGS0062,ROAD-RAGE CAR FRESHENER,2.51,1,1,1
21008,ETCHED GLASS HEART TREE DECORATION,2.51,1,1,1
21225,POCKET MIRROR BUTTERFLY ,2.5,2,2,1
21290,LARGE SPOTTY CHOCOLATE GIFT BAG,2.5,2,1,1
90127B,BLUE BEADS+HAND PHONE CHARM,2.5,2,2,1
85049c,ROMANTIC PINKS RIBBONS ,2.46,1,1,1
84596l,BISCUITS SMALL BOWL LIGHT BLUE,2.46,1,1,1
84510b,SET OF 4 FAIRY CAKES COASTERS ,2.15,1,1,1
17061,ASSORTED SHAPED STENCIL FOR HENNA,2.08,52,1,1
35945,GOLD CHRISTMAS STOCKING DECORATION,1.95,1,1,1
85192S,HANGING SPRING FLOWER HEART SMALL,1.95,3,2,1
84814A,HEXAGONAL CRYSTAL PERFUME BOTTLE,1.95,1,1,1
46138D,GREEN CHENILLE SHAGGY C/COVER,1.95,1,1,1
84206C,CHAMPAGNE TRAY BLANK CARD,1.9,10,4,1
84201C,HAPPY BIRTHDAY CARD TEDDY/CAKE,1.9,10,3,2
84206B,CAT W SUNGLASSES BLANK CARD,1.71,9,2,1
30086C,ASSORTED FRUIT STRAWS,1.7,1,1,1
20737,RED MINI TAPE MEASURE ,1.7,1,1,1
35837,SET OF SIX SILVER+RED FLOCK BAUBLES,1.7,2,1,1
72754D,F FAIRY POTPOURRI CUSHIONS SUMMER,1.69,1,1,1
10109,BENDY COLOUR PENCILS,1.68,4,1,1
85231e,STRAWBERRY SCENTED SET/9 T-LIGHTS,1.66,1,1,1
85024A,CRYSTAL SMALL JEWELLED PHOTOFRAME,1.65,1,1,1
23664,FLOWER SHOP DESIGN MUG,1.65,1,1,1
21585,SWALLOW SMALL TUBE MATCHES,1.65,1,1,1
72796C,S/3 ROSE GARDEN SCENT SQU CANDLE,1.65,1,1,1
35980B,RED TOP SCANDINAVIAN HEART ,1.52,4,2,1
84845A,HOLLYHOCK SQUARE HANDY TIN,1.25,1,1,1
35950,FOLKART HEART CHRISTMAS DECORATIONS,1.25,1,1,1
35976B,WHITE SCANDINAVIAN HEART CHRISTMAS,1.25,1,1,1
20721,OWLS CHARLOTTE BAG,0.85,1,1,1
51014c,"FEATHER PEN,COAL BLACK",0.83,1,1,1
35930,PINK HEART CHRISTMAS DECORATION,0.38,1,1,1
84205C,HAPPY BIRTHDAY GINGER CAT CARD,0.38,2,1,1
PADS,PADS TO MATCH ALL CUSHIONS,0.0,17,17,2
