catalog_id,brand,title,description,price,currency,cluster_id
5303451,,Ubiquiti UniFi Video G3 Infrared Range Extender,The IR Range Extender is a 'Plug and Play' accessory designed to enhance and extend the night vision capabilities of the UVC-G3 camera.UVC-G3-LED Specification:-Enhances Night Vision RecordingsExtends IR Range up to 25m (82ft)Six High-Intensity Infrared LEDsPowered and Controlled by the UVC-G3...,70.80,GBP,711907
13950014,Manfrotto,Manfrotto Befree Advanced Alu Reisestativ Kit QPL schwarz,,145.24,EUR,943488
70265673,Crucial,Crucial DDR3L 1600MHz 4GB (1x4) Desktop Memory RAM CT51264BD160BJ | PCByte,,33.0,AUD,2395112
77791574,A-Data,ADATA SSD 1TB XPG SX6000 Lite PCIe Gen3x4 M.2 2280 QLC (R:1800/W:1200 MB/s),"XPG SX6000 Lite PCIe Gen3x4 M.2 2280 Solid State Drive Looking to replace your SATA SSD? If so, look no further than the SX6000 Lite PCIe Gen3x4 M.2 2280 SSD. Supporting NVMe 1.3, equipped with 3D NAND Flash, and coming with up to 1TB capacity, the SX6000 Lite is a great upgrade choice.FeaturesUltra",118,EUR,89058
66087579,DYMO,"DYMO 45017 D1 Tape 12mm x 7m sort p rd, S0720570",Originalt DYMO 45017 D1-tape SORT/RD Passer til: DYMO Labelpoint 120P / 150 / 200 / 210D / 250 / 300 / 350 DYMO Labelmanager 150 / 160 / 200 / 210D / 220P / 260P / 280 / 300 / 350 / 360D / 400 / 420P / 450 / 450D DYMO Labelmanager PC / PCII / PNP DYMO Labelmanager Mobile DYMO Labelwriter 400 Duo / 4,139.00,DKK,48435
16164619,,"CoolerMaster case miditower series N300, ATX,čierna, USB3.0, bez zdroja NSE-300-KKN1",,49.78,EUR,2074244
19072250,Jabra,Jabra BIZ 2300 USB MS Mono Wired Headset,,147,USD,359727
7309472,,11Shimano - (HG701) XT / ULTEGRA 116 Links,11XT / Ultegra.Sil-Tec..116 . : 263 .,155.00,ILS,483370
50979472,,UBIQUITI UNIFI UAP-AC-PRO-5 (5-Pack),,3110.04,PLN,68127
45664586,,Transcend SSD230S 128GB best price,"Transcend 128GB 2.5\"" SSD230S SATA3 3D NAND Flash TLC, read-write: up to 560MBs, 520MBs, Aluminum case Price: 22.08. Best price from OmniChannel. Convenient payment by bank transfer or delivery",2.208E1,eur,715391
625440,,"Canon 0884B001AA (PFI-101C) Ink Cartridge, Cyan, OEM",OEM Canon PFI-101C (0884B001AA) Cyan Ink CartridgeCompatible with:imagePROGRAF iPF5000imagePROGRAF iPF5100imagePROGRAF iPF6000SimagePROGRAF iPF6100imagePROGRAF iPF6200,133.99,USD,1059522
11565762,Western Digital,WD Blue 250GB - [WDS250G1B0A] SSD,"(Solid, -, 2.5\"", 250GB, Blue, Drive), SATA, SSD, State, WD, Western Digital, [WDS250G1B0A]",101.95,EUR,483248
87112730,,"Apple iPad Air 2019 10,5 inch / zilver / 256 GB",,,,397565
51278033,,"海盗船 110R Tempered Glass ATX, USB 3.1 Type-A, 5x 120mm or 3x 140mm Cooling, 5.25' x 1, 2.5' x 2. Combo 3.5'/2.5' Tray.Mid TowerGaming Case",,159.00,AUD,1196850
47959304,,Epson C13T865140 WF-51xx/56xx Cartridge XXL Mono,,549,PLN,193507
18996777,Hikvision,Hikvision DS-7208HQHI-K2/P 8 Channel TVI POC DVR & NVR Tribrid CCTV Recorder with Network and Mobile phone remote viewing,,,,28399
96299407,,Traveler's Notebook Accessories - Slip Case,"A popular addition for all Traveler's notebook. The transparent slip case has 3 pockets. One end has a zipper pocket and the other end has two open pockets.An additional notebook can be inserted in the back pocket.Great for storing tickets, a key or small keep sakes you discover along your journey.H",12.00,AUD,613888
60131715,Samsung,Samsung Solid State Drive 970 EVO Plus NVMe M.2 500GB - MZ-V7S500B/AM,"Featuring Samsung's latest V-NAND technology and a newly enhanced Phoenix controller, Samsung 970 EVO Plus Series NVMe M.2 SSDs deliver outstanding performance in Non-Volatile Memory Express (NVMe), with exceptionally fast sequential speeds outperforming",,,416703
47121877,,Slušalke Audio-Technica ATH-PRO7x,,208.95,EUR,249337
14979345,,Shimano PD-RS500 Road Pedal,"The Shimano PD-RS500 Road Pedal offer a lighter spring tension optimized for beginner riders, larger entry target for easier engagement and an extra-wide platform transfers pedaling power efficiently.PEDAL AXEL MATERIAL: Chromoly SteelPEDAL TYPE: SPD SLGENERATION: RS500",89.99,CAD,3789862
23678296,,Pre-Owned Audemars Piguet Royal Oak Chronograph - Full Diamond Watch,Brand: Audemars PiguetModel: Royal Oak ChronographComes with Original Box and PapersDetailsCase: Original Audemar Piguet Case with Custom Set with Genuine High Quality DiamondsCase Material: SteelDiamond on the LugsCase Diameter: 41mmBezel: Custom Diamond Baguette BezelDial: Original Audemars Piguet,1.01963E5,USD,607611
22150807,APC,APC Replacement Battery Cartridge #110,,595,NOK,1157842
43227294,,"GeForce® RTX 2080 SUPER™ OC, DUAL-RTX2080S-O8G-EVO, 1650 - 1860MHz, 8GB GDDR6, Graphics Card",The ASUS Dual GeForce® RTX 2080 SUPER™ EVO OC edition 8GB GDDR6 with two powerful Axial-tech fans for high refresh rate AAA gaming and VR,805.51,USD,3154731
13546282,,Evans EMAD 20in Clear Bass Drum Head,"An ideal balance of punch, power, and low-end...the EMAD is a 10mil 1-ply head that employs an externally mounted adjustable damping system with two interchangeable damping rings that allow the player to adjust attack and focus. On an empty drum and tuned high, the EMAD delivers a centered pitch tha",47.99,GBP,800940
14737778,,"RAM Double U-Bolt Base with 2.25\"" Ball","The RAM-D-235U by RAM Mounts consists of a stainless steel double u-bolt base connected to a 2.25\"" diameter ball. The double u-bolt base will accommdate rails from 0.75\"" to 1.25\"" in diameter.Material: Powder Coated Marine Grade AluminumBall Size: 2.25\"" Rubber Ball \""D\"" Size",$64.05,AUD,1571647
65942456,3M,Privacy Flt 23in Ws Framed Black Dt Disp,"3M privacy and protection products work simply and beautifully on most of today's devices to help protect your screens, and help keep the information displayed on them private. You get crisp image clarity on your display, while visual hackers with side views are kept in the dark. For collaboration a",461.14,GBP,654362
27761736,,Kingston DataTraveler microDuo 3C - USB-flashstation,,3.495E1,EUR,1085000
14035013,,LaCie 2TB Rugged Thunderbolt USB-C + USB 3.0,LaCie 2TB Rugged Thunderbolt USB-C + USB 3.0,156.15,GBP,114602
1633273,,"3M - Lightweight 300 Privacy Filter PF319WSkjermfilter mot innsyn, m/ramme 18.4\""-19\""W (26,9 x 42,3)","3M Lightweight 300 Privacy Filter PF319WSkjermfilter mot innsyn, m/ramme 18.4\""-19\""W (26,9 x 42,3) (98-0440-4548-6) - Typ: Övriga tillbehör",2041.00,SEK,3303908
88715660,,Brother HL-L5200DW stampante laser 1200 x 1200 DPI A4 Wi-Fi,"1200 x 1200 dpi, A4/A5/A6, 60 - 120 g/m2, USB 2.0, Ethernet, IEEE 802.11b/g/n, Cortex-A9 800 MHz, LCD, 52 dB(A), 10.7 Kg",262.36,EUR,4560116
90938642,,"Zebra 800015-101 Black Monochrome Ribbon - K - 1,000 prints","Zebra 800015-101 Resin Black (\""K\"") ribbons are monochrome (1-color) ribbons.Zebra 800015-101 black monochrome ribbons are primarily used for printing text and one-color line art on one or both sides of a card.Note: Black resin is needed to print readable barcodes.To maintain your Zebra card printe",13,USD,5836450
42351173,,Canon CLI-251XL Original Ink Cartridge - Black,Features The CLI-251 inks dry instantly so your photos are ready to be enjoyed as soon as they come out of the printer! Genuine Canon Ink tanks allow free access to exciting exclusive content via Creative Park Premium Smart LED lets you know when the inks are properly installed ChromaLife100+ system,21.50,USD,767463
75852884,,64GB Extreme Pro CFast 2.0 hukommelseskort,"A NEW LEVEL OF PERFORMANCE FOR CAMERAS AND CAMCORDERS Designed in parallel with leading-edge camera manufacturers, the SanDisk Extreme PRO CFast 2.0 memory card delivers the speed and capacity professionals need for Full HD recording specifications, including high-definition 4K video recording1. Nex",1519.00,DKK,1013997
4984777,,Dymo 53718 24mm x 7m Black on Yellow Tape,,19.43,GBP,103881
64197093,,"APC Smart-UPS RT RM battery pack, Extended-Run, 192V bus voltage, Rack 6U, compatible with Smart-UPS RT RM 15 -20kVA, Black (SURT192RMXLBP2)",,278450,RUB,1075774
46518287,,11Shimano - (HG901) XTR / DURA ACE 116 Links,11XTR -Dura Ace.Sil-Tec.116 ..,205.00,ILS,1037461
46952690,Kingston,HyperX Fury black HX432C16FB3/16,"16GB, DDR4, 3200MHz, CL16, XMP",89.00,EUR,133673
7212290,,Maxxis Minion DHR II 3C TR DD Tire - 29x2.30,"The Maxxis Minion DHR II was designed for the often loose and muddy conditions of aggressive all-mountain terrain.The secret is Maxxis' Supertacky compound with low-rebound but high traction, to help you keep the rubber side down. This rear-specific tread pattern incorporates ramped knobs for low ro",81.0,USD,1084991
269919,,PG-1170 11-Speed Cassette,"SRAM's 1170 11-Speed Cassette is constructed of light, durable materials and boasts SRAM's PowerGlide tooth profiles and shift ramps for quick, positive gear changes. This excellent cassette also...",100.00,USD,4823047
70351063,,"SSD CRUCIAL BX500 120GB, 3D NAND, SATA III, 2.5-inch","SSD CRUCIAL BX500 120GB, 3D NAND, SATA III, 2.5-inch",107.85,LEI,744155
33473348,,Crystal Series 570X RGB ATX Mid-Tower Case — White,SpecificationCase Dimensions480mm (L) x 234mm (W) x 512mm (H)Maximum GPU Length370mmMaximum PSU Length225mmMaximum CPU Cooler Height170mmCase Expansion Slots7Case Drive Bays(x2) 3.5in (x2) 2.5inCase Form FactorMid-TowerCase WindowedTempered GlassCase WarrantyTwo yearsiCUE enabledNoCase MaterialSteel,7.3E2,AED,79866
2197153,,Monaco 1969 Automatic Chronograph Men's Watch,,5000,GBP,556904
62894191,Oakley,Oakley Jawbreaker Black Prizm OO9290 20 131-0,Lunettes de soleil Oakley Jawbreaker Black Prizm OO9290 20 131-0,,,1203171
29457595,,APC APCRBC133 Sealed Lead Acid (VRLA),"APC APCRBC133, Sealed Lead Acid (VRLA), 1 pc(s), Black, 432 VAh, 5 year(s), REACH No SVHCs",0.0,EUR,167983
72004049,,Samsung Portable SSD T7 MU-PC2T0Hsolid state drive - 2 TB - USB 3.2 Gen 2,"External storage, evolvedTransfer in a flashSecure with a touch",330.35,GBP,1252792
75242176,,Kazeta Shimano 11 CS-R9100 11-25,,4499.00,CZK,75017
33520763,,"Audio-technica ATH-M50XWH Pro Closed-back Headphone, Full, White","As the most critically acclaimed model in the M-Series line, the ATH-M50 is praised by top audio engineers and pro audio reviewers year after year. Now, the ATH-M50x professional monitor headphones feature the same coveted sonic signature, with the added feature of detachable cables. From the large ",1.69E2,USD,1084160
72955297,,Sandisk SDCZ60-064G-B35 - Cruzer Glide 64GB,"The Cruzer Glide USB flash drive is a simple and secure option for sharing, transporting and backing up important files. This compact design flash drive with retractable USB port is ideal for anyone who needs a portable storage solution for media and personal files.",18.48,CHF,763994
43851871,,Case Corsair 460X con luci red,Case Dimensions440mm x 220mm x 464mmMaximum GPU Length370mmMaximum PSU Length200mmMaximum CPU Cooler Height170mmCase Expansion Slots7Case Drive Bays”(x2) 3.5in (x3) 2.5in”Case Form FactorMid-TowerCase WindowedTempered GlassCase WarrantyTwo yearsiCUE enabledNo,184.09,USD,1320095
36616040,Jabra,Jabra Evolve 20 SE Mono MS USB Corded PC Headset,Jabra Evolve 20 SE Mono MS USB Headset from Headset Store. Next Day Delivery. Part Code:4993-823-309,47.99,GBP,1695227
70007549,,SANDISK EXTREME PRO SDHC 32GB 300MB/s UHS-II,"The SanDisk Extreme Pro SDHC 32GB 300MB/s* UHC-II Memory Cards give you extreme speed to catch every frame. SanDisk Extreme PRO SDHC Memory Cards are designed for for super-fast continuous burst mode shooting, with maximum post-production workflow efficiency, and high-performance video recording.",20.00,GBP,580471
25369954,Maxxis,Maxxis Minion DHR29X2.40 WT MG TR,"Excellent braking and cornering tractionTubeless ready (TR) availableThe Minion DHR II is a complete redesign. Acceleration, cornering and braking have all been improved. The shoulder knobs were borrowed from the legendary Minion DHF and then beefed u",88.00,EUR,319607
15348795,Asus,ASUS ROG STRIX B550-E GAMING Socket AM4 ATX AMD B550,MB Asus ROG STRIX B550-E GAMING AM4 / 4x DDR4 / ATX,227.98,EUR,135735
85264097,Corsair,"CORSAIR Crystal 570X RGB Tempered Glass, Premium ATX Mid Tower Case, White, CC-9011110-WW","CORSAIR Crystal 570X RGB Tempered Glass, Premium ATX Mid Tower Case, White, CC-9011110-WW",179.99,USD,79866
1446199,,3M - PF19.0 PRIVACY FILTER BLACK F-FEEDS,3M PF19.0 PRIVACY FILTER BLACK F-FEEDS (98044054066) - Type: General Office,1185.00,NOK,125058
22463957,,DYMO D1 - Glossy tape - black on white - Roll (2.4 cm x 7 m) - 1 roll(s),"Labels can be removed without leaving adhesive residue, Adheres to almost all clean, flat surfaces including plastic, paper, metal, wood and...",15.48,GBP,395055
86407819,,TP-LINK 450Mbps Wireless N Access Point / Range Extender,"Back450Mbps Wireless N Access Point / Range Extender TL-WA901NDWhat This Product DoesThe TP-LINK Wireless N Access Point TL-WA901ND is designed to establish or expand a scalable high-speed wireless N network or to connect multiple Ethernet enabled devices such as game consoles, digital media adapter",34.99,,877442
76236901,,Audemars Piguet Royal Oak Offshore Havana Men's Watch,"New colour combinations to extend the line of 42mm steel chronographs. Here it is on the updated “Havana style model\"" with cigarbrown” mega tapisserie” dial and caribbean-blue counters and inner bezel.",24500.00,USD,34768783
25537521,HP,652589-B21 HP 900GB 10K RPM 6G SAS SFF Form Factor 2.5 Inches SFF Enterprise Hot Swap Sc Hard Disk Drive In Tray For Gen8 Servers. New Retail Factory Sealed With Full Manufacturer Warranty.,General Information :Manufacturer/Supplier : Hewlett PackardManufacturer Part Number : 652589-B21Manufacturer Website Address : Http://www.hp.comBrand Name : HPSub-Type : 900GB 10K RPM SAS 6GBPSType : Hard Drive (HDD)Technical Information :Storage Capacity : 900GBMaximum External Data Transfer Rate ,285,USD,603762
54362555,,"Crucial MX500 SSD 2.5\"" - 2TB","Solid State Drive, kryptert, 2 TB, intern, 2.5\"", SATA 6Gb/s, 256-bit AES, TCG Opal Encryption 2.0",2803.00,NOK,70841
51893803,HP,HP 900GB 6G SAS 10K rpm SFF (2.5-inch) Dual Port Enterprise (619291-B21),"HP 619291-B21 900 GB 2.5'' Internal Hard Drive - 6Gb/s SAS - 10000 rpmHigh reliability for Mission Critical applications. Robust SAS interface (dual port, full duplex).. Maintaining existing universal hot plug carriers to support HP ProLiant G7 and earlier servers and server storage.. Ideal for tran",219.87,USD,3775297
27263164,SHIMANO,SHIMANO PD-R550 SPD-SL PEDAL BLK,Shimano Tiagra Pedal,110.00,AUD,1385673
44737753,Audio-Technica,Audio-Technica ATH-M50x Professional Monitor Closed Over-Ear Headphones - Black,"Audio-Technica ATH-M50x Professional Monitor Closed Over-Ear Headphones - Black - Audio-Technica -This most critically acclaimed model in the M-Series line, the M50x features incredible clarity over the whole frequency range. Complete with 45mm drivers, and 3 detachable cables, it is the main choice",228.99,AUD,1889634
6214990,,"RAM 6\"" Double Socket Arm for 1\"" Ball Bases","The RAM-B-201U-C RAM 6\"" Double Socket Arm for 1\"" Ball Bases from the RAM Mount Arms range is professionally powder coated with marine grade aluminum. It is built with a socket at either end, allowing for ball bases approximately 1”. The ball and socket connection can easily be pivoted with a sprin",$17.40 (AUD),AUD,1366684
48868171,,ZEBRA 800033-801 BLACK RIBBON (1000 PRINTS),The Zebra 800015-101 black ribbon utilises thermal printer ribbon technology to guarantee outstanding print results. The monochrome resin is perfect for printing detailed text and accurate barcodes. It also comes complete with an adhesive cleaning roller to ensure all cards are of the highest printe,9.5,GBP,163499
47446012,,"Elixir 16052 Acoustic Strings Phosphor Bronze Nanoweb Coating, 6-String, Light","Elixir® Strings Acoustic Phosphor Bronze with NANOWEB® Coating deliver distinctive phosphor bronze warmth and sparkle together with extended tone life.#1 acoustic guitar string*Only coated string brand to protect the entire string with an ultra-thin coating, keeping gunk out of the gaps between the ",14.99,USD,580455
25758185,OMEGA,Omega Seamaster Planet Ocean Chrono for Men,Omega Seamaster Planet Ocean Chrono for Men - this product is manufactured by OMEGA in Switzerland (and maybe in other countries),,,5409130
23158552,,Asus Nvidia RTX 2060 SUPER Turbo EVO OC 8Gb GDDR6,ASUS Turbo GeForce® RTX 2060 SUPER™ EVO 8GB GDDR6 with a blower-style design for AAA gaming performance and ray tracing,439,EUR,320546
25175603,XEROX,Xerox 106R01162 25k Yellow Toner,FeaturesPage yield25000 pagesBrand compatibilityXeroxCompatible productsPhaser 7760Colour of productBlackQuantity1Printing coloursYellowTypeTonerPackaging dataPackaging width95 mmPackaging height89 mmPackage weight680 gPackaging length368 mmPackaging typeBox,216.44,GBP,219682
8401004,TP-Link,TP-LINK T1700G-28TQ Managed L2+ Gigabit Ethernet (10/100/1000) Zwart,"24x RJ-45, 10/100/1000Mbps, 4x 10G SFP+ Slots, 128Gbps Capacity, 2.8kg",237.70,EUR,3403774
9646081,Manfrotto,Manfrotto MVH 500 AH Video hoved,Manfrotto Videohoved MVH500AH Flatbase,1095,DKK,72631
4402971,BenQ,"BenQ GW2480 - LED-monitor - 23.8\"" - 1920 x 1080 Full HD - IPS","BenQ GW2480 - LED-monitor - 23.8\"" - 1920 x 1080 Full HD - IPS - 250 cd/m2 - 1000:1 - 5 ms - HDMI, VGA, DisplayPort - luidsprekers - zwart","€134,00",EUR,1044678
23699673,,SanDisk 256GB SDXC Ultra Class10 100MB/s UHS-I,,229,PLN,1054843
68444336,,0000011980| Fujifilm 23mm F1.4 Lens For X Series,0000011980| Fujifilm 23mm F1.4 Lens For X Series,"1,198.00",AUD,2283152
30120490,,Pendrive Sandisk PEN Drive SDCZ60-032G-B35,Cruzer Glide 32GB,5.95,EUR,1805681
96411432,Cooler Master,Coolermaster N300 Mid Tower Case with 2x 120mm SickleFlow Quiet Fans,Cooler Master N300 Black Mid Tower Case with 2x 120mm SickleFlow Quiet Fans,41.99,GBP,2074244
69151064,,TP-Link TL-WN781ND PCI Express Wireless Adapter,TP-Link TL-WN781ND PCI Express Wireless AdapterTP-Link TL-WN781ND PCI Express Wireless Adapter Wireless-N provides fast wireless speeds of up to 150 Mbps PCI express connector is widely compatible QSS function to ensure wireless network security 150Mbps Wireless N PCI Express Adapter - TL-WN781ND,2200.00,KES,466493
5680655,Omega,"Omega Seamaster Planet Ocean 600 M Co-Axial Master Chronometer GMT 45,5mm ETNZ Deep Black",,7422.413793,EUR,1659308
2244475,D-link,Switch DGS-1210-24P 24 porturi,"D-Link, Smart Switch 24 porturi 10/100/1000 Gigabit PoE, 4 SFP, Smart, Switching capacity 56Gbps, budget 85W","1,409.99 Lei;",,964764
26060342,,SPD SL Cleats - Pair - Fixed Cleat / Black & Red,Repacement cleats for all Shimano SPD-SL pedals.Supplied with fixing bolts.SM-SH10 - Red & Black - Fixed Cleat.SM-SH11 - Yellow & Black - Self Aligning.SM-SH12 - Blue & Black - Front Pivot Centre.,15.99,GBP,431550
94788371,,Instax Mini Rainbow Film 10 Pack,Brighten the place up with this pack of rainbow coloured film! Top tip: one of these would look fab in our Instax Mini Acrylic Photo Block!Includes pack of 10 shots,14.99,GBP,1374090
81530115,,WD SSD 2TB BLUE M2 2280 WDS200T2B0B,"SSD WD, Blue, 2TB, M2 2280, SATA3, 6 GB/s, R/W speed: up to 560MBs/530MBs",1104.7008,RON,761924
59929353,,JABRA EVOLVE 65 UC MONO c/w LINK 360,7% GST excluded.,255.68,SGD,1409979
11113121,,RAM® Double Socket Arm C Size,"C Size 1.5"" Rubber BallCapacity: up to 1.8 kgPowder Coated Marine Grade Aluminum",43,EUR,1764013
6988926,ASUS,"ASUS Placa video DUAL RTX2060 OC EVO, 6GB GDDR6 192bit","Placa video Asus DUAL RTX2060 OC EVO 6GB GDDR6, DUAL-RTX2060-O6G-EVO, NVIDIA GeForce RTX 2060, Interface PCI Express 3.0, GDDR6 6GB, Memory Clock 14000 MHz, Memory Interface 192-bit, OC Mode - GPU Boost Clock : 1785 MHz , GPU Base Clock : 1395 MHz, Gaming Mode (Default) - GPU Boost Clock : 1755 MHz ",1843.81,RON,697270
52158659,,Apple - AirPods with Charging Case (Latest Model) - White,,119.18,USD,1223297
17390600,,Epson WP4000/4500 SERIES INK CART L BLACK,Epson WP4000/4500 SERIES INK CART L BLACK,29.08,GBP,2922868
61038822,,Traveler's Notebook Passport size - Starter kit BLUE,"Traveler's Notebook, passport size, BLUE. The Midori (now Traveler's Company), Traveler's Notebook,is one of the products that led to us developing NOMADO Store, we love it's practicality, focus on travel, great design and materials. In typically Japanese style, this is an extremely sophisticated an",37.11,EUR,4695729
78504460,,LOGITECH UC Corded Mono USB Headset H570e (Leatherette Pad) - Business EMEA,LOGITECH UC Corded Mono USB Headset H570e (Leatherette Pad) - Business EMEA,0.001,,1252906
2089105,New Era,New Era MLB Clean New York Yankees Trucker CapGrey,,29,EUR,78575500
18451047,,SANDISK 32GB CZ73 ULTRA FLAIR USB3.0 FLASH DRIVE-WRTY 5YRS W/DISTRIBUTOR,Warranty : 5 Years with Local Distributor - Convergent,8.50,SGD,292826
46101444,,Ram Mount 2.75 Suction Cup Base with 1 Ball,"Ram Mount 2.75 Suction Cup Base with 1 Ball2.75"" diameter suction cup base with 1"" ball. Perfect for lightweight mobile electronics such as mobile phones, sat navs and GPS systems. Compatible with any of the RAM 1"" mounts and double socket arms.Details:High Strength CompositeBlack1"" Rubber Ball ""B"" ",1.899E1,GBP,5568458
71942027,Epson,Epson C13T603700 Ink Cartridge - Light Black,Inkjet,104.03,GBP,786291
42544495,EPSON,Cartouche EPSON WF-8XXX SERIESINKCARTR.XLBLACK,Cartouche EPSON WF-8XXX SERIESINKCARTR.XLBLACK- PIGMENT INK DURABRITEPRO SIZEXL,84.99,EUR,3543965
43498383,Shimano,Shimano Deore BRM515 Cable Actuated Disc Brake Pads,The Shimano Deore BRM515 Cable Actuated Disc Brake Pads are replacement pads for use with Deore M515 and Nexave C601 mechanical disc brake systems. Pair of pads with replacement spring. Exactly the same specification as originally supplied ensuring consistent performance.For our full range of Essent,£11.99,GBP,3844417
8680758,,Samsung MZ-V7S250 M.2 250 GB PCI Express 3.0 V-NAND MLC NVMe,"250GB, M.2, PCIe Gen 3.0 x 4, NVMe 1.3",107.78,EUR,993500
31785582,,"TP-LINK EAP225-Outdoor Omada AC1200 Wireless Access Point u2013 Waterproof, Dustproof, Lightening Protection, Seamless Roaming, Gigabit, PoE Powered, Free PoE Injector, Free Managing Software","EAP225-Outdoor supports simultaneous dual band speed of up to 1200Mbps. Outfitted with the latest 802.11ac Wave 2 MU-MIMO technology, EAP225-Outdoor can communicate with multiple clients at the same time which making it ideal for high density environment. Water proof enclosure. Durable, weatherproof",69,USD,6665678
16691545,,UVC-G3-Micro Ubiquiti Latest G3 Video Camera In Micro Version,"For Unboxing, Click: UVC-G3-Micro For Specifications, Click: Datasheet Product Description:The UniFi Video Camera G3 Micro features a wide angle lens and 1080p video resolution. Multiple mounting options allow the camera to be installed almost anywhere indoors for permanent or temporary surveillance",300,SGD,591042
21117347,,VENGEANCE® RGB PRO 16GB (2 x 8GB) DDR4 White,Specification3000MHz3200MHz3600MHzFan IncludedNoMemory SeriesVENGEANCE RGB PROMemory TypeDDR4Memory Size16GB Kit (2 x 8GB)Tested Latency15-17-17-3516-18-18-3618-19-19-39Tested Voltage1.35VTested Speed3000MHz3200MHz3600MHzMemory ColorWHITELED LightingRGBSingle Zone / Multi-Zone LightingIndividually A,4.0E2,AED,1857840
95351023,,CPU Cooler Master Hyper H411R led bianco RR-H411-20PW-R1,Dissipatore CPU Cooler Master CPU Cooler Master Hyper H411R led bianco RR-H411-20PW-R1,29.9,EUR,541517
41174280,Brother,Brother MFC-L2710DW Mono Laser Multifunction,Buy Genuine Brother MFC-L2710DW Mono Laser Multifunction at Crazy Low Price,171.72,GBP,764656
18787691,,Corsair Carbide 175R Mid Tower Gaming Case - Black USB 3.0,Order from CCL - The CORSAIR Carbide Series 175R RGB TG Mid-Tower ATX case with 1x RGB cooling fan and clean line design,5.817E1,GBP,643961
36941646,,POKÉMON TCG Sword and Shield- Darkness Ablaze Booster Pack,"The velvet night glows, burns, and blazes astoundingly bright as the Legendary Pokémon Eternatus arrives as a Pokémon V alongside Centiskorch V, Crobat V, Salamence V, and many others. You’ll also find towering Pokémon VMAX in their Gigantamax forms: Charizard VMAX, Grimmsnarl VMAX, Butterfree VMAX,",6,AUD,69543397
41834837,,32 Oz Wide Mouth With Flex Cap W32BTS650,32 Oz Wide Mouth With Flex Cap W32BTS650Product DescriptionBrand : Hydro FlaskStyle# : W32BTS650Product Type : Water BottleColor : HibiscusVolume : 32 oz,44.95,USD,929657
8921864,,ASUS ROG STRIX B550-F GAMING,,959,PLN,516888
43618856,,Tissot Seastar 1000 T120.407.11.041.01,"Beautiful men's watch in stainless steel with sapphire crystal. The watch is with stainless steel bracelet, highlighted by the beautiful blue dial. The watch is also water resistant to 30 bar and equipped with a automatic movement.","737,00",EUR,3457955
96980573,,WD My Passport WDBPKJ0040BBK - hard drive - 4 TB - USB 3.2 Gen 1,"Every journey needs a passport.The My Passport drive is trusted, portable storage that gives you the confidence and freedom to drive forward inlife. With a new, stylish design that fits in the palm of your hand, there's space to store, organize, and share yourphotos, videos, music, and documents. Pe",119.69,USD,1939560
78116281,,"Maxxis Aggressor 29\"" 60TPI Folding Tyre - Dual Compound EXO/TR","Maxxis Aggressor 29\"" 60TPI Folding Tyre - Dual Compound EXO/TR The Aggressor is designed for high-speed modern mountain bike trails. Advanced knob shaping creates extra gripping edges, and reinforced side knobs offer enhanced stability when cornering at speed. An all-around trail tyre excelling on ",27.99,GBP,2224600
3954683,,27.5x2.40 3C/EXO/TR/MAXX TERRA,"The second generation of the legendary High Roller Open tread design Easily clears debris Single-ply, DoubleDown, and DH casings available 3C MaxxTerra, 3C MaxxGrip, and Super Tacky available on select models Wide trail (WT) casing specs are optimized for 30-35mm inner width rims An open and aggress",109.99,NZD,1631327
57306118,Canon,Toner Canon CRT-707C 2K cyan,Canon 707 Toner. Single Pack. Cyaan,64.77,EUR,1813263
30151389,Fujifilm,Fujifilm 56mm XF F1.2 APD Lens,FUJINON prime lens for Fujifilm X Mount with Apodisation filter to produce even smoother bokeh56mm focal length135 equivalent: 84mmF1.2 aperture,790.83,GBP,32010
50368196,zebra,Zebra C Series Black Ribbon 800015-301,,,,183681
70805675,Maxxis,Maxxis High Roller II 27.5x2.3 DC/EXO/TR Tire,"An open and aggressive tread design gives the High Roller II excellent soil penetration and mud-clearing ability. A square profile provides a solid, consistent feel across the knobs. Modified knobs on the shoulder and center improve braking performance and traction on hard surfaces. An excellent cho",$52.00,USD,627344
86065131,,Canon EF-S 55-250mm f/4-5.6 IS STM SLR Telephoto lens Black,Shop wide range of camera lenses online for camera accessories. Get products with high quality and material at buy4lesstoday. Order online today!,2.9938E2,GBP,1109911
36735751,,"Jabra BIZ 2300 USB Mono, Type: 82 E-STD","Jabra BIZ™ 2300 USB Mono, Type: 82 E-STD, Microphone boom: FreeSpin (headband), USB connector, with mute-button and volume control on the cord, Microsoft optimized",,,359727
54697856,FUJI,FUJI FUJI INSTAX SQUARE FILM 10 PACK,,16.99,USD,1457721
220243,,Road Disc Organic Brake Pads,SRAM road disc brake pads are designed for use with SRAM road hydraulic disc brakes (HRD).- For use with Level Ultimate & Level TLM Brakes- Pad Material: Organic- Type: Road/CX- Includes...,25.00,USD,350645
11034434,,APC APCrbc124 Replacement Battery Cartridge #124,APC APCRBC124 Replacement Battery Cartridge #124• For UPS at home &; small businesses supporting computers &; network systems • Guaranteed compatibility with APC UPS devices • Reliable for power spikes &; outages • Easy hot-swap installation without downtime • Spill-free &; uses recycled lead • UL(R,97.94,USD,123631
12742418,,Daddario - XT Acoustic Guitar Strings Set 13-56 Phosphor Bronze Medium XTAPB1356,D'Addario XT Phosphor Bronze Acoustic Guitar Strings XTAPB1356 Medium 13-56 Never Fade Away - D'Addario XT Strings last 4 times longer than traditional uncoated strings without sacrificing the tone or feel that players know and love.Extended Life - Natural FeelStand the test of time with strings tha,3.499E1,AUD,1456309
54164067,,Epson 13x18 Premium Glossy Photo Paper,"Glanset fotopapir, 255g/m2, 30 ark",140.00,NOK,157548
29597140,,DJI Mavic Part 6 Car Charger charge the Intelligent Flight Battery through a cars cigarette lighter port,DJI Mavic Part 6 Car Charger charge the Intelligent Flight Battery through a cars cigarette lighter port,59,NZD,1430778
23346990,Jabra,Jabra Evolve 20 UC Mono Corded USB Headset,Buy the Jabra Evolve 20 UC Mono Headset from Headset Store. Next Day Delivery. MPN: 4993-829-209,41.99,GBP,1588415
30523276,,"Seagate FireCuda 2TB SATA III 3.5\"" Hybrid Drive - 7200RPM, 64MB",Enormous 2TB Hybrid Drive Capacity. No Performance Lag with this Decent 7200RPM Disk Speed and Amazing 64MB Cache,9.306E1,GBP,665327
21367693,,Asus GTX1660S 6GB PH GDDR6,"GDDR6, HDMI,DVI,DP, 2S",,,137125
78241304,Corsair,Corsair Carbide 275R White Glass Midi PC Gaming Case,"AYX (And Below), 7 Expansion Slots, GPU up to 370mm, CPU up to 170mm, Watercooling Support, Tempered Glass Side Panel, USB 3.0 x 2",84.38,GBP,717069
15071592,,AUDEMARS PIGUET ROYAL OAK OFFSHORE CHRONOGRAPH 42MM MEN'S WATCH- Luxury Souq,"42mm 18kt rose gold case, 14.21mm thickness, gold dial, fixed bezel, scratch resistant sapphire crystal, transparent case back, tang buckle clasp, automatic movement, water resistant to 100m/330ft.",,,14143134
24366661,Daniel Wellington,Daniel WellingtonDW00100036 Classic Sheffield watch,Rose gold watch with black leather strap,94.40,GBP,48610
17236806,Maxxis,Reifen Maxxis 29x2.50 Highroller II DoubleDown,,59.30,CHF,1702430
72310020,,"Apple Airpods 2019, MRXJ2ZM/A","Buy online Apple Airpods 2019, MRXJ2ZM/A **New Retail** W. Wireless Charging in stock and delivered quickly at good price",,,1126552
9632109,Cooler Master,Cooler Master MasterBox TD500 Mid Tower Windowed PC Case,"Cooler Master MasterBox TD500 Mesh, Black, Mid Tower /w Tempered Glass Window, 120mm Fans, USB 3.2, mITX/mATX/ATX/E-ATX",79.99,GBP,1497038
27210717,,"Catalyst 2960L 16 port GigE, 2 x 1G SFP, LAN Lite","Catalyst 2960L 16 port GigE, 2 x 1G SFP, LAN Lite",,,2751694
22638951,,HyperX Fury Blue 4GB [1x4GB 1600MHz DDR3 CL10 DIMM],,1.099E2,PLN,836466
25939565,,海盗船iCUE 465X RGB ATX WHITE (LL120 RGB Fan) Mid-Tower Smart Case V2,,399.00,AUD,75807
28830600,,Swiss Military Hanowa Undercover Multifunction Horloge,,,,4246715
32441739,,Western Digital WD Blue SN550 1TB NVMe SSD,,189.00,AUD,156996
21293905,,Tissot Seastar 1000 T120.407.17.041.00,,695.00,EUR,973707
80932957,,Seagate IronWolf Pro ST16000NE000hard drive - 16 TB - SATA 6Gb/s,Optimized for NAS with AgileArrayHigh performance means no lag timeRotational Vibration (RV) sensorsDesigned for always accessible 24×7 performance,430.93,GBP,40783
39290581,,Hikvision 8-Channel 720p HD-TVL Turbo DVR - DS-7208HQHI-K1,DescriptionSupport H.265 Pro+/H.265 Pro/H.265 Video CompressionSupport HDTVI/AHD/CVI/CVBS/IP Video InputAudio Via Coaxial CableMaximum 6/12/24 IP Cameras Input (up to 6 MP)Maximum 800m for 1080p And 1200m For 720p HDTVI Signal TransmissionUp To 10TB Capacity Per HDDWarranty3 YearsFULL SPEC SHEET - C,2.125E3,ZAR,1423051
78660792,,Samsung CLT-K406S Black Toner Cartridge (Compatible),"Our Samsung CLTK406S Black Toner compatible cartridges have been manufactured to the highest standards. Compared to buying Original Branded ink, our Samsung laserjet compatible cartridges are the best deal on the Irish market today! Buy it now to ensure the best value for money available online! Col",34.42,EUR,3240283
47838777,Epson,Magenta Ink for Epson Discproducer PP100,,39.89,GBP,2284784
28556391,,RAM® Torque™ Large Rail Base,"Ball size: C Size 1.5"" Rubber BallAccommodates rails 1 1/8"" to 1 1/2"" in diameterPowder Coated Marine Grade Aluminum",27,EUR,279895
41579966,,Daniel Wellington Sheffield Classic DW00100020,,189.00,EUR,5135259
60604702,,Seagate IronWolf Pro ST6000NE000 Interne Festplatte 3.5 Zoll 6000 GB Serial ATA III,"Seagate IronWolf Pro ST6000NE000, 3.5 Zoll, 6000 GB, 7200 RPM",241.32,EUR,84984
79883238,Epson,Epson Papper Photo Prem Glossy A2 25 Ark 225g,,695,SEK,1554234
68865061,,"Razer DeathAdder V2 - Wired USB Gaming Mouse with Optical Mouse Switches, Focus+ 20K Optical Sensor, 8 Programmable Buttons and Best-in-class Ergonomics (New)",,98.33,GBP,686177
28149953,,"Asus mb prime B450-PLUS B450 AM4 4DDR4 DVI+HDMI 3*PCIE, 6*SATA,M.2 rgb atx",Schede Madri - ASUS - 90MB0YN0-M0EAY0 - MB PRIME B450-PLUS,104.1,EUR,529706
95558103,,Lacie 2TB USB-C Mobile Drive prenosni disk,,,,137764
35350872,,SEAGATE EXTERNAL HDD MOBILE DRIVE 5TB USB 3.1 USB TYPE C 2 YEAR CARRY IN WARRANTY,,,,500837
9867732,,Disco Seagate Ironwolf Pro 6Tb 256Mb (St6000ne000),"Seagate IronWolf Pro ST6000NE000, 3.5\"", 6000 GB, 7200 RPM",202.21,EUR,84984
55645617,,Atomos Pro Video Coiled HDMI Cable - Full HDMI to Full HDMI,"DescriptionPRODUCT SPECIFICATIONSAtomos Pro Video Coiled Full HDMI to Full HDMI CableAvailable in 30cm to 45cm (11.81\"" to 17.71\"") and 50cm to 65cm (19.68\"" to 25.59\"") ATOMOS Pro Video Coiled HDMI Cables provide you with a clean and discreet connection without compromising extension when you need ",29,USD,1208546
98866039,,Pen Drive 3.0 64Gb Se9G2 Kingston Silver,,18.26,,435008
67725254,,HK DVR TURBOHD 32ch DS-7332HQHI-K4,"DVR Hikvision Turbo HD 32 canale DS-7332HQHI-K4; 4MP; 32 canale video; suporta pana la 40 camere IP-max 6MP; HDTVI/HDCVI/AHD/CVBS; interfata audio: 4in/1out, alarma: 16in/4out; Compresie Video: H.265+/H.265/H.264 +/H.264; Iesiri video: HDMI 2 la rezolutie 4K (3840 -2160), HDMI1 si VGA la rezolutie 1",2552.57,RON,3034024
17212553,Corsair,Corsair ML Series ML120 PRO LED Premium Magnetic Levitation,,265,SEK,971833
28125665,,Garmin fenix 5X Sapphire Slate Gray / Black Band,,2239,PLN,139209
80380534,,RAM Suction Cup Double Base without ball,FEATURES RAM Twist-Lock dual suction cup base is ideal for vehicle windshields and other nonporous surfaces Includes plate adapter featuring the universal AMPS hole pattern compatible with a variety of RAM bases Made of high-strength composite and powder-coated steel for durability and reliability i,7900,ISK,4656590
55602477,DJI,DJI DJI |Tello Part 9 Battery Charging Hub CP.PT.00000271.0,,24.99,CAD,1555405
84320304,Dymo,Dymo 9mm Black On White D1 Tape (40913),Dymo S0720680 from The Dymo Shop. 40913 Black On White - White- 9mm .,11.03,GBP,4559
62392977,Ubiquiti,Punct de acces Pachet 5 Bucati UAP-AC UniFi Alb,,"4,314.99 Lei;",,4275566
15469512,Canon,Canon EF-S 18-135mm IS USM Zoom Lens,Canon EF-S 18-135mm IS USM Zoom Lens,849,AUD,390091
66010486,TISSOT,TISSOT -Seastar 1000 Powermatic 80- T120.407.11.051.00,"Swiss-made automatic movementWidth 43mmScratch-resistant sapphire crystalGender: MaleOrigin Swiss MadeCollection T-SportCase shape roundWaterproof up to a pressure of 30 bar (300 meters / 1000 feet)Housing material 316L stainless steelLength 43mmLug 21mmThickness 12,7mmDisplay back, ceramic bezelWei",672.61,EUR,330408
33130244,,Crucial CT51264BF160BJ 4GB DDR3 PC3-12800 Unbuffered NON-ECC,"Crucial 4GB DDR3 PC3-12800 Unbuffered NON-ECC 1.35V204-pin SODIMMDDR3 204-pin SODIMM: Approximately 2.66 in. by 1.18 in. (66 mm by 30 mm)In short, 204-pin small outline dual inline memory modules (SODIMMs) are the form factor used to provide DDR3 memory modules for notebook computers and other small",943.00,MUR,893407
36506109,,"Extreme PRO, 32 GB memory card SDHC Class 10 UHS-II",Product colour: BlackInternal memory type: UHS-IICapacity: 32 GBFlash card type: SDHCFlash memory class: Class 10Weight: 1.7 gWidth: 35.8 mmDepth: 42.7 mmHeight: 3.56 mmPackage type: BlisterPackage weight: 22.68 gPackage width: 152.4 mmPackage depth: 101.6 mmQuantity per pack: 1 pc(s)Package height:,659.95,DKK,580471
44201512,,ADATA XPG 256G SX8200 Pro M.2 NVME SSD | Discount Computer Needs,"View and shop for ADATA XPG 256G SX8200 Pro M.2 NVME SSD, Solid State Drives, and many more products at Discount Computer Needs.",92.95,AUD,1856741
35307953,,Epson Premium Glossy Photo Paper- 15 sheet(s),"Media Sizes: A4 (210 x 297 mm), Included Qty: 15 sheet(s), Media Weight: 255 g/m2",18.48,GBP,1601212
10387804,,SEIKO SPB103J1 Prospex Automatic Steel Green Dial Men's Watch,"DescriptionSeiko,If you love to wear watches, then this Round shape Watch with caliber number 6R35 from Seiko is meant for you. This adventurous spirit led to the creation of a long-running series of watches whose “professional specifications” (“Prospex” ) endeared them to those who sought the vener",2.175E3,AED,4060886
91421108,Tissot,Relógio Tissot T-Sport T1204171704100 Seastar,Swiss Made Quartz Diving Watch,495.00,EUR,1167881
68374441,,"Instax SQUARE Film 20 shot pack, white border",Image Size - 62 mm x 62 mmFilm Size - 86 mm x 72 mmSuitable for all SQUARE cameras and SHARE printersCompatible with all instax SQUARE cameras and printersinstax SQUARE - 20 shotsColour instant film in a square-format.Square-format film compatible with the instax square printers and cameras has arri,17.0,GBP,300521
67647713,,"APC SMART UPS (SMT), 1000VA, 230V, LCD, RM 2U WITH SMART CONNECT - 3YR WTY","Intelligent and efficient network power protection from entry level to scaleable runtime. Ideal UPS for servers, point-of-sale, routers, switches, hubs and other ...",999.35,AUD,91557
48329606,Hikvision,"DVR 8 canale HIKVISION Turbo HD DS-7208HQHI-K1 TurboHD 3.0 H.265+, 1xSATA","DVR DS-7208HQHI-K1 8 canale Hikvision TurboHD 3.0 FullHD (1080p), inregistreaza camere video de supraveghere HIKVISION TurboHD la rezolutie Full HD 20fps, compresie H264+. Se pot utiliza simultan camere analogice clasice, HIKVISION TurboHD, AHD si 2 camere IP HD HIKVISION.",389.000052,RON,1423051
88555676,,Epson atrament WF5000 series black XXL - 65.1ml C13T789140,,59.71,EUR,2484292
84407354,,0000000475| Canon PGI29GY Grey Ink Tank,0000000475| Canon PGI29GY Grey Ink Tank,47.50,AUD,1106750
43900336,,"Kingston HyperX FURY schwarz DIMM Kit 8GB, DDR3-1600, CL10",CL10,41.44,EUR,702149
7916004,,Kingston Canvas 32GB Micro SDHC C10 U1,,17.95,USD,595102
12706433,,Super Ubiquinol CoQ10 with Enhanced Mitochondrial Support 100 mg (60 Softgels),"Super Ubiquinol CoQ10 with Enhanced Mitochondrial Supportis formulated withubiquinol, a highly bioavailable form of coenzyme Q10 nutrient, and augmented with the adaptogen PrivaVie shilajit, clinically shown to further increase CoQ10 absorption, promote cardiovascular health, and help restore youthf",4.96E1,USD,187912
54524144,,WIRELESS AC600 DUAL BAND TP-LINK ARCHER T2U NANO USB2.0 150MBPS A 2.4GHZ + 433MBPS A 5GHZ 802.11AC/A/B/G/N,,15.61,EUR,373003
22821574,,"Crucial SSD MX500 2.5\"" 500GB M.2 (2280) 3D Nand","Crucial MX500 CT500MX500SSD4 500 GB (3D NAND, SATA, M.2 Type 2280SS, Internal SSD)",54.28,EUR,1282167
91216899,,008 Traveler's Notebook Regular- Refill - Zipper Case,"Take your TRAVELER'S Notebook beyond the normal use of a notebook. The ZipperCase transforms your TRAVELER'S Notebook into a convenient storage for pens, pencils, tickets receipts, keys, coins, and so much more. A thin pocket is included on the other side of your zipper case, great for photos and po",10.0,USD,613888
7218865,Garmin,Garmin Fēnix® 5X Plus Sapphire black with Black Band 010-01989-01 smartwatch,"For athletes and outdoor adventurers who want the ultimate in a multisport on-wrist trainer, the ultra-rugged fēnix 5X Plus is here. It's our first fēnix series watch to offer a wrist-based Pulse Ox Acclimation sensor for blood oxygen saturation awareness at high altitudes. Other highlights include ",708.25,EUR,1138411
29653526,,"Evans 22"" EMAD2 Batter Clear","Featuring an outer 7mil ply, plus an inner ply of 10mil, the Evans EMAD 2 series provides you with enhanced attack, focus, and durability thanks to the unparalleled industry standard EMAD (Externally Mounted Adjustable Damping) system.As used by:Jay WeinbergBrian Frasier-MooreAnika NillesSpecsSoundD",114.99,AUD,1669570
10042792,,SRM CASSETTE NEW RED XG1090 P.DOME 11/23,,281.5307,EUR,1468560
1766796,,Gorra New Era NY Yankees 39Thirty Cap,,2.59E1,EUR,60449185
98589662,SIGMA,Sigma 35mm f/1.4 DG HSM Art Lens for Nikon DSLR Cameras,Aperture Range: f/1.4-16Hyper Sonic Motor (HSM)Floating Internal Focus SystemMinimum Focusing Distance: 11.8″Anti-Flare Super Multi-Layer CoatingSpecial & “F” Low Dispersion ElementsFront Filter Thread Diameter: 67mm9x Circular Aperture BladesCompatible with Sigma USB DockSigma 35mm f/1.4 overviewTh,0.0,USD,900968
48637656,Western Digital,"Western Digital Blue 3.5\"" 2000 Go Série ATA III","Western Digital Blue, 3.5\"", 2000 Go, 5400 tr/min",78.76,EUR,2002887
64117222,,Brother - TN-135Y toner yellow (4 000 str.),CZ distribuce / 4977766648165 / TN135Y /,3842.00,CZK,3052278
9940059,Samsung,Samsung 860 PRO 1TB 2.5” SATA SSD/Solid State Drive,"1TB Samsung 860 PRO, 2.5” SSD, SATA III 6Gb/s, MJX, MLC V-NAND, 1GB Cache, Read 560MB/s, Write 530MB/s, 100k/90k",243.98,GBP,158919
35860022,TP-LINK,TP-Link Archer-T9UH AC1900 USB 3.0 Adaptr,ArabirimUSBVeri Hz1300 MbpsVeri Hz600 Mbpsalma Frekans2.4 GHzalma Frekans5 GHzGaranti Sresi24 Ay,518.57,TRY,1155981
48093720,OKI,OKI Toner Cyan 10k - C831,,2995,SEK,796023
88973968,Evans,Evans EC2 Clear 8 Inch Drum Head Skin Level 360,,29.25,AUD,2453362
94367933,,Steering Stem Mount Base - RAM 342,The RAM fork stem mount is one of the cleanest ways to mount small electronics on your motorcycle. Simply slide the assembly into the hole of the stem and tighten the machine screw to create a tight fit. This part is designed to fit into the cylindrical bore wall of fork stems and will work with ste,15.95,USD,2039173
80212720,Brother,Brother HL-L8360CDW Business Color Laser Printer with Duplex Printing and Wireless Networking -HL-L8360CDW,"The Brother HL-L8360CDW color laser printer is a great choice for workgroups with higher print volumes that need low cost printing and reliable, business quality output. This high-performance printer helps to increase your productivity with print speeds up to 33ppm and a 2.7\"" Touchscreen display fo",479.98,USD,323596
40500483,,Brother HL-L6200DW Monochrome Laser Printer With WiFi Network & Auto Duplex,"Brother HL-L6200DW Monochrome Laser Printer Business laser printer with automatic 2-sided printing, Wi-Fi and wired networking Up to 50/52 ppm (quiet mode: Up to 25/26 ppm) High quality resolution up to 1,200 x 1,200 dpi Built-in Gigabit Ethernet and wireless for fast and easy networking Enjoy lower",33399,INR,5712817
81830866,,D'Addario - EJ16 Phosphor Bronze Acoustic 12-53,"EJ16 is D'Addario's most popular set of light gauge strings for acoustic guitar. Since D'Addario introduced Phosphor Bronze guitar strings in 1974, they have been synonymous with warm and well-balanced acoustic tone.",4.89E0,USD,1297798
54637257,,"SIGMA35mm/1.4 DG HSM | ART [Canon EF-mount]E67> € 80,- cashback (geldig t/m 30 september 2020)",,,,704991
46088087,,"HP 652611-B21 653960-001 652625-002 300GB 15K RPM 2.5\"" SAS HDD Hard Drive HPE","Specifications: Brand- HP HP Part Number(s)- 652611-B21 Compatible Part Number(s)- 653960-001 Assembly Part Number(s)- 652625-002 Model Part Number(s)- EH0300FCBVC Capacity- 300GB Form Factor- 2.5\"" SFF Interface Type- SAS Data Transfer Rate- 6Gbps Spindle Speed- 15,000 RPM Condition- This item is c",129.00,USD,199460
21918296,,Samsung C27F390 27in Full HD LED Monitor,The Samsung 27” curved monitor with 1. 8 m radius of arc wraps your field of vision like your local iMax theatre screen.,19632.440,PHP,709380
22618779,,Epson Premium Semigloss A4 20 Sheets,Buy the Epson Premium Semigloss A4 20 Sheets from Conns Cameras in Dublin. Irelands Top Photo and Video Specialist with unrivalled backup service and support,20.66,EUR,1550300
457768,,"Seagate IronWolf 6TB 3.5"" NAS HDD",,0,SEK,498972
14935301,,GARMIN fēnix 6X Pro Sapphire,"Show your wrist what you're made ofPush new limits and explore new challenges — while adding mapping, music, intelligent pace planning and more to your workouts with the fēnix 6X selection of premium smartwatches. Wrist-based heart rate1and Pulse Ox2sensors add insight to your fitness activities Dyn",52980.00,MKD,1761376
88950114,Fujifilm,Fujifilm XF-56mm f1.2 R,"Fujifilm XF-56mm f1.2 R, 28.5º Viewing Angle, 0.09x Magnification",879.49,GBP,565142
25817481,Omega,Seamaster Planet Ocean 600 M Omega Co-Axial Master Chronometer Chronograph 215.32.46.51.01.001,"It was with OMEGA’s maritime legacy in mind that the brand launched its Planet Ocean line in 2005. Today, the stylish OMEGA Seamaster Planet Ocean 600M Master Chronometer pays homage to OMEGA’s dive watch heritage.This model, with its scratch-resistant sapphire crystal, features a black ceramic dial","8,350.00",USD,1476532
14132157,SRAM,SRAM PG-1130CASSETTE ROAD - 11 SPEED,FEATURESCompatible with all SRAM 11-speed chains11-42t cassette fits 10 and 11-speed non-XD™ driver bodies (1.85mm spacer is required for 11-speed driversCompatible with 11-speed road splined driver bodies11-36t and 11-42t cassettes are compatible with 1x drivetrains onlyPower Glide™ shift technolog,40.0,OMR,296239
3719213,Canon,Canon EF-S 18-200mm f/3.5-5.6 IS Lens,Canon EF-S 18-200mm f/3.5-5.6 IS Lens - this product is manufactured by Canon in Japan (and maybe in other countries),,,213315
10155621,ASUS,ASUS TUF Gaming X570-Plus Mainboard Sockel AM4,"Arbeitsspeicher:2nd and 1st Gen AMD Ryzen™ with Radeon™ Vega Graphics Processors: 4 x DIMM, Max. 128GB, DDR4 MHz Un-buffered Arbeitsspeicher; 3rd Gen AMD Ryzen™ Processors: 4 x DIMM, Max. 128GB, DDR4 MHz Un-buffered Memory; 2nd Gen AMD Ryzen™ Processors: 4 x DIMM, Max. 128GB, DDR4 MHz Un-buffered Me",219.90,EUR,617064
14591909,Shimano,Shimano Dura-Ace CS-R9100 11 Speed Cassette (Silver/Grey) (11-28T),"The Shimano CS-R9100 Dura-Ace HG Cassette Sprocket (11-speed) is the latest update to the top level Dura-Ace line. Featuring the pinnacle in lightweight and strong materials, Dura-Ace is the choice of the best riders on the planet.Features:Rider tuned gearingWider gear combination: 11-28T/12-28T/11-",224.99,USD,1915922
2493882,,3M - DESKTOP LCD LW FRAMED FILTER F-FEEDS,3M DESKTOP LCD LW FRAMED FILTER F-FEEDS (PF220W1F) - Type: Annet Tilbehør,3499.00,NOK,196841
32292330,SHIMANO,BICYCLE-CHAIN-CN-HG95-SUPER-NARROW-HG-FOR-MTB-10-SPEED-116-LINKS-W/O-END-PIN-W/AMPOULE-TYPE-CONNECT-PIN-X1,"BICYCLE CHAIN, CN-HG95 SUPER NARROW HG FOR MTB 10-SPEED 116 LINKS, W/O END PIN, W/AMPOULE TYPE CONNECT PIN X1, IND.PACK",14.0,OMR,107440
10108569,Gigabyte,"PCIeX: GTX 1650 Super OC Nvidia Gigfbyte 4GB/GDDR6/128bit/DVI, HDMI, DP ( Gaming )",,,,1349881
61883869,,ADAPTADOR WIRELESS USB DB ARCHER T2U AC600 TP-LINK,,154.56,BRL,373003
5089485,Sigma,Sigma 105mm f1.4 DG HSM I Art Lens- Canon fit,"105mm F1.4 DG HSM | ATHE “BOKEH MASTER”Category:Lenses, Telephoto Lenses, USB Dock CompatibleClass:ArtTypical Photography:Creative, Wedding & Events, Portrait, Sports & Action, SpecialtyOptical system delivering unsurpassed F1.4 performanceExceptional peripheral brightnessDust and splash-proof struc",965.83,GBP,2161920
8713688,,DJI Mavic 2 Car Charger - Part 11,"The Mavic 2 Car Charger has a maximum output power of 80W, allowing you to charge batteries while driving. It features overheating protection and low-voltage protection technology to ensure a safe and reliable charge and drive.",7.9E1,USD,697868
12333156,SanDisk,SanDisk SSD PLUS Solid State Drive 480GB,"Step up to SSD speeds and inject new life into your laptop or desktop PC with the new Solid State Drive PLUS (SSD) - 480GB from SanDisk, 20x faster than your hard drive",73.49,GBP,1037877
48390119,Sony,Sony 50mm f/1.8 Standard Prime Lens,"A large-aperture 50mm prime lens is a must-have for serious full-frame camera users, and this is an excellent, affordable choice. The optical design is state-of-the-art for high image quality, and the large F1.8 maximum aperture can produce gorgeous background bokeh. On APS-C format E-mount bodies i",599,AUD,1453810
47385841,GIGABYTE,"Placa video Gigabyte Radeon RX 5500 XT OC 4GB GDDR6, 128-bit",Garantie 36 luni,940.99,RON,1857431
26567011,SanDisk,120GB SanDisk SSD Plus 2.5” Sata III Internal Solid State Drive (SDSSDA-120G-G27),"The SanDisk 120GB SSD Plus is the ideal solution to replace your computer's hard drive. With no moving parts, it has better longevity and speed.*Comes in retail packaging ready for resale.Model #: SDSSDA-120G-G27",23.20,USD,327381
56993303,,"Corsair ML140 PRO LED Blå, 140mm Vifte","Magnetic Levitation Fan, 140x140x25mm, 400~2000 RPM, 20~97 CFM, 16-37dBA, 4-pin",299.00,NOK,509638
7406291,,AMD Ryzen 5 2600X Processor (6 Core / 12 Threads),,14499,INR,9046
76457860,,Canon EF-S 18-135 mm F3.5-5.6 IS USM (bulk verpakking),,449,EUR,390091
84410355,,SANDISK 128GB SDXV5 EXTREME SDXC MEMORY CARD (SDSDXV5-128G-GNCIN)-WRTY LTD LIFET W/DISTRIBUTOR,Warranty : LTD LifeTime with Local Distributor - Convergent,48.00,SGD,2427670
72029794,Ubiquiti,Ubiquiti UniFi UVC-G4-PRO Network IP 4K Video Surveillance Camera,"The UniFi Video Camera G4-PRO is Ubiquitis most powerful camera to date, featuring a large 1/2\"" image sensor, 3X powered optical zoom lens and integrated high-power infrared LEDs for long range night vision performance.",465.99,GBP,788533
3079056,,"HDD Seagate NAS IronWolf Pro 8TB 3,5\"" ST8000NE001",,,,1578824
71514700,Kingston,Kingston Canvas Select 64GB microSD kártya,,6990,,53163
72910194,SRAM,Sram NX Eagle kassette - 11-50T,12 speed kassette til Sram NX Eagle.,869,DKK,70762
10025787,Victron,Victron MultiPlus Inverter Charger C 12/2000/80-30,"Victron MultiPlus Inverter Charger 12V / 2000VA / 80A Battery Charger with 30A AC Transfer Switch, 5 Year Warranty",1650,AUD,4739100
15393429,,Epson - Vaschetta recupero toner - C13T619000,Vaschetta recupero toner,23.09,EUR,484404
70518638,Seagate,"Seagate IronWolf Pro ST4000NE001 - Hard drive - 4 TB - internal - 3.5\"" - SATA 6Gb/s - 7200 rpm - buffer_ 128 MB - with 2 years Rescue Data Recovery Service Plan","Product InformationTough. Ready. ScalableFor everything NAS, there's IronWolf and IronWolf Pro. Always on and always working, IronWolf is enhanced with AgileArray technology for optimal reliability and system agility. Multi-user technology and extreme workload rates allow IronWolf to perform and sca",145.97,GBP,1102119
62380727,Pokemon,Pokemon Pokemon Rebel Clash 3 Pack Blister,1 Random Pokemon Sword & Shield Rebel Clash 3 Pack Blister,12.99,USD,3227349
48061329,,TWIST LOCK HEAVY DUTY SUCTION CUP WITH DIAMOND PLATE ACCESSORY (BASE),,27.68,EUR,3553607
81858107,,Brother HL-L6200DW laser printer 1200 x 1200 DPI A4 Wi-Fi,,0.00,NZD,5712817
61690853,,CORSAIRMl140 Pro Rgb 140mm Premium Magnetic FAN CO-9050077-WW,Corsair ML140 PRO RGB 140mm Premium Magnetic Levitation RGB LED PWM Fan Single Pack (Embargo Nov 16),56,AUD,264505
41364197,,"Western Digital Red 1TB 5400rpm 16MB SATA3 2,5""(WD10JFCX)",,24510,HUF,1524442
5263192,,Garmin GPS multi-sport watch fenix 5S,"A fascinating GPS multi-sport smartwatch paves its way! Discover a real all-rounder: the Garmin fenix 5. The powerful and smart successor of the fenix 3 brings several innovations along: improved heart rate measuring, precise GPS tracking, wide-range analysis possibilities, Performance-Wigdet, Group",599,EUR,1406172
49744056,,DYMO D1 - Glossy tape - black on white - Roll (1.9cm x 7m) - 1 roll(s),Dymo 2000/5500 Tape 19mmx7m Black/White 45803.,13.49,GBP,103304
77697394,,RAM® Double Socket Arm C Ball B Length,"C Size 1.5"" Rubber BallCapacity: up to 1.8 kgPowder Coated Marine Grade Aluminum",28,EUR,93315
20525609,,Ernie Ball 2222 Hybrid Slinky Nickel Wound Electric Guitar 6 String 9-46,"Ernie Ball Nickel Wound Electric Guitar Strings are made from nickel plated steel wire wrapped around tin plated hex shaped steel core wire. The plain strings are made of specially tempered tin plated high carbon steel producing a well balanced tone for your guitar. Gauges .009, .011, .016, .026, .0",5.49E0,USD,1382225
45187816,ASUS,"TUF B450M-PLUS GAMING, Mainboard",,31286,,2833952
21104542,,"Corsair Crystal iCUE 465X RGB White Steel, Plastic, Tempered Glass ATX Mid Tower Computer Case - White | CC-9011189-WW","Direct Airflow Path Expensive Storage Intelligent Control, Unlimited Possibilities Three Corsair LL120 RGB Fans",525.00,AED,75807
12997946,,Corsair ML140 2x PWM 140mm Magnetic Levitation Fan | Discount Computer Needs,"View and shop for Corsair ML140 2x PWM 140mm Magnetic Levitation Fan, Computer Case Fans, and many more products at Discount Computer Needs.",88.00,AUD,456079
74965852,,Epson - Print cartridge - XL size - 1 x magenta - 2000 pages,Epson - Print cartridge - XL size - 1 x magenta - 2000 pages,37.83,GBP,730149
7900674,Sigma,Sigma 50mm f1.4 DG HSM Art Nikon Fit Lens,"The Sigma 50mm f1.4 DG HSM A Nikon fit is a high-performance, large aperture lens that joins the Art line within Sigma's Global Vision series, ideally suited for creative and artistic applications for photo and video use. Designed with a focus on sophisticated optical performance, this fast standard",569.00,GBP,393711
13110023,AMD,AMD Ryzen 9 3900XT Twelve Core 4.7GHz (Socket AM4) Processor - Retail (100-100000277WOF),"100-100000277WOF, 12 Core with 24 Threads, 4.70GHz clock speed, 7nm FinFet Process, 64MB L3 Cache, Dual Channel DDR4 Controller, 3200-3600MHz RAM Recommended, 3 Year Warranty",479.988,GBP,32777
66355149,,002 TN Regular Refill Grid Notebook Basic Item TRC,Traveler's company,4.5,EUR,2662935
37848549,,Ernie Ball Hybrid Slinky 9-46 Electric Guitar Strings,Ernie Ball Hybrid Slinky 9-46 Electric Guitar Strings,7.99,USD,1382225
51766259,Seagate,"HDD: 10 Tb (3.5\"") 7200 Seagate IronWolf SATA III 256Mb (ST10000VN0008)",,,,1482775
54989453,tp-link,tp-link TP-Link N150 Wireless Wi-Fi Nano USB Adapter,TP-Link USB Wifi Adapter for PC N150 Wireless Network Adapter for Desktop - Nano Size Wifi Dongle Compatible with Windows 10/7/8/8.1/XP/ Mac OS 10.9-10.15 Linux Kernel 2.6.18-4.4.3 (TL-WN725N),12.99,USD,97189
83266425,,SanDisk Extreme Pro SDXC UHS-3 170MB/s - 256GB,"Flashminnekort, 256 GB, Video Class V30 / UHS-I U3 / Class10, SDXC UHS-I",1183.00,NOK,1600396
45620476,,Evolis Primacy RibbonBlack Ribbon 2000 Prints For use with Evolis PrimacyUnsure which ribbon you need? Give us a call on 0567712650 or send us an email: sales@cardlogic.ie - we'll set you right,Evolis Primacy RibbonBlack Ribbon 2000 Prints For use with Evolis PrimacyUnsure which ribbon you need? Give us a call on 0567712650 or send us an email: sales@cardlogic.ie - we'll set you right,37.48,EUR,1794890
8757303,,watch only time man Tissot Heritage T1184101105700,Tissot Men's Time Only Watch from the Heritage Collection of the Visodat Line.Watch Name: Tissot Heritage Visodat.With 316L Round Shape Stainless Steel Case Size 40Mm With A Thickness Of 10.66Mm And Distance Between The Lugs Of 20Mm. Domed scratch-resistant sapphire. The dial is black with Arabic nu,320.00,EUR,616115
20044617,,LOGITECH - HD WEBCAM C270 PACKAGING REFRESHIN CAM,LOGITECH HD WEBCAM C270 PACKAGING REFRESHIN CAM (960-001063),1070.00,DKK,79254
68876228,Samyang,Samyang 24mm F1.4 Nikon AE,"Samyang 24mm F1.4 Nikon AEKorean company Samyang has just introduced a new full frame, wide angle and manual lens Samyang 24 mm f/1.4 ED AS UMC. The lens will be available on Canon, Nikon, Sony Alpha, Pentax, Samsung NX and Four Thirds mounts.Optics of the lens has been constructed based on the syst",499,EUR,404077
25251155,,Tissot T-Touch Expert Solar Watch T0914204605101,,,,4560747
45833973,Traveler's Company,Traveler's Company Traveler's Company Notebook Accessories,,6.00,USD,5041507
75223780,,ASUS GRAPHICS CARD DUAL GTX 1660S EVO 6GB DDR6 2X HDMI 1X DVI-D 1 X DISPLAY PORT 2 X FAN MAX DISPLAY SUPPORT:4 500W 3 YEAR CARRY IN WARRANTY,,,,964313
92349368,,New Era NY Yankees MLB 9Fifty Cap Baseball sapka,,10520,HUF,76491423
20735043,,DJI Car Charger for Mavic Pro,PRODUCT HIGHLIGHTS -Charge from Car / 12 VDC Power SourceThe Car Charger from DJI allows you to charger your Mavic Pros batteries from a car or other suitable 12 VDC power source.,6.5E1,USD,1430778
85021449,AMD,"AMD Ryzen 5 1500X Box AM4 (3,500GHz) YD150XBBAEBOX with Wraith Spire cooler",,143.85,EUR,2442999
59617619,,Full Frame E-Mount FE20mm F1.8 Wide Angle G Lens,"Sony's latest optical technology achieves impressive corner-to-corner resolution from maximum F1.8 aperture in a large-aperture wide-angle prime lens. It is also remarkably compact, and matched with an E-mount body makes up a versatile, mobile system with outstanding AF performance, control, and rel",1649.0,AUD,884409
72591739,,Logitech H151 On-Ear Stereo Headset,"Immerse yourself in your own music with H151 Stereo Headset from Logitech. It works with on all operating systems and any devices via its 3.5mm audio jack connection. You can expect true comfort even with extended use of your headphones, thanks to its adjustable headband with ultra-soft foam ear cus",37.43,NZD,24792
54933824,Shimano,Shimano Pastiglie j04c m9000/9020 metal xtr/xt/slx/alfine,PASTIGLIE J04C M9000/9020 METAL XTR/XT/SLX/ALFINE,22.90,EUR,2507918
81257793,,Apple AirPods wWireless Charging Case,,199.00,USD,1994510
78303938,,Manfrotto Head Fluid XPro 2 Way QR with Fluidity selector,"Adjustable fluidity on tilt movement for smoother shootingProfessional fluid drag for pan and tilt movementsVersatile flat base for multiple tripod connectionsQuick and easy to set up and switch from photo to videoDurable, lightweight aluminium construction",239,AUD,255513
80918812,Fujifilm,Fujifilm XF 8-16mm f/2.8 R LM WR Zoom Lens,The Fujifilm XF 8-16mm f/2.8 R LM WR is a fast ultra-wide-angle zoom lens with outstanding edge-to-edge image-resolving performance and f/2.8 maximum aperture that make this product a perfect choice for landscape and architecture photography.,42995.00,ZAR,37091
38112967,,HIKVISION DS-7216HQHI-K1 2 MEGAPIXEL (2MP) HYBRID 16 CHANNEL DVR,The HIKVISION DS-7216HQHI-K1 is the Fourth Generation TURBO 4 DVR. This DVR use H.264 and Duel stream video compression and uses a BNC interface for camera input. The TURBO range of DVRs are able to support up to 3MP HD-TVI Input on the first 2 BNC channels and 2MP (1080P on all other channels. This,,,4045323
67415262,Ubiquiti,Ubiquiti UniFi 2MP 1080p Wide-angle Full HD Camera - 3 Pack,Adjustable lens and swivel base for vertical and horizontal viewing angle adjustments,225.99,,266703
11658050,,Epson T7554 Patron Yellow 4K (Eredeti),39ml tintapatron 8010DW/8510DWF,24321,,2806654
87945154,,Cooler Master MasterCase H500M Cabinet,FEATURES INTERCHANGEABLE FRONT PANELS: Choose between the mesh front panel for optimized airflow or the glass option for a balance of aesthetics and performance with the included accessory. ADDRESSABLE RGB FANS: Move air stylishly and quietly with two 200mm Addressable RGB fans controlled by an incl,18900.00,INR,356251
64888074,,ROG Strix X570-F Gaming Socket AM4 ATX AMD X570,"Processor manufacturer: AMDCompatible processor series: AMD Ryzen 3 3rd Gen, 2nd Generation AMD Ryzen™ 3, 2nd Generation AMD Ryzen™ 5, 3rd Generation AMD Ryzen 5, 2nd Generation AMD Ryzen™ 7, 3rd Generation AMD Ryzen 7, 3rd Generation AMD Ryzen 9Maximum number of SMP processors: 1Processor socket: S",2768.50,DKK,80156
19375353,,FUJIFILM Fujinon XF 27mm f/2.8 Aspherical Lens - Black,"The FUJIFILM Fujinon XF 27mm f/2.8 Aspherical Lens - Black is a versatile 41mm-equivalent prime that is ideal for travel and everyday shooting. Its f/2.8 maximum aperture helps to realize its slim stature, and also suits working in difficult lighting conditions and offers control over depth of field",449.95,USD,304177
58269311,,Epson Papel Premium Glossy Photo 255 gr 13 x 18cm 30h.,,7.53,EUR,157548
47977823,,CANON PGI-72 PBK/GY/PM/PC/CO Multi Pack,,,,1769614
66749842,,"Details aboutNEW 2020 Shimano Dura Ace 11 Speed Cassette Fits Ultegra, Sram: CS-R9100: 11-28",,218.88,,1915922
56392806,,ASUS AMD RADEON RX 5500 XT DUAL EVO OC 8GB GDDR6 RDNA PCIe 4.0 GRAPHICS CARD,Key FeaturesAMD Radeon RX 5500 XT8GB GDDR6 MemoryClock 1737 MHz3x DisplayPort | 1x HDMIAxial-tech Fan Design90YV0DV1-M0NA00,5079.00,ZAR,2326232
17120480,Logitech,Logitech H390 Headset - 2.0,Stereo Headset H390,39.95,EUR,149318
86355040,,Zebra Black Monochrome Ribbon 800011-101 - 1000 Prints,,£12.99,GBP,1542544
52332060,Daniel Wellington,Daniel Wellington Classic St. Andrews Watch | Rose Gold 40mm,You'll find your quest for the perfect wristwatch ends the moment you try on the sophisticated silhouette of the Daniel Wellington Classic St. Andrews Men's Watch. [Details] Strap: Leather Strap Color: Brown Case Color: Rose gold Dial Color: Eggshell white Movement: Japanese Quartz Movement Case Dia,229.00,USD,667096
56562122,,Seiko Prospex Sumo Green Dial,"Seiko Prospex challenges every limit, with a collection of timepieces for sports lovers and adventure seekers whether in the water, in the sky or on land. Since launching Japan’s first diver’s watch in 1965, Seiko’s innovative technology has changed global standards. We are constantly striving to br",739.0,GBP,4060886
75242277,Canon,Canon PGI-72 PBK/GY/PM/PC/CO Multipack,,57.51,EUR,1769614
75154223,,Western Digital Blue SSD 2TB M.2 2280 SATA III 6GB/s 3D Nand Flash,"WD Blue 3D NAND Internal SSD M.2 SATA - 2 TBUses 3D NAND technology not only for higher capacities (up to 2TB) than the previous generation WD Blue SSDs, but also to help reduce cell-to-cell interference for enhanced reliability.Offering improved endurance, a WD Blue 3D NAND SATA SSD features an act",217.35,EUR,761924
4278980,AMD,YD2400C5FBBOX AMD RYZEN 5 2400G Quad-Core 3.6 GHz 3.9 GHz Turbo Socket AM4 65W YD240 14NM 65W Processor. New Bulk Pack.,"YD2400C5FBBOX AMD RYZEN 5 2400G Quad-Core 3.6 GHz 3.9 GHz Turbo Socket AM4 65W YD240 14NM 65W Processor.General InformationManufacturer Advanced Micro Devices, IncManufacturer Website Address http://www.amd.comBrand Name AMDProduct Line Ryzen 5Product Model 2400GProduct Name Ryzen 5 Quad-core 2400G ",195,USD,1442607
17377025,,Oakley Jawbreaker Matte Black with PRIZM Road,Jawbreaker™ is the ultimate sport design - answering the demands of world-class athletes with a 40 year heritage of uncompromising excellence. Oakley innovation has reached the pinnacle of performance by offering everything from surge ports for cooling airflow to Unobtainium® components for a comfor,219.0,USD,1203171
2214493,,APC RT 20000 VA RM 230V Smart-UPS,"APCSmart-UPS On-Line,16 kW /20 kVA,Input230V, 400V 3PH /Output230V, Interface Port DB-9 RS-232, RJ-45 10/100 Base-T, Smart-Slot, Extended runtime model, Rack Height 12U",36633.450001,AED,280415
9138065,,Razer Basilisk V2 Wired Ergonomic Gaming Mouse,Description :Movement Technology:Focus+ OpticalProgrammable Buttons:11Scroll Wheel:Gaming-grade tactile scroll wheel with infinitely customizable resistanceResolution:20000DPIMax. Acceleration:50gMax. Speed:650ipsInterface:USBCable Type:2.1mProduct Width:62mmProduct Length:129mmProduct Height:43mmPa,339.00,QAR,844661
23313027,,S&S1: Sword & Shield Booster Pack,,3.99,USD,991074
43979051,,"Zotac , Geforce Rtx 2060 Super, 8 Gb, Gddr6, 256 Bit, 4096 X 2160",", Geforce Rtx 2060 Super, 8 Gb, Gddr6, 256 Bit, 4096 X 2160 Pixeles, Pci Express 3.0",415.33,EUR,3100816
12059754,,WD Blue 2TB Desktop Hard Disk Drive - 5400 RPM SATA 6 Gb/s 64MB Cache 3.5 Inch,WD Blue 2TB Desktop Hard Disk Drive - 5400 RPM SATA 6 Gb/s 64MB Cache 3.5 Inch - WD20EZRZCanDo I.T Warranty: 30 Days DOAManufacturer Warranty: 3 Years,89.99,CAD,2002887
46030392,Pokemon,Pokemon Pokemon Rebel Clash Booster,Pokemon Rebel Clash Booster,3.99,USD,2490160
16637109,,RAM® X-Grip® Phone Mount with RAM® Torque™ Medium Rail Base,"OVERVIEWTake your mobile entertainment on the road with the new RAM® Torque™ handlebar and rail mounting base. We’ve paired a B-sized 1” rubber ball base that accommodates bars 3/4"" - 1"" in diameter with the dynamic X-Grip® for phones. Sizing inserts are included to provide a snug fit and offer addi",115,SGD,3692108
41132816,Maxxis,"Maxxis Maxxis Highroller 2 Tire, 27.5 x 2.5\"" 3C EXO TR",,75.00,USD,729259
89829635,WESTERN DIGITAL,WD 250GB Blue Series m.2 SSD WDS250G2B0B,HDSSD00250WDC003,456.66,TRY,3065693
30114774,Hewlett Packard,"HP 300 GB 2.5\"" Internal Hard Drive - SAS - 10000 - Hot Pluggable - 1 Pack",SAS - 10000 - Hot Pluggable - 1 Pack,207.91,GBP,3747560
13129556,,Nikon AF-S 24-85mm f3.5-4.5 G ED VR,"Perfect for FX format Nikon DSLRs, this Nikon 24-85mm f3.5-4.5 G ED VR lens is extremely flexible and useful for a big range of uses. Starting at a very wide 24mm this lens can easily be used for landscapes and group shots and with its 3.6X optical zoom taking you out to 85mm you can carry it to cap",799.95,AUD,21809
76532384,SanDisk,SanDisk Extreme PRO UHS-II SD Card Reader USB 3.0,"Maximize workflow efficiencyThe SanDisk Extreme PRO® SDTM UHS-II Card Reader/Writer is designed to increase workflow efficiency for professional photographers and videographers. Small enough for fieldwork, the compact reader is built to handle the high-performance demands of UHS-II card technology a",58,AUD,137095
65657820,,D-Link DGS-1210-24,"The DGS-1210-24 is part of D-Link’s 3rd generation of Web Smart Switches that integrates advanced management and security functions for performance and scalability.Featuring an innovative fanless design that ensures quiet operation and a longer life span, the DGS-1210-24 provides a complete and affo",126.15,GBP,793378
29412015,,Swiss Military Hanowa Flagship Horloge,,199.00,EUR,5860529
37994614,,"Ubiquiti UAP-AC-PRO-5 Wi-Fi, 802.11 a/b/g/n/ac, 2.4/5.0 GHz, 2, Web-based management, 1.3 Gbit/s, Power over Ethernet (PoE), 10,",,2984.79,PLN,68127
10005140,Logitech,Logitech H650E Dual USB Headset stereo,"It is ideal for employees who need to block off surrounding noise for laser-like focus during desktop calls.Comfortable, stylish and intuitive so people actually love to use them - further enhancing UC collaboration in your workplace.In-call LED red-light indicatorFlexible microphone boomQuick-acces",61.90,EUR,683214
64191452,Samsung,Samsung 970 EVO MZ-V7E1T0BW - Solid state drive - krypteret - 1 TB - intern - M.2 2280 - PCI Express 3.0 x4 (NVMe) - 256-bit AES - TCG Opal Encryption 2.0,,1068,DKK,106914
29319775,,JABRA EVOLVE 20 MS STEREO NC BIN,Jabra EVOLVE 20 is a entry level UC headset offering a good UC experience for your conference and voice calls but also music listening.,503.250,HKD,182172
87668280,,D'Addario XT Coated Acoustic Phospher Bronze Medium 13-56,"D'Addario XT Acoustic Phosphor Bronze strings combine our most popular acoustic alloy with an advanced corrosion resistance treatment on every string in the set, preserving the natural tone and feel of uncoated strings. Available for 6 and 12-string acoustic guitar ranging from extra-light to medium",2.7E1,AUD,1456309
11096579,,"3M - Privacy Filter 27\"" WideS LCD","3M Privacy Filter 27\"" WideS LCD (PF270W9B) - Type: Skjermbeskyttelse",1993.75,NOK,2996705
27774503,,"Crucial 480GB 2,5\"" SATA SSD BX500",,249,PLN,125897
10320617,,ASUS Scheda Madre TUF X470-PLUS GAMING AMD X470,,"€ 198,00",EUR,939822
97294565,Shimano,SH11 SPD-SL 6 Degree Pedal Cleats,Shimano SPD-SL SM-SH11 Pedal CleatsReplace your worn-out cleats with these genuine Shimano SPD-SL SH11 Pedal Cleats. They are compatible with three-bolt road shoes and Shimano SPD-SL road pedals. The non-slip rubber base makes times when you're off the bike and walking a little easier and coloured t,18,GBP,532781
53125631,,Corsair ML140 Pro Ventola PWM 140 LED Ross,Corsair ML140 Pro Ventola PWM 140 LED Ross,24.9,EUR,387671
39528474,,WS-C2960-48TC-L Cisco Catalyst 2960 Network Switch (New),"Condition: NEWAvailability: End Of Life - Inventory May Be LimitedCisco 2960 Ethernet Switch - 48 port switch - 48 x 10/100Base-TX, 2 x 10/100/1000Base-T (WS-C2960-48TC-L)Cisco Catalyst 2960 Series Intelligent Ethernet Switches are a new family of fixed-configuration standalone devices that provide ",9.93E2,USD,3739198
90972374,,JABRA Biz 2300 Noise Canceling - Stereo,The new BIZ 2300 headset series features best-in-class noise cancelation and sound for crystal clear conversations and a great customer experience. It blends lightweight design with durable construction for all day comfort and performance.Available in Mono (single earpiece to keep in touch with your,1725.00,ZAR,666306
33088663,Seiko,Seiko Presage SRPD41 Blue Date Automatic,Reference number SRPD41J1 Steel Year 2020 Watch with original box Watch with original papers,419,USD,143712
54638000,,Sony E-Mount 30mm f3.5 Macro,"With its 1:1 magnification ratio, this Sony macro lens enables you to capture life size images of a range of common macro subjects, such as bugs and flowers, or anything else that you can get your camera in close to. Not just a close-up option, the wide-normal focal length of this Sony 30mm f3.5 len",549.95,AUD,213496
41364196,,Kšiltovka New Era Clean Trucker Chicago Bulls,,658,CZK,46857262
51385541,,Intel Core i7 9700f Coffee Lake Refresh Eight Core 3.0 GHz 1151,"Intel® Optane™ Memory SupportedIntel® Optane™ memory is a revolutionary new class of non-volatile memory that sits in between system memory and storage to accelerate system performance and responsiveness. When combined with the Intel® Rapid Storage Technology Driver, it seamlessly manages multiple t",399.00,GBP,779562
34500362,Razer,Razer Viper Ultimate Gaming Mouse + Mouse Dock,,159.99EUR,EUR,782653
81071096,Sony,Sony E30mm F3.5 Lens SEL30M35//C SYX,"Light, compact macro lens delivering high image qualityIdeal for close-ups of flowers, inse...",0.0,INR,213496
80792673,,WEBCAM LOGITECH C920 NEGRA FULL HD,WEBCAM LOGITECH C920 NEGRA FULL HD 1080P 15MP,84.6395,EUR,236410
47613742,,Extreme Sdxc 128Gb 150Mb/S C10 U3,SanDisk 128GB 150MB/s Extreme SDXC UHS-I CardThe SanDisk Extreme SD UHS-I memory card delivers performance that lets you take control of your creativity. With shot speeds of up to 70MB/s and UHS speed Class 3 (U3) recording youâre ready to capture stunning high-resolution stutter-free 4K UHD video,8.499E1,NZD,2427670
71348936,HYDRO FLASK,HYDRO FLASK HYDRO FLASK 32OZ WIDE MOUTH BOTTLE-SUNFLOWER,"Big enough for a whole day on the river or trails, the Hydro Flask 32 oz Wide Mouth Bottle is made with professional-grade stainless steel and a wider opening for faster fill. The Color Last™ powder coat is dishwasher safe for even more convenience. Cold",44.95,USD,489587
34298415,,WD HDD 1TB My Passport Black,WD HDD 1TB My Passport Black Hard diskovi,153.60,BAM,472560
69281741,,Shimano HG601 Road/MTB Chain 11-Speed Sil-Tec w/Quick Link,Standard Shimano chain for 11-speed road/MTB drivetrains.,59.99,NZD,1124550
47478087,,"Samsung T7 Touch 1TB Portable SSD ,USB 3.2 Gen 2 (10Gbps) , Up to1050MB/s, Fingerprint Encryption -- Silver Color","Samsung T7 Touch 1TB Portable SSD ,USB 3.2 Gen 2 (10Gbps) , Up to1050MB/s, Fingerprint Encryption -- Silver Color",3.9899E2,NZD,1307351
37427126,Corsair,Corsair ML Series ML140 Premium Magnetic Levitation,,329,SEK,456079
69401250,Shimano,Shimano 105 R7000 11 Speed Rear Derailleur,"Shimano 105 R7000 Series will empower more riders than ever before to embrace the sport of road cycling. It will become the supportive groupset that beginner riders choose to help them train for, and ride in more serious races. By combining trickle down technology with a greater accessibility, SHIMA",£48.00,GBP,1323492
84771715,,Length double socket arm- RAM,"The RAM-B-201U-A, short double socket arm, has a socket at both ends that accommodates 1\"" ball bases. RAM socket technology allows for almost infinite adjustment and perfect viewing angles.","10,83 €",EUR,394619
45677006,,Logitech™ C922 Pro Stream FHD WebCam 960-001090(1 year Warranty in Singapore),Logitech™ C922 Pro Stream FHD WebCam 960-001090(1 Year Warranty in Singapore)TheLogitech C922 Pro Stream FHD Webcamlets you create 1080p videos as well as stream online with fluid movements by offering 60 fps when recording at HD 720p. The C922 comes with Personify that provides a background replace,180.00,SGD,58883
5650508,,Swiss Military Hanowa 06-4226.30.003.03 Immersion Chrono,,31200,RUB,2080188
84836014,ASUS,Asus RadeonTUF 3 RX5700 XT Gaming 8 GB DDR6 OC,Asus RadeonTUF 3 RX5700 XT Gaming 8 GB DDR6 OC,480,EUR,649471
18057818,,"Kingston A400 2.5\"" 240GB SATA III Solid State Drive",Bargain SSD with a capacity of 240GB With Super Smooth performance due to it's SATA III interface and super Smooth 500Mbps read speed .,2.591E1,GBP,335396
45357929,,Corsair Vengeance RGB LED Pro White DDR4 3000MHz 2x8GB(CMW16GX4M2C3000C15W),,29245,HUF,1857840
8681806,,New Era Clean Trucker Chicago Bulls Cap Baseball sapka,,8550,HUF,46857262
39597438,,"Corsair Vengeance LPX 16GB, DDR4, 2400MHz (PC4-19200), CL16, 1.2V, XMP 2.0,DIMM Memory","Designed for high-performance overclocking on Intel X99 and 100 Series motherboardsVengeance LPX memory is designed for high-performance overclocking. The heatspreader is made of pure aluminum for faster heat dissipation, and the eight-layer PCB helps manage heat and provides superior overclocking h",111.99,AUD,150984
77765924,,Copyway Compatible Toner Samsung CLT-K406S Black - Premium,Yield Page : 1500Printers to be used with : SAMSUNG CLP-360/365/366/365W/368SAMSUNG CLX-3300/3305/3305W/3305FW/3305FN,17.00,USD,3240283
60309105,QBP,SRAM Guide Trail Metal Brake Pad,Original equipment pads for no-compromise disc brake performance.--Original equipment pads for no-compromise disc brake performance.,25.0,USD,183990
26855298,,D-LINK/NET/24X1GB POE SWITCH /+ 4 SFP/L2/RM,D-link 24 PoE 10/100/1000 ports + 4 Gigabit SFP ports Web Smart Switch/ 48 Gbps Switching Capacity/ Fanless/ Reset Button x 1/ 13-inch/ 1U Desktop,7689.19,ZAR,56526
19735735,Garmin,Garmin Venu - Black with Slate Hardware (010-02173-12),"Garmin VENU AMOLED GPS Smartwatch - Black with Slate HardwareFind a time and a place for every part of your active life with Venu™. This GPS smartwatch features a bright, beautiful display and a battery life of up to 5 days, so you can spend more timedoing the activities you love. Don’t waste time h",576.00,AUD,982918
4126679,,"3M - PF319W FRAMED PRIVACY FILTER 18,5IN -19IN 47,0-48,3CM 16:10IN ACCS","3M PF319W FRAMED PRIVACY FILTER 18,5IN -19IN 47, 0-48, 3CM 16:10IN ACCS (98-0440-4548-6) - Type: Andet tilbehør",2028.66,DKK,3303908
27897507,Sigma,Sigma 35mm F1.4 DG HSM 'A' Lens - Nikon Fit- £75 CASHBACK AVAILABLE FROM SIGMA,"Using a cutting-edge design and state-of-the-art production technology, Sigma honed the Nikon fit 35mm F1.4 DG HSM Lens' performance to the point where it can do full justice to the expressive power of the very latest digital cameras.",599,GBP,900968
21266898,,Jabra Evolve Over The Head Supra Aural 40 Wired Mono Headset,Jabra EVOLVE is designed to give you better conversations with a world-class microphone and speakers that are optimised for voice and music.,73.99,GBP,5313
16543090,,Samsung MLT-D103L Black Toner Cartridge (Compatible),"Our Samsung MLTD103L Black Toner compatible cartridges have been manufactured to the highest standards. Compared to buying Original Branded ink, our Samsung laserjet compatible cartridges are the best deal on the Irish market today! Buy it now to ensure the best value for money available online! Col",36.38,EUR,1467531
91942249,,Wall Mounting Bracket for Hikvision Dome Camera DS-1273ZJ-140,Features Aluminum alloy material with surface spray treatment Design of cable entrance hole Better water proof design Convenient installation coordinating with adapter cap Wall Mounting Bracket for Dome Camera Appearance: White Material: Aluminum Alloy Dimension: 140×182×120mm Weight: 703g Suitable ,34.99,USD,738794
24300732,,Ubiquiti UniFi AC In-Wall 5-pack UAP-AC-IW-5 Ubiquiti,,410.00,EUR,1610496
19120777,TP-Link,TP-Link TL-SG1024DE 24port Gigabit Desktop Switch,"24xport, 24xGigabit",35455.86,HUF,180905
6032942,,Crucial 4GB DDR4 2666MHz SO-DIMM Single Rank,"More speed. More battery life. More memory capacity. Fuel your next-gen laptop.In the ever-changing world of technology, any component more than five years old is usually in need of an update. At seven years old and counting, that's where DDR3 memory is at: laptops can only do so much with it. Since",4.15E2,ZAR,1892167
46925625,APC,"Acumulator UPS APC, 230V, BR1200GI, BR1500GI, APCRBC124",,475.53,RON,123631
16234006,Hikvision,Hikvision H.265+ TURBO HD 8CH DVR 4K HDMI supports 5MP TVI/ 2MP AHD & CVI/ 6MP IP CAM (HDD not included),"Hikvision 8-CH DVR with 4K HDMI output with additional 4-CH for IP cameras . Supports up to 8MP HD-TVI, 4MP AHD, 2MP HD-CVI, and up to 4-channels for 6MP IP/Network cameras. H.265+/H.265/H.264+/H.264 encoding for the main stream and H.265/H.264 encoding for the sub-stream of analog cameras. Connecta",155.00,USD,1069672
2950848,,Mavic Mini Fly More Combo,Aircraft Gimbal Protector* Remote Controller Pair of Spare Propellers Micro USB Cable 3 - Intelligent Flight Battery 360° Propeller Guard Two-Way Charging Hub RC Cable (Micro USB connector)* RC Cable (USB-C connector)* RC Cable (Lightning connector)* DJI 18W USB Charger Pair of Spare Control Sticks*,499,USD,1709252
2251660,Traveler's Company,Traveler's Company 014. CRAFT PAPER (64PG) MIDORI TRAVELER'S NOTEBOOK,,4.50,GBP,1857459
22077951,,RAM Handlebar Mount w U-Bolt (RAM-B-149ZU),"Included:1 x RAM Standard Double Socket Clamp Arm B Size (RAM-B-201U)1 xRAM Diamond Base with 1\"" B Size Ball (RAM-B-238U)1 x RAM Rail Base with U-Bolt & 1\"" Ball (RAM-B-231ZU)TheRAM-B-149ZUincludesa zinc-coated U-Bolt base, a double socket arm, and a diamond adapter base (B Size).The diamond adapte",55.4,AUD,399319
10484404,,Fujifilm XF 80mm F2.8 R LM OIS WR Fujinon Macro Lens,Fujifilm XF 80mm F2.8 R LM OIS WR Fujinon Macro Lens Capable of outstanding Macro images form up close and far away. Also compatible with the 1.4x and 2.0x teleconverter,1149.00,GBP,45636
83528218,,CORE i7 10700KF 8 CORE 3.8GHz,,749.00,AUD,310518
13899039,Epson,Epson Strawberry Cartuccia Fragole Ciano Inchiostri Claria Home 29 - Originale - Ciano - Epson - - E,Strawberry Cartuccia Fragole Ciano Inchiostri Claria Home 29 - Originale - Ciano - Epson - - Expression Home XP-455 - Expression Home XP-452 - Expression Home XP-445 - Expression Home... - 1 pezzo(i) - Stampa inkjet,11.71,EUR,217603
1291443,,Corsair Vengenace LPX DDR4 2666MHz 8GB,"1x8GB DDR4 2666MHz CL16, XMP 2.0, svart",390.00,SEK,155934
38415767,,Blaze Professional 34-Inch Grill Cart,Blaze 34-Inch Burner Professional Grill CartThis Blaze stainless steel grill cart is specifically designed to house the Blaze Professional 3 burner gas grill. The two stainless steel side shelves keep your BBQ tools at hand and provide a convenient work area while you cook.The Blaze grill cart also ,1099.99,USD,6140563
46158383,,"32GB Kit (2 x 16GB) HyperX Predator DDR4 3000MHz, CL15, Black, DIMM Memory","32GB Kit (2 x 16GB) HyperX Predator DDR4 3000MHz, CL15, Black, DIMM Memory",170.20,USD,1249448
54689378,,AMD Ryzen 5 2400G Wraith Stealth Edition (3.6 GHz),,146.88,EUR,1442607
30119408,,AURICULARES MICRO LOGITECH HEADSET H540,AURICULARES CON MICROFONO LOGITECH HEADSET H540 USB,46.1615,EUR,429252
64928819,,Kingston DataTraveler 100 G3 256GB USB Stick 3.0 Flash Drive - Black,,74.95,EUR,1090670
49769546,Omega,Omega Seamaster Diver 300M Co-Axial Master Chronometer Steel Sedna Gold,"Since 1993, the Seamaster Professional Diver 300M has enjoyed a legendary following. Today’s modern collection has embraced that famous ocean heritage and updated it with OMEGA’s best innovation and design.This 42 mm model is crafted from stainless steel and 18K Sedna™ gold, and includes a blue cera",10200,USD,52358297
65504542,,SanDisk iXpand 64GB USB 3.0,"- Removable storage medium that allows data to be written and erased as many times as is required, comes with a USB 3.0 and Lightning connection",48.99,GBP,279041
1823563,Gigabyte,"PCIeX: GTX 1650 D6 OC 4G Nvidia Gigabyte 4GB/GDDR6/128bit/DVI, HDMI, DP ( Gaming )",,,,213319
10899164,Cardrona,Cardrona Hydroflask 21oz Standard Mouth,"Your perfect travel companion.Keep life moving with the 21 oz bottle and Standard Flex Cap. It stashes easily into a small shoulder bag, your pack’s side pocket, or your car cup holder, and holds enough ice cold goodness to keep you going for hours without weighing you down.Product BenefitsVersatile",69.0,NZD,1558854
40246805,,Akumulator APC Replacement battery cartridge #140,"APC Replacement Battery Cartridge #140 - UPS battery - 2 x Lead Acid 960 Wh - black - for P/N: SRT10KRMXLI, SRT192BP, SRT192BP2, SRT192RMBP, SRT192RMBP2, SRT8KRMXLI, SRT8KXLI",2608.46,PLN,1144246
65837617,Canon,Canon EF-M 18-150 / 3.5-6.3 IS STM schwarz,,429.00,EUR,3160384
35570094,,"Adaptador WiFi N PCI Express 150 Mbps 20dBm, 802.11b/g/n Chipset Atheros, 1 Antena 2 dBi desmontable.","Adaptador WiFi N PCI Express 150 Mbps 20dBm, 802.11b/g/n Chipset Atheros, 1 Antena 2 dBi desmontable.",54,PEN,466493
52216082,Samsung,Samsung 970 EVO PLUS 2TB M.2 PCIe High Performance NVMe SSD/Solid State Drive,"2TB Samsung 970 EVO Plus, M.2 (2280) PCIe 3.0 (x4), NVMe SSD, MLC V-NAND, 3500MB/s Read, 3300MB/s Write, 620k/560k IOPS",388.99,GBP,1365371
62345625,,MB 1151-v2 ASUS ROG STRIX Z390-I GAMING,,234.15,,1068570
90202399,HP,HP stampante Color LaserJet Professional CP5225dn (CE712A#B19),stampante,1415.20,EUR,1842162
71951492,Philips,"Philips 243V7QDSB/00 23.8 \"", IPS, FHD, 1920 x 1080 pixels, 16:9, 5 ms, 250 cd/m², Black","Philips 243V7QDSB/00 23.8 \"", IPS, FHD, 1920 x 1080 pixels, 16:9, 5 ms, 250 cd/m², Black",106.35,EUR,605933
30567166,Hydro Flask,Hydro Flask Wide Mouth Drink Bottle - 946ml Black Flex Cap,Hydro Flask Wide Mouth Drink Bottle 946ml Black Flex Cap Available now for fast delivery. Same day dispatch. Free Shipping available. Lowest prices guaranteed.,64.00,AUD,36023
65070903,,Copy TAG Heuer Carrera Automatic Blue Dial Men's CBK2112.BA0715,Buy Copy TAG Heuer Carrera Automatic Blue Dial Men's CBK2112.BA0715 OnlineBasic InfoListing number 79H0C7Reference number CBK2112-BA0715Brand TAG HeuerModel CarreraCode cbk2112-ba0715-tag-heuer-carreraMovement AutomaticCase material SteelBracelet material SteelCondition NewGender Men's watch/UnisexC,127.8,USD,37455178
7934808,,Zebra Zxp1 Black Ribbon (1000 Images),"Zebra Zxp Series 1 Ribbon - Zxp Series 1 Load-N-Go Black (K) Monochrome Ribbon. 1, 000 Prints Per Ribbon","R 382,6 excl tax",ZAR,1542544
2353834,,PEN DRIVE 3.0 16GB DTIG4 KINGSTON BIANCA/BLU,,7.41,EUR,1915191
49576448,Western Digital,Western Digital Blue SN550 NVMe M.2 2280 1TB PCI-Express 3.0 x4 3D NAND Internal Solid State Drive (SSD) WDS100T2B0C,Western Digital Blue SN550 NVMe M.2 2280 1TB PCI-Express 3.0 x4 3D NAND Internal Solid State Drive (SSD) WDS100T2B0C,104.99,USD,156996
18351112,Epson,"Epson Tinte T6368 Matt Black UltraChrome HDR, 700 ml",,260.20,EUR,833964
69392189,,DISCO DURO EXT USB3.0 3.53TB WD MY BOOK NEGRO,"Western Digital My Book, Unidad de disco duro, 3.0 (3.1 Gen 1), USB Type-A, Windows 10 Education, Windows 10 Education x64, Windows 10 Enterprise, Windows 10 Enterprise x64, Wi, Mac OS X 10.10 Yosemite, Mac OS X 10.11 El Capitan, Mac OS X 10.9 Maveri",118.14,EUR,707463
42545635,DJI Service LLC,DJI Mavic AIR Part 4 Car Charger - Black - CP.PT.00000120.01,The Mavic Air Car Charger is used to charge the Intelligent Flight Battery through the car's 12 V accessory socket. It comes with low-voltage protection to ensure enough starting battery voltage for the car. Overheating protection will automatically cut off charging if the accessory port exceeds a c,56.00,USD,1285552
30633820,Jabra,Jabra BIZ 2400 II binaural NC (FreeSpin),,144.90,EUR,472648
8425048,,Fujifilm 23mm f2 R WR XF Lens - Black,"The Fuji 23mm f2 R WR XF Lens in Black is a compact, weather-resistant lens ideal for travel, street and portrait photography. Features a fast f/2 aperture making it perfect for low-light conditions and with its 9 diaphragm blades, delivers a pleasing out of focus quality when working with a shallow",429.00,GBP,304177
71230707,,Sandisk Extreme Pro USB 3.1 Solid State Flash Drive 128GB - SDCZ880-128G-G46,"TRANSFER 4GB TO DRIVE IN LESS THAN 25 SECONDSThe SanDisk Extreme PRO USB 3.1 Solid State Flash Drive delivers super-fast solid state performance in a USB flash drive. A game-changer in the USB storage category, this flash drive offers read speeds of up to 420MB/s and write speeds of up to 380MB/s1 t",18.90,KWD,79238
89002970,,"Kingston HX316C10FK2/8 (DDR3, 2x 4 Gb, 1600 , CL10-10-10, DIMM)",,3630,RUB,288081
70225094,SAMSUNG,SSD SAMSUNG 970 EVO 500 Go,SSD SAMSUNG 970 EVO 500 Go- PCIe 3.0 x4 NVMe,89.99,EUR,1929047
40618518,,T1204171105100 Tissot Seastar 1000 Quartz,"The Tissot Seastar 1000 merges style and performance without compromising either. The diving inspiration shapes both the appearance and the functionality of this watch. It maintains its performance to a pressure of 30 bar (300m/1'000ft), combining underwater sports and a preference for a sophisticat",479.0,EUR,1508649
28217630,WESTERN DIGITAL,Western Digital My Book external hard drive 3000 GB Black,,104.75,,707463
78491388,,Razer Viper Ultimate Ambidextrous with Charging Station Wireless Gaming Mouse - Black | RZ01-03050100-R3G1,"NOT ALL WIRELESS MICE ARE MADE EQUALForget about average and claim the unfair advantage with the Razer Viper Ultimate—a wireless gaming mouse built to win. Designed to be a true extension of a gamer, this deadly predator comes with our most cutting-edge technology, and is ready to sink its fangs int",545,AED,782653
41293728,,Epson Singlepack UltraChrome XD Matte BlackT693500(350ml),Epson Singlepack UltraChrome XD Matte BlackT693500(350ml),123.88,GBP,2734298
83472763,,Traveler's Refills: MD Paper - 002 / grid,"These notebooks aremade in Japan, where there is a rich tradition of elevating basic craft to perfected art form. MD Paper is no exception,meticulously engineered for the finest writing experience. There is no detail overlooked: the paper is made from hardwood, which allows a softer finish than pulp",6.0E0,USD,2662935
91281808,,Canon PG-545 black 180 str.(8287B001),,69,PLN,328043
16282417,Canon,"Canon PFI-107C PFI-107C 6706B001AA Ink Cartridge - Cyan, 6706B001 (6706B001)",Pfi-107C - Dye Cyan Ink Tank 130Ml,83.32,USD,1292504
80240194,,Kingston 32GB SDS2 Canvas Select Plus SD card Class10 UHS-I Flash Memory 80MB/s Read 10MB/s Write Full HD Photo Video Camera Waterproof Shock Proof,"Kingston 32GB SDS2 Canvas Select Plus SD card Class10 UHS-I Flash Memory 80MB/s Read 10MB/s Write Full HD Photo Video Camera Waterproof Shock Proofapacities232 GBPerformance1100 MB/s Read (32 GB-64 GB)Dimensions24 mm x 32 mm x 2.1 mmFormatFAT32 (32 GB), exFAT (64 GB-512 GB)Operating temperature-25 °",17.08,AUD,1980656
59671298,DANIEL WELLINGTON,Relgio DANIEL WELLINGTON Classic Black Cornwall,Relgio DANIEL WELLINGTON Classic Black Cornwall,139.00,EUR,2533164
26740795,Shimano,Shimano CS-M8000 XT 11sp Cassettes - 11-46t (11-13-15-17-19-21-24-28-32-37-46),,99.99,USD,127568
41459825,,D1-TAPE 9MM X 7M noir ON blanc IN,S0720680 Dymo,0,EUR,4559
43224065,,Seamaster Planet Ocean 600M Omega Co‑Axial Master Chronometer 45.5 mm,,87600,SEK,27649829
1938345,,"Card memorie SANDISK 32 GB, Extreme, viteza de citire; pana la 100 MB/s,adaptor SD inclus","32 GB, Extreme, viteza de citire; pana la 100 MB/s,adaptor SD inclus; video (viteza): V30 / C10 / U3 / A1",58.82,RON,2008617
26099517,,"Elixir 16002 Acoustic Strings Phosphor Bronze Nanoweb Coating, 6-String, Extra Light","Elixir® Strings Acoustic Phosphor Bronze with NANOWEB® Coating deliver distinctive phosphor bronze warmth and sparkle together with extended tone life.#1 acoustic guitar string*Only coated string brand to protect the entire string with an ultra-thin coating, keeping gunk out of the gaps between the ",14.99,USD,2603630
47978923,,"Corsair case Crystal Series 570X RGBTempered Glass, Premium ATX Mid-Tower","Type of computer case Midi Tower Case type (motherboard type) • MINI ITX• MicroATX• ATX Supported power supply standards ATX Number of internal 2,5\"" bays 3 Number of internal 3,5\"" bays 2 Installed power supply(ies) Нет Maximal qty of power supplies 1 Power supply (supplies) power 0 Watt Type of +1",203.7,EUR,355445
2071835,newera,New Era NFL New Orleans Saints 9Fifty Cap Schwarz,,32.05,EUR,57147200
66020255,,Omega Seamaster 215.30.46.51.03.001,,,,2193117
70919736,,Seagate IronWolf Pro ST8000NE001hard drive - 8 TB - SATA 6Gb/s,Built to maintain performanceSupport your business,230.99,GBP,1578824
68075793,,"Blaze Professional 27"" 2 Burner Grill","Blaze Professional 27"" 2 Burner Built-In Gas GrillBlaze presents the Blaze Professional Grill as a leader in the industry regarding the thickness of its components resulting in irrefutable durability while providing an effective cooking system. By the precision mixing of fuel and oxygen, Blaze Profe",2499.99,USD,6766905
58597448,,Blaze 40-inch 5-Burner LTE Gas Grill With Rear Burner and Built-in Lighting System,"Blaze 40-Inch 5-Burner LTE Gas GrillBlaze introduces an affordable commercial style grill that was designed with your outdoor BBQ desires in mind. Blaze gas grills feature precision cut, 304 stainless steel components that bring the promise of lasting durability to your outdoor BBQ!This model takes ",2199.99,USD,4825180
31024918,AMD,AMD Ryzen 5 3400G 4-Core 8-Thread 3.7 GHz Unlocked Desktop Processor with Radeon RX Graphics,4 Cores & 8 Threads3.7 GHz Base Clock4.2 GHz Max Boost ClockSocket AM42 MB L2 & 4 MB L3 CacheDual-Channel DDR4-2933 MemoryIntegrated Radeon Vega 11 GraphicsWraith Spire Cooler Included,189.99,USD,685416
75566537,,"Corsair 110R Gaming Case with Tempered Glass Window, ATX, No PSU, 12cm Fan",A SUBTLE SHOWCASEThe 110R's minimalist design ensures that your system can fit in almost any environment and displays your components through a beautiful tempered glass side panel.FLEXIBLE STORAGE OPTIONSSupports up to four drives for the storage options you need: two 2.5in trays and two combo 3.5in,2146582.00,IDR,1196850
14864012,,MICRO SD - 128GB CLASS10 + ADATTATORE - KINGSTON SDCS/128GB,MICRO SD - 128GB CLASS10 + ADATTATORE - KINGSTON SDCS/128GB,23.90,EUR,854253
64730643,,SanDisk Memorijska kartica SDSDXXY-256G-GN4IN Extreme Pro SDXC Card 256GB - 170MB/s V30 UHS-I U3,,1099,Kn,1600396
13684723,,Cooler Master Mastercase H500 ARGB Midi Tower Behuizing,,"114,95",EUR,1473407
50303751,Canon,Canon Canon EF 100mm f/2.8L Macro IS USM,This item may qualify for an Instant Rebate. Any current manufacturer rebate will be refunded to your card after purchase. Please email shop@lookingglassphoto.com if you have any questions.,899.99,USD,730377
52148925,,Audio Technica ATH-M40X Flat Response Studio Headphones,"Audio Technica ATH-M40X Flat Response Studio HeadphonesThis is the most critically acclaimed model in the Audio Technica M-Series line, praised by top audio engineers and pro audio reviewers year after year. The ATH-M50x features the same coveted sonic signature, now with refined earpads and detacha",,,819981
40916385,,Park Tool Handle Hex Wrench Set PH-12,"Engineered for fit, function, and leverage, these L-shaped shop quality hex wrenches are a must have for every workshop.Features :High-torque, industrial steel wrenchesStraight hex shaft on the short side, ball end on the long sideIncludes 2, 2.5, 3, 4, 5, 6, 8, and 10mmComfortable, ergonomically de",84.99,EUR,2492031
38229177,,CISCO - Catalyst 2960 Plus 48 10/100 + 2 T/SFP L,CISCO Catalyst 2960 Plus 48 10/100 + 2 T/SFP L (WS-C2960+48TC-L) - Produkt: Administrerad - Portar: 48 - Hastighet: 100Mbps,19599.00,SEK,3739198
42191064,,"27\"" BenQ SW271 4K Adobe RGB Color Management Photographer Monitor",27” 3840x2160 4K UHD Resolution 99% Adobe RGB with IPS technology Hardware Calibration Palette Master Element color calibration software USB-C for transmitting data and video signal with one cable Black-and-White photo mode High Dynamic Range (HDR) support Shading Hood / OSD controller Colour Gamut:,979.00,GBP,466745
22745274,,SEAGATE EXTERNAL HDD RUGGED THUNDERBOLT 4TB USB TYPE C THUNDERBOLT 3 YEAR CARRY IN WARRANTY,,,,1073295
83958613,,Kingston Gaming Memory 16 Gb 3200 Mhz Ddr4 Nonecc Dimm Cl16 Limited Lifetime Warranty,KINGSTON GAMING MEMORY 16GB 3200MHZ DDR4 NONECC DIMM CL16 LIMITED LIFETIME WARRANTY,2.229E3,ZAR,133673
63587638,Samsung,SAMSUNG T7 Touch Black 2TB Portable SSD with Fingerprint ID,"2TB Samsung T7 Touch MU-PC2T0K/WW, Portable External SSD, Fingerprint ID, USB 3.2 Gen2/Type-C,Bus Powered, Black",365.99,GBP,327893
41453265,,"Samsung Portable SSD T5 2TB external Black, USB-C/USB3.0",,479,EUR,932319
78438382,,Traveler's Refills: Sketch Paper,"48 perforatedpages, saddle stitchedShop the whole Traveler's Notebook collection here.photos via Traveler's Company Japan",7.5E0,USD,4249975
75251439,Epson,B-500DN STD CAP YELLOW,,50.77,GBP,295197
40180230,,"Hikvision DVR Turbo HD, 1920x1080P, Ref: DS-7216HUHI-K2","Hikvision DVR Turbo HD, 1920x1080P, Ref: DS-7216HUHI-K2",323.094714,EUR,1336313
38784883,,Maxxis Tire High Roller II EXO/TR Foldable 29x2.30,"An open and aggressive tread design gives the High Roller II excellent soil penetration and mud-clearing ability. A square profile provides a solid, consistent feel across the knobs. Modified knobs on the shoulder and center improve braking performance and traction on hard surfaces. An excellent cho",,,1496586
32421414,,"Evans EC2S Clear 13\"" Drumhead","Evans clear EC2 series features two plies of 7mil film with optimized attack, tone, length of sustain and ease of tuning for each size head. The Sound Shaping Technology (SST) Edge Control ring mounted on the underside delivers an extremely well balanced and pre-EQ'd sound across the full kit by var",7.2E1,MYR,3041830
38874870,,ASUS ROG STRIX AMD Radeon RX 5500XT Overclocked 8G,"Powered by AMD Radeon™ with PCI 4.0 performance, 1440p the ROG Strix RX 5500XT O8G Gaming Graphics Card features a reinforced frame, customizable Aura Sync RGB lighting, increased cooling performance from dual Axial-Tech fans and Max Contact technology.Axial-tech fan design features longer fan blade",354.95,CAD,1767558
33760207,FUJIFILM,Fujifilm Instax Square Film (Plain 10's x2),For FUJIFILM INSTAX SQUARE CamerasBlack Frame BordersColorful Star-Like Pattern2.4 x 2.4,90.0,MYR,300521
26740796,Shimano,Shimano CS-M8000 XT 11sp Cassettes - 11-40t (11-13-15-17-19-21-24-27-31-35-40),,89.99,USD,328225
89749927,,Fujifilm 16531958 instant picture film 54 x 86 mm 10 pc(s),This single pack of FUJIFILM INSTAX Mini Monochrome Instant Film contains 10 sheets of instant black & white film that is compatible for use with the FUJIFILM INSTAX Mini series of cameras or INSTAX SHARE printers. This film features neutral gray tonality and normal contrast with natural shadow and ,17.12,GBP,165928
1425916,,ASUS GeForce GTX1660 DUAL EVO,"Grafikkort, PCI-Express 3.0, 6GB, GDDR5, 1500/1875MHz, Turing",1929.00,DKK,742606
32932210,,DDR3 HyperX Fury Black - 4 Go 1600 MHz CAS 10,Mémoire DDR3 - PC-12800 - Low-Profile,28.99,EUR,1824443
23279983,Corsair,Corsair Vengeance LPX 16GB (2x8GB) 2133MHz CL13 DDR4,Corsair Vengeance LPX 16GB (2x8GB) 2133MHz CL13 DDR4 available to buy online from PC Case Gear – Australia’s Premier Online PC Store.,89,AUD,941703
23836667,Blaze,"Blaze Built-In Natural Gas Grill with Lights (BLZ-4LTE-NG), 32-inch","Blaze introduces an affordable commercial style grill that was designed with your outdoor BBQ desires in mind. Blaze gas grills feature precision cut, 304 stainless steel components which bring the promise of lasting durability to your outdoor BBQ! This model takes things to the next level with it's",1649.99,USD,1435805
37083729,,Apple Airpod Pro Wireless Bluetooth IPX4 In-Ear Headphones with Wireless Charging Case - White,"AirPods Pro have been designed to deliver Active Noise Cancellation for immersive sound, Transparency mode so you can hear your surroundings and a customisable fit for all-day comfort.",298.00,CAD,1563974
42858288,,Logitech H151 Multi-device stereo headset with in-line controls,"EASY-TO-USE HEADSET THAT SOUNDS GREAT ON ALL YOUR DEVICESEssential stereo headset works on all operating systems and platforms via the standard 3.5mm audio jack connection. Just plug your headset into the 3.5mm port on your computer, tablet or smartphone and it’s ready to go. In-line controls let yo",1.1E2,AED,122031
19543686,Shimano,"M786 SHADOW PLUS: N/A, SGS","Shimano's Deore XT Rear Derailleur uses cold-forged construction and cutting edge technology to deliver crisp shifting, real-world reliability, and trademark precision. Plus-type derailleurs use a lever-actuated clutch spring to prevent chain slap, reduce noise while on the trail, and improve chain ",99.99,USD,2738637
39261266,,"Corsair Crystal 570X RGB Mid-Tower Black ATX Case, Tempered Glass Windows, No PSU, 2x USB 3.0, Audio In/Out, 3x SP120 RGB Fan","Corsair Crystal 570X RGB Mid-Tower Black ATX Case, Tempered Glass Windows, No PSU, 2x USB 3.0, Audio In/Out, 3x SP120 RGB Fan",279.00,AUD,355445
47886079,,Jabra BIZ 2300 USB MS Duo - headset,"Your contact center agents are your brand ambassadors, so give them the tool to sound as clear as your brand. In Jabra's Biz 2300 world class sound meets world class durability in an exceptionally comfortable and stylish corded headset – keeping both your agents and your customers happy. Jabra Biz 2",168,USD,1086172
36866967,Brother,"TN-200 Toner für Brother HL 700, 720, 730, 760, MFC 3550, 3650, 4300, 4350, 4450, 4550 2.200 Seiten","Original Toner von für Brother Fax 8000, 8050, 8060, 8200, 8250, 8650, 9500, Brother HL 700, 720, 730, 760, MFC 3550, 3650, 4300, 4350, 4450, 4550, 4600, 4650, 6550, 7550, 7650, 7750, 800 P, 9000, 9050, 9060, 9500, 9550, Brother P 8000, Brother Laserfax PMarke: Brother, Artikelnummer: TN-200EAN Numm",44.38,EUR,5223239
35708976,Dymo,Dymo 45017 Black On Red - 12mm,Dymo S0720570 from Dymo Express. 45017 Black On Red - Red- 12mm.,10.85,GBP,48435
38788118,Corsair,CORSAIR DDR4 2133MHZ 8GB 1x288 DIMM 1.20V Unbuffered 15-15-15-36,,32.15,EUR,2861749
75937316,,Cruzer Force USB flash drive 16 GB USB Type-A 2.0 Chrome,Product colour: ChromeForm factor: CapHousing material: MetalSecurity algorithms: 128-bit AESFingerprint reader: NPassword protection: YPIN-secured access: NOperating temperature (T-T): 0 - 45 °CStorage temperature (T-T): -10 - 70 °CWidth: 34.4 mmDepth: 12 mmHeight: 7.4 mmDevice interface: USB Type-,57.00,DKK,199603
3886051,,Daniel Wellington Classic Sheffield DW00100007,Daniel Wellington Classic Sheffield DW00100007Case Diameter: 40mmCase Thickness: 6mmDial Color: Eggshell WhiteMovement: Japanese Quartz MovementMaterial: Double Plated Stainless Steel (316L)Case Color: Rose GoldStrap Width: 20mmStrap: Leather StrapStrap Color: BlackWater Resistant: Up to 3 ATM (Rain,255.00,SGD,3851409
60359264,,Apple AirPods (2nd Gen) with Charging Case,"SensorsDual beamforming microphonesDual optical sensorsMotion-detecting accelerometerSpeech-detecting accelerometerChipDual beamforming microphonesControlsDouble-tap to play, skip forwards or answer a phone callSay “Hey Siri” to do things like play a song, make a call or get directionsCharging CaseW",150.00,GBP,767259
23258706,Maxxis,"Maxxis Maxxis, Minion DHR2 Pneu, 29X2.30 Pliable Tubeless Ready 3C Maxx Terra Double Down, 120x2TPI Noir",,124.99,CAD,1084991
56115346,,5 Pack: UniFi AC Outdoor AP Mesh Pro Dual-omni ant no PoE adapers (UAP-AC-M-PRO-5),5 Pack avUBI-UAP-AC-M-PRO,10609.00,SEK,4275566
90951828,,"NIC TP-Link TL-WN821N, USB 2.0 Adapter, 2,4GHz Wireless N 300Mbps, Internal Antenna QCA(Atheros), 2T2R",Networking Type: Network AdapterWi-Fi Support: YesLocal Area Network Architecture: WirelessInterface: WirelessNetworking Form Factor: Wireless,61.80,HRK,1164344
7114245,Maxxis,"Maxxis Assegai, Tire, Folding, Tubeless Ready, 3C Maxx Terra, EXO+, Wide Trail, 120TPI",,108.00,CAD,275948
8538731,,"Razer Viper Mini Wired USB Gaming Mouse 6 Programmable Buttons, 8500 DPI Optical Sensor, Razer Chroma RGB for PC Gamers (Black)","Razer Viper Mini Wired USB Gaming Mouse (RZ01-03250100-R3M1)Features PC GAMING MOUSE: compatable with Windows 10 and Windows 8 works well with all major Computer Brands and Gaming Laptops 6 PROGRAMMABLE BUTTONS: Fully configurable via Razer Synapse 3, the mouse has 2 side buttons on its left and one",4000.00,INR,910627
51760904,Jabra,JABRA 2406-820-205 BIZ 2400 II Headset,"JABRA 2406-820-205 BIZ 2400 II MONO 3-1 NC:Flexible 3-in-1 design allows for headband, neckband or ear hook wearing stylePeakStop™ Safe sound and superior hearing protectionTotal comfort with a wide range of styles that match your individual needs and personal fit requirementsHD voice quality audio ",189.0,USD,2148042
66271987,KINGSTON,Memoire DDR4 KINGSTON HyperX Predator - DDR4 - 16 Go,Memoire DDR4 KINGSTON HyperX Predator - DDR4 - 16 Go- 2 x 8 Go - DIMM 288 broches - 3333 MHz / PC4-26600 - CL16 - 1.35 V - mémoire sans tampon - non ECC - noir,114.99,EUR,499316
28956719,,Epson Singlepack UltraChrome XD Magenta 110ml,The Epson Singlepack UltraChrome XD Magenta 110ml (C13T692300) is an Ink cartridge manufactured by Epson and is 110ml.,,,126198
54722844,Sony,Sony FE Series 24-240mm lens F3.5-6.3 OSS Lens,The FE 24-240mm f/3.5-6.3 OSS Lens from Sony is a full-frame compatible E-Mount telephoto zoom lens with the versatility to stretch from true wide-angle to super telephoto perspectives.,749,GBP,740038
52683124,,Crucial BX500 480GB 2.5' SATA3 6Gb/s SSD - 3D NAND 540/500MB/s 7mm 1.5 mil MTBF 3yr wty Acronis True Image Solid State Drive,Advanced Features:Ã¢ÂÂ¢ Multistep Data Integrity Algorithm Ã¢ÂÂ¢ Thermal Monitoring Ã¢ÂÂ¢ SLC Write Acceleration Ã¢ÂÂ¢ Active Garbage Collection Ã¢ÂÂ¢ TRIM Support Ã¢ÂÂ¢ Self-Monitoring and Reporting Technology (SMART) Ã¢ÂÂ¢ Error Correction Code (ECC) ESSENTIAL PERFORMANCE. The easiest way t,73.00,AUD,125897
18824446,APC,Bộ lưu điện UPS APC SRT6KRMXLI 6000VA Rackmount,"Thông số kỹ thuật Đánh giáBộ lưu điện APC SRT6KRMXLIOutput power capacity:6.0 KWatts / 6.0 kVAMax Configurable Power (Watts):6.0 KWatts / 6.0 kVANominal Output Voltage:230VOutput Voltage Distortion:Less than 2%Output Frequency (sync to mains):50/60Hz +/- 3 HzOther Output Voltages:220, 240Load Crest ",60900000,VND,1978071
57810360,,Mikrotik CCR1036-12G-4S-EM - A carrier grade router and 36 core Tilera CPU.,"CCR1036-12G-4S-EM is a carrier grade router with a cutting edge 36 core Tilera CPU! Unprecedented power and unbeatable performance - this is our new flagship device. Over 20 times faster than our previous top model, the Cloud Core supports throughput of up to 24 million packets per second, or up to ","USD$1,195.00",USD,3846144
54709322,,Logitech USB Headset H540 - USB - EMEA 981-000480,,53.29,EUR,429252
20101674,Canon,Canon EF 100mm F2.8 L IS USM Macro, The EF 100mm f/2.8L Macro IS USM has a true macro magnification ratio of 1:1.,969.00,GBP,852917
58461375,,G.SKILL DDR4 TRIDENTZ 2x8GB 3600MHz CL16 XMP2 RGB - F4-3600C16D-16GTZNC,,531.39,PLN,2024334
93938575,,Kingston Notebook Memory 4 Gb 2400 Mhz Ddr4 Nonecc Dimm 1.5 V Limited Lifetime Warranty,KINGSTON NOTEBOOK MEMORY 4GB 2400MHZ DDR4 NONECC DIMM 1.5V LIMITED LIFETIME WARRANTY,5.89E2,ZAR,352020
15506125,,DDR3 4GB 1600 MHZ DIMM KINGSTON,,22.55,EUR,735114
20108806,,DJI Tello Battery Charging Hub,DJI Tello Battery Charging Hub,3.595E1,NZD,1555405
94578154,,"Plaquettes - Road disc, Level A1 (17-19) -Sintered/steel",,0,EUR,188533
50944297,,WD My Passport 1TB USB 3.0 + Etui,,239,PLN,283756
41978210,,Canon 10-18mm IS STM Lens,"The EF-S 10-18mm f/4.5-5.6 IS STM lens combines optical excellence with cutting-edge performance, providing an ultra-wide angle of view in a compact, portable package, perfect for EOS cameras with an APS-C sensor.",399.00,CAD,3329047
87636038,,TP-LINK EAP115 300Mbit/s Power over Ethernet (PoE) WLAN toegangspunt,300Mbps Wireless N Ceiling Mount Access PointEAP115- Free Auranet Controller Software enables administrators to easily manage hundreds of EAPs- The user-friendly Cluster Mode allows manage up to 24 (EAP115) without requiring any extra hardware or software- Supports Power over Ethernet (802.3af) for ,4.195E1,EUR,2222007
25641839,,Original Epson T0487 Ink cartridge Multipack,Original Epson T0487 Ink cartridge Multipack,109.62,GBP,2334631
62084813,RAM MOUNT,"1\"" Ball Clutch/Brake & Bar Mount",CLUTCH/BRAKE MOUNT HOLE CENTRES 24MM TO 40MM + U-BOLT MOUNT 12.7MM TO 31.75MM,24.67,GBP,2268487
8105138,Lexmark,"Original Toner Lexmark E260A11E, ca. 3.500 S., schwarz",,112.39,EUR,1913870
82025603,,HyperX FURY Blue 8GB (2x4GB) 1600MHz DDR3 Memory Kit,"HyperX brand featuring Intel XMP profile support, large 8GB DDR3 module kit, with CL10 latency timing, featuring 1.5V and fast 1600MHz or PC3-12800",,,288081
89973207,,Cisco Catalyst WS-C2960X-24TD-L network switch Managed L2 Gigabit Ethernet (10/100/1000) Black,"Cisco Catalyst WS-C2960X-24TD-L, Managed, L2, Gigabit Ethernet (10/100/1000), Full duplex, Rack mounting",0.0,EUR,758825
55201507,,OKI B401/Mb441/451 Bk High C dufthylki 2.5K,Nánari lýsing frá framleiðanda:Barcode: 5031713055389Compatible Brand: OkiCompatible Printer(s): B401 Desktop Mono Printers and MB441/MB451/MB451w Multifunction Mono PrintersEC Commodity Code: 84439990Form Factor: CartridgeModel Name: 44992402New/Remanufactured: NewOriginal/Compatible: Original Manu,20900,ISK,140469
86739887,,R7000 SPD-SL Carbon Road Pedals,SPD-SL road pedal for high performance road racingDesigned to match the 105 11-speed groupWide lightweight carbon body provides large shoe contact area to maximise power transfer and support whilst reducing weightLow profile design increases road clearance for increased confidence when slicing throu,99.99,GBP,1588018
76444213,EPSON,Epson Cartouche d encre magenta PP-100 (PJIC4) (C13S020450),"Ink Cartridge, Magenta",,,2284784
25340730,,LaCie 4TB HDD External Mobile Drive - Moon Silver,"Sleek Design with Lavish SpaceLaCie's Mobile Hard Drive delivers the space you need for photos, playlists, docs, and more. It Mac, Windows, USB-C, and USB 3.0 compatibility for easy, flexible access. One-click or automatic backup makes file storage smooth, and LaCie's 30th-anniversary diamond-cut de",139.99,GBP,267024
3777655,LOGITECH,Logitech G402 Gaming Mouse USB Siyah 910-004068,Mouse RengiSiyahPc BalantsUSBGaranti Sresi24 AyMouse Tular8 Tu_1_Scrollznrlk4000 dpiMouse TipiOptikMouse UyumluluuNotebook ve Pc,,,514979
15724231,,APC SRT10KXLI Smart-UPS SRT 10000VA Tower 230V,,34652.03,PLN,1284659
36061219,,TP-Link Omada EAP225-Outdoor,"The Omada EAP225-Outdoor by TP-Link provides a business-class wireless network solution that’s flexible, manageable, secure, and easy-to-deploy. Featuring cloud access, Omada Cloud Controller OC200 or Omada Software Controller allow users to centrally manage the entire Omada networks in the remote s",82.90,GBP,233795
20052958,,Jabra EVOLVE 80 MS Stereo,"The Jabra EVOLVE 80 MS Lync optimised over-the-ear stereo headset for VoIP softphone, mobile phone and tablet. Certified for Skype for Business",843.75,AUD,192208
49957312,Tissot,Tissot Stainless Steel T-Sport Men's Watch - T1204071105100,The automatic choice,715.00,USD,330408
65208205,,Audio-Technica Headphones - ATH-AD500X,"With a lightweight honeycomb aluminum casing and magnesium frame structure, these open-air headphones produce no sense of pressure on the ears, offering a completely natural listening experience. Newly designed 53mm drivers with CCAW voice coils reproduce remarkably natural sound, with impactful bas",2.99E2,NZD,87840
14636186,Razer,Razer RZ01-03250100-R3M1 Viper Mini 61G Ultra-Light Weight Design Chroma RGB Underglow Mouse,,169.0,AED,910627
20148664,,Sigma ART 50mm f/1.4 DG HSM Lens for Canon,,1099.99,CAD,75956
68284224,,"RAM Composite Short Double Socket Arm for 1\"" Balls","The RAP-B-201U-A, short double socket arm, has a socket at both ends that accommodates 1\"" ball bases. This socket technology allows for almost infinite adjustment and perfect viewing angles.(This product does not include single spring)SpecificationsDimensions:Overall Length: 2.38\""Socket-To-Socket ",1.595E1,AUD,3656260
23336476,Shimano,"Shimano CASSETTE, CS-R8000, ULTEGRA, 11V 11-28T,",,124.99,CAD,895823
18159593,Corsair,Corsair Vengeance Lpx 32 Gb (2x16 Gb) Ddr4 Dram Dimm 2666 M Hz Unbuffered 16 18 18 35 Black Heat Spreader 1.2 V Xmp 2.0,Designed for high-performance overclocking on Intel X99 and 100 Series motherboardsVengeance LPX...,170.0,AUD,861125
81533196,,Corsair Carbide SPEC-01 Red LED,,,,195552
16319132,,Sigma 35mm f/1.4 DG HSM Art Lens Canon,67mm Filter Size f/1.4 Aperture N/A Stabilized Canon EF Mount FIRMWARE UPDATE via Sigma Optimization Pro* The Sigma 35mm 1.4 DG HSM is a state of the art lens designed for full frame cameras but can also be used with APS-C sensors as well. The first addition to the Art...,699.00,USD,704991
68792553,APC,BỘ LƯU ĐIỆN APC SRT3000RMXLI 3000VA rackmount,"Thông số kỹ thuậtĐánh giáBộ lưu điện APC SRT3000RMXLIOutput power capacity:2.7 KWatts / 3.0 kVAMax Configurable Power (Watts)\""2.7 KWatts / 3.0 kVANominal Output Voltage:230VOutput Voltage Note:Configurable for 220 : 230 or 240 nominal output voltageOutput Voltage Distortion:Less than 2%Output Frequ",30100000,VND,2267064
51298170,TAG Heuer,TAG Heuer Monaco CAW211P.FC6356,Find Authentic TAG Heuer Monaco CAW211P.FC6356 with TAG Heuer Warranty at lowest prices. Fast & FREE Shipping. 14-day Return Policy. Tax Free & Worldwide Delivery. Lowest Prices on all watches and brands. (Model CAW211P.FC6356),4599,USD,556904
31614557,,Pokémon TCG: Sword & Shield Darkness Ablaze Booster Pack (3/$12.75),"Pokémon TCG: Sword & ShieldDarkness AblazeBooster Pack10 Cards per PackA Brilliant Flame on the Darkest Day!The velvet night glows, burns, and blazes astoundingly bright as the Legendary Pokémon Eternatus arrives as a Pokémon V alongside Centiskorch V, Crobat V, Salamence V, and many others. You’ll ",4.49,CAD,69543397
35792541,WD,WD My Passport WDBYNN0010BRD-WESN 1 TB Portable Hard Drive - External - Red **,USB 3.0 - 256-bit Encryption Standard - 3 Year Warranty,117.35,CAD,2807367
73802374,,Ubiquiti UniFi UCK-G2-PLUS Cloud Key Gen2 PLUS,Ubiquiti UniFi UCK-G2-PLUS Cloud Key Gen2 PLUS,4.0512E2,NZD,1649038
41497032,Ubiquiti Networks (UBNT),Ubiquiti UniFi video Camera G3 IR Range Extender,Ubiquiti UniFi video Camera G3 IR Range Extender,89.09,GBP,711907
31517280,Kingston,Kingston 4GB DDR3 1866MHz HyperX Fury Black Series,"DDR3, 4GB, 1866MHz, CL10",8829.04,HUF,1877306
53299737,,"Johnnie Walker Blue Label Premium Scotch Whisky 40% vol. 0,7l",,155.82,EUR,56750
87666143,,RAM Motorcycle Bar Mount UN7 X-Grip (RAM-B-408-75-1-UN7U),"Included:1 x RAM X-Grip Universal Phone Holder (RAM-HOL-UN7BU)1 xRAM Handlebar Rail Mount 3/4\"" - 1\"" B (RAM-B-408-75-1U)1 x RAM Standard Double Socket Clamp Arm B Size (RAM-B-201U)1 x RAM Tether for UN7 X-Grips (RAM-HOL-UN7TU)RAM Torque 3/4\"" - 1\"" Handlebar Rail Base iPhone / Universal X-GripThe R",98.9,AUD,3692108
26140067,,Corsair 2x8GB DDR4 3200MHz CL16 Vengeance LPX RAM (CMK16GX4M2B3200C16) (Limited Lifetime with Local Distributor Convergent),Warranty : LTD Lifetime Warranty with Local Distributor - Convergent,115.00,SGD,760884
64393292,,SRM CASSETTE PG1170 11/25 11V,,74.6207,EUR,4823047
21012462,,"Evans EC2S Clear 14\"" Drumhead","Evans clear EC2 series features two plies of 7mil film with optimized attack, tone, length of sustain and ease of tuning for each size head. The Sound Shaping Technology (SST) Edge Control ring mounted on the underside delivers an extremely well balanced and pre-EQ'd sound across the full kit by var",7.5E1,MYR,949458
71275365,,Ubiquiti UVC-G3-Bullet - Camara IP UniFi Interior/Exterior HD IR,Ubiquiti UVC-G3-BulletCamara IP UniFi Interior/Exterior HD IR,,,192122
34961217,,"Gigabyte Radeon RX 5500 XT OC 8GB GDDR6 Graphics Card, GPU Upto 1845Mhz, Dual Fa","Last updated:27/06/2020in stock"" 5 The AMD Radeon RX 5500 GPU powers high fidelity gaming for immersive action, bringing realism to life. High-performance RDNA architecture was engineered to greatly enhance features like Radeon Image Sharpening, FidelityFX, and premium VR technologies for maximum pe",499,NZD,686147
5576199,,APCRBC117APC Replacement Battery Cartridge #117,,273762.00,XOF,849634
31552844,Bosch,BOSCH KGN34NWEAG 60cm Frost Free Fridge Freezer - White,,449.00,GBP,675848
3280352,,RAM-B-224-1U - RAM 3.25Diameter Suction Cup Twist Lock Base with 1Ball,RAM-B-224-1U - RAM 3.25Diameter Suction Cup Twist Lock Base with 1Ball,32.95,AUD,3553607
39152734,,CORSAIR CARBIDE SPEC-01 Mid-Tower Gaming Case with Red LED Fan | CC-9011050-WW,"The Essential Gaming PC Case.Carbide Series SPEC-01 is proof that great looks, smart design, and durable construction don’t need to be pricy, and that basic doesn’t need to be boring. You get aggressive styling, a huge side panel window for admiring your components, and an LED-lit front intake fan t",210,AED,195552
98358005,Cooler Master,Cooler Master MasterLiquid ML120R RGB,"120 mm, 650 ~ 2000 RPM, 66.7 CFM, 2.34 mmH2O, 6 ~ 30 dBA, PWM",89.95,EUR,104011
57728272,,"Western Digital Ssd Blue 1Tb 2,5 Sata3 560/530 Mb/S",,122.70,,549556
34472445,,"Crucial MX500 250 GB Solid State Drive CT250MX500SSD1 - SATA (SATA/600) - 2.5\"" Drive - Internal",,67.99,USD,672125
81179017,,Intel Cpu Coffee Lake I3-8300 3.70Ghz Socket Lga1151 8Mb Cache Boxed,,136.48,,1313785
85155266,,"RAM Handlebar Rail Mount with Zinc Coated U-Bolt Base for Rails from 0.5\"" to 1.25\"" in Diameter","The RAM-B-149ZU consists of a zinc coated u-bolt base, double socket arm and diamond adapter base. The diamond adapter base has a hole pattern that matches the industry standard AMPS hole pattern and will connect to a large variety of RAM Mount and third party cradles. Included in this package is ha",5.795E1,AUD,399319
34986650,,Elixir Nanoweb 12 string 10-47,"Elixir® Acoustic 80/20 Bronze Strings with NANOWEB Coating deliver a bright, lively tone together with extended tone life that players have come to expect from Elixir Strings.",26.99,USD,50573
68849162,Sony,Sony SEL70200G 70-200mm Mount Lens,,1232.00,GBP,336149
16842812,Logitech,Logitech H390 USB Wired Headset,"This is a Wired Headset System RequirementsPCWindows 2000, Windows XP, Windows Vista, Windows 7USB portMacMac OS X (10.2.8 or later)USB portWarranty Information2-year manufacturer's guarantee Package ContentsLogitech USB Headset H390Quick-Start GuidePart NumberPN 981-000406Technical SpecificationsFr",54.87,USD,149318
17631479,,"Samsung Smart Signage UH46F5 116,8cm(46"") LED black",,7656.22,PLN,1312939
90806449,Audemars Piguet,Royal Oak 41mm Chronograph in Steel,Royal Oak 41mm Chronograph in Steel on Steel Bracelet with Black Dial,32000,USD,31594
6563464,,TAG Heuer Formula 1 Men's Stainless Steel Bracelet Watch,"A technologically advanced timepiece from the TAG Heuer Formula 1 collection, this sleek men's watch is inspired by the extreme performance of Formula 1 teams and is worn upon the wrists of champion drivers around the world. A 43mm stainless steel case boasts a grey ceramic uni-directional turning b",1550,GBP,2628369
91421555,,Manfrotto MVK500AM Tripod Kit Alum Twin Leg,,661.1,AUD,645102
35541139,Audemars Piguet,Royal Oak Offshore Chronograph in Steel,Royal Oak Offshore Chronograph in Steel on Brown Alligator Leather Strap with Brown Dial,27500,USD,34768783
36070372,268,Corsair Vengeance LPX Black 16GB (1x16GB) DDR4 PC4-19200 2400MHz Single Module,"DDR4, 2400MHz, CL16, 1.2v, XMP 2.0, Lifetime Warranty",,,150984
11601332,,Brother TN-135Y Laserkasetti yellow,"Laserväri, keltainen. hl40xx/mfc9440","138,71 €",EUR,3052278
40156792,Dymo,Dymo 19mm Black On White D1 Tape (45803),Dymo S0720830 from The Dymo Shop. 45803 Black On White - White- 19mm.,15.24,GBP,103304
13845553,Logitech,Logitech Brio Ultra HD Pro 4K with HDR Webcam,"Logitech Brio Ultra HD Pro 4K Webcam with RightLight 3 with HDR, 5x Digital Zoom, Infrared Facial Recognition",263.99,GBP,182432
93532842,,"ASUS Prime X570-P, Socket-AM4","Moderkort, ATX, X570, DDR4, 2x PCIe 4.0 x16, 2x M.2, USB 3.2",2099.00,SEK,2848082
25138178,,Kingston Canvas 128GB Micro SDXC C10 U1 V10 A1,,39.95,USD,27477
68519995,,Hikvision 2MP 25X Network IR PTZ Camera (DS-2DE5225IW-AE),"The Hikvision (DS-2DE5225IW-AE) is a 2MP Speed Dome with 25x optical zoom and 1/2.8"" progressive scan CMOS chip. The camera features Smart Autotracking that is designed to automatically control the direction and zoom-level of the PTZ configurations of the camera for optimised camera view. This funct",397,GBP,2694265
23809182,,Samsung 970 EVO MZ-V7E500BW 500GB PCI Express Internal Solid State Drive,Staples.com: Samsung 970 EVO MZ-V7E500BW 500GB PCI Express Internal Solid State Drive with fast and free shipping on select orders.,90.99,USD,1929047
43259056,,Corsair CARBIDE SERIES SPEC-OMEGA RGB czarny,,719,PLN,254664
91975856,,BenQ SW2700PT Pro 27in IPS QHD LCD Monitor,"The BenQ SW2700PT monitor has a wide colour gamut that achieves 99% of the Adobe RGB colour space. This monitor is designed specifically for photographers, designers and image editors that value accurate and consistent colour throughout their work.Key Features27” Screen - 2560x1440 QHD resolution99%",609.0,GBP,719046
8387371,,Toner Cyan 4000 pages - C13S050189,,218.99,EUR,118390
60458789,,DJI Mavic Pro 2 Drone with 4K 20MP Hasselblad Camera,Film in the sky with the highest professional quality. The DJI Mavic Pro 2 drone offers iconic Hasselblad image quality. The Mavic 2 Pro enables you capture gorgeous aerial shots in stunning detail. The Smart Controller is de,1599.00,USD,2957018
8060977,Xerox,Toner Imprimanta Xerox Original Negru 2000 pg. 106R01634,,359.19,RON,785946
71193442,,Epson S041332 White A4 Specialty Paper,"Epson S041332 White A4, 251gsm, Premium Semi Gloss Photo Paper - 20 sheets.",33.95,AUD,1550300
29326164,,"Seagate IronWolf PRO 4TB 3,5"" NAS HDD","3.5"", SATA 6.0Gb/s, 7200RPM, 128MB cache, Agile Array",2245.85,NOK,1102119
19751845,,"Jabra BIZ 2400 IP Mono headset 3 in 1, type: 82 E-STD",,135.23,EUR,5673093
28179113,Hydro Flask,Hydro Flask 21oz Standard Mouth Flex Cap Olive,,32.95,USD,1446023
93018058,,Swiss Military Hanowa 06-6278.04.001.07 Navalus Damen 36mm 10ATM,,"598,00 лв",BGN,2058376
25217752,,Jabra Evolve 80 MS stereo - headset,"Jabra EVOLVE 80 is designed to maximize concentration and conversations with world-class, active noise-canceling technology and speakers optimized for voice and music.",433.99,CAD,192208
51737276,,ADATTATORE USB2.0 WIRELESS N 150M LAN 802.11BGN 1T1R 2.4GHZ-NANO SIZE-PROVIDE USB2.0 INTERF.-WPS-SUPP. XP/VISTA/7,,8.11,EUR,97189
74983296,Cisco,Cisco Catalyst 2960-X - [WS-C2960X-24PD-L],"-, 2960-X, Catalyst, Cisco, Netwerk, [WS-C2960X-24PD-L], bedraad, switch",1650,EUR,1412234
9907839,Manfrotto,Manfrotto Pro Fluid Video-Neiger m.fl.Basis+504PL,,154.99,EUR,287852
36800658,New Era,NEW ERA MÜTZE THE LEAGUE GM NY YANKEES,NEW ERA MÜTZE THE LEAGUE GM NY YANKEES,24.99,EUR,26458599
41608931,,Cooler Master MasterLiquid ML120L V2 RGB - 120 mm,Watercooling autonome - PWM - Socket AMD AM4 / AM3(+) / AM2(+) / FM2(+) / FM1 et Intel 2066 / 2011(-V3) / 115x / 1200,59.99,EUR,91172
76663119,Jabra,BIZ 2300 USB DuoMicrosoft optimized,,,,1086172
81504915,samsung,SAMSUNG QN55Q60TAF 55 Inch 4K UHD QLED HDR Smart TV - 54.6 Inch Diagonal,As intelligent as it is beautiful. A SAMSUNG QN55Q60TAF 55 Inch 4K UHD QLED HDR Smart TV - 54.6 Inch Diagonal interface learns the content you like and makes suggestions based on what you watch. Concentrated zones of LED backlighting deliver heightened contrast and impeccable detail. And with Object,697.99,USD,1627512
29688470,,Fujifilm instax mini film Rainbow 10 Sheets,"“instax mini” film is for all instax mini cameras and comes in a handy cartridge. It offers stunning instant pictures that you can fit into a purse, wallet or mini photo frame. instax film ensures sharp, clear reproduction, vivid color and natural skin tones.",199.00,ZAR,1374090
13552103,,Asus Prime B450-PLUS Desktop Motherboard,"ASUS Prime B450 Series motherboards provide the solid foundation needed for your first build, plus flexibility to grow with your ambitions. We've melded all the good stuff that's packed into AMD Ryzen™ processors with essential ASUS design and engineering, so you benefit from industry-leading techno",169.95,CAD,529706
19039759,,LOGITECH | H151 Stereo Headset with Noise-Cancelling Mic | 981-000589,"EASY-TO-USE HEADSET THAT SOUNDS GREAT ON ALL YOUR DEVICESEssential stereo headset works on all operating systems and platforms via the standard 3.5mm audio jack connection. Just plug your headset into the 3.5mm port on your computer, tablet or smartphone and it’s ready to go. In-line controls let yo",69,QAR,122031
19499147,,Kingston DT MicroDuo 16GBUSB 3.0,USB Flash Drive 16GB DT MicroDuo USB 3.0 micro USB OTG,33.6134,RON,70963
54746544,Epson,Epson Tintenpatrone photo schwarz T 157 T 1571,Epson Tintenpatrone T1571 Photo Black Ultra Chrome K3,,,163669
71130653,,"SRAM 7-speed cassette, 12-32T",,23.95,USD,215872
29316472,,Ubiquiti UniFi AC High Density 5-pack UAP-AC-HD-5 Ubiquiti,,1219.00,EUR,980563
71989322,RAM,RAM Triple 25mm Ball Connector (RAM-B-289U),"Triple adapter 25mm Balls, to suit any RAM-B-201, 201C, 201A, or any RAM-B components.",66.00,AUD,2961644
87238244,,Razer Mamba Elite Chroma Gaming Mus,"USB, 9 programmerbare knapper, 16000 DPI, RGB belysing , optisk gaming-mus",799.00,DKK,967973
28672534,,39mm Automatic Chronograph - Gulf Edition,Watch Dial:Dial Material: steel alternate finishing fixed bezel ; blue sunray brushed dial with flange with 60 second/minute scale ; Calibre Heuer02Watch Band:Material: blue alligator strapClasp: polished steel folding clasp with double safety push-buttonsMovement:Type: CALIBRE Heuer 02 - AUTOMATIC ,7400.00,USD,2454132
87392550,Hikvision,Hikvision DS-7208HUHI-K2/P 5MP 8 Channel TVI POC DVR & NVR Tribrid CCTV Recorder with Network and Mobile phone remote viewing,,,,1671509
1278405,,XG-1090 10-Speed Cassette,"Once again, SRAM pushes the envelope with their Powerdome X XG-1090 10-Speed Cassette. Light, stiff, quick, and quiet thanks to the ultra-strong, hollow, one-piece design and StealthRing...",315.00,USD,1468560
7993978,,DS-7204HQHI-K1 Hikvision 4 Channel 3MP / 1080P HD-TVI Hybrid DVR with CVBS (Turbo4.0),Key FeaturesH.265+/H.265/H.264+/H.264 encoding for the main streamSelf-adaptive HDTVI/HDCVI/AHD/CVBS signal inputFull channel 720P resolution real-time recording12.5fps recording on 1080PHDMI and VGA output at up to 1920x1080P resolutionAlso includes 1 x BNC (CVBS) Video Output for Spot OutputLong t,,,708269
84301060,Fuji,Instax Square film Black Frame,,฿370,THB,1118780
22706128,,RAM Mounts B-309-7U Combination Base for 0.5in to 1.25in Handlebars or Brake & Clutch Control Clamps,,25.53,CAD,2268487
17553753,,"Crystal Series 680X RGB Tempered Glass, No PSU, E-ATX, White, Mid Tower Case",Crystal Series 680X RGB ATX High Airflow Tempered Glass Smart Case — WhiteThe CORSAIR Crystal Series 680X RGB is a dual-chamber tempered glass ATX smart case boasting superb airflow and brilliant RGB lighting to efficiently cool and illuminate the most demanding systems.,339.23,USD,28019
40163790,,Brother HL-L6300DW - stampante - in bianco e nero - duplex - laser - A4/Legal - 1200 x 1200 dpi - fi,"1200 x 1200 dpi, 46ppm, 11.43 cm (4.5 ) LCD, 256MB, A4, Ethernet, WiFi, USB 2.0, 740W, 13.2kg",308.2,EUR,408446
58023892,,"Epson Tower of Pisa 79XL (Prentar: 2,000 síður) XL DURABrite rautt blekhylki",Nánari lýsing frá framleiðanda:Barcode: 8715946536002Compatible Printer(s): WorkForce Pro WF-4630DWF/WF-5190DW/WF-4640DTWF/WF-5620DWF/WF-5110DW/WF-5690DWFForm Factor: Ink CartridgeInk Colour(s): MagentaInk Volume: 17.1Model Name: 79XLNew/Remanufactured: NewOriginal/Compatible: Original ManufacturerP,8897,ISK,2618454
74234448,AMD,AMD Ryzen 5 3400G VEGA Graphics AM4 CPU with Wraith Spire Cooler,"AMD Ryzen™ 5 3400G w/ RADEON™ RX VEGA 11 Graphics, AM4, Zen+, Quad Core, 8 Thread, 3.7GHz, 4.2GHz Turbo, 4MB, 65W, CPU",131.99,GBP,685416
88365246,,"Garmin FENIX® 6 fenix 6X Saphir Edition Smartwatch \""Schwarz/Schiefergrau DLC\"" 010-02157-11",,679.19,EUR,1761376
28534061,,MONITOR LED 23.8BENQ GW2480 MMEDIA NEGRO,MONITOR LED 23.8BENQ GW2480 MMEDIA NEGRO HDMI+VGA+DP/1920X1080/IPS/5ms/VESA 100X100 9H.LGDLA.TBE,144.96,EUR,1044678
42906184,,CM Case MasterBox Lite 5,CM Case MasterBox Lite 5 Kucista,144.00,BAM,1006147
25607937,APC,APC Smart-UPS 1000 LCD,,6645,SEK,2132160
13883364,Gigabyte,Gigabyte AORUS GeForce RTX 2060 SUPER 8G,,2599.0,AED,2195680
75486692,Intel,BX80684I78700K Intel Core i7-8700K 6-Core 3.70GHz 12MB L3 Cache Socket 1151 Processor. New Retail Factory Sealed With Full Manufacturer Warranty.,BX80684I78700K Intel Core i7-8700K 6-Core 3.70GHz 12MB L3 Cache Socket 1151 Processor.PRODUCT FEATURES:General InformationBrand Name: IntelProduct Line: Core i7Product Model: i7-8700KProduct Name: Core i7 Hexa-core i7-8700K 3.7GHz Desktop ProcessorTechnical InformationProcessor Core: 6 CoreClock Spe,445,USD,1808651
19673382,CISCO,Catalyst 2960 24 10/100 + 2 1000BT LAN Base Image,,€ 2757.66,EUR,520988
74270481,Swiss Military Hanowa,Swiss Military Hanowa06-5161.2.04.003 Flagship Uhr,Steel Swiss Made Watch with Date,249.00,EUR,2682919
9740675,,Epson C13T12854010 T1285 (CMYK)S22/SX125 (4 ),,,,161548
20813006,,Karty Darkness Ablaze Elite Trainer,,174.00,PLN,2619685
53380330,,Garmin Fenix 5S Plus GPS Multisport Watch with HR - Black,,479,GBP,23040
92956756,,"EPSON S041315 premium glossy photo paper 255g/m², A3/20vel",,,,465235
70164722,,Canon 100mm f2.8L Macro IS USM EF Lens,"The Canon 100mm f2.8 L IS USM is not only a best seller, but is an award winning lens. And you can see why. The image quality is out of this world. Built with L-series glass and with image stabiliser, this is one lens that should be in your kit bag.EF-Mount Lens/Full-Frame FormatAperture Range: f/2.",869,GBP,852917
54710391,CORSAIR,Corsair 8GB 3000MHz DDR4 CMK8GX4M1D3000C16,Bellek TipiDDR4Bellek Soket TipiDIMMalmaHzPC4-24000 (3000 MHz)Kapasitesi8 GBKullanmPCGaranti Sresi24 AyPin Says288 Pin DIMMSoutucuVar,381.86,TRY,1132050
77494457,,MikroTik RouterBoard Cloud Core Router Firewall VPN 16GB RAM 36 Core CCR1036-12G-4S-EM (RouterOS L6),The MikroTik Cloud Core Router CCR1036-12G-4S-EM is an industrial grade router with cutting edge 36 core CPU and 16GB of RAM! Unprecedented power and unbeatable performance - this is MikroTiks new flagship device. If you need many millions of packets per second - the Cloud Core Router with 36 cores ,960.00,GBP,3846144
37431252,,Sony SEL 24mm 1.4 FE G-Master,,1461.21,EUR,44290
86862565,,Pendrive Sandisk Cruzer Force 16 GB - SDCZ71-016G-B35,,21.90,PLN,199603
11293261,,"Epson T603100 Photo Black Ink 220ml UltraChrome for SP 7800, 7880 & 9800, 9880",,169.00,CAD,413734
67422473,,Logitech C310 5MP 1280 x 720pixels USB Black,,74.49,EUR,301204
51932172,,Dysk HPE 900GB 6G SAS 10K 2.5IN DP ENT HDD,"HPE Dual Port Enterprise - Hard drive - 900 GB - hot-swap - 2.5\"" SFF - SAS 6Gb/s - 10000 rpm",1254.70,PLN,3775297
87567643,,T7 Touch Portable SSD - 1TB Black,"Whether you're carrying games, movies, or sensitive work files, the Portable SSD T7 Touch gives you speed and security in a palm-sized package. Experience the next level of external storage.",439.99,NZD,1458655
8631493,,Epson T6031 Patron Photo Black 220ml (Eredeti),220mlStylus Pro 7800/7880/9800/9880,41395,HUF,413734
15529664,,TP-Link EAP110 300Mbps Wireless N300 Ceiling Mount Access Point 1x1Gbps RJ45 PoE 1x Console Port 2x4dBi Omni Internal Antenna,300Mbps Wireless N Ceiling Mount Access Point EAP110EAP Controller Software enables administrators to easily manage hundreds of EAPsSupports passive PoE for convenient installation up to 100metersCeiling mounting design with chassis make it easy to deploy on a wall or ceilingCaptive portal provides ,78.56,AUD,2124537
44005128,Audio Technica,Audio Technica ATH-M40 XAuricular,,,,819981
16338439,,WD 4TB My Passport Portable Hard Drive,WD 4TB My Passport Portable Hard DriveWD 4TB My Passport Portable Hard Drive 4TB Storage Capacity Micro-USB 3.0 Interface Bus Powered Data Protection with Hardware Encryption1 Year warranty,16000.00,KES,3880206
40225828,,Crucial by Micron DDR-III8GB (PC3-12800) 1600MHz ECC,,,,1026272
87653966,,Blaze 5 Burner Basic Cart Only,Blaze 5 Burner Basic Cart Only,5.1499E2,USD,4325250
63496012,Default Manufacturer,Victron MultiPlus Compact Inverter Charger 12V/2000VA/80A,"The MultiPlus, as the name suggests, is a combined inverter and charger in one elegant package. Its many features include a true sine wave inverter, adaptive charging, hybrid PowerAssist technology, plus multiple system integration features.",1089.00,GBP,4739100
36194667,,Buy Quality Replica TAG Heuer Carrera Heuer 02 Chronograph GMT Watch CBG2A1Z.BA0658,Quality AAA Replica TAG Heuer Carrera Heuer 02 Chronograph GMT Watch CBG2A1Z.BA0658 from online store for sale.,,,1434374
92746462,,"HPE 6G Dual Port SAS - 146 GB - 2.5\""10.000 RPM, Hot Plug Hard Drive 507283-001 507125-B21 507119-003 507129-002",,91.75,CHF,279005
34920376,,Disc Brake Pads Metal Sintered/Steel- Elixir/DB (1 set),,23.00,USD,183990
10492407,,"Router TP-LINK Archer C60 - 2,4/5 GHz - 867 Mbit/s - 5x RJ-45 - 5 Antenas",,799.00,MXN,1340990
22154247,Intel,BX80677I37100 Intel Core i3 i3-7100 Dual-core 2 Core 3.90 GHz Socket H4 LGA-1151pack 512 KB 3 MB Cache 64-bit Processing 14 Nm Processor. New Retail Factory Sealed With Full Manufacturer Warranty.,BX80677I37100 Intel Core i3 i3-7100 Dual-core 2 Core 3.90 GHz Socket H4 LGA-1151pack 512 KB 3 MB Cache 64-bit Processing 14 Nm Processor.PRODUCT FEATURES:General InformationBrand Name: IntelProduct Line: Core i3Product Model: i3-7100Product Name: Core i3 Dual-core i3-7100 3.9GHz Desktop ProcessorTec,190,USD,443612
77133046,Tissot,Tissot Tissot Seastar 1000 Mens Chronograph Silver Tone Black Dial Watch,"The Tissot Seastar 1000 merges style and performance without compromising either. The diving inspiration shapes both the appearance and the functionality of this watch. It maintains its performance to a pressure of 30 bar (300m/1'000ft), combining underwa",725.00,CAD,1508649
9344719,,Elixir 16052 Nanoweb Acoustic Guitar Strings Set - Light .012 -.053,Elixir 16052 Nanoweb Acoustic Guitar Strings Set - Light .012 -.053 [unk],2.3E1,USD,580455
37484549,Dji,Dron dji mavic 2 pro rc camara portable quadcopter (cp.ma.00000019.01),,45652.07,MXN,2957018
63542010,Ubiquiti,Ubiquiti UVC-G3-BULLET 3 pack,The UniFi Video Camera G3 Bullet features clear 1080p video resolution. The ball joint mount design offers flexible 3-axis adjustment and can be mounted indoors or outdoors. The camera has infrared LEDs with an automatic IR cut filter for day and night surveillance. Supports 802.3af or 24V Passive P,404.74,USD,64482
13125570,Iiyama,"Monitor LED iiyama ProLite XUB2792QSU-B1 LED display 68.6 cm (27\"") 2560 x 1440 pixels Wide Quad HD Black",,1521.99,RON,1439932
66752788,Crucial,CT2KIT102464BF160B Crucial 16GB 8GBx2 1600mhz Pc3-12800 Cl11 Non-Ecc UnbufferedDDR3 SDRAM 240-Pin Dimm Crucial Memory For Server. New Retail Factory Sealed With Full Manufacturer Warranty.,CT2KIT102464BF160B Crucial 16GB 8GBx2 1600mhz Pc3-12800 Cl11 Non-Ecc UnbufferedDDR3 SDRAM 240-Pin Dimm Crucial Memory For Server.General information:Manufacturer/Supplier: CrucialManufacturer Part Number: CT2KIT102464BF160BManufacturer Website Address: Www.Crucial.ComBrand Name: CrucialProduct Name:,128,USD,1392047
23249222,,AAA Replica Audemars Piguet Royal Oak Offshore Chronograph Watch 26470OR.OO.A125CR.01,AAA Replica Audemars Piguet Royal Oak Offshore Chronograph Watch 26470OR.OO.A125CR.01 for sale from China with good prices.,,,67840743
36157293,,Gigabyte RTX2080 TI AORUS XTREME11GB GDDR6 HDMI 3xDP USB-C,GIGA VGA 11GB RTX2080Ti XTREME 3xDP/HDMI,1295,EUR,784833
12173638,Audemars Piguet,Audemars Piguet Royal Oak Silver Dial Men's Watch,,278759.0,HKD,607611
62062623,APC,APC SMART-UPS 1000VA 2U Uninterruptable Power Supply,"1000VA APC SMT1000RMI2UC UPS, 2U, LCD Screen, Battery Active/Low Alarm, 3 Hour Recharge Time",647.99,GBP,91557
